Customer_ID,Customer_Name,Age,Gender,City,State,Registration_Date,Preferred_Category,Average_Order_Value,Total_Purchases,Purchase_Frequency,Average_Rating_Given,Last_Purchase_Date
CUST_00001,Pranav Mehta,37,Female,Jaipur,Rajasthan,2026-07-02,Kitchen,1488.43,7,3.09,4.7,2026-07-18
CUST_00002,Preeti Choudhury,35,Male,Patna,Bihar,2026-05-14,Laptops,1982.1,10,2.56,3.7,2026-08-04
CUST_00003,Aakanksha Chopra,28,Female,Pune,Maharashtra,2025-08-29,Fashion,12457.35,2,0.16,4.8,2026-06-16
CUST_00004,Deepak Pillai,25,Female,Bhopal,Madhya Pradesh,2024-10-09,Beauty,1339.7,5,0.21,4.2,2026-08-13
CUST_00005,Manish Bhatia,32,Other,Coimbatore,Tamil Nadu,2024-10-01,Home,3492.77,7,0.3,4.5,2026-09-05
CUST_00006,Aakanksha Pandey,23,Male,Patna,Bihar,2025-03-26,Accessories,1951.6,5,0.28,4.9,2026-06-15
CUST_00007,Isha Reddy,18,Other,Nagpur,Maharashtra,2024-11-28,Electronics,2837.27,15,0.69,4.6,2026-06-27
CUST_00008,Priya Malhotra,32,Male,Kochi,Kerala,2025-05-03,Laptops,804.18,3,0.18,3.8,2026-08-08
CUST_00009,Deepika Pandey,42,Female,Bhopal,Madhya Pradesh,2025-09-27,Laptops,1601.32,4,0.35,3.9,2026-06-18
CUST_00010,Varun Reddy,26,Female,Kolkata,West Bengal,2025-11-30,Accessories,4183.9,6,0.64,3.9,2026-07-18
CUST_00011,Pooja Mehta,43,Male,Ahmedabad,Gujarat,2025-10-06,Mobiles,900.4,18,1.6,4.4,2026-07-07
CUST_00012,Swati Bose,34,Other,Delhi,Delhi,2026-01-25,Laptops,2139.25,8,1.06,3.8,2026-08-04
CUST_00013,Manish Pillai,42,Female,Nagpur,Maharashtra,2026-02-20,Kitchen,2595.99,2,0.3,4.7,2026-07-07
CUST_00014,Priya Pandey,23,Male,Chandigarh,Punjab,2024-12-11,Gaming,1445.98,11,0.52,4.9,2026-08-30
CUST_00015,Varun Saxena,40,Female,Bengaluru,Karnataka,2025-07-09,Electronics,1817.68,7,0.49,3.8,2026-08-08
CUST_00016,Deepak Trivedi,23,Male,Surat,Gujarat,2024-10-08,Gaming,7094.45,9,0.39,4.8,2026-07-06
CUST_00017,Divya Bhatia,18,Male,Chandigarh,Punjab,2025-09-16,Footwear,2870.84,22,1.85,4.9,2026-08-08
CUST_00018,Kavita Singh,46,Male,Kolkata,West Bengal,2026-01-12,Furniture,1945.25,10,1.26,4.2,2026-07-13
CUST_00019,Pallavi Verma,33,Female,Nagpur,Maharashtra,2025-08-01,Personal Care,12129.69,1,0.07,4.4,2026-07-29
CUST_00020,Akash Deshmukh,33,Male,Jaipur,Rajasthan,2026-03-24,Accessories,1536.0,9,1.61,4.6,2026-07-09
CUST_00021,Deepika Sharma,40,Other,Guwahati,Assam,2026-07-15,Personal Care,4145.03,1,0.55,4.9,2026-07-25
CUST_00022,Divya Reddy,18,Other,Indore,Madhya Pradesh,2025-10-07,Fashion,3201.09,8,0.71,3.8,2026-06-12
CUST_00023,Divya Pandey,29,Female,Indore,Madhya Pradesh,2026-08-11,Electronics,4281.18,15,15.0,4.0,2026-08-30
CUST_00024,Divya Nair,20,Male,Kolkata,West Bengal,2025-05-27,Mobiles,4583.21,6,0.38,4.2,2026-06-17
CUST_00025,Rohan Reddy,45,Male,Visakhapatnam,Andhra Pradesh,2025-04-24,Home,872.37,13,0.78,4.6,2026-07-27
CUST_00026,Rahul Mishra,18,Male,Jaipur,Rajasthan,2025-03-19,Mobiles,3291.91,3,0.17,4.2,2026-07-24
CUST_00027,Sunita Choudhury,28,Female,Coimbatore,Tamil Nadu,2024-09-07,Mobiles,1102.78,2,0.08,4.5,2026-09-01
CUST_00028,Sneha Sen,31,Female,Chennai,Tamil Nadu,2026-08-16,Laptops,707.82,16,16.0,4.5,2026-09-01
CUST_00029,Gaurav Agarwal,26,Male,Hyderabad,Telangana,2026-03-11,Home,3987.07,2,0.33,4.6,2026-07-03
CUST_00030,Amit Pandey,36,Other,Bhopal,Madhya Pradesh,2025-09-26,Grocery,3488.05,18,1.56,4.8,2026-07-08
CUST_00031,Amit Reddy,25,Male,Patna,Bihar,2025-09-18,Gaming,960.57,3,0.25,3.7,2026-08-13
CUST_00032,Ritu Kumar,22,Female,Indore,Madhya Pradesh,2025-01-12,Footwear,1273.77,6,0.3,4.9,2026-09-05
CUST_00033,Sunita Sen,19,Other,Ahmedabad,Gujarat,2026-05-20,Footwear,8702.75,13,3.51,4.0,2026-08-13
CUST_00034,Karan Verma,49,Female,Guwahati,Assam,2025-06-06,Books,2584.25,7,0.46,3.7,2026-08-19
CUST_00035,Ritu Kumar,18,Other,Hyderabad,Telangana,2026-08-05,Electronics,1290.05,14,12.35,4.8,2026-08-09
CUST_00036,Simran Gupta,39,Male,Pune,Maharashtra,2026-02-05,Electronics,812.18,8,1.12,4.6,2026-08-02
CUST_00037,Sanjay Singh,48,Female,Pune,Maharashtra,2024-12-13,Books,909.21,5,0.24,4.6,2026-08-02
CUST_00038,Arjun Bose,47,Male,Bhopal,Madhya Pradesh,2026-03-23,Books,0.0,0,0.0,0.0,
CUST_00039,Rajesh Reddy,18,Male,Guwahati,Assam,2025-05-15,Fashion,3451.06,5,0.31,4.4,2026-07-22
CUST_00040,Isha Patel,37,Male,Visakhapatnam,Andhra Pradesh,2026-04-05,Personal Care,2320.54,5,0.96,4.2,2026-06-11
CUST_00041,Kavita Kulkarni,18,Female,Bhopal,Madhya Pradesh,2024-07-27,Books,1289.43,9,0.35,3.7,2026-08-29
CUST_00042,Priya Verma,41,Female,Ahmedabad,Gujarat,2025-04-24,Kitchen,4999.82,9,0.54,4.9,2026-06-22
CUST_00043,Vivek Kulkarni,44,Other,Delhi,Delhi,2026-08-14,Accessories,2749.77,8,8.0,4.5,2026-08-22
CUST_00044,Deepika Joshi,42,Other,Kochi,Kerala,2026-04-06,Personal Care,0.0,0,0.0,0.0,
CUST_00045,Pallavi Kumar,21,Female,Kolkata,West Bengal,2025-03-22,Accessories,5612.0,14,0.79,4.8,2026-07-26
CUST_00046,Amit Patel,42,Female,Surat,Gujarat,2025-06-02,Footwear,759.74,3,0.19,3.8,2026-08-05
CUST_00047,Rohan Singh,34,Female,Jaipur,Rajasthan,2024-07-15,Beauty,6114.75,10,0.38,4.0,2026-07-14
CUST_00048,Manish Bhatia,27,Female,Surat,Gujarat,2025-10-03,Electronics,8234.38,19,1.68,4.0,2026-08-17
CUST_00049,Simran Menon,44,Male,Nagpur,Maharashtra,2024-10-15,Home,6192.96,14,0.61,3.9,2026-09-01
CUST_00050,Priya Shah,25,Male,Delhi,Delhi,2025-04-25,Personal Care,1144.97,8,0.48,4.6,2026-08-18
CUST_00051,Swati Gupta,31,Female,Delhi,Delhi,2025-05-24,Home,8408.03,12,0.76,4.3,2026-06-28
CUST_00052,Simran Gupta,34,Other,Chennai,Tamil Nadu,2026-04-15,Sports,10135.84,8,1.64,3.9,2026-08-27
CUST_00053,Rajesh Kumar,46,Male,Surat,Gujarat,2025-11-13,Books,2555.92,3,0.3,5.0,2026-06-25
CUST_00054,Aarav Malhotra,26,Other,Kolkata,West Bengal,2025-06-19,Footwear,6278.11,1,0.07,4.7,2026-08-07
CUST_00055,Rahul Saxena,25,Female,Mumbai,Maharashtra,2025-11-01,Gaming,1870.04,5,0.48,4.1,2026-07-19
CUST_00056,Rahul Mishra,28,Female,Chennai,Tamil Nadu,2026-07-21,Fashion,636.65,2,1.22,4.8,2026-08-09
CUST_00057,Akash Das,38,Other,Jaipur,Rajasthan,2024-12-19,Electronics,5275.21,3,0.14,5.0,2026-07-27
CUST_00058,Preeti Das,21,Female,Patna,Bihar,2026-04-09,Fashion,4312.22,12,2.37,4.7,2026-09-01
CUST_00059,Rajesh Iyer,30,Male,Bengaluru,Karnataka,2025-02-05,Beauty,5169.99,17,0.88,4.2,2026-08-27
CUST_00060,Sneha Shah,33,Female,Bengaluru,Karnataka,2026-07-29,Accessories,1347.32,1,0.73,4.1,2026-08-28
CUST_00061,Tanvi Nair,33,Other,Chennai,Tamil Nadu,2026-04-18,Sports,8151.11,11,2.31,4.7,2026-07-07
CUST_00062,Deepika Saxena,32,Other,Guwahati,Assam,2026-04-07,Books,531.1,6,1.17,3.7,2026-06-14
CUST_00063,Ritu Malhotra,35,Male,Visakhapatnam,Andhra Pradesh,2025-05-20,Electronics,3619.4,14,0.88,4.0,2026-07-09
CUST_00064,Vivek Bose,26,Male,Bhopal,Madhya Pradesh,2025-08-07,Fashion,1098.46,6,0.45,4.5,2026-07-14
CUST_00065,Neha Verma,34,Other,Chandigarh,Punjab,2025-05-02,Sports,3249.18,5,0.3,4.6,2026-06-17
CUST_00066,Pooja Trivedi,26,Female,Surat,Gujarat,2024-11-13,Fashion,6686.71,2,0.09,4.3,2026-08-01
CUST_00067,Neha Trivedi,24,Female,Lucknow,Uttar Pradesh,2026-03-20,Electronics,3155.45,10,1.74,4.9,2026-06-12
CUST_00068,Divya Malhotra,25,Female,Lucknow,Uttar Pradesh,2025-01-14,Electronics,0.0,0,0.0,0.0,
CUST_00069,Sunita Patel,33,Male,Surat,Gujarat,2026-05-01,Gaming,774.48,14,3.23,3.7,2026-07-17
CUST_00070,Harsh Mishra,39,Female,Kochi,Kerala,2025-12-02,Books,2294.13,1,0.11,3.6,2026-07-05
CUST_00071,Isha Kumar,33,Male,Indore,Madhya Pradesh,2026-07-04,Fashion,432.73,2,0.91,4.8,2026-07-16
CUST_00072,Deepika Iyer,25,Other,Coimbatore,Tamil Nadu,2024-07-05,Electronics,2965.76,13,0.49,4.7,2026-06-20
CUST_00073,Meera Trivedi,42,Male,Pune,Maharashtra,2026-02-11,Grocery,2233.73,1,0.14,4.0,2026-06-22
CUST_00074,Rahul Bose,21,Other,Mumbai,Maharashtra,2026-08-14,Electronics,3095.68,9,9.0,3.6,2026-09-04
CUST_00075,Akash Das,37,Other,Indore,Madhya Pradesh,2024-10-15,Electronics,657.51,12,0.52,4.5,2026-07-31
CUST_00076,Preeti Rao,49,Other,Indore,Madhya Pradesh,2025-10-14,Kitchen,0.0,0,0.0,0.0,
CUST_00077,Amit Singh,30,Male,Pune,Maharashtra,2026-04-27,Mobiles,913.24,3,0.67,5.0,2026-06-10
CUST_00078,Aditi Mehta,24,Female,Chennai,Tamil Nadu,2024-10-23,Electronics,2582.18,4,0.18,4.8,2026-07-14
CUST_00079,Pranav Mehta,38,Male,Lucknow,Uttar Pradesh,2025-05-02,Books,3288.59,7,0.43,4.2,2026-07-09
CUST_00080,Ananya Kumar,35,Male,Coimbatore,Tamil Nadu,2025-04-10,Kitchen,574.3,17,0.99,4.8,2026-09-05
CUST_00081,Pallavi Shah,25,Male,Lucknow,Uttar Pradesh,2025-01-13,Gaming,4765.8,12,0.6,4.1,2026-09-01
CUST_00082,Rahul Sen,27,Other,Bhopal,Madhya Pradesh,2025-06-20,Kitchen,3956.33,14,0.94,4.4,2026-06-25
CUST_00083,Sunita Nair,32,Male,Visakhapatnam,Andhra Pradesh,2025-07-06,Laptops,487.17,16,1.12,4.4,2026-07-04
CUST_00084,Preeti Trivedi,33,Other,Visakhapatnam,Andhra Pradesh,2025-12-25,Laptops,1588.74,4,0.47,3.6,2026-07-02
CUST_00085,Harsh Iyer,18,Other,Bengaluru,Karnataka,2025-11-18,Sports,6866.96,14,1.43,3.8,2026-07-09
CUST_00086,Preeti Sen,52,Female,Coimbatore,Tamil Nadu,2024-09-04,Kitchen,7216.76,11,0.45,3.8,2026-09-05
CUST_00087,Arjun Chopra,37,Female,Coimbatore,Tamil Nadu,2025-12-25,Sports,10351.7,5,0.58,4.9,2026-06-24
CUST_00088,Meera Trivedi,19,Other,Coimbatore,Tamil Nadu,2026-04-07,Mobiles,3393.92,11,2.14,4.9,2026-07-20
CUST_00089,Ritu Pillai,43,Female,Kolkata,West Bengal,2024-11-21,Mobiles,2453.8,4,0.18,4.6,2026-08-02
CUST_00090,Neha Deshmukh,24,Female,Chennai,Tamil Nadu,2026-02-23,Fashion,913.7,5,0.76,4.4,2026-08-18
CUST_00091,Rahul Pillai,28,Female,Visakhapatnam,Andhra Pradesh,2025-10-13,Gaming,564.59,5,0.45,4.4,2026-08-12
CUST_00092,Aditi Rao,52,Female,Kochi,Kerala,2024-09-25,Furniture,2085.16,2,0.08,4.8,2026-08-16
CUST_00093,Deepak Verma,30,Male,Chandigarh,Punjab,2025-06-05,Kitchen,0.0,0,0.0,0.0,
CUST_00094,Preeti Shah,36,Male,Nagpur,Maharashtra,2026-01-02,Laptops,2279.04,13,1.57,5.0,2026-08-05
CUST_00095,Abhishek Menon,23,Male,Nagpur,Maharashtra,2025-11-19,Electronics,3526.42,5,0.51,4.8,2026-06-11
CUST_00096,Vivek Deshmukh,36,Male,Delhi,Delhi,2025-05-28,Home,3703.13,19,1.22,5.0,2026-08-24
CUST_00097,Preeti Bhatia,31,Male,Nagpur,Maharashtra,2026-07-08,Furniture,7884.14,2,0.97,4.5,2026-08-28
CUST_00098,Kavita Trivedi,52,Female,Kolkata,West Bengal,2024-08-04,Books,10983.62,8,0.31,4.7,2026-07-13
CUST_00099,Simran Choudhury,42,Male,Chennai,Tamil Nadu,2024-10-26,Gaming,1498.8,13,0.57,4.7,2026-07-27
CUST_00100,Ananya Pandey,29,Male,Coimbatore,Tamil Nadu,2025-06-20,Beauty,2067.3,2,0.13,4.8,2026-08-07
CUST_00101,Akash Iyer,25,Female,Surat,Gujarat,2026-02-25,Mobiles,0.0,0,0.0,0.0,
CUST_00102,Shweta Rao,18,Other,Bhopal,Madhya Pradesh,2025-08-15,Beauty,1568.74,7,0.54,4.7,2026-08-19
CUST_00103,Aakanksha Bose,18,Male,Chennai,Tamil Nadu,2025-06-06,Footwear,4453.48,14,0.92,4.9,2026-07-17
CUST_00104,Aakanksha Pillai,18,Other,Kochi,Kerala,2026-07-20,Gaming,7729.75,20,12.0,4.7,2026-08-29
CUST_00105,Aakanksha Patel,24,Male,Chandigarh,Punjab,2025-10-01,Footwear,1428.0,11,0.96,4.2,2026-08-17
CUST_00106,Tanvi Menon,29,Male,Chennai,Tamil Nadu,2025-01-08,Gaming,3926.07,2,0.1,5.0,2026-06-19
CUST_00107,Aakanksha Nair,25,Female,Indore,Madhya Pradesh,2024-09-21,Electronics,4991.6,9,0.38,4.9,2026-07-29
CUST_00108,Aarav Mishra,18,Female,Surat,Gujarat,2024-12-02,Footwear,1067.28,6,0.28,4.2,2026-06-10
CUST_00109,Kavita Saxena,18,Other,Guwahati,Assam,2024-11-24,Gaming,1156.92,20,0.92,4.1,2026-06-10
CUST_00110,Tanvi Menon,49,Male,Lucknow,Uttar Pradesh,2026-05-25,Gaming,3483.54,2,0.57,4.1,2026-07-01
CUST_00111,Amit Malhotra,34,Other,Lucknow,Uttar Pradesh,2026-01-13,Home,4138.34,1,0.13,4.4,2026-07-04
CUST_00112,Aakanksha Iyer,24,Other,Kolkata,West Bengal,2026-07-27,Gaming,466.98,1,0.7,4.4,2026-08-04
CUST_00113,Divya Mishra,44,Female,Bhopal,Madhya Pradesh,2025-03-20,Kitchen,2927.21,1,0.06,4.8,2026-08-31
CUST_00114,Manish Sen,48,Other,Kochi,Kerala,2026-04-15,Furniture,3726.17,1,0.21,4.9,2026-06-16
CUST_00115,Nikhil Nair,18,Other,Mumbai,Maharashtra,2025-05-12,Sports,650.74,7,0.43,4.7,2026-08-08
CUST_00116,Pallavi Agarwal,18,Other,Nagpur,Maharashtra,2024-12-18,Gaming,601.46,3,0.14,4.0,2026-07-25
CUST_00117,Harsh Deshmukh,24,Male,Indore,Madhya Pradesh,2025-03-05,Gaming,3499.91,6,0.33,4.1,2026-08-25
CUST_00118,Pallavi Mehta,32,Female,Coimbatore,Tamil Nadu,2026-05-11,Personal Care,9251.37,5,1.25,4.8,2026-07-15
CUST_00119,Neha Patel,37,Male,Bhopal,Madhya Pradesh,2026-04-08,Laptops,2075.83,14,2.75,4.2,2026-08-11
CUST_00120,Ritu Deshmukh,22,Other,Indore,Madhya Pradesh,2024-12-25,Books,4843.44,12,0.58,4.4,2026-08-05
CUST_00121,Swati Das,21,Other,Visakhapatnam,Andhra Pradesh,2024-07-31,Personal Care,5567.04,21,0.82,3.8,2026-08-18
CUST_00122,Amit Chopra,28,Other,Coimbatore,Tamil Nadu,2026-04-09,Footwear,4341.28,1,0.2,3.9,2026-06-11
CUST_00123,Akash Verma,33,Other,Kolkata,West Bengal,2025-01-24,Gaming,8139.06,5,0.25,4.4,2026-08-23
CUST_00124,Varun Gupta,30,Male,Kochi,Kerala,2025-01-11,Kitchen,1741.32,12,0.6,4.3,2026-09-02
CUST_00125,Ananya Rao,37,Female,Kochi,Kerala,2025-10-13,Footwear,5945.7,8,0.73,3.6,2026-07-07
CUST_00126,Pooja Singh,37,Other,Bhopal,Madhya Pradesh,2026-07-01,Personal Care,473.22,8,3.48,3.9,2026-08-02
CUST_00127,Simran Sharma,37,Male,Nagpur,Maharashtra,2025-08-27,Home,712.69,2,0.16,4.2,2026-09-02
CUST_00128,Harsh Nair,32,Other,Coimbatore,Tamil Nadu,2025-09-08,Sports,3341.11,10,0.82,4.8,2026-07-09
CUST_00129,Vivek Singh,29,Male,Surat,Gujarat,2024-11-06,Electronics,762.34,11,0.49,4.5,2026-07-12
CUST_00130,Pooja Pandey,46,Other,Chandigarh,Punjab,2026-05-20,Kitchen,580.09,8,2.16,3.9,2026-07-20
CUST_00131,Tanvi Iyer,33,Other,Delhi,Delhi,2024-10-02,Gaming,3138.09,15,0.64,4.5,2026-08-03
CUST_00132,Karan Kulkarni,32,Male,Patna,Bihar,2024-11-12,Kitchen,1906.73,10,0.45,4.5,2026-06-28
CUST_00133,Sunita Patel,28,Male,Guwahati,Assam,2025-02-11,Mobiles,2545.88,1,0.05,4.3,2026-06-27
CUST_00134,Akash Malhotra,31,Male,Hyderabad,Telangana,2024-10-14,Laptops,10828.47,1,0.04,4.0,2026-09-05
CUST_00135,Kavita Shah,22,Other,Patna,Bihar,2025-05-22,Footwear,2275.72,2,0.13,4.4,2026-07-01
CUST_00136,Tanvi Agarwal,31,Male,Visakhapatnam,Andhra Pradesh,2026-07-27,Laptops,5546.52,13,9.07,3.9,2026-08-11
CUST_00137,Aditi Pandey,53,Other,Chandigarh,Punjab,2025-07-24,Books,648.09,9,0.66,3.8,2026-08-27
CUST_00138,Rahul Kapoor,25,Male,Lucknow,Uttar Pradesh,2026-03-25,Sports,434.11,1,0.18,4.7,2026-08-06
CUST_00139,Pooja Nair,18,Female,Kolkata,West Bengal,2026-06-20,Fashion,640.09,8,3.0,3.6,2026-08-15
CUST_00140,Priya Nair,22,Female,Hyderabad,Telangana,2025-09-26,Grocery,3072.73,5,0.43,4.9,2026-07-17
CUST_00141,Manish Joshi,38,Male,Delhi,Delhi,2026-01-24,Kitchen,2845.2,5,0.66,4.4,2026-06-23
CUST_00142,Simran Malhotra,44,Other,Indore,Madhya Pradesh,2026-04-24,Books,762.71,11,2.41,4.0,2026-08-31
CUST_00143,Sunita Bose,34,Male,Visakhapatnam,Andhra Pradesh,2026-07-21,Sports,5932.65,11,6.73,3.9,2026-07-29
CUST_00144,Aditi Reddy,30,Other,Patna,Bihar,2024-09-27,Accessories,5566.42,3,0.13,4.7,2026-08-07
CUST_00145,Amit Nair,40,Other,Bhopal,Madhya Pradesh,2025-05-20,Sports,12098.19,1,0.06,4.3,2026-06-18
CUST_00146,Pooja Rao,39,Other,Kolkata,West Bengal,2025-12-11,Personal Care,795.5,5,0.55,4.2,2026-06-28
CUST_00147,Aarav Mishra,40,Female,Guwahati,Assam,2025-10-27,Laptops,6185.12,8,0.76,3.7,2026-09-07
CUST_00148,Akash Reddy,37,Other,Jaipur,Rajasthan,2024-09-22,Sports,2133.41,17,0.71,4.8,2026-07-25
CUST_00149,Kavita Agarwal,29,Other,Lucknow,Uttar Pradesh,2026-07-04,Gaming,4688.24,5,2.27,4.0,2026-08-30
CUST_00150,Tanvi Kulkarni,23,Male,Chennai,Tamil Nadu,2024-08-07,Footwear,1033.5,3,0.12,3.9,2026-07-14
CUST_00151,Deepak Pillai,30,Female,Chandigarh,Punjab,2024-11-07,Footwear,3106.21,12,0.54,4.0,2026-07-12
CUST_00152,Gaurav Iyer,36,Male,Coimbatore,Tamil Nadu,2024-12-14,Beauty,3559.68,9,0.43,4.9,2026-09-05
CUST_00153,Amit Sen,25,Male,Guwahati,Assam,2025-04-19,Gaming,568.94,1,0.06,4.5,2026-09-06
CUST_00154,Varun Kapoor,40,Other,Visakhapatnam,Andhra Pradesh,2024-06-30,Beauty,4751.41,17,0.64,3.7,2026-07-01
CUST_00155,Vikram Kapoor,18,Male,Coimbatore,Tamil Nadu,2024-09-30,Mobiles,1097.89,2,0.08,5.0,2026-07-24
CUST_00156,Sanjay Mishra,40,Other,Kochi,Kerala,2025-07-19,Furniture,5527.77,8,0.58,5.0,2026-06-10
CUST_00157,Ananya Das,43,Female,Pune,Maharashtra,2025-05-21,Kitchen,1540.25,1,0.06,4.6,2026-08-10
CUST_00158,Shweta Deshmukh,18,Other,Kochi,Kerala,2026-02-04,Electronics,0.0,0,0.0,0.0,
CUST_00159,Preeti Sen,26,Female,Ahmedabad,Gujarat,2025-12-23,Footwear,1240.43,12,1.39,3.7,2026-07-23
CUST_00160,Simran Saxena,39,Other,Guwahati,Assam,2026-01-17,Home,2115.94,3,0.38,5.0,2026-08-13
CUST_00161,Tanvi Gupta,20,Female,Patna,Bihar,2025-03-25,Electronics,2007.79,17,0.96,4.4,2026-08-17
CUST_00162,Harsh Deshmukh,31,Other,Guwahati,Assam,2025-01-18,Books,9185.37,5,0.25,4.4,2026-08-30
CUST_00163,Vikram Singh,22,Female,Patna,Bihar,2025-12-29,Mobiles,581.17,8,0.95,4.8,2026-08-14
CUST_00164,Aditi Kulkarni,23,Other,Nagpur,Maharashtra,2024-11-28,Gaming,8133.06,8,0.37,4.4,2026-06-12
CUST_00165,Isha Sharma,30,Female,Delhi,Delhi,2025-09-23,Fashion,1018.15,11,0.94,4.0,2026-07-17
CUST_00166,Aakanksha Das,25,Female,Kochi,Kerala,2025-03-08,Footwear,739.21,3,0.16,3.7,2026-08-10
CUST_00167,Varun Kapoor,27,Female,Chandigarh,Punjab,2026-08-14,Mobiles,2474.96,19,19.0,4.1,2026-09-01
CUST_00168,Harsh Pillai,26,Male,Ahmedabad,Gujarat,2024-09-12,Electronics,2595.9,7,0.29,4.9,2026-08-29
CUST_00169,Arjun Kumar,31,Female,Lucknow,Uttar Pradesh,2026-06-16,Kitchen,3495.97,2,0.71,4.3,2026-09-04
CUST_00170,Aditi Agarwal,23,Other,Chandigarh,Punjab,2025-12-06,Footwear,4997.54,4,0.43,4.3,2026-08-25
CUST_00171,Meera Mishra,25,Male,Chandigarh,Punjab,2025-03-05,Gaming,4358.28,3,0.16,4.7,2026-08-29
CUST_00172,Preeti Das,31,Male,Coimbatore,Tamil Nadu,2025-01-04,Kitchen,2080.26,4,0.2,5.0,2026-08-28
CUST_00173,Rohan Joshi,40,Female,Bengaluru,Karnataka,2026-04-11,Kitchen,3394.28,1,0.2,3.7,2026-07-13
CUST_00174,Preeti Sen,31,Female,Bengaluru,Karnataka,2026-05-07,Accessories,2474.6,3,0.73,3.7,2026-06-28
CUST_00175,Sanjay Joshi,41,Male,Guwahati,Assam,2024-07-10,Kitchen,1811.57,15,0.57,4.8,2026-08-09
CUST_00176,Preeti Sharma,25,Female,Indore,Madhya Pradesh,2025-05-01,Accessories,3733.11,14,0.85,4.5,2026-06-20
CUST_00177,Meera Sen,25,Other,Mumbai,Maharashtra,2025-05-12,Gaming,2025.11,8,0.5,3.9,2026-06-24
CUST_00178,Rahul Sharma,42,Other,Bengaluru,Karnataka,2024-12-20,Furniture,908.11,8,0.38,3.8,2026-06-26
CUST_00179,Deepak Reddy,30,Female,Bhopal,Madhya Pradesh,2025-04-14,Laptops,6586.95,14,0.82,3.9,2026-08-15
CUST_00180,Rohan Verma,41,Male,Lucknow,Uttar Pradesh,2024-12-29,Electronics,5868.89,17,0.83,4.9,2026-07-04
CUST_00181,Abhishek Nair,33,Other,Nagpur,Maharashtra,2026-03-23,Books,934.44,7,1.24,4.0,2026-07-09
CUST_00182,Meera Nair,45,Female,Mumbai,Maharashtra,2025-03-07,Books,1597.34,3,0.16,3.9,2026-08-31
CUST_00183,Sunita Pandey,48,Male,Bhopal,Madhya Pradesh,2025-09-01,Books,1500.95,7,0.56,4.5,2026-08-13
CUST_00184,Arjun Pillai,28,Male,Chandigarh,Punjab,2026-02-07,Furniture,5821.13,7,0.99,4.6,2026-06-11
CUST_00185,Isha Bhatia,37,Other,Chandigarh,Punjab,2025-01-04,Fashion,8199.54,7,0.34,4.0,2026-06-21
CUST_00186,Meera Kumar,27,Male,Coimbatore,Tamil Nadu,2026-07-07,Gaming,7056.31,16,7.62,4.9,2026-08-24
CUST_00187,Suresh Kulkarni,38,Male,Coimbatore,Tamil Nadu,2024-11-19,Electronics,1937.57,6,0.27,4.3,2026-08-08
CUST_00188,Meera Pillai,50,Other,Indore,Madhya Pradesh,2026-01-21,Mobiles,5351.53,17,2.22,4.8,2026-08-15
CUST_00189,Aarav Rao,38,Male,Bengaluru,Karnataka,2025-08-18,Mobiles,1175.41,2,0.16,3.8,2026-06-28
CUST_00190,Rajesh Das,28,Male,Patna,Bihar,2025-08-16,Electronics,1387.66,2,0.15,3.9,2026-09-04
CUST_00191,Rajesh Kumar,42,Male,Jaipur,Rajasthan,2024-08-13,Electronics,1166.62,6,0.24,4.8,2026-07-26
CUST_00192,Divya Kumar,23,Male,Mumbai,Maharashtra,2026-02-20,Gaming,675.96,8,1.2,3.6,2026-08-26
CUST_00193,Amit Joshi,34,Other,Hyderabad,Telangana,2025-09-07,Accessories,2040.44,8,0.66,4.2,2026-07-30
CUST_00194,Ritu Pillai,38,Female,Kolkata,West Bengal,2025-02-26,Furniture,3795.81,15,0.81,3.8,2026-08-30
CUST_00195,Amit Pillai,32,Male,Pune,Maharashtra,2025-02-20,Electronics,3357.35,13,0.69,4.1,2026-06-11
CUST_00196,Vivek Bose,18,Other,Ahmedabad,Gujarat,2026-07-03,Grocery,1657.72,5,2.24,4.7,2026-08-01
CUST_00197,Gaurav Shah,25,Male,Jaipur,Rajasthan,2026-04-12,Electronics,1011.18,12,2.42,4.6,2026-08-12
CUST_00198,Akash Pillai,31,Other,Guwahati,Assam,2026-06-14,Furniture,421.54,3,1.05,4.1,2026-07-04
CUST_00199,Deepak Rao,28,Female,Surat,Gujarat,2025-05-01,Gaming,3087.7,5,0.3,4.6,2026-07-28
CUST_00200,Aakanksha Kulkarni,24,Female,Visakhapatnam,Andhra Pradesh,2025-04-21,Electronics,3905.26,11,0.65,4.2,2026-06-25
CUST_00201,Pallavi Sen,18,Male,Pune,Maharashtra,2026-01-07,Gaming,3232.77,2,0.25,4.8,2026-07-12
CUST_00202,Tanvi Mehta,40,Female,Bhopal,Madhya Pradesh,2025-07-29,Electronics,740.45,3,0.22,4.0,2026-07-22
CUST_00203,Neha Singh,23,Male,Lucknow,Uttar Pradesh,2025-05-21,Fashion,8359.26,5,0.32,4.4,2026-08-09
CUST_00204,Isha Malhotra,18,Other,Chandigarh,Punjab,2025-06-09,Kitchen,2921.59,16,1.05,4.2,2026-07-10
CUST_00205,Ritu Pillai,34,Female,Chandigarh,Punjab,2025-11-13,Grocery,6916.79,17,1.71,3.9,2026-09-04
CUST_00206,Suresh Reddy,39,Other,Bengaluru,Karnataka,2025-08-17,Electronics,432.97,1,0.08,4.8,2026-08-01
CUST_00207,Deepak Kapoor,18,Other,Bengaluru,Karnataka,2025-11-09,Footwear,2690.12,2,0.2,3.8,2026-08-26
CUST_00208,Ritu Verma,25,Other,Pune,Maharashtra,2025-09-12,Fashion,2055.77,8,0.66,4.1,2026-06-13
CUST_00209,Deepika Choudhury,37,Other,Jaipur,Rajasthan,2026-02-05,Grocery,911.15,8,1.12,4.9,2026-06-30
CUST_00210,Aarav Menon,36,Female,Lucknow,Uttar Pradesh,2025-08-30,Home,472.18,12,0.96,4.8,2026-07-18
CUST_00211,Aarav Chopra,45,Other,Surat,Gujarat,2024-07-01,Beauty,3006.36,3,0.11,3.9,2026-07-19
CUST_00212,Kavita Chopra,45,Male,Surat,Gujarat,2024-12-26,Beauty,824.11,13,0.63,4.1,2026-07-10
CUST_00213,Neha Iyer,27,Male,Bhopal,Madhya Pradesh,2024-09-04,Footwear,511.37,24,0.98,4.2,2026-08-12
CUST_00214,Sunita Sharma,31,Female,Chennai,Tamil Nadu,2025-01-05,Electronics,4352.1,2,0.1,4.9,2026-07-30
CUST_00215,Aarav Chopra,18,Other,Kochi,Kerala,2025-09-06,Gaming,9493.49,7,0.57,4.2,2026-07-16
CUST_00216,Tanvi Menon,28,Other,Nagpur,Maharashtra,2025-10-17,Fashion,1006.05,10,0.92,3.6,2026-06-24
CUST_00217,Rohan Trivedi,30,Male,Chennai,Tamil Nadu,2025-09-15,Fashion,1594.49,24,2.01,3.9,2026-07-21
CUST_00218,Tanvi Patel,27,Other,Indore,Madhya Pradesh,2026-02-08,Footwear,3155.55,9,1.27,4.1,2026-08-25
CUST_00219,Nikhil Sen,18,Female,Bengaluru,Karnataka,2026-02-25,Personal Care,1807.71,4,0.62,4.4,2026-06-13
CUST_00220,Rohan Mishra,29,Other,Guwahati,Assam,2025-04-06,Electronics,9710.11,2,0.12,3.9,2026-08-15
CUST_00221,Sanjay Nair,34,Male,Ahmedabad,Gujarat,2025-10-25,Kitchen,4776.62,1,0.09,3.7,2026-07-11
CUST_00222,Aakanksha Sharma,36,Male,Chandigarh,Punjab,2025-06-25,Mobiles,6269.66,18,1.23,5.0,2026-08-18
CUST_00223,Amit Kapoor,35,Female,Visakhapatnam,Andhra Pradesh,2024-07-20,Kitchen,1036.11,3,0.12,4.9,2026-07-20
CUST_00224,Kavita Singh,31,Male,Lucknow,Uttar Pradesh,2025-06-03,Books,2298.16,13,0.84,4.4,2026-08-18
CUST_00225,Deepika Agarwal,42,Male,Surat,Gujarat,2024-08-16,Personal Care,4449.25,13,0.52,3.9,2026-08-03
CUST_00226,Pooja Das,34,Male,Indore,Madhya Pradesh,2024-12-08,Kitchen,6660.16,5,0.23,4.1,2026-07-02
CUST_00227,Harsh Saxena,37,Female,Coimbatore,Tamil Nadu,2025-05-03,Furniture,2214.05,1,0.06,4.0,2026-08-27
CUST_00228,Isha Rao,18,Other,Lucknow,Uttar Pradesh,2025-07-15,Furniture,1314.99,5,0.36,3.9,2026-07-16
CUST_00229,Preeti Choudhury,41,Female,Coimbatore,Tamil Nadu,2025-07-22,Fashion,831.6,3,0.22,4.4,2026-06-10
CUST_00230,Tanvi Kulkarni,37,Male,Ahmedabad,Gujarat,2026-03-11,Books,591.21,9,1.49,4.4,2026-06-19
CUST_00231,Vikram Kulkarni,24,Other,Pune,Maharashtra,2025-04-01,Gaming,9090.24,22,1.26,3.8,2026-06-29
CUST_00232,Ritu Patel,28,Male,Surat,Gujarat,2025-09-20,Footwear,2344.31,12,1.02,3.8,2026-07-12
CUST_00233,Kavita Malhotra,38,Male,Coimbatore,Tamil Nadu,2026-07-23,Electronics,0.0,0,0.0,0.0,
CUST_00234,Isha Joshi,41,Female,Indore,Madhya Pradesh,2026-02-01,Home,1323.72,12,1.64,3.6,2026-09-03
CUST_00235,Ananya Kulkarni,40,Male,Chandigarh,Punjab,2024-10-02,Footwear,3264.33,14,0.59,4.2,2026-07-07
CUST_00236,Neha Kapoor,30,Other,Ahmedabad,Gujarat,2024-08-19,Personal Care,3322.1,15,0.6,4.3,2026-08-21
CUST_00237,Shweta Mishra,18,Male,Kolkata,West Bengal,2026-08-01,Footwear,3613.41,1,0.79,4.0,2026-08-27
CUST_00238,Pranav Choudhury,33,Female,Kolkata,West Bengal,2026-06-01,Laptops,4580.94,5,1.52,4.0,2026-06-13
CUST_00239,Nikhil Rao,31,Male,Pune,Maharashtra,2024-08-18,Fashion,0.0,0,0.0,0.0,
CUST_00240,Pranav Mehta,18,Female,Delhi,Delhi,2024-11-07,Home,0.0,0,0.0,0.0,
CUST_00241,Sanjay Kulkarni,23,Female,Coimbatore,Tamil Nadu,2026-06-27,Electronics,1304.95,1,0.41,4.7,2026-09-01
CUST_00242,Arjun Trivedi,43,Male,Kochi,Kerala,2025-12-18,Books,1193.68,2,0.23,3.6,2026-08-27
CUST_00243,Aditi Sharma,23,Female,Pune,Maharashtra,2024-09-22,Electronics,5579.09,1,0.04,4.9,2026-08-10
CUST_00244,Rahul Pillai,43,Other,Kolkata,West Bengal,2024-08-08,Footwear,2306.38,7,0.28,4.2,2026-09-02
CUST_00245,Rahul Mishra,47,Female,Chandigarh,Punjab,2025-01-21,Books,0.0,0,0.0,0.0,
CUST_00246,Preeti Mehta,18,Other,Indore,Madhya Pradesh,2025-06-07,Mobiles,711.75,6,0.39,3.9,2026-08-09
CUST_00247,Abhishek Iyer,38,Male,Mumbai,Maharashtra,2025-07-04,Electronics,4485.64,8,0.56,4.1,2026-09-06
CUST_00248,Isha Shah,44,Male,Jaipur,Rajasthan,2024-10-23,Home,4156.74,11,0.48,3.7,2026-09-02
CUST_00249,Kavita Bose,42,Female,Guwahati,Assam,2025-03-26,Home,1348.78,2,0.11,4.7,2026-07-01
CUST_00250,Harsh Kumar,18,Female,Hyderabad,Telangana,2024-12-13,Fashion,1734.41,5,0.24,4.6,2026-06-19
CUST_00251,Amit Iyer,29,Male,Chandigarh,Punjab,2024-10-06,Kitchen,2931.74,13,0.56,4.1,2026-08-30
CUST_00252,Vivek Trivedi,22,Other,Coimbatore,Tamil Nadu,2025-07-24,Electronics,447.86,9,0.66,4.4,2026-07-05
CUST_00253,Aarav Shah,38,Male,Guwahati,Assam,2024-07-03,Mobiles,1372.05,1,0.04,3.9,2026-07-30
CUST_00254,Swati Menon,37,Male,Guwahati,Assam,2026-05-30,Books,403.79,2,0.59,4.1,2026-08-21
CUST_00255,Rajesh Mehta,41,Male,Indore,Madhya Pradesh,2026-01-22,Personal Care,6807.22,1,0.13,4.9,2026-08-08
CUST_00256,Vivek Das,18,Other,Chandigarh,Punjab,2026-04-04,Gaming,4253.15,7,1.34,4.5,2026-07-29
CUST_00257,Rohan Malhotra,25,Female,Lucknow,Uttar Pradesh,2024-07-12,Grocery,1674.57,5,0.19,4.8,2026-08-09
CUST_00258,Meera Iyer,31,Male,Pune,Maharashtra,2025-02-13,Laptops,3127.08,1,0.05,5.0,2026-06-14
CUST_00259,Suresh Bhatia,35,Female,Surat,Gujarat,2025-09-24,Mobiles,2177.6,7,0.6,4.5,2026-07-13
CUST_00260,Vikram Pandey,46,Female,Bengaluru,Karnataka,2026-02-03,Grocery,846.18,1,0.14,5.0,2026-06-18
CUST_00261,Kavita Singh,21,Male,Kolkata,West Bengal,2024-12-21,Grocery,1299.29,4,0.19,4.3,2026-08-08
CUST_00262,Swati Choudhury,30,Female,Lucknow,Uttar Pradesh,2026-03-04,Gaming,907.42,3,0.48,4.2,2026-08-07
CUST_00263,Vivek Shah,18,Female,Lucknow,Uttar Pradesh,2025-01-06,Electronics,2920.9,11,0.54,3.9,2026-06-18
CUST_00264,Akash Patel,29,Female,Indore,Madhya Pradesh,2025-07-29,Electronics,2214.35,10,0.74,4.2,2026-07-09
CUST_00265,Deepak Bhatia,22,Other,Bhopal,Madhya Pradesh,2024-07-02,Home,425.42,5,0.19,3.6,2026-07-08
CUST_00266,Sanjay Bose,40,Male,Lucknow,Uttar Pradesh,2024-12-18,Beauty,680.73,6,0.29,4.6,2026-06-29
CUST_00267,Manish Joshi,27,Female,Lucknow,Uttar Pradesh,2025-05-12,Footwear,1795.34,8,0.5,4.4,2026-07-21
CUST_00268,Akash Patel,31,Female,Chennai,Tamil Nadu,2024-08-17,Books,4737.32,15,0.6,3.8,2026-08-13
CUST_00269,Arjun Sharma,36,Male,Surat,Gujarat,2024-08-02,Beauty,502.71,7,0.27,4.2,2026-07-07
CUST_00270,Varun Joshi,18,Other,Kochi,Kerala,2025-07-22,Mobiles,8813.88,19,1.38,4.5,2026-07-30
CUST_00271,Pallavi Patel,18,Female,Delhi,Delhi,2026-04-14,Footwear,1329.54,14,2.86,3.8,2026-06-27
CUST_00272,Swati Reddy,51,Other,Kochi,Kerala,2025-03-16,Kitchen,4644.21,19,1.05,4.6,2026-06-18
CUST_00273,Priya Sen,28,Female,Bhopal,Madhya Pradesh,2024-07-27,Mobiles,606.69,4,0.16,4.3,2026-08-07
CUST_00274,Ritu Sen,18,Other,Mumbai,Maharashtra,2024-09-04,Electronics,6242.29,9,0.37,4.4,2026-08-05
CUST_00275,Pooja Reddy,18,Male,Guwahati,Assam,2025-01-04,Fashion,4461.4,1,0.05,3.8,2026-09-06
CUST_00276,Neha Sen,35,Other,Indore,Madhya Pradesh,2025-07-08,Electronics,10521.49,2,0.14,4.9,2026-07-03
CUST_00277,Swati Kumar,24,Female,Jaipur,Rajasthan,2024-09-10,Laptops,3445.87,4,0.16,5.0,2026-07-05
CUST_00278,Sanjay Agarwal,21,Female,Bhopal,Madhya Pradesh,2024-07-10,Sports,1501.74,2,0.08,4.5,2026-08-25
CUST_00279,Abhishek Mishra,40,Male,Jaipur,Rajasthan,2024-07-14,Laptops,2601.79,8,0.31,4.6,2026-07-19
CUST_00280,Aarav Kumar,37,Female,Mumbai,Maharashtra,2026-05-12,Books,2854.27,1,0.25,4.2,2026-06-10
CUST_00281,Varun Sen,38,Female,Bhopal,Madhya Pradesh,2026-02-26,Footwear,7965.44,5,0.77,3.9,2026-07-22
CUST_00282,Amit Mehta,18,Female,Kolkata,West Bengal,2025-03-23,Gaming,5939.14,5,0.28,4.4,2026-07-12
CUST_00283,Kavita Kumar,40,Male,Delhi,Delhi,2024-07-13,Laptops,898.33,9,0.34,4.0,2026-08-14
CUST_00284,Varun Das,25,Other,Guwahati,Assam,2026-04-30,Gaming,432.15,3,0.69,4.0,2026-08-28
CUST_00285,Sanjay Gupta,18,Female,Bengaluru,Karnataka,2025-09-03,Furniture,2367.8,3,0.24,3.9,2026-06-25
CUST_00286,Simran Deshmukh,28,Male,Mumbai,Maharashtra,2026-06-18,Sports,6143.24,9,3.29,4.5,2026-09-07
CUST_00287,Rohan Gupta,42,Male,Surat,Gujarat,2026-08-12,Laptops,5408.49,15,15.0,4.3,2026-08-19
CUST_00288,Shweta Trivedi,38,Female,Visakhapatnam,Andhra Pradesh,2024-07-05,Personal Care,1425.93,4,0.15,4.2,2026-06-22
CUST_00289,Ritu Deshmukh,44,Female,Chandigarh,Punjab,2025-12-17,Beauty,1711.18,8,0.91,4.2,2026-06-14
CUST_00290,Preeti Verma,18,Female,Chandigarh,Punjab,2026-05-09,Grocery,1917.2,3,0.74,4.8,2026-07-11
CUST_00291,Tanvi Choudhury,27,Male,Mumbai,Maharashtra,2024-12-11,Mobiles,11405.77,1,0.05,4.0,2026-07-02
CUST_00292,Divya Rao,34,Female,Guwahati,Assam,2024-09-16,Electronics,10282.23,14,0.58,4.2,2026-07-04
CUST_00293,Arjun Sharma,29,Other,Chandigarh,Punjab,2026-08-02,Books,3394.08,8,6.49,5.0,2026-09-05
CUST_00294,Gaurav Deshmukh,22,Female,Ahmedabad,Gujarat,2024-12-06,Grocery,620.06,15,0.7,4.6,2026-07-18
CUST_00295,Neha Rao,31,Female,Visakhapatnam,Andhra Pradesh,2024-10-14,Electronics,442.63,3,0.13,4.0,2026-07-20
CUST_00296,Arjun Kulkarni,33,Male,Surat,Gujarat,2025-01-11,Personal Care,3036.56,2,0.1,4.3,2026-08-22
CUST_00297,Neha Nair,20,Other,Nagpur,Maharashtra,2025-04-28,Footwear,2880.04,7,0.42,4.9,2026-07-12
CUST_00298,Akash Deshmukh,22,Other,Ahmedabad,Gujarat,2025-12-13,Furniture,2848.58,2,0.22,4.7,2026-08-17
CUST_00299,Neha Gupta,28,Female,Mumbai,Maharashtra,2026-03-08,Grocery,1991.59,6,0.98,4.7,2026-07-20
CUST_00300,Suresh Choudhury,18,Female,Visakhapatnam,Andhra Pradesh,2024-10-02,Electronics,1995.65,3,0.13,3.8,2026-06-14
CUST_00301,Pranav Sen,49,Other,Visakhapatnam,Andhra Pradesh,2026-05-19,Books,1199.45,6,1.61,4.9,2026-08-10
CUST_00302,Vivek Patel,45,Other,Chandigarh,Punjab,2025-07-29,Laptops,580.79,11,0.81,4.5,2026-06-16
CUST_00303,Sunita Pandey,49,Female,Ahmedabad,Gujarat,2026-01-03,Sports,1698.65,13,1.57,4.0,2026-08-24
CUST_00304,Ananya Patel,28,Female,Patna,Bihar,2026-02-08,Accessories,1686.81,2,0.28,4.1,2026-06-26
CUST_00305,Gaurav Joshi,35,Other,Mumbai,Maharashtra,2025-10-05,Gaming,3822.56,2,0.18,4.3,2026-06-24
CUST_00306,Sanjay Bose,39,Female,Kochi,Kerala,2024-09-23,Home,2043.16,5,0.21,4.5,2026-07-03
CUST_00307,Pallavi Shah,25,Male,Indore,Madhya Pradesh,2026-08-10,Footwear,4448.22,21,21.0,3.8,2026-08-28
CUST_00308,Rajesh Mishra,32,Male,Visakhapatnam,Andhra Pradesh,2024-09-22,Home,886.5,16,0.67,4.4,2026-08-20
CUST_00309,Pooja Choudhury,37,Other,Delhi,Delhi,2024-12-14,Grocery,5337.79,9,0.43,4.3,2026-07-30
CUST_00310,Ananya Reddy,21,Other,Patna,Bihar,2025-04-17,Gaming,1796.59,8,0.47,4.0,2026-07-06
CUST_00311,Sanjay Verma,33,Female,Chennai,Tamil Nadu,2024-08-16,Laptops,3715.22,9,0.36,4.6,2026-08-10
CUST_00312,Priya Trivedi,61,Male,Visakhapatnam,Andhra Pradesh,2024-08-05,Home,405.58,9,0.35,5.0,2026-07-31
CUST_00313,Karan Sharma,41,Other,Indore,Madhya Pradesh,2025-09-08,Kitchen,454.08,10,0.82,4.3,2026-06-13
CUST_00314,Abhishek Menon,41,Female,Indore,Madhya Pradesh,2026-06-07,Laptops,1788.77,8,2.58,4.6,2026-08-02
CUST_00315,Arjun Kulkarni,24,Other,Indore,Madhya Pradesh,2026-05-12,Grocery,2341.44,7,1.76,4.7,2026-07-28
CUST_00316,Pallavi Pandey,25,Male,Lucknow,Uttar Pradesh,2025-05-08,Fashion,1551.62,5,0.31,3.8,2026-06-26
CUST_00317,Akash Nair,36,Male,Pune,Maharashtra,2026-01-08,Laptops,4806.83,5,0.62,3.6,2026-06-16
CUST_00318,Harsh Gupta,23,Other,Chennai,Tamil Nadu,2025-07-30,Electronics,3172.02,14,1.04,4.8,2026-06-13
CUST_00319,Priya Gupta,21,Female,Visakhapatnam,Andhra Pradesh,2026-02-17,Electronics,1536.54,5,0.74,5.0,2026-08-23
CUST_00320,Meera Agarwal,40,Female,Chennai,Tamil Nadu,2024-11-15,Gaming,5806.36,13,0.59,3.6,2026-08-07
CUST_00321,Divya Joshi,31,Female,Lucknow,Uttar Pradesh,2024-09-14,Electronics,6275.59,4,0.17,4.6,2026-06-16
CUST_00322,Neha Menon,42,Female,Indore,Madhya Pradesh,2025-11-11,Home,615.59,7,0.7,3.6,2026-07-22
CUST_00323,Ananya Patel,44,Male,Visakhapatnam,Andhra Pradesh,2024-11-01,Home,599.33,5,0.22,4.4,2026-09-05
CUST_00324,Harsh Chopra,27,Female,Hyderabad,Telangana,2024-12-20,Fashion,1087.33,4,0.19,4.3,2026-07-20
CUST_00325,Swati Nair,29,Other,Chennai,Tamil Nadu,2026-05-10,Electronics,921.32,13,3.22,4.6,2026-08-30
CUST_00326,Pranav Kumar,53,Female,Mumbai,Maharashtra,2025-07-12,Home,7087.67,19,1.35,4.3,2026-08-30
CUST_00327,Pallavi Kapoor,37,Other,Hyderabad,Telangana,2024-07-09,Sports,1032.7,6,0.23,4.9,2026-06-15
CUST_00328,Sneha Pandey,46,Other,Kolkata,West Bengal,2026-08-14,Kitchen,1948.75,11,11.0,3.8,2026-08-28
CUST_00329,Amit Agarwal,32,Male,Kolkata,West Bengal,2026-05-22,Laptops,1279.32,11,3.03,3.7,2026-09-03
CUST_00330,Ananya Malhotra,41,Female,Kochi,Kerala,2025-02-08,Laptops,659.1,8,0.42,5.0,2026-07-15
CUST_00331,Aarav Shah,22,Female,Delhi,Delhi,2025-03-06,Fashion,2681.85,4,0.22,4.3,2026-06-15
CUST_00332,Amit Agarwal,46,Female,Chandigarh,Punjab,2025-03-02,Mobiles,19456.1,12,0.65,4.4,2026-06-22
CUST_00333,Kavita Kulkarni,43,Male,Delhi,Delhi,2025-12-20,Gaming,1883.03,3,0.34,3.8,2026-08-14
CUST_00334,Kavita Singh,23,Other,Nagpur,Maharashtra,2026-01-10,Electronics,4447.18,7,0.87,3.8,2026-08-03
CUST_00335,Preeti Bose,45,Male,Nagpur,Maharashtra,2025-12-01,Electronics,1065.83,17,1.81,4.5,2026-07-21
CUST_00336,Karan Joshi,38,Female,Bengaluru,Karnataka,2025-12-02,Personal Care,2098.3,15,1.61,3.8,2026-06-11
CUST_00337,Kavita Patel,43,Other,Jaipur,Rajasthan,2024-11-09,Home,3229.22,7,0.31,4.4,2026-07-22
CUST_00338,Deepak Bhatia,43,Male,Bhopal,Madhya Pradesh,2026-03-15,Furniture,4628.16,6,1.02,4.1,2026-07-14
CUST_00339,Vivek Shah,47,Male,Jaipur,Rajasthan,2026-04-14,Grocery,867.24,4,0.82,4.4,2026-06-12
CUST_00340,Vikram Iyer,40,Other,Bengaluru,Karnataka,2025-08-13,Kitchen,1941.38,6,0.46,3.8,2026-08-04
CUST_00341,Suresh Reddy,33,Male,Hyderabad,Telangana,2025-07-29,Grocery,4943.64,7,0.52,4.9,2026-07-21
CUST_00342,Ananya Kumar,24,Other,Lucknow,Uttar Pradesh,2024-12-25,Personal Care,580.39,14,0.68,4.3,2026-08-26
CUST_00343,Harsh Pandey,26,Female,Nagpur,Maharashtra,2025-11-15,Personal Care,1763.89,3,0.3,3.8,2026-09-01
CUST_00344,Sanjay Kumar,30,Female,Nagpur,Maharashtra,2025-02-01,Electronics,2172.95,10,0.51,4.4,2026-07-08
CUST_00345,Manish Sharma,27,Other,Surat,Gujarat,2024-08-19,Mobiles,1396.22,7,0.28,3.8,2026-06-15
CUST_00346,Sanjay Agarwal,29,Other,Jaipur,Rajasthan,2026-06-26,Laptops,5035.7,5,2.03,4.5,2026-08-07
CUST_00347,Varun Kulkarni,27,Female,Kolkata,West Bengal,2025-05-27,Gaming,2833.67,6,0.38,4.3,2026-07-10
CUST_00348,Shweta Bose,22,Other,Ahmedabad,Gujarat,2025-10-11,Footwear,1295.19,1,0.09,4.2,2026-07-30
CUST_00349,Gaurav Pandey,23,Male,Bengaluru,Karnataka,2026-06-02,Footwear,2117.2,3,0.92,3.8,2026-08-27
CUST_00350,Priya Patel,31,Other,Lucknow,Uttar Pradesh,2025-01-29,Books,4602.25,15,0.77,4.9,2026-09-06
CUST_00351,Swati Deshmukh,27,Other,Chennai,Tamil Nadu,2025-04-15,Footwear,1007.94,19,1.12,4.6,2026-07-04
CUST_00352,Pranav Kulkarni,40,Male,Indore,Madhya Pradesh,2026-08-05,Kitchen,2094.33,7,6.18,4.6,2026-09-07
CUST_00353,Pranav Choudhury,27,Female,Ahmedabad,Gujarat,2024-07-24,Mobiles,2824.44,2,0.08,4.2,2026-06-22
CUST_00354,Karan Deshmukh,35,Other,Ahmedabad,Gujarat,2026-02-21,Kitchen,1703.37,2,0.3,4.8,2026-07-23
CUST_00355,Deepak Rao,23,Male,Bhopal,Madhya Pradesh,2025-03-30,Footwear,1091.06,10,0.57,4.1,2026-08-17
CUST_00356,Ananya Iyer,36,Other,Ahmedabad,Gujarat,2025-02-13,Laptops,832.09,4,0.21,4.0,2026-08-01
CUST_00357,Rajesh Reddy,44,Male,Mumbai,Maharashtra,2024-07-25,Beauty,5622.31,8,0.31,4.9,2026-08-11
CUST_00358,Deepak Mishra,26,Male,Coimbatore,Tamil Nadu,2024-11-25,Gaming,1097.5,10,0.46,4.1,2026-08-31
CUST_00359,Preeti Das,36,Female,Lucknow,Uttar Pradesh,2025-08-22,Laptops,6127.07,1,0.08,4.1,2026-09-07
CUST_00360,Sneha Joshi,28,Female,Mumbai,Maharashtra,2026-05-08,Gaming,861.81,15,3.66,3.9,2026-07-07
CUST_00361,Aakanksha Malhotra,18,Male,Bhopal,Madhya Pradesh,2026-04-15,Electronics,514.47,14,2.88,3.8,2026-09-07
CUST_00362,Manish Shah,26,Female,Indore,Madhya Pradesh,2025-08-01,Laptops,1820.37,11,0.82,4.2,2026-07-23
CUST_00363,Sneha Kapoor,28,Female,Hyderabad,Telangana,2025-05-27,Electronics,2400.7,10,0.64,3.8,2026-08-18
CUST_00364,Swati Sharma,35,Female,Pune,Maharashtra,2026-04-28,Furniture,2643.05,4,0.9,3.7,2026-08-02
CUST_00365,Tanvi Bose,43,Other,Chandigarh,Punjab,2026-07-18,Laptops,542.48,2,1.15,3.9,2026-07-27
CUST_00366,Akash Deshmukh,29,Female,Hyderabad,Telangana,2025-06-14,Books,1323.9,9,0.6,4.3,2026-06-29
CUST_00367,Amit Iyer,27,Female,Surat,Gujarat,2024-08-06,Gaming,775.44,13,0.51,3.8,2026-08-22
CUST_00368,Rahul Pillai,20,Male,Chennai,Tamil Nadu,2026-03-13,Gaming,5310.21,6,1.01,3.6,2026-07-05
CUST_00369,Divya Verma,47,Other,Chandigarh,Punjab,2025-06-06,Home,9519.31,1,0.07,4.3,2026-07-14
CUST_00370,Rajesh Chopra,33,Male,Bhopal,Madhya Pradesh,2025-12-09,Books,1326.1,9,0.99,3.9,2026-07-04
CUST_00371,Shweta Menon,41,Male,Jaipur,Rajasthan,2024-09-01,Furniture,1247.06,4,0.16,4.7,2026-06-14
CUST_00372,Arjun Chopra,42,Other,Hyderabad,Telangana,2024-09-01,Beauty,671.34,5,0.2,5.0,2026-08-14
CUST_00373,Pallavi Sen,35,Other,Chennai,Tamil Nadu,2025-12-28,Laptops,2182.74,3,0.35,4.2,2026-08-22
CUST_00374,Shweta Mehta,20,Male,Bhopal,Madhya Pradesh,2026-08-01,Kitchen,1068.71,7,5.53,4.8,2026-09-02
CUST_00375,Sanjay Bose,22,Other,Lucknow,Uttar Pradesh,2024-09-02,Fashion,1572.4,7,0.29,4.1,2026-08-10
CUST_00376,Akash Verma,49,Other,Bhopal,Madhya Pradesh,2024-10-29,Kitchen,4117.69,1,0.04,3.8,2026-07-31
CUST_00377,Ritu Reddy,18,Female,Bhopal,Madhya Pradesh,2025-12-10,Footwear,7908.83,9,0.99,3.9,2026-09-01
CUST_00378,Aarav Verma,34,Other,Chandigarh,Punjab,2026-01-14,Accessories,2808.13,8,1.01,4.0,2026-07-09
CUST_00379,Vivek Gupta,21,Female,Kolkata,West Bengal,2025-12-04,Personal Care,2929.78,10,1.08,4.1,2026-07-23
CUST_00380,Ananya Gupta,31,Other,Mumbai,Maharashtra,2024-09-19,Books,930.25,3,0.13,4.1,2026-07-27
CUST_00381,Ritu Choudhury,18,Other,Surat,Gujarat,2024-12-08,Accessories,3697.54,7,0.33,4.5,2026-08-08
CUST_00382,Kavita Agarwal,37,Female,Bengaluru,Karnataka,2026-05-03,Home,5212.29,5,1.17,4.6,2026-06-19
CUST_00383,Ananya Verma,18,Other,Pune,Maharashtra,2026-02-03,Fashion,1056.69,18,2.49,3.7,2026-08-26
CUST_00384,Pranav Bhatia,28,Female,Lucknow,Uttar Pradesh,2024-08-07,Electronics,5547.18,14,0.55,4.3,2026-08-13
CUST_00385,Pooja Verma,26,Male,Pune,Maharashtra,2025-06-17,Gaming,2207.38,9,0.6,5.0,2026-06-28
CUST_00386,Ritu Das,18,Other,Hyderabad,Telangana,2025-05-30,Fashion,10327.89,1,0.06,4.2,2026-07-08
CUST_00387,Deepak Pillai,49,Male,Kolkata,West Bengal,2024-12-14,Fashion,5422.15,8,0.38,5.0,2026-06-10
CUST_00388,Rajesh Verma,36,Other,Delhi,Delhi,2024-09-08,Gaming,1627.37,3,0.12,4.3,2026-07-19
CUST_00389,Pranav Pandey,49,Other,Bengaluru,Karnataka,2026-03-03,Books,961.74,7,1.11,4.1,2026-07-04
CUST_00390,Sanjay Joshi,23,Other,Jaipur,Rajasthan,2026-01-20,Mobiles,6321.15,3,0.39,3.8,2026-09-07
CUST_00391,Kavita Agarwal,18,Other,Mumbai,Maharashtra,2025-03-12,Footwear,8023.61,11,0.61,4.6,2026-07-05
CUST_00392,Aakanksha Reddy,35,Female,Ahmedabad,Gujarat,2025-10-20,Personal Care,7304.29,14,1.3,3.8,2026-06-29
CUST_00393,Suresh Verma,38,Other,Ahmedabad,Gujarat,2025-10-25,Kitchen,1501.4,2,0.19,3.8,2026-06-18
CUST_00394,Shweta Trivedi,27,Male,Jaipur,Rajasthan,2026-06-28,Electronics,11132.32,1,0.42,4.3,2026-08-12
CUST_00395,Aarav Sen,31,Female,Guwahati,Assam,2025-08-07,Books,759.17,11,0.83,4.9,2026-08-28
CUST_00396,Sunita Reddy,36,Other,Chennai,Tamil Nadu,2025-06-27,Personal Care,1916.29,7,0.48,5.0,2026-07-28
CUST_00397,Aarav Mishra,35,Female,Ahmedabad,Gujarat,2024-08-01,Electronics,1145.72,5,0.2,4.0,2026-08-16
CUST_00398,Aditi Kapoor,34,Other,Patna,Bihar,2026-05-03,Electronics,6078.57,9,2.11,4.0,2026-06-16
CUST_00399,Vivek Kapoor,30,Male,Coimbatore,Tamil Nadu,2026-01-06,Electronics,4734.99,5,0.61,3.9,2026-08-04
CUST_00400,Tanvi Singh,39,Female,Ahmedabad,Gujarat,2024-08-02,Footwear,3860.64,14,0.55,3.8,2026-07-22
CUST_00401,Akash Patel,36,Female,Kolkata,West Bengal,2025-05-06,Home,1117.6,5,0.31,3.9,2026-08-16
CUST_00402,Simran Choudhury,29,Male,Lucknow,Uttar Pradesh,2026-07-29,Accessories,2299.32,8,5.85,4.8,2026-08-28
CUST_00403,Tanvi Deshmukh,18,Other,Pune,Maharashtra,2026-06-09,Fashion,852.58,5,1.65,4.2,2026-08-29
CUST_00404,Isha Trivedi,25,Other,Indore,Madhya Pradesh,2026-05-09,Mobiles,498.81,3,0.74,4.4,2026-09-06
CUST_00405,Sanjay Joshi,47,Male,Hyderabad,Telangana,2026-08-06,Home,1387.86,3,2.73,3.9,2026-08-30
CUST_00406,Neha Reddy,23,Male,Guwahati,Assam,2026-08-06,Mobiles,3524.56,1,0.91,4.4,2026-09-01
CUST_00407,Meera Pandey,37,Other,Bengaluru,Karnataka,2026-01-24,Accessories,637.21,5,0.66,4.7,2026-07-08
CUST_00408,Nikhil Mishra,41,Male,Lucknow,Uttar Pradesh,2025-09-14,Personal Care,6029.89,16,1.34,3.9,2026-08-19
CUST_00409,Pranav Kulkarni,29,Female,Nagpur,Maharashtra,2026-04-15,Furniture,2725.81,2,0.41,3.7,2026-09-02
CUST_00410,Rajesh Gupta,18,Other,Bhopal,Madhya Pradesh,2026-03-27,Gaming,5252.82,2,0.36,3.6,2026-08-10
CUST_00411,Swati Joshi,46,Male,Kochi,Kerala,2024-10-17,Electronics,776.95,9,0.39,4.9,2026-08-10
CUST_00412,Sanjay Deshmukh,34,Other,Hyderabad,Telangana,2025-04-03,Personal Care,4497.88,9,0.52,3.9,2026-08-24
CUST_00413,Rajesh Rao,39,Male,Guwahati,Assam,2025-09-12,Laptops,573.08,2,0.17,4.9,2026-07-23
CUST_00414,Neha Saxena,21,Male,Guwahati,Assam,2026-03-18,Electronics,2223.08,4,0.69,4.3,2026-07-15
CUST_00415,Vivek Kumar,29,Other,Bhopal,Madhya Pradesh,2026-03-19,Home,3194.33,3,0.52,4.7,2026-06-20
CUST_00416,Abhishek Saxena,37,Male,Jaipur,Rajasthan,2025-03-26,Home,663.69,10,0.56,4.7,2026-08-05
CUST_00417,Vikram Pillai,18,Male,Chennai,Tamil Nadu,2024-10-17,Accessories,3750.97,4,0.17,3.8,2026-07-29
CUST_00418,Nikhil Choudhury,42,Female,Bengaluru,Karnataka,2026-04-26,Personal Care,1288.7,12,2.67,3.8,2026-08-03
CUST_00419,Gaurav Singh,38,Male,Indore,Madhya Pradesh,2025-08-23,Sports,677.7,7,0.55,4.2,2026-07-06
CUST_00420,Varun Bhatia,20,Other,Chandigarh,Punjab,2026-03-31,Gaming,400.09,6,1.12,4.2,2026-07-20
CUST_00421,Simran Kapoor,22,Other,Visakhapatnam,Andhra Pradesh,2025-02-20,Mobiles,9251.79,2,0.11,3.7,2026-07-20
CUST_00422,Varun Malhotra,45,Other,Ahmedabad,Gujarat,2024-08-30,Kitchen,2628.82,1,0.04,4.1,2026-08-08
CUST_00423,Kavita Pandey,46,Male,Kochi,Kerala,2025-01-25,Kitchen,1459.01,11,0.56,4.9,2026-08-21
CUST_00424,Priya Trivedi,18,Female,Kochi,Kerala,2026-03-30,Electronics,800.28,13,2.41,3.8,2026-07-11
CUST_00425,Sunita Trivedi,22,Female,Ahmedabad,Gujarat,2026-01-16,Footwear,1337.53,8,1.02,4.6,2026-08-31
CUST_00426,Ananya Kulkarni,35,Other,Chennai,Tamil Nadu,2025-07-29,Home,775.65,2,0.15,5.0,2026-06-10
CUST_00427,Ritu Verma,57,Other,Hyderabad,Telangana,2024-10-10,Furniture,0.0,0,0.0,0.0,
CUST_00428,Akash Mishra,25,Other,Kolkata,West Bengal,2026-07-20,Electronics,5202.49,4,2.4,3.8,2026-08-15
CUST_00429,Divya Patel,31,Male,Patna,Bihar,2025-06-19,Books,3268.14,7,0.47,4.3,2026-08-15
CUST_00430,Amit Choudhury,26,Other,Lucknow,Uttar Pradesh,2025-04-25,Footwear,2676.34,10,0.6,4.2,2026-07-26
CUST_00431,Aarav Nair,39,Male,Chennai,Tamil Nadu,2026-06-19,Electronics,4473.13,1,0.37,4.7,2026-06-22
CUST_00432,Deepak Kumar,29,Male,Indore,Madhya Pradesh,2025-06-12,Books,1811.42,12,0.79,4.6,2026-06-29
CUST_00433,Manish Trivedi,29,Other,Surat,Gujarat,2025-10-10,Home,579.32,5,0.45,4.9,2026-07-15
CUST_00434,Shweta Patel,47,Other,Indore,Madhya Pradesh,2026-04-13,Kitchen,742.53,6,1.22,4.5,2026-07-18
CUST_00435,Suresh Joshi,29,Male,Nagpur,Maharashtra,2024-12-08,Home,5105.46,3,0.14,4.3,2026-06-11
CUST_00436,Gaurav Sen,41,Other,Indore,Madhya Pradesh,2025-07-26,Personal Care,1555.33,6,0.44,4.7,2026-09-01
CUST_00437,Swati Mehta,29,Female,Hyderabad,Telangana,2026-05-05,Laptops,2650.58,2,0.48,4.4,2026-07-23
CUST_00438,Meera Sharma,22,Male,Lucknow,Uttar Pradesh,2026-03-06,Footwear,631.28,4,0.65,3.9,2026-08-30
CUST_00439,Aarav Menon,40,Female,Pune,Maharashtra,2025-02-01,Home,1987.58,2,0.1,4.9,2026-06-18
CUST_00440,Divya Reddy,33,Male,Patna,Bihar,2025-01-18,Furniture,0.0,0,0.0,0.0,
CUST_00441,Harsh Pillai,44,Female,Delhi,Delhi,2026-07-01,Electronics,1855.73,11,4.78,4.9,2026-08-27
CUST_00442,Aarav Rao,35,Female,Indore,Madhya Pradesh,2025-03-25,Kitchen,11730.96,6,0.34,4.7,2026-07-29
CUST_00443,Abhishek Singh,25,Other,Hyderabad,Telangana,2025-09-14,Fashion,557.11,16,1.34,3.7,2026-07-05
CUST_00444,Pooja Sharma,27,Other,Indore,Madhya Pradesh,2025-04-18,Footwear,2036.41,2,0.12,3.8,2026-08-01
CUST_00445,Isha Patel,35,Other,Bengaluru,Karnataka,2024-08-14,Beauty,3151.19,10,0.4,4.7,2026-08-11
CUST_00446,Pooja Menon,44,Other,Kolkata,West Bengal,2025-03-24,Kitchen,2032.68,7,0.39,4.7,2026-07-12
CUST_00447,Meera Nair,28,Female,Guwahati,Assam,2025-06-04,Mobiles,1820.03,1,0.07,4.1,2026-06-12
CUST_00448,Kavita Bhatia,27,Other,Bengaluru,Karnataka,2026-03-16,Footwear,5516.33,14,2.39,4.7,2026-08-26
CUST_00449,Pooja Menon,32,Female,Nagpur,Maharashtra,2026-05-22,Electronics,2737.31,7,1.93,4.2,2026-08-26
CUST_00450,Karan Trivedi,20,Female,Kolkata,West Bengal,2026-06-11,Gaming,973.74,4,1.35,4.1,2026-06-26
CUST_00451,Neha Patel,53,Male,Coimbatore,Tamil Nadu,2025-11-28,Laptops,921.34,12,1.27,4.7,2026-08-06
CUST_00452,Nikhil Sen,37,Male,Hyderabad,Telangana,2025-01-14,Mobiles,1190.05,9,0.45,4.1,2026-09-02
CUST_00453,Rajesh Joshi,35,Female,Guwahati,Assam,2024-09-22,Mobiles,3507.94,3,0.13,4.1,2026-07-13
CUST_00454,Preeti Iyer,33,Female,Bengaluru,Karnataka,2024-09-20,Sports,1903.32,13,0.54,4.2,2026-07-05
CUST_00455,Rohan Bhatia,33,Other,Delhi,Delhi,2024-07-22,Books,952.36,3,0.12,4.7,2026-06-10
CUST_00456,Aarav Singh,37,Male,Lucknow,Uttar Pradesh,2025-07-31,Gaming,1605.92,5,0.37,4.2,2026-06-27
CUST_00457,Vikram Shah,37,Female,Coimbatore,Tamil Nadu,2024-10-03,Accessories,1875.82,1,0.04,4.3,2026-07-25
CUST_00458,Pranav Saxena,28,Female,Hyderabad,Telangana,2026-05-24,Personal Care,6036.62,7,1.96,4.9,2026-08-25
CUST_00459,Tanvi Menon,33,Female,Pune,Maharashtra,2025-07-04,Mobiles,8747.64,9,0.63,4.0,2026-08-30
CUST_00460,Vivek Chopra,28,Male,Visakhapatnam,Andhra Pradesh,2026-04-24,Gaming,2657.51,11,2.41,3.7,2026-07-11
CUST_00461,Pooja Chopra,18,Male,Pune,Maharashtra,2025-09-26,Sports,0.0,0,0.0,0.0,
CUST_00462,Vivek Menon,35,Female,Delhi,Delhi,2025-08-14,Beauty,1247.5,17,1.31,3.9,2026-07-09
CUST_00463,Kavita Pandey,38,Male,Bhopal,Madhya Pradesh,2025-11-16,Gaming,2319.83,9,0.91,3.8,2026-06-18
CUST_00464,Pooja Patel,49,Female,Indore,Madhya Pradesh,2026-05-28,Home,3151.42,6,1.75,4.8,2026-07-12
CUST_00465,Aakanksha Mehta,18,Other,Jaipur,Rajasthan,2026-02-12,Footwear,5938.61,2,0.29,4.9,2026-08-27
CUST_00466,Swati Iyer,43,Female,Kolkata,West Bengal,2026-01-28,Kitchen,2667.95,11,1.48,4.3,2026-07-16
CUST_00467,Pranav Kulkarni,18,Male,Bhopal,Madhya Pradesh,2025-08-21,Beauty,927.9,8,0.63,4.4,2026-09-06
CUST_00468,Vivek Mehta,50,Male,Patna,Bihar,2024-11-26,Furniture,3334.54,4,0.18,4.5,2026-07-28
CUST_00469,Gaurav Sharma,42,Male,Coimbatore,Tamil Nadu,2026-03-21,Personal Care,2728.11,19,3.33,3.8,2026-07-29
CUST_00470,Varun Reddy,38,Other,Mumbai,Maharashtra,2025-05-15,Sports,1135.75,6,0.37,4.2,2026-06-18
CUST_00471,Pallavi Gupta,29,Male,Pune,Maharashtra,2024-07-17,Laptops,1449.54,6,0.23,4.6,2026-07-16
CUST_00472,Karan Bhatia,36,Female,Pune,Maharashtra,2025-08-28,Home,792.24,9,0.72,5.0,2026-08-14
CUST_00473,Harsh Sharma,43,Female,Kochi,Kerala,2026-08-03,Kitchen,4683.0,9,7.5,4.3,2026-08-19
CUST_00474,Ananya Kulkarni,40,Female,Coimbatore,Tamil Nadu,2025-06-22,Personal Care,6764.35,12,0.81,4.1,2026-07-24
CUST_00475,Pranav Bose,28,Other,Chandigarh,Punjab,2026-04-25,Grocery,723.19,3,0.66,4.2,2026-07-11
CUST_00476,Sneha Kapoor,35,Other,Kolkata,West Bengal,2025-02-10,Laptops,6233.4,12,0.63,4.0,2026-07-21
CUST_00477,Swati Sen,39,Female,Guwahati,Assam,2026-05-10,Grocery,3682.23,1,0.25,3.7,2026-08-25
CUST_00478,Aditi Bhatia,27,Female,Hyderabad,Telangana,2025-03-29,Grocery,3305.51,2,0.11,4.2,2026-06-18
CUST_00479,Pallavi Pillai,21,Male,Lucknow,Uttar Pradesh,2025-06-15,Laptops,5875.4,9,0.6,4.7,2026-08-10
CUST_00480,Sunita Joshi,32,Male,Pune,Maharashtra,2025-04-26,Mobiles,6178.94,3,0.18,5.0,2026-07-25
CUST_00481,Isha Bose,29,Other,Indore,Madhya Pradesh,2026-08-12,Accessories,5511.24,12,12.0,3.9,2026-08-13
CUST_00482,Rajesh Reddy,50,Other,Jaipur,Rajasthan,2025-10-09,Books,6319.98,16,1.44,3.9,2026-06-13
CUST_00483,Varun Verma,26,Male,Mumbai,Maharashtra,2026-03-15,Fashion,819.88,10,1.69,4.7,2026-07-03
CUST_00484,Vivek Iyer,35,Female,Kolkata,West Bengal,2025-01-11,Electronics,1580.86,12,0.6,4.4,2026-08-08
CUST_00485,Tanvi Mehta,18,Other,Indore,Madhya Pradesh,2026-06-28,Gaming,817.01,14,5.83,4.9,2026-08-22
CUST_00486,Sanjay Choudhury,41,Male,Indore,Madhya Pradesh,2025-09-28,Personal Care,1935.84,4,0.35,3.9,2026-07-14
CUST_00487,Amit Malhotra,25,Male,Patna,Bihar,2025-07-14,Gaming,1039.69,12,0.86,3.8,2026-06-29
CUST_00488,Gaurav Mehta,37,Male,Bengaluru,Karnataka,2026-07-24,Home,7302.34,11,7.17,4.5,2026-09-07
CUST_00489,Pallavi Singh,36,Male,Guwahati,Assam,2024-08-25,Laptops,0.0,0,0.0,0.0,
CUST_00490,Harsh Joshi,38,Male,Chennai,Tamil Nadu,2025-05-12,Electronics,501.47,9,0.56,3.9,2026-08-15
CUST_00491,Suresh Nair,30,Male,Nagpur,Maharashtra,2025-12-11,Gaming,3552.06,12,1.33,4.5,2026-08-05
CUST_00492,Shweta Patel,27,Male,Mumbai,Maharashtra,2024-11-04,Footwear,4614.8,2,0.09,4.2,2026-08-24
CUST_00493,Vivek Gupta,34,Male,Chennai,Tamil Nadu,2025-11-03,Kitchen,1846.6,9,0.87,3.7,2026-08-15
CUST_00494,Simran Pandey,31,Female,Pune,Maharashtra,2025-07-15,Laptops,1430.14,3,0.21,4.7,2026-07-07
CUST_00495,Varun Patel,24,Female,Bengaluru,Karnataka,2026-01-16,Electronics,1364.35,10,1.28,4.8,2026-07-21
CUST_00496,Nikhil Pillai,24,Male,Kolkata,West Bengal,2025-10-18,Fashion,716.25,4,0.37,4.5,2026-08-16
CUST_00497,Vivek Pandey,21,Male,Hyderabad,Telangana,2025-09-02,Fashion,7124.55,5,0.4,5.0,2026-07-08
CUST_00498,Vivek Kapoor,21,Male,Kolkata,West Bengal,2025-03-03,Mobiles,2407.57,8,0.43,3.9,2026-08-23
CUST_00499,Aditi Kapoor,30,Male,Surat,Gujarat,2025-03-13,Fashion,3690.6,4,0.22,4.8,2026-08-11
CUST_00500,Ananya Saxena,34,Male,Mumbai,Maharashtra,2025-09-18,Laptops,656.22,6,0.51,3.7,2026-08-10
CUST_00501,Amit Reddy,19,Female,Visakhapatnam,Andhra Pradesh,2026-01-27,Electronics,523.36,3,0.4,4.6,2026-07-25
CUST_00502,Rajesh Das,18,Other,Visakhapatnam,Andhra Pradesh,2025-05-30,Mobiles,826.21,13,0.84,4.0,2026-08-14
CUST_00503,Arjun Deshmukh,28,Other,Jaipur,Rajasthan,2025-07-13,Personal Care,3166.32,2,0.14,4.7,2026-06-25
CUST_00504,Pallavi Nair,34,Male,Pune,Maharashtra,2024-08-10,Laptops,600.3,15,0.59,4.8,2026-07-14
CUST_00505,Swati Bhatia,19,Other,Jaipur,Rajasthan,2025-09-27,Home,2940.99,1,0.09,4.1,2026-06-22
CUST_00506,Arjun Agarwal,20,Female,Kochi,Kerala,2024-11-10,Gaming,1013.23,1,0.04,3.8,2026-07-12
CUST_00507,Rohan Malhotra,24,Female,Patna,Bihar,2025-06-26,Home,3624.49,10,0.68,4.8,2026-06-22
CUST_00508,Aakanksha Rao,21,Female,Mumbai,Maharashtra,2026-04-24,Electronics,1769.41,4,0.88,4.2,2026-07-28
CUST_00509,Sneha Rao,26,Male,Bengaluru,Karnataka,2026-01-11,Gaming,7692.59,3,0.38,3.8,2026-07-22
CUST_00510,Gaurav Gupta,29,Male,Chandigarh,Punjab,2024-09-14,Laptops,6443.24,3,0.12,3.9,2026-07-27
CUST_00511,Harsh Pillai,47,Female,Ahmedabad,Gujarat,2025-01-21,Home,1702.97,2,0.1,4.0,2026-07-20
CUST_00512,Kavita Malhotra,56,Male,Hyderabad,Telangana,2025-01-22,Books,1943.5,10,0.51,4.9,2026-06-22
CUST_00513,Vikram Agarwal,34,Other,Bhopal,Madhya Pradesh,2024-09-20,Home,7128.24,14,0.58,4.7,2026-07-29
CUST_00514,Arjun Mehta,30,Male,Visakhapatnam,Andhra Pradesh,2025-03-27,Kitchen,5683.55,3,0.17,4.2,2026-08-03
CUST_00515,Ananya Das,43,Male,Guwahati,Assam,2025-09-19,Personal Care,4978.71,15,1.27,4.4,2026-08-08
CUST_00516,Rajesh Sharma,26,Other,Patna,Bihar,2026-08-15,Gaming,1839.08,13,13.0,3.8,2026-08-29
CUST_00517,Tanvi Verma,26,Other,Surat,Gujarat,2026-07-10,Books,9974.6,9,4.5,3.6,2026-07-28
CUST_00518,Akash Gupta,51,Female,Lucknow,Uttar Pradesh,2025-11-11,Books,512.16,10,1.0,4.2,2026-07-25
CUST_00519,Sunita Menon,41,Female,Visakhapatnam,Andhra Pradesh,2024-11-30,Kitchen,2967.37,1,0.05,4.0,2026-07-19
CUST_00520,Isha Chopra,36,Other,Hyderabad,Telangana,2025-08-02,Books,598.51,4,0.3,3.9,2026-09-04
CUST_00521,Aarav Singh,42,Male,Chandigarh,Punjab,2024-09-14,Furniture,5798.13,13,0.54,3.8,2026-08-10
CUST_00522,Arjun Choudhury,26,Female,Nagpur,Maharashtra,2026-08-14,Fashion,4599.1,1,1.0,4.8,2026-08-30
CUST_00523,Rohan Gupta,28,Male,Lucknow,Uttar Pradesh,2026-06-04,Fashion,1488.38,6,1.88,4.6,2026-07-27
CUST_00524,Sanjay Reddy,35,Other,Kolkata,West Bengal,2026-03-31,Kitchen,551.96,14,2.61,3.8,2026-08-23
CUST_00525,Pooja Menon,25,Other,Bhopal,Madhya Pradesh,2024-11-05,Laptops,2969.7,14,0.62,3.8,2026-06-14
CUST_00526,Aakanksha Shah,35,Other,Visakhapatnam,Andhra Pradesh,2024-10-11,Laptops,10201.51,13,0.56,4.1,2026-08-03
CUST_00527,Akash Shah,35,Male,Jaipur,Rajasthan,2025-10-20,Books,3476.27,1,0.09,4.4,2026-07-24
CUST_00528,Divya Deshmukh,33,Other,Pune,Maharashtra,2024-09-07,Furniture,2451.11,3,0.12,5.0,2026-08-29
CUST_00529,Priya Mehta,37,Male,Pune,Maharashtra,2025-04-27,Laptops,3406.76,8,0.48,4.3,2026-08-14
CUST_00530,Meera Mehta,26,Other,Surat,Gujarat,2025-03-11,Fashion,1547.89,9,0.49,4.6,2026-07-30
CUST_00531,Pooja Pandey,48,Other,Hyderabad,Telangana,2026-04-08,Furniture,2249.89,4,0.78,4.1,2026-07-23
CUST_00532,Nikhil Pandey,35,Other,Surat,Gujarat,2026-01-24,Home,5487.34,7,0.93,3.7,2026-08-14
CUST_00533,Swati Kumar,24,Other,Lucknow,Uttar Pradesh,2025-01-05,Footwear,2807.8,1,0.05,4.2,2026-08-20
CUST_00534,Rahul Choudhury,25,Male,Ahmedabad,Gujarat,2026-08-03,Electronics,5430.92,4,3.33,4.0,2026-08-27
CUST_00535,Akash Deshmukh,43,Other,Coimbatore,Tamil Nadu,2025-08-24,Fashion,1679.51,7,0.55,4.9,2026-08-23
CUST_00536,Neha Rao,29,Female,Pune,Maharashtra,2026-03-18,Electronics,1340.13,15,2.59,4.2,2026-07-05
CUST_00537,Meera Verma,24,Female,Jaipur,Rajasthan,2025-08-06,Footwear,7639.41,2,0.15,4.5,2026-09-01
CUST_00538,Swati Mehta,53,Female,Pune,Maharashtra,2025-07-03,Laptops,2424.61,7,0.49,4.0,2026-06-23
CUST_00539,Vivek Chopra,30,Other,Bhopal,Madhya Pradesh,2026-04-30,Furniture,0.0,0,0.0,0.0,
CUST_00540,Divya Gupta,35,Male,Hyderabad,Telangana,2026-06-26,Books,2840.5,2,0.81,4.0,2026-06-26
CUST_00541,Vikram Kapoor,26,Male,Jaipur,Rajasthan,2025-12-31,Gaming,1437.73,15,1.79,4.2,2026-07-19
CUST_00542,Suresh Choudhury,46,Other,Jaipur,Rajasthan,2025-03-30,Home,3084.45,7,0.4,4.7,2026-08-17
CUST_00543,Abhishek Sen,31,Female,Guwahati,Assam,2025-10-29,Home,791.07,2,0.19,3.9,2026-08-26
CUST_00544,Preeti Chopra,29,Other,Lucknow,Uttar Pradesh,2024-09-14,Laptops,498.11,3,0.12,4.0,2026-08-17
CUST_00545,Vikram Kumar,45,Male,Chandigarh,Punjab,2025-05-10,Grocery,8070.48,5,0.31,4.5,2026-09-06
CUST_00546,Swati Iyer,29,Male,Kolkata,West Bengal,2025-11-22,Books,1530.43,4,0.41,4.6,2026-08-17
CUST_00547,Aarav Bhatia,42,Female,Visakhapatnam,Andhra Pradesh,2024-12-30,Personal Care,584.58,2,0.1,4.8,2026-07-07
CUST_00548,Akash Gupta,39,Male,Mumbai,Maharashtra,2025-01-16,Home,4351.85,13,0.65,4.3,2026-08-09
CUST_00549,Karan Menon,47,Male,Hyderabad,Telangana,2026-05-09,Furniture,1830.23,6,1.48,4.2,2026-07-27
CUST_00550,Abhishek Kapoor,18,Female,Visakhapatnam,Andhra Pradesh,2025-12-03,Electronics,3694.89,9,0.97,3.6,2026-07-11
CUST_00551,Abhishek Nair,29,Other,Chandigarh,Punjab,2025-03-07,Beauty,3937.06,14,0.76,4.0,2026-08-24
CUST_00552,Aakanksha Choudhury,32,Other,Mumbai,Maharashtra,2026-03-21,Kitchen,1765.96,13,2.28,4.5,2026-08-10
CUST_00553,Pooja Rao,24,Female,Mumbai,Maharashtra,2025-12-12,Footwear,1038.82,13,1.44,3.9,2026-07-23
CUST_00554,Neha Mehta,31,Female,Hyderabad,Telangana,2025-11-12,Accessories,10396.11,15,1.5,3.8,2026-07-02
CUST_00555,Abhishek Saxena,18,Female,Indore,Madhya Pradesh,2024-12-24,Footwear,999.29,19,0.91,4.0,2026-08-03
CUST_00556,Rohan Agarwal,33,Other,Chandigarh,Punjab,2024-11-30,Mobiles,1122.68,2,0.09,4.7,2026-07-14
CUST_00557,Harsh Pillai,27,Female,Lucknow,Uttar Pradesh,2026-04-29,Accessories,6609.54,3,0.68,4.9,2026-07-06
CUST_00558,Pooja Das,22,Other,Chennai,Tamil Nadu,2025-03-02,Footwear,461.85,7,0.38,4.4,2026-06-20
CUST_00559,Karan Nair,27,Female,Lucknow,Uttar Pradesh,2026-06-14,Footwear,4418.06,4,1.4,4.2,2026-09-06
CUST_00560,Kavita Nair,35,Other,Hyderabad,Telangana,2026-06-26,Personal Care,2214.8,13,5.27,3.6,2026-07-30
CUST_00561,Abhishek Deshmukh,40,Male,Delhi,Delhi,2025-12-05,Personal Care,2827.87,8,0.87,4.8,2026-07-25
CUST_00562,Deepak Deshmukh,29,Other,Chennai,Tamil Nadu,2026-05-23,Fashion,2021.31,6,1.67,5.0,2026-08-20
CUST_00563,Arjun Bose,18,Other,Bengaluru,Karnataka,2025-10-26,Fashion,7129.69,5,0.47,4.3,2026-09-03
CUST_00564,Abhishek Shah,32,Other,Indore,Madhya Pradesh,2025-06-13,Electronics,9465.59,8,0.53,4.9,2026-08-26
CUST_00565,Deepika Bhatia,28,Female,Kolkata,West Bengal,2025-01-19,Mobiles,4099.1,13,0.65,4.8,2026-06-13
CUST_00566,Pallavi Singh,32,Other,Pune,Maharashtra,2025-12-06,Personal Care,11018.47,4,0.43,4.4,2026-07-16
CUST_00567,Deepika Nair,31,Male,Lucknow,Uttar Pradesh,2025-01-16,Furniture,3724.57,11,0.55,3.9,2026-06-30
CUST_00568,Swati Gupta,43,Male,Surat,Gujarat,2025-05-24,Kitchen,5049.73,12,0.76,4.9,2026-07-05
CUST_00569,Abhishek Das,24,Female,Bhopal,Madhya Pradesh,2025-04-29,Footwear,3325.92,11,0.66,4.2,2026-07-17
CUST_00570,Sunita Sharma,24,Female,Bengaluru,Karnataka,2024-07-07,Footwear,1702.8,8,0.3,4.9,2026-06-21
CUST_00571,Divya Agarwal,31,Other,Kochi,Kerala,2026-04-11,Home,541.54,14,2.8,4.7,2026-09-01
CUST_00572,Tanvi Singh,23,Female,Mumbai,Maharashtra,2025-05-03,Fashion,2290.97,12,0.73,3.7,2026-09-01
CUST_00573,Shweta Mishra,21,Other,Hyderabad,Telangana,2025-09-12,Laptops,11865.41,3,0.25,4.4,2026-08-01
CUST_00574,Meera Pandey,26,Male,Hyderabad,Telangana,2024-07-22,Mobiles,3563.18,3,0.12,3.9,2026-06-10
CUST_00575,Pooja Kapoor,33,Other,Visakhapatnam,Andhra Pradesh,2026-04-02,Books,5598.76,2,0.38,4.5,2026-06-13
CUST_00576,Pooja Nair,25,Other,Lucknow,Uttar Pradesh,2024-08-13,Footwear,8979.66,1,0.04,4.5,2026-07-07
CUST_00577,Arjun Gupta,44,Male,Mumbai,Maharashtra,2026-03-16,Kitchen,0.0,0,0.0,0.0,
CUST_00578,Aakanksha Gupta,18,Male,Pune,Maharashtra,2026-05-05,Laptops,1882.81,11,2.62,4.8,2026-09-04
CUST_00579,Nikhil Joshi,22,Male,Hyderabad,Telangana,2025-10-16,Fashion,1467.14,11,1.01,5.0,2026-07-08
CUST_00580,Divya Mishra,39,Other,Jaipur,Rajasthan,2024-11-30,Fashion,5871.77,14,0.65,4.5,2026-06-15
CUST_00581,Swati Singh,27,Other,Mumbai,Maharashtra,2026-02-11,Furniture,1873.5,3,0.43,3.9,2026-06-15
CUST_00582,Deepak Choudhury,42,Other,Nagpur,Maharashtra,2026-01-26,Footwear,1415.12,16,2.13,4.0,2026-07-08
CUST_00583,Rahul Agarwal,26,Female,Kochi,Kerala,2024-10-05,Fashion,2824.43,12,0.51,4.1,2026-07-19
CUST_00584,Rahul Das,41,Female,Bhopal,Madhya Pradesh,2026-03-21,Personal Care,1142.24,3,0.53,4.2,2026-08-02
CUST_00585,Harsh Joshi,18,Male,Patna,Bihar,2025-10-13,Mobiles,2146.06,2,0.18,4.5,2026-06-17
CUST_00586,Preeti Das,31,Male,Kochi,Kerala,2026-03-30,Mobiles,4587.57,16,2.96,4.0,2026-07-11
CUST_00587,Karan Rao,37,Other,Surat,Gujarat,2026-01-16,Mobiles,1998.68,8,1.02,4.1,2026-07-02
CUST_00588,Vikram Kumar,38,Other,Chennai,Tamil Nadu,2025-08-24,Fashion,6270.5,6,0.47,4.6,2026-07-11
CUST_00589,Amit Reddy,18,Other,Lucknow,Uttar Pradesh,2025-07-12,Electronics,733.85,4,0.28,4.3,2026-06-17
CUST_00590,Akash Bhatia,52,Other,Kolkata,West Bengal,2025-01-07,Laptops,1300.82,9,0.44,4.6,2026-08-22
CUST_00591,Pallavi Agarwal,18,Female,Patna,Bihar,2024-11-25,Personal Care,7872.95,11,0.51,3.7,2026-08-30
CUST_00592,Karan Shah,44,Male,Hyderabad,Telangana,2025-03-26,Electronics,5468.56,16,0.9,4.7,2026-07-28
CUST_00593,Divya Gupta,45,Male,Indore,Madhya Pradesh,2024-07-07,Mobiles,514.15,20,0.76,3.7,2026-08-30
CUST_00594,Manish Gupta,45,Male,Bengaluru,Karnataka,2025-05-24,Beauty,10468.95,10,0.64,4.5,2026-06-22
CUST_00595,Aditi Trivedi,28,Male,Chandigarh,Punjab,2026-05-01,Fashion,3917.91,16,3.69,3.8,2026-07-21
CUST_00596,Harsh Kapoor,18,Male,Pune,Maharashtra,2025-12-04,Mobiles,3383.93,12,1.29,4.6,2026-07-13
CUST_00597,Suresh Mehta,33,Other,Kolkata,West Bengal,2025-06-01,Grocery,1931.52,6,0.39,4.4,2026-08-27
CUST_00598,Rahul Mehta,27,Male,Chennai,Tamil Nadu,2026-08-14,Gaming,5597.25,8,8.0,4.2,2026-08-14
CUST_00599,Pranav Pandey,18,Male,Chandigarh,Punjab,2026-02-11,Footwear,2845.28,8,1.15,4.8,2026-08-14
CUST_00600,Harsh Mishra,24,Female,Surat,Gujarat,2025-08-24,Mobiles,540.69,5,0.39,4.9,2026-06-20
CUST_00601,Amit Pillai,44,Male,Coimbatore,Tamil Nadu,2025-06-08,Footwear,1297.4,12,0.79,4.4,2026-08-29
CUST_00602,Amit Pillai,34,Other,Lucknow,Uttar Pradesh,2026-05-08,Electronics,1045.46,4,0.98,3.9,2026-07-06
CUST_00603,Vivek Kapoor,23,Female,Mumbai,Maharashtra,2026-01-02,Electronics,4253.99,12,1.45,4.1,2026-08-06
CUST_00604,Abhishek Patel,28,Male,Lucknow,Uttar Pradesh,2026-06-04,Gaming,2827.62,4,1.25,4.9,2026-07-03
CUST_00605,Deepak Nair,37,Female,Guwahati,Assam,2026-06-22,Laptops,7296.86,1,0.38,4.3,2026-06-25
CUST_00606,Manish Sen,23,Male,Delhi,Delhi,2025-09-07,Mobiles,843.92,14,1.15,3.9,2026-08-05
CUST_00607,Priya Singh,19,Male,Nagpur,Maharashtra,2024-07-29,Mobiles,7311.86,11,0.43,4.9,2026-06-15
CUST_00608,Priya Shah,38,Female,Bengaluru,Karnataka,2025-01-19,Fashion,3392.5,1,0.05,5.0,2026-07-25
CUST_00609,Varun Bhatia,31,Other,Guwahati,Assam,2026-05-29,Personal Care,984.16,16,4.71,4.0,2026-08-22
CUST_00610,Rohan Gupta,36,Male,Visakhapatnam,Andhra Pradesh,2025-03-18,Footwear,1939.48,2,0.11,4.1,2026-06-16
CUST_00611,Akash Nair,27,Male,Mumbai,Maharashtra,2026-06-24,Electronics,687.58,1,0.39,4.3,2026-08-13
CUST_00612,Sanjay Deshmukh,35,Other,Mumbai,Maharashtra,2025-01-31,Laptops,2557.75,12,0.62,4.1,2026-09-01
CUST_00613,Sanjay Kulkarni,43,Male,Bhopal,Madhya Pradesh,2024-08-31,Furniture,2102.43,11,0.45,3.8,2026-06-29
CUST_00614,Nikhil Gupta,43,Other,Kochi,Kerala,2025-08-24,Personal Care,4886.28,9,0.71,4.2,2026-07-26
CUST_00615,Priya Shah,34,Male,Bengaluru,Karnataka,2024-12-25,Personal Care,2012.34,2,0.1,4.2,2026-08-09
CUST_00616,Pranav Agarwal,28,Male,Mumbai,Maharashtra,2024-08-12,Laptops,1273.52,7,0.28,3.7,2026-08-31
CUST_00617,Amit Das,34,Male,Lucknow,Uttar Pradesh,2026-07-06,Books,3357.81,7,3.28,4.4,2026-07-25
CUST_00618,Divya Nair,39,Male,Guwahati,Assam,2025-07-08,Home,447.76,15,1.05,3.8,2026-06-15
CUST_00619,Vikram Patel,29,Female,Nagpur,Maharashtra,2026-01-21,Accessories,9822.86,11,1.43,4.9,2026-07-24
CUST_00620,Suresh Das,36,Other,Lucknow,Uttar Pradesh,2025-08-09,Personal Care,5139.22,8,0.61,3.9,2026-06-16
CUST_00621,Shweta Iyer,24,Other,Nagpur,Maharashtra,2025-03-22,Fashion,12387.94,3,0.17,4.1,2026-09-01
CUST_00622,Varun Kulkarni,29,Other,Visakhapatnam,Andhra Pradesh,2025-11-06,Accessories,563.22,1,0.1,4.9,2026-08-12
CUST_00623,Aakanksha Shah,34,Female,Nagpur,Maharashtra,2026-01-16,Personal Care,4085.62,3,0.38,4.6,2026-07-22
CUST_00624,Pooja Verma,22,Male,Coimbatore,Tamil Nadu,2024-10-23,Mobiles,605.3,12,0.53,3.6,2026-08-24
CUST_00625,Rohan Reddy,37,Female,Patna,Bihar,2025-07-22,Personal Care,447.07,11,0.8,3.7,2026-08-28
CUST_00626,Preeti Joshi,18,Female,Mumbai,Maharashtra,2025-07-24,Gaming,4129.43,11,0.8,3.7,2026-07-13
CUST_00627,Kavita Joshi,32,Male,Bhopal,Madhya Pradesh,2025-02-20,Laptops,424.24,5,0.27,4.0,2026-06-15
CUST_00628,Pranav Menon,18,Female,Mumbai,Maharashtra,2024-12-04,Electronics,1142.82,7,0.33,4.7,2026-08-05
CUST_00629,Pallavi Mehta,35,Male,Chandigarh,Punjab,2024-08-06,Laptops,5360.48,11,0.43,4.7,2026-07-15
CUST_00630,Priya Pillai,44,Male,Nagpur,Maharashtra,2025-07-18,Home,3951.33,14,1.01,4.2,2026-07-01
CUST_00631,Harsh Choudhury,29,Other,Surat,Gujarat,2025-11-26,Laptops,787.94,7,0.73,4.3,2026-07-21
CUST_00632,Divya Singh,58,Male,Jaipur,Rajasthan,2024-09-20,Kitchen,2439.25,9,0.38,5.0,2026-08-28
CUST_00633,Pranav Nair,19,Female,Patna,Bihar,2025-07-11,Footwear,0.0,0,0.0,0.0,
CUST_00634,Preeti Reddy,41,Female,Jaipur,Rajasthan,2024-10-13,Personal Care,12787.24,10,0.43,4.7,2026-06-16
CUST_00635,Vivek Sharma,46,Male,Lucknow,Uttar Pradesh,2025-01-14,Books,6322.61,5,0.25,4.8,2026-08-05
CUST_00636,Nikhil Das,25,Male,Coimbatore,Tamil Nadu,2026-08-10,Grocery,419.93,12,12.0,5.0,2026-09-06
CUST_00637,Akash Sen,41,Other,Pune,Maharashtra,2025-06-27,Mobiles,3082.04,1,0.07,4.9,2026-06-25
CUST_00638,Shweta Saxena,37,Other,Nagpur,Maharashtra,2025-10-02,Electronics,4511.82,2,0.18,3.9,2026-07-13
CUST_00639,Shweta Reddy,28,Female,Chennai,Tamil Nadu,2025-12-30,Grocery,1027.99,8,0.95,4.8,2026-08-20
CUST_00640,Priya Shah,44,Male,Delhi,Delhi,2026-02-12,Gaming,8917.56,19,2.74,4.0,2026-06-25
CUST_00641,Sunita Kulkarni,55,Male,Delhi,Delhi,2024-08-18,Books,439.52,3,0.12,3.6,2026-08-06
CUST_00642,Abhishek Kapoor,43,Other,Delhi,Delhi,2024-12-13,Kitchen,2123.06,4,0.19,3.8,2026-07-25
CUST_00643,Deepak Das,24,Male,Surat,Gujarat,2026-06-01,Kitchen,6164.67,5,1.52,4.1,2026-08-12
CUST_00644,Ritu Mishra,31,Other,Bhopal,Madhya Pradesh,2026-06-07,Furniture,3160.04,14,4.52,3.8,2026-08-02
CUST_00645,Gaurav Bhatia,39,Female,Chandigarh,Punjab,2025-06-28,Accessories,666.29,11,0.76,4.9,2026-07-09
CUST_00646,Rajesh Bhatia,25,Male,Kolkata,West Bengal,2025-08-07,Mobiles,3964.27,1,0.08,4.9,2026-08-01
CUST_00647,Pallavi Sharma,34,Male,Guwahati,Assam,2026-01-15,Beauty,891.06,10,1.27,4.6,2026-07-04
CUST_00648,Deepak Pillai,23,Other,Kochi,Kerala,2026-01-11,Furniture,2375.41,17,2.12,3.6,2026-06-25
CUST_00649,Pooja Joshi,38,Other,Bengaluru,Karnataka,2026-06-01,Kitchen,2295.97,8,2.42,4.3,2026-06-27
CUST_00650,Harsh Sen,32,Other,Bhopal,Madhya Pradesh,2025-02-14,Kitchen,1538.3,2,0.11,4.7,2026-07-02
CUST_00651,Vivek Chopra,29,Other,Surat,Gujarat,2025-03-05,Personal Care,2128.81,12,0.65,4.0,2026-07-29
CUST_00652,Harsh Nair,28,Male,Chandigarh,Punjab,2025-12-14,Laptops,1181.23,8,0.9,4.2,2026-08-09
CUST_00653,Ananya Kulkarni,47,Male,Coimbatore,Tamil Nadu,2024-07-30,Home,1920.09,16,0.62,3.7,2026-07-23
CUST_00654,Sunita Malhotra,29,Male,Kochi,Kerala,2024-10-19,Books,1042.28,12,0.52,3.9,2026-06-22
CUST_00655,Varun Shah,28,Other,Chennai,Tamil Nadu,2025-02-15,Gaming,2302.05,5,0.26,4.5,2026-07-17
CUST_00656,Amit Bhatia,36,Female,Lucknow,Uttar Pradesh,2025-09-04,Electronics,737.79,12,0.98,3.7,2026-08-23
CUST_00657,Varun Malhotra,37,Male,Patna,Bihar,2025-03-31,Kitchen,4353.2,3,0.17,4.8,2026-08-15
CUST_00658,Aarav Kumar,38,Male,Bhopal,Madhya Pradesh,2025-11-23,Kitchen,702.27,7,0.73,3.8,2026-08-26
CUST_00659,Rohan Mishra,38,Female,Mumbai,Maharashtra,2024-09-12,Sports,2410.33,6,0.25,3.8,2026-08-29
CUST_00660,Aakanksha Trivedi,30,Female,Bhopal,Madhya Pradesh,2025-08-22,Kitchen,980.86,5,0.39,4.6,2026-07-18
CUST_00661,Divya Kulkarni,25,Female,Hyderabad,Telangana,2025-09-09,Gaming,829.42,8,0.66,4.5,2026-06-24
CUST_00662,Rahul Choudhury,36,Male,Bengaluru,Karnataka,2024-07-24,Electronics,2920.46,8,0.31,4.9,2026-07-12
CUST_00663,Nikhil Choudhury,28,Female,Lucknow,Uttar Pradesh,2024-07-05,Grocery,808.1,17,0.64,3.8,2026-06-10
CUST_00664,Sneha Choudhury,29,Other,Surat,Gujarat,2026-05-26,Mobiles,610.8,8,2.29,4.4,2026-09-07
CUST_00665,Ritu Deshmukh,24,Other,Coimbatore,Tamil Nadu,2025-07-27,Accessories,2321.37,6,0.44,3.8,2026-07-13
CUST_00666,Pallavi Reddy,48,Male,Ahmedabad,Gujarat,2025-10-19,Beauty,4549.88,13,1.2,3.7,2026-07-26
CUST_00667,Aakanksha Saxena,27,Other,Patna,Bihar,2025-03-17,Fashion,4884.86,12,0.67,4.1,2026-08-02
CUST_00668,Gaurav Menon,35,Male,Chennai,Tamil Nadu,2026-07-08,Books,762.3,3,1.45,4.3,2026-08-11
CUST_00669,Harsh Saxena,45,Other,Chandigarh,Punjab,2026-05-10,Personal Care,4870.54,14,3.47,3.8,2026-08-02
CUST_00670,Rajesh Reddy,18,Female,Coimbatore,Tamil Nadu,2026-01-02,Sports,451.09,3,0.36,4.9,2026-08-02
CUST_00671,Manish Bhatia,42,Male,Ahmedabad,Gujarat,2024-10-06,Furniture,1410.98,10,0.43,3.7,2026-08-20
CUST_00672,Sunita Mishra,18,Other,Kolkata,West Bengal,2026-07-22,Home,2632.16,2,1.25,4.4,2026-08-04
CUST_00673,Arjun Sharma,49,Female,Mumbai,Maharashtra,2025-08-06,Home,2755.4,7,0.53,4.9,2026-08-02
CUST_00674,Harsh Bose,42,Other,Coimbatore,Tamil Nadu,2025-03-04,Grocery,6071.95,6,0.33,4.0,2026-07-11
CUST_00675,Ananya Kulkarni,28,Other,Hyderabad,Telangana,2025-05-21,Electronics,4677.02,17,1.07,4.0,2026-07-06
CUST_00676,Amit Reddy,40,Other,Hyderabad,Telangana,2025-08-22,Home,1721.35,3,0.24,4.6,2026-08-10
CUST_00677,Gaurav Kumar,36,Other,Chandigarh,Punjab,2025-11-10,Gaming,3510.43,12,1.19,4.6,2026-06-19
CUST_00678,Vikram Kulkarni,18,Other,Chandigarh,Punjab,2026-07-11,Mobiles,3321.32,17,8.64,4.9,2026-09-01
CUST_00679,Aakanksha Iyer,32,Male,Nagpur,Maharashtra,2024-10-12,Kitchen,1001.59,2,0.09,4.5,2026-06-18
CUST_00680,Divya Singh,28,Other,Indore,Madhya Pradesh,2026-01-06,Grocery,3936.26,3,0.37,4.3,2026-08-05
CUST_00681,Simran Mishra,39,Male,Visakhapatnam,Andhra Pradesh,2025-11-03,Laptops,1196.05,4,0.39,4.5,2026-08-13
CUST_00682,Neha Malhotra,63,Other,Pune,Maharashtra,2026-08-16,Books,1295.29,13,13.0,4.3,2026-09-05
CUST_00683,Preeti Mehta,32,Other,Kolkata,West Bengal,2026-07-11,Books,8522.05,14,7.12,4.0,2026-07-25
CUST_00684,Sanjay Sen,34,Other,Ahmedabad,Gujarat,2024-11-04,Books,2361.72,7,0.31,4.3,2026-07-08
CUST_00685,Sneha Saxena,36,Female,Ahmedabad,Gujarat,2025-10-24,Beauty,4185.94,10,0.94,4.7,2026-07-07
CUST_00686,Tanvi Bhatia,41,Female,Nagpur,Maharashtra,2025-04-14,Accessories,2730.44,10,0.59,3.9,2026-08-26
CUST_00687,Rajesh Bose,30,Female,Chandigarh,Punjab,2025-12-09,Books,1519.38,11,1.21,3.8,2026-08-24
CUST_00688,Gaurav Deshmukh,23,Male,Kochi,Kerala,2024-09-05,Fashion,6185.96,19,0.78,4.7,2026-08-22
CUST_00689,Akash Mishra,19,Female,Guwahati,Assam,2025-06-24,Footwear,1021.85,4,0.27,4.0,2026-09-04
CUST_00690,Deepak Mehta,20,Female,Delhi,Delhi,2025-01-21,Fashion,8654.91,9,0.45,4.5,2026-08-05
CUST_00691,Varun Joshi,24,Female,Bhopal,Madhya Pradesh,2025-07-07,Footwear,3992.84,11,0.77,4.0,2026-09-01
CUST_00692,Suresh Iyer,40,Other,Delhi,Delhi,2025-10-08,Electronics,10109.86,15,1.34,3.9,2026-07-17
CUST_00693,Karan Kapoor,24,Male,Hyderabad,Telangana,2024-11-29,Footwear,1262.95,9,0.42,4.4,2026-08-22
CUST_00694,Aditi Choudhury,31,Male,Indore,Madhya Pradesh,2026-05-19,Books,10121.53,10,2.68,4.7,2026-07-24
CUST_00695,Sunita Patel,36,Other,Delhi,Delhi,2025-03-06,Kitchen,2244.45,3,0.16,4.3,2026-07-23
CUST_00696,Karan Mishra,34,Other,Indore,Madhya Pradesh,2024-08-14,Furniture,2292.68,1,0.04,4.7,2026-08-01
CUST_00697,Ritu Iyer,30,Female,Pune,Maharashtra,2025-01-30,Home,1701.87,6,0.31,3.7,2026-09-06
CUST_00698,Aditi Menon,37,Other,Hyderabad,Telangana,2025-03-24,Electronics,1028.92,11,0.62,3.7,2026-07-07
CUST_00699,Rajesh Nair,31,Male,Ahmedabad,Gujarat,2024-11-11,Electronics,4676.05,6,0.27,4.0,2026-09-03
CUST_00700,Ananya Mishra,23,Female,Indore,Madhya Pradesh,2026-04-07,Gaming,593.16,10,1.95,3.7,2026-08-28
CUST_00701,Deepak Choudhury,27,Other,Bhopal,Madhya Pradesh,2026-07-30,Gaming,619.54,3,2.25,4.4,2026-08-04
CUST_00702,Pooja Gupta,42,Other,Patna,Bihar,2025-07-15,Laptops,2311.99,7,0.5,4.8,2026-06-22
CUST_00703,Gaurav Bose,33,Other,Mumbai,Maharashtra,2025-10-14,Kitchen,4407.69,5,0.46,3.9,2026-07-11
CUST_00704,Manish Sen,23,Other,Visakhapatnam,Andhra Pradesh,2025-07-30,Furniture,871.05,7,0.52,3.7,2026-07-15
CUST_00705,Varun Kapoor,45,Female,Visakhapatnam,Andhra Pradesh,2025-11-01,Kitchen,628.94,3,0.29,3.6,2026-07-21
CUST_00706,Simran Choudhury,22,Female,Kochi,Kerala,2025-02-06,Gaming,0.0,0,0.0,0.0,
CUST_00707,Nikhil Shah,36,Other,Mumbai,Maharashtra,2025-07-09,Fashion,2181.37,7,0.49,4.1,2026-07-12
CUST_00708,Harsh Gupta,34,Other,Lucknow,Uttar Pradesh,2025-09-13,Electronics,1290.09,6,0.5,5.0,2026-06-19
CUST_00709,Rahul Kapoor,28,Male,Pune,Maharashtra,2025-04-05,Accessories,786.93,6,0.35,3.8,2026-08-28
CUST_00710,Preeti Mishra,26,Female,Surat,Gujarat,2024-08-09,Footwear,700.76,5,0.2,4.7,2026-08-31
CUST_00711,Manish Bose,23,Female,Chandigarh,Punjab,2026-03-18,Fashion,1860.18,2,0.34,4.6,2026-07-28
CUST_00712,Vivek Bose,38,Male,Jaipur,Rajasthan,2024-09-12,Kitchen,3468.55,8,0.33,4.7,2026-06-28
CUST_00713,Pranav Chopra,54,Female,Ahmedabad,Gujarat,2025-09-24,Kitchen,649.96,20,1.72,4.3,2026-07-08
CUST_00714,Neha Trivedi,35,Male,Bhopal,Madhya Pradesh,2024-09-02,Home,1880.21,4,0.16,3.8,2026-07-21
CUST_00715,Aarav Kumar,40,Other,Hyderabad,Telangana,2026-03-02,Electronics,1209.96,4,0.63,4.8,2026-07-13
CUST_00716,Ananya Verma,36,Female,Visakhapatnam,Andhra Pradesh,2026-02-26,Footwear,2778.03,9,1.39,4.6,2026-08-21
CUST_00717,Sunita Bose,18,Female,Mumbai,Maharashtra,2025-10-20,Books,790.96,4,0.37,5.0,2026-07-14
CUST_00718,Shweta Malhotra,24,Female,Guwahati,Assam,2025-08-04,Fashion,5880.13,3,0.22,4.0,2026-08-20
CUST_00719,Kavita Pillai,18,Other,Kochi,Kerala,2025-03-06,Footwear,1613.57,7,0.38,4.2,2026-07-09
CUST_00720,Meera Trivedi,39,Other,Chennai,Tamil Nadu,2026-03-04,Kitchen,4951.76,10,1.6,4.0,2026-09-06
CUST_00721,Sneha Singh,48,Female,Bengaluru,Karnataka,2026-08-14,Books,1139.39,13,13.0,3.9,2026-08-16
CUST_00722,Rahul Kapoor,36,Female,Chandigarh,Punjab,2026-05-15,Books,2012.42,3,0.78,4.3,2026-06-20
CUST_00723,Karan Patel,24,Female,Nagpur,Maharashtra,2025-12-31,Gaming,9523.05,6,0.72,3.6,2026-06-19
CUST_00724,Arjun Reddy,22,Female,Bhopal,Madhya Pradesh,2024-12-29,Gaming,1161.52,7,0.34,4.5,2026-07-22
CUST_00725,Tanvi Trivedi,33,Female,Nagpur,Maharashtra,2025-02-11,Grocery,2685.28,6,0.31,4.4,2026-08-29
CUST_00726,Rahul Choudhury,22,Male,Jaipur,Rajasthan,2026-02-18,Laptops,5476.87,2,0.3,3.7,2026-06-27
CUST_00727,Aakanksha Agarwal,21,Other,Indore,Madhya Pradesh,2025-09-15,Mobiles,1973.1,11,0.92,4.5,2026-06-21
CUST_00728,Akash Mehta,22,Male,Mumbai,Maharashtra,2025-12-25,Laptops,2241.24,4,0.47,4.9,2026-08-27
CUST_00729,Preeti Singh,18,Male,Kolkata,West Bengal,2025-04-20,Sports,1823.22,6,0.36,3.7,2026-07-28
CUST_00730,Priya Singh,32,Other,Coimbatore,Tamil Nadu,2025-06-10,Footwear,9527.99,14,0.92,4.0,2026-07-28
CUST_00731,Ananya Shah,25,Other,Indore,Madhya Pradesh,2025-07-29,Footwear,1093.5,6,0.44,4.1,2026-07-09
CUST_00732,Aakanksha Iyer,29,Other,Bengaluru,Karnataka,2024-12-08,Home,436.13,7,0.33,4.9,2026-08-17
CUST_00733,Shweta Kulkarni,30,Male,Bhopal,Madhya Pradesh,2025-01-23,Mobiles,10756.39,14,0.71,4.6,2026-07-07
CUST_00734,Manish Deshmukh,46,Male,Nagpur,Maharashtra,2025-05-31,Grocery,7420.77,8,0.52,3.6,2026-08-16
CUST_00735,Ritu Pandey,45,Female,Kochi,Kerala,2024-08-04,Laptops,649.98,10,0.39,4.5,2026-08-11
CUST_00736,Arjun Joshi,18,Female,Kolkata,West Bengal,2024-07-15,Gaming,2068.1,1,0.04,4.2,2026-08-13
CUST_00737,Aakanksha Mehta,25,Male,Patna,Bihar,2025-10-06,Mobiles,7111.48,9,0.8,4.9,2026-08-26
CUST_00738,Manish Malhotra,33,Male,Guwahati,Assam,2025-11-13,Personal Care,0.0,0,0.0,0.0,
CUST_00739,Shweta Sen,18,Female,Indore,Madhya Pradesh,2026-07-06,Fashion,993.84,9,4.22,4.5,2026-08-03
CUST_00740,Harsh Mishra,35,Male,Visakhapatnam,Andhra Pradesh,2024-12-05,Books,1045.48,11,0.51,3.8,2026-07-07
CUST_00741,Pranav Pillai,28,Male,Delhi,Delhi,2025-08-06,Grocery,853.08,2,0.15,4.9,2026-06-21
CUST_00742,Pooja Kulkarni,18,Other,Kolkata,West Bengal,2026-04-07,Footwear,6743.79,4,0.78,4.8,2026-07-16
CUST_00743,Ananya Verma,24,Female,Delhi,Delhi,2025-10-02,Mobiles,3286.96,1,0.09,4.0,2026-06-30
CUST_00744,Arjun Sen,18,Other,Mumbai,Maharashtra,2025-09-13,Mobiles,1366.35,8,0.67,4.9,2026-08-17
CUST_00745,Pallavi Choudhury,27,Female,Surat,Gujarat,2026-08-05,Gaming,8028.16,15,13.24,4.8,2026-08-12
CUST_00746,Priya Patel,20,Male,Surat,Gujarat,2026-03-21,Electronics,674.92,8,1.4,3.8,2026-08-28
CUST_00747,Rohan Reddy,21,Other,Pune,Maharashtra,2024-09-13,Grocery,4470.46,14,0.58,4.5,2026-08-16
CUST_00748,Aarav Nair,29,Female,Nagpur,Maharashtra,2025-08-25,Kitchen,2739.27,4,0.32,4.3,2026-07-26
CUST_00749,Neha Agarwal,26,Female,Bengaluru,Karnataka,2026-04-22,Mobiles,4312.34,1,0.22,4.6,2026-08-15
CUST_00750,Sneha Iyer,35,Other,Mumbai,Maharashtra,2026-02-27,Home,5192.09,1,0.16,4.5,2026-08-11
CUST_00751,Isha Patel,38,Other,Ahmedabad,Gujarat,2025-10-08,Books,5576.29,7,0.63,4.0,2026-08-22
CUST_00752,Sanjay Kulkarni,18,Female,Kolkata,West Bengal,2025-11-07,Fashion,1893.28,4,0.39,4.0,2026-06-27
CUST_00753,Suresh Mishra,18,Male,Jaipur,Rajasthan,2026-01-27,Books,2553.71,3,0.4,4.0,2026-08-01
CUST_00754,Nikhil Reddy,47,Male,Visakhapatnam,Andhra Pradesh,2025-08-21,Grocery,1168.23,8,0.63,4.7,2026-07-25
CUST_00755,Aakanksha Das,49,Other,Kolkata,West Bengal,2026-07-13,Grocery,510.8,12,6.32,4.4,2026-08-29
CUST_00756,Kavita Kulkarni,40,Female,Kochi,Kerala,2024-10-27,Laptops,1173.01,5,0.22,4.1,2026-08-12
CUST_00757,Deepak Kapoor,25,Other,Jaipur,Rajasthan,2026-05-19,Gaming,629.02,4,1.07,3.9,2026-08-05
CUST_00758,Manish Verma,24,Male,Surat,Gujarat,2024-10-14,Fashion,12035.39,7,0.3,3.8,2026-07-09
CUST_00759,Pallavi Iyer,21,Female,Patna,Bihar,2025-07-29,Kitchen,2052.29,2,0.15,4.6,2026-07-28
CUST_00760,Abhishek Pandey,28,Male,Kolkata,West Bengal,2025-06-14,Gaming,2560.27,11,0.73,4.1,2026-07-27
CUST_00761,Rahul Kumar,43,Female,Lucknow,Uttar Pradesh,2026-03-06,Home,7953.91,16,2.58,3.9,2026-06-30
CUST_00762,Aditi Das,38,Other,Coimbatore,Tamil Nadu,2024-12-20,Home,1043.02,17,0.81,4.3,2026-07-18
CUST_00763,Divya Reddy,42,Other,Kochi,Kerala,2024-12-12,Kitchen,497.72,13,0.61,4.5,2026-07-08
CUST_00764,Deepika Verma,31,Male,Surat,Gujarat,2026-05-01,Kitchen,1671.77,9,2.08,4.7,2026-07-15
CUST_00765,Harsh Joshi,51,Other,Mumbai,Maharashtra,2026-03-05,Fashion,4456.15,6,0.96,4.8,2026-07-31
CUST_00766,Aakanksha Mehta,21,Other,Chennai,Tamil Nadu,2026-04-08,Fashion,666.95,6,1.18,5.0,2026-09-01
CUST_00767,Deepika Pillai,34,Male,Kochi,Kerala,2025-05-07,Mobiles,5454.79,12,0.74,4.2,2026-08-17
CUST_00768,Pooja Mehta,37,Male,Lucknow,Uttar Pradesh,2025-10-09,Electronics,1029.7,2,0.18,3.9,2026-08-15
CUST_00769,Kavita Bose,33,Male,Ahmedabad,Gujarat,2026-03-15,Fashion,7412.65,5,0.85,4.3,2026-09-07
CUST_00770,Abhishek Gupta,36,Female,Nagpur,Maharashtra,2024-09-15,Home,7083.25,10,0.41,3.9,2026-06-10
CUST_00771,Akash Deshmukh,38,Female,Coimbatore,Tamil Nadu,2024-08-26,Personal Care,1312.6,5,0.2,4.1,2026-08-26
CUST_00772,Gaurav Menon,49,Male,Indore,Madhya Pradesh,2025-09-19,Kitchen,4572.57,12,1.02,4.6,2026-06-13
CUST_00773,Swati Bhatia,34,Female,Nagpur,Maharashtra,2026-06-07,Books,2835.47,12,3.87,4.5,2026-07-07
CUST_00774,Pallavi Sharma,30,Male,Guwahati,Assam,2026-02-18,Books,5900.08,4,0.59,4.1,2026-07-22
CUST_00775,Deepak Mishra,18,Male,Guwahati,Assam,2024-12-14,Mobiles,1731.05,14,0.66,4.5,2026-08-29
CUST_00776,Amit Chopra,29,Male,Delhi,Delhi,2026-01-15,Books,7550.96,10,1.27,3.7,2026-07-14
CUST_00777,Sanjay Sen,18,Male,Bhopal,Madhya Pradesh,2026-03-18,Footwear,2445.79,12,2.07,4.1,2026-07-30
CUST_00778,Akash Verma,45,Female,Bhopal,Madhya Pradesh,2026-02-17,Mobiles,2106.29,5,0.74,4.6,2026-07-19
CUST_00779,Rahul Das,26,Male,Kochi,Kerala,2024-09-16,Footwear,2735.56,1,0.04,4.8,2026-06-16
CUST_00780,Aarav Kumar,24,Female,Chennai,Tamil Nadu,2025-01-08,Sports,8576.48,21,1.04,4.2,2026-06-12
CUST_00781,Simran Sen,26,Other,Indore,Madhya Pradesh,2025-06-13,Laptops,8647.6,3,0.2,4.2,2026-07-31
CUST_00782,Ananya Bhatia,28,Female,Surat,Gujarat,2025-08-03,Fashion,3059.36,12,0.9,4.8,2026-07-27
CUST_00783,Ritu Gupta,35,Male,Bhopal,Madhya Pradesh,2025-02-21,Home,1337.41,9,0.48,3.7,2026-06-13
CUST_00784,Aarav Iyer,40,Other,Patna,Bihar,2025-11-28,Electronics,2650.41,8,0.85,4.7,2026-07-04
CUST_00785,Isha Bose,27,Male,Coimbatore,Tamil Nadu,2025-11-04,Mobiles,401.12,1,0.1,4.8,2026-08-23
CUST_00786,Isha Rao,49,Male,Guwahati,Assam,2024-09-16,Accessories,1974.8,8,0.33,4.2,2026-08-06
CUST_00787,Rajesh Menon,28,Male,Nagpur,Maharashtra,2025-11-19,Electronics,3128.08,4,0.41,4.1,2026-08-01
CUST_00788,Aditi Das,39,Female,Lucknow,Uttar Pradesh,2024-11-06,Laptops,8701.22,2,0.09,3.8,2026-06-23
CUST_00789,Rohan Kapoor,36,Other,Indore,Madhya Pradesh,2025-12-08,Electronics,2271.5,4,0.44,4.3,2026-08-28
CUST_00790,Amit Choudhury,39,Male,Visakhapatnam,Andhra Pradesh,2025-06-04,Beauty,4760.37,8,0.52,5.0,2026-07-25
CUST_00791,Preeti Shah,18,Other,Surat,Gujarat,2025-01-14,Fashion,2243.71,11,0.55,3.7,2026-09-02
CUST_00792,Ritu Verma,34,Male,Guwahati,Assam,2024-08-08,Books,0.0,0,0.0,0.0,
CUST_00793,Sanjay Malhotra,26,Other,Bengaluru,Karnataka,2025-09-08,Sports,1275.44,8,0.66,4.2,2026-07-15
CUST_00794,Sneha Choudhury,25,Female,Bengaluru,Karnataka,2025-06-02,Home,2412.14,4,0.26,4.4,2026-08-14
CUST_00795,Deepika Bhatia,28,Other,Nagpur,Maharashtra,2025-12-13,Footwear,2320.14,3,0.33,4.4,2026-07-22
CUST_00796,Kavita Menon,18,Female,Jaipur,Rajasthan,2024-07-16,Footwear,2578.0,7,0.27,4.3,2026-08-03
CUST_00797,Rohan Bhatia,31,Female,Kolkata,West Bengal,2024-09-24,Home,2498.09,9,0.38,3.6,2026-08-04
CUST_00798,Kavita Sharma,43,Female,Chennai,Tamil Nadu,2025-11-11,Home,10828.14,8,0.8,4.4,2026-07-10
CUST_00799,Gaurav Gupta,26,Male,Ahmedabad,Gujarat,2026-08-01,Home,6711.53,5,3.95,3.7,2026-08-24
CUST_00800,Rajesh Choudhury,18,Other,Guwahati,Assam,2025-05-05,Furniture,3684.88,11,0.67,4.4,2026-06-18
CUST_00801,Pranav Joshi,18,Female,Nagpur,Maharashtra,2026-08-07,Fashion,961.84,11,10.31,4.0,2026-08-17
CUST_00802,Nikhil Singh,46,Female,Visakhapatnam,Andhra Pradesh,2026-01-16,Footwear,696.94,6,0.77,4.1,2026-06-13
CUST_00803,Tanvi Verma,42,Other,Patna,Bihar,2026-05-31,Sports,1001.96,11,3.3,5.0,2026-06-28
CUST_00804,Neha Mehta,19,Other,Surat,Gujarat,2025-08-06,Mobiles,3254.9,5,0.38,4.7,2026-08-01
CUST_00805,Nikhil Deshmukh,18,Female,Mumbai,Maharashtra,2026-03-13,Furniture,2009.27,4,0.67,4.1,2026-06-20
CUST_00806,Swati Bose,44,Male,Lucknow,Uttar Pradesh,2025-01-27,Fashion,19486.83,15,0.76,4.1,2026-08-08
CUST_00807,Pranav Singh,18,Female,Guwahati,Assam,2026-04-15,Mobiles,1681.63,1,0.21,3.9,2026-07-19
CUST_00808,Ananya Agarwal,48,Female,Kolkata,West Bengal,2026-03-10,Grocery,1754.51,12,1.98,4.2,2026-06-29
CUST_00809,Kavita Bose,36,Other,Jaipur,Rajasthan,2025-09-26,Furniture,6146.24,8,0.69,3.7,2026-06-19
CUST_00810,Gaurav Malhotra,42,Other,Nagpur,Maharashtra,2025-07-14,Home,3578.72,4,0.29,4.3,2026-07-18
CUST_00811,Isha Nair,37,Female,Kolkata,West Bengal,2026-02-19,Furniture,1817.7,18,2.69,3.6,2026-08-02
CUST_00812,Meera Menon,31,Female,Kolkata,West Bengal,2024-09-19,Beauty,610.96,2,0.08,4.4,2026-07-20
CUST_00813,Varun Bose,28,Female,Pune,Maharashtra,2024-11-06,Kitchen,789.24,2,0.09,3.9,2026-06-20
CUST_00814,Preeti Bhatia,36,Other,Bengaluru,Karnataka,2024-12-14,Kitchen,1508.59,22,1.04,4.1,2026-09-05
CUST_00815,Divya Kumar,38,Other,Visakhapatnam,Andhra Pradesh,2024-09-18,Accessories,735.3,1,0.04,3.6,2026-07-22
CUST_00816,Vivek Saxena,33,Other,Indore,Madhya Pradesh,2025-01-31,Furniture,1690.96,4,0.21,4.2,2026-08-18
CUST_00817,Divya Kumar,60,Female,Pune,Maharashtra,2025-09-23,Books,755.62,6,0.51,3.7,2026-08-01
CUST_00818,Aditi Mehta,34,Other,Coimbatore,Tamil Nadu,2025-05-06,Laptops,576.88,7,0.43,4.4,2026-06-12
CUST_00819,Divya Pillai,33,Male,Coimbatore,Tamil Nadu,2025-03-25,Laptops,0.0,0,0.0,0.0,
CUST_00820,Vivek Mishra,32,Female,Kolkata,West Bengal,2025-12-12,Gaming,3808.11,11,1.22,3.6,2026-08-30
CUST_00821,Rohan Deshmukh,30,Other,Bhopal,Madhya Pradesh,2025-03-05,Sports,2071.9,14,0.76,3.7,2026-07-20
CUST_00822,Varun Reddy,38,Other,Nagpur,Maharashtra,2026-04-18,Laptops,736.97,4,0.84,4.3,2026-07-13
CUST_00823,Priya Nair,32,Female,Delhi,Delhi,2025-08-12,Personal Care,5211.43,20,1.53,4.5,2026-07-04
CUST_00824,Nikhil Bose,50,Male,Hyderabad,Telangana,2026-03-23,Mobiles,2834.32,5,0.89,4.7,2026-06-25
CUST_00825,Ananya Choudhury,36,Male,Kochi,Kerala,2025-06-23,Books,2541.33,3,0.2,4.9,2026-08-20
CUST_00826,Akash Mehta,34,Female,Hyderabad,Telangana,2025-09-16,Books,997.0,3,0.25,4.9,2026-07-11
CUST_00827,Simran Menon,36,Male,Jaipur,Rajasthan,2025-09-03,Personal Care,3487.5,5,0.41,4.2,2026-06-11
CUST_00828,Nikhil Kulkarni,39,Female,Patna,Bihar,2025-11-11,Laptops,982.78,3,0.3,3.8,2026-08-21
CUST_00829,Rajesh Sharma,18,Male,Kochi,Kerala,2025-01-19,Mobiles,878.99,11,0.55,4.0,2026-08-01
CUST_00830,Karan Agarwal,43,Other,Lucknow,Uttar Pradesh,2025-04-20,Books,6572.42,14,0.83,4.0,2026-06-13
CUST_00831,Amit Singh,41,Other,Lucknow,Uttar Pradesh,2025-07-22,Books,467.69,8,0.58,3.9,2026-06-18
CUST_00832,Kavita Agarwal,30,Female,Chennai,Tamil Nadu,2024-12-29,Home,903.96,2,0.1,4.1,2026-08-05
CUST_00833,Deepak Choudhury,33,Other,Indore,Madhya Pradesh,2025-04-18,Laptops,612.99,3,0.18,4.5,2026-07-25
CUST_00834,Pallavi Pandey,51,Other,Chandigarh,Punjab,2025-03-02,Accessories,3282.5,11,0.59,4.8,2026-07-21
CUST_00835,Simran Sen,39,Male,Surat,Gujarat,2025-04-13,Beauty,553.76,8,0.47,4.9,2026-07-08
CUST_00836,Aarav Deshmukh,35,Male,Chandigarh,Punjab,2026-01-01,Personal Care,6362.64,9,1.08,3.9,2026-08-12
CUST_00837,Shweta Bhatia,37,Other,Hyderabad,Telangana,2024-10-23,Personal Care,541.15,8,0.35,4.3,2026-07-24
CUST_00838,Harsh Trivedi,18,Other,Mumbai,Maharashtra,2024-07-16,Electronics,1679.3,4,0.15,4.1,2026-08-13
CUST_00839,Rohan Joshi,28,Other,Hyderabad,Telangana,2025-09-16,Electronics,12258.76,3,0.25,4.4,2026-08-04
CUST_00840,Pranav Pandey,18,Other,Nagpur,Maharashtra,2026-05-30,Footwear,4261.97,1,0.3,4.4,2026-07-12
CUST_00841,Divya Shah,30,Female,Kolkata,West Bengal,2024-09-12,Personal Care,5052.11,3,0.12,4.6,2026-08-09
CUST_00842,Isha Kumar,23,Male,Guwahati,Assam,2025-11-20,Electronics,2961.63,9,0.92,4.6,2026-08-27
CUST_00843,Vikram Saxena,37,Male,Surat,Gujarat,2025-10-13,Footwear,3662.36,1,0.09,3.9,2026-08-12
CUST_00844,Pallavi Menon,24,Other,Visakhapatnam,Andhra Pradesh,2025-05-01,Electronics,4263.49,1,0.06,4.8,2026-07-01
CUST_00845,Priya Iyer,37,Other,Bengaluru,Karnataka,2026-01-30,Personal Care,657.06,10,1.36,4.2,2026-08-24
CUST_00846,Akash Mehta,28,Male,Nagpur,Maharashtra,2024-12-24,Fashion,3954.55,5,0.24,4.3,2026-06-23
CUST_00847,Harsh Sharma,50,Other,Bhopal,Madhya Pradesh,2026-04-27,Home,473.02,12,2.69,3.9,2026-06-17
CUST_00848,Preeti Menon,32,Female,Mumbai,Maharashtra,2025-12-05,Beauty,487.67,14,1.52,4.0,2026-06-23
CUST_00849,Sneha Iyer,31,Other,Visakhapatnam,Andhra Pradesh,2025-03-11,Beauty,8134.43,8,0.44,4.0,2026-06-17
CUST_00850,Pranav Shah,38,Female,Jaipur,Rajasthan,2024-09-24,Laptops,743.02,5,0.21,4.2,2026-06-19
CUST_00851,Sneha Chopra,35,Male,Chandigarh,Punjab,2025-03-16,Grocery,1106.81,11,0.61,3.8,2026-07-06
CUST_00852,Vikram Menon,26,Female,Lucknow,Uttar Pradesh,2026-05-15,Electronics,1131.52,8,2.07,4.5,2026-07-26
CUST_00853,Pranav Mishra,18,Male,Pune,Maharashtra,2026-04-30,Accessories,2703.17,9,2.06,4.0,2026-08-11
CUST_00854,Deepika Iyer,33,Other,Visakhapatnam,Andhra Pradesh,2026-05-06,Electronics,2021.03,10,2.4,3.9,2026-06-21
CUST_00855,Pooja Iyer,31,Male,Pune,Maharashtra,2025-07-10,Accessories,1411.6,4,0.28,4.5,2026-08-18
CUST_00856,Karan Iyer,24,Other,Visakhapatnam,Andhra Pradesh,2024-10-19,Furniture,2316.58,17,0.74,3.9,2026-08-04
CUST_00857,Manish Chopra,18,Female,Kochi,Kerala,2026-03-24,Mobiles,3163.24,4,0.71,4.6,2026-07-27
CUST_00858,Gaurav Das,18,Female,Bhopal,Madhya Pradesh,2025-01-20,Fashion,1588.28,26,1.31,3.6,2026-07-16
CUST_00859,Tanvi Verma,54,Female,Kochi,Kerala,2024-10-27,Books,2111.0,3,0.13,4.7,2026-07-11
CUST_00860,Aditi Mishra,50,Other,Pune,Maharashtra,2026-01-18,Furniture,2360.88,7,0.9,4.8,2026-08-01
CUST_00861,Aditi Iyer,29,Female,Indore,Madhya Pradesh,2025-09-20,Kitchen,4950.64,7,0.59,4.5,2026-08-11
CUST_00862,Nikhil Pandey,45,Female,Hyderabad,Telangana,2026-06-04,Electronics,541.56,7,2.19,4.1,2026-08-18
CUST_00863,Akash Choudhury,24,Other,Visakhapatnam,Andhra Pradesh,2026-07-03,Electronics,3886.13,13,5.82,3.9,2026-07-07
CUST_00864,Vivek Agarwal,35,Female,Delhi,Delhi,2026-05-08,Laptops,0.0,0,0.0,0.0,
CUST_00865,Meera Reddy,25,Other,Kochi,Kerala,2025-05-28,Gaming,3268.46,9,0.58,4.3,2026-08-24
CUST_00866,Vikram Iyer,36,Other,Bhopal,Madhya Pradesh,2026-03-17,Personal Care,4054.44,3,0.51,4.0,2026-06-24
CUST_00867,Arjun Kapoor,30,Male,Coimbatore,Tamil Nadu,2025-12-11,Personal Care,510.2,7,0.77,4.4,2026-06-26
CUST_00868,Manish Kapoor,35,Other,Lucknow,Uttar Pradesh,2024-09-12,Grocery,2169.54,1,0.04,4.7,2026-08-21
CUST_00869,Vikram Pandey,27,Other,Chandigarh,Punjab,2025-08-15,Mobiles,7016.01,16,1.23,3.9,2026-08-11
CUST_00870,Isha Shah,32,Female,Kochi,Kerala,2025-09-12,Kitchen,3663.94,6,0.5,5.0,2026-06-13
CUST_00871,Manish Reddy,28,Other,Mumbai,Maharashtra,2026-03-29,Gaming,1296.62,5,0.92,4.2,2026-06-17
CUST_00872,Tanvi Pillai,18,Female,Delhi,Delhi,2025-02-24,Fashion,0.0,0,0.0,0.0,
CUST_00873,Deepak Rao,23,Male,Patna,Bihar,2025-05-29,Fashion,3966.98,1,0.06,4.8,2026-07-05
CUST_00874,Gaurav Pillai,25,Other,Visakhapatnam,Andhra Pradesh,2025-11-03,Furniture,5520.89,7,0.68,3.7,2026-06-18
CUST_00875,Vikram Agarwal,52,Male,Nagpur,Maharashtra,2026-04-26,Home,1858.84,10,2.22,4.8,2026-07-04
CUST_00876,Neha Agarwal,24,Female,Guwahati,Assam,2024-10-23,Gaming,724.03,5,0.22,4.7,2026-08-29
CUST_00877,Swati Mishra,30,Female,Coimbatore,Tamil Nadu,2025-05-14,Fashion,3818.78,5,0.31,4.1,2026-06-16
CUST_00878,Sneha Sen,32,Other,Chandigarh,Punjab,2025-05-12,Home,488.68,8,0.5,4.2,2026-09-05
CUST_00879,Rajesh Sharma,30,Other,Indore,Madhya Pradesh,2026-07-31,Personal Care,1148.17,3,2.31,4.1,2026-08-24
CUST_00880,Pooja Reddy,30,Male,Patna,Bihar,2024-09-28,Home,1535.45,7,0.3,4.2,2026-07-01
CUST_00881,Arjun Menon,53,Other,Kochi,Kerala,2024-08-17,Kitchen,2263.8,7,0.28,4.7,2026-08-14
CUST_00882,Kavita Nair,18,Male,Hyderabad,Telangana,2026-07-24,Laptops,712.22,1,0.65,4.4,2026-08-30
CUST_00883,Vikram Iyer,43,Female,Ahmedabad,Gujarat,2024-10-15,Personal Care,7000.36,7,0.3,4.0,2026-08-13
CUST_00884,Swati Reddy,44,Male,Pune,Maharashtra,2025-08-21,Electronics,2860.89,1,0.08,4.8,2026-08-21
CUST_00885,Nikhil Gupta,26,Female,Mumbai,Maharashtra,2025-05-22,Gaming,10591.46,6,0.38,3.7,2026-07-21
CUST_00886,Nikhil Joshi,30,Male,Pune,Maharashtra,2025-07-26,Sports,4077.6,1,0.07,5.0,2026-08-27
CUST_00887,Deepak Trivedi,25,Other,Surat,Gujarat,2026-04-17,Footwear,400.68,4,0.83,3.8,2026-08-12
CUST_00888,Simran Choudhury,26,Other,Kochi,Kerala,2024-07-13,Electronics,758.8,12,0.46,3.9,2026-07-16
CUST_00889,Neha Pillai,41,Other,Kochi,Kerala,2025-04-17,Home,8422.19,8,0.47,3.8,2026-07-04
CUST_00890,Isha Sharma,45,Male,Indore,Madhya Pradesh,2025-06-15,Gaming,1760.98,10,0.67,4.1,2026-08-26
CUST_00891,Deepika Mishra,45,Male,Bhopal,Madhya Pradesh,2024-10-21,Personal Care,1006.64,7,0.31,5.0,2026-08-09
CUST_00892,Neha Sen,27,Other,Indore,Madhya Pradesh,2025-04-24,Gaming,3245.83,2,0.12,4.6,2026-08-03
CUST_00893,Gaurav Verma,22,Male,Ahmedabad,Gujarat,2026-02-19,Sports,0.0,0,0.0,0.0,
CUST_00894,Amit Malhotra,24,Male,Chennai,Tamil Nadu,2024-09-07,Electronics,1172.1,11,0.45,3.7,2026-09-03
CUST_00895,Kavita Pandey,32,Other,Lucknow,Uttar Pradesh,2025-08-04,Beauty,1542.35,19,1.43,4.2,2026-08-18
CUST_00896,Sneha Trivedi,39,Other,Chennai,Tamil Nadu,2024-07-21,Laptops,994.48,5,0.19,4.8,2026-07-23
CUST_00897,Ananya Pillai,38,Male,Mumbai,Maharashtra,2025-03-28,Home,1420.43,3,0.17,4.2,2026-07-30
CUST_00898,Ritu Trivedi,30,Female,Guwahati,Assam,2025-09-25,Laptops,444.7,1,0.09,4.1,2026-09-04
CUST_00899,Akash Verma,18,Other,Chennai,Tamil Nadu,2025-06-28,Footwear,4101.64,2,0.14,4.1,2026-06-30
CUST_00900,Vivek Choudhury,41,Other,Kolkata,West Bengal,2026-03-11,Grocery,6786.19,1,0.17,4.1,2026-09-06
CUST_00901,Suresh Patel,38,Female,Bengaluru,Karnataka,2026-04-26,Beauty,2485.26,9,2.0,5.0,2026-07-10
CUST_00902,Pranav Das,18,Male,Guwahati,Assam,2024-11-05,Mobiles,2623.54,3,0.13,4.3,2026-07-30
CUST_00903,Manish Singh,41,Female,Nagpur,Maharashtra,2025-08-10,Furniture,3567.25,1,0.08,4.3,2026-07-08
CUST_00904,Harsh Mehta,38,Male,Ahmedabad,Gujarat,2025-03-10,Electronics,3129.51,9,0.49,3.9,2026-08-20
CUST_00905,Neha Choudhury,42,Male,Indore,Madhya Pradesh,2025-11-03,Laptops,967.5,3,0.29,3.9,2026-08-07
CUST_00906,Sneha Choudhury,29,Other,Lucknow,Uttar Pradesh,2025-09-17,Books,3734.33,12,1.01,4.4,2026-06-14
CUST_00907,Aakanksha Agarwal,24,Female,Chennai,Tamil Nadu,2025-09-18,Electronics,4195.61,15,1.27,4.5,2026-07-22
CUST_00908,Pallavi Choudhury,28,Male,Indore,Madhya Pradesh,2024-11-10,Footwear,1544.66,2,0.09,5.0,2026-08-13
CUST_00909,Aarav Singh,40,Other,Delhi,Delhi,2025-12-19,Accessories,2399.62,2,0.23,4.1,2026-07-19
CUST_00910,Harsh Chopra,18,Female,Kochi,Kerala,2026-02-08,Grocery,987.81,16,2.26,5.0,2026-07-12
CUST_00911,Isha Bhatia,37,Female,Nagpur,Maharashtra,2025-05-26,Furniture,5337.38,1,0.06,4.5,2026-08-03
CUST_00912,Deepak Trivedi,36,Female,Chandigarh,Punjab,2026-02-10,Gaming,1553.91,5,0.71,4.7,2026-07-26
CUST_00913,Simran Menon,34,Other,Coimbatore,Tamil Nadu,2024-10-09,Home,3001.56,1,0.04,4.8,2026-06-14
CUST_00914,Aakanksha Reddy,18,Male,Kochi,Kerala,2025-06-09,Fashion,792.93,4,0.26,3.8,2026-06-30
CUST_00915,Suresh Das,22,Male,Hyderabad,Telangana,2025-02-02,Fashion,2138.94,13,0.67,4.8,2026-08-22
CUST_00916,Deepika Das,38,Female,Nagpur,Maharashtra,2026-05-27,Gaming,2166.37,7,2.02,4.7,2026-07-19
CUST_00917,Deepak Mehta,42,Male,Ahmedabad,Gujarat,2026-08-02,Electronics,548.59,5,4.05,4.3,2026-08-16
CUST_00918,Pooja Agarwal,36,Other,Surat,Gujarat,2026-07-02,Laptops,875.99,9,3.97,4.6,2026-08-09
CUST_00919,Aakanksha Kumar,18,Female,Kolkata,West Bengal,2026-05-09,Books,1941.89,4,0.98,4.5,2026-06-18
CUST_00920,Preeti Shah,19,Other,Chennai,Tamil Nadu,2025-02-12,Footwear,5759.73,10,0.52,4.0,2026-08-13
CUST_00921,Tanvi Nair,31,Female,Surat,Gujarat,2025-06-14,Personal Care,664.67,12,0.8,4.1,2026-07-10
CUST_00922,Deepika Sharma,18,Male,Jaipur,Rajasthan,2024-08-24,Beauty,410.43,14,0.56,4.9,2026-08-12
CUST_00923,Preeti Bhatia,32,Male,Delhi,Delhi,2024-07-07,Home,801.27,12,0.45,3.8,2026-08-21
CUST_00924,Karan Menon,18,Male,Indore,Madhya Pradesh,2026-03-09,Electronics,4404.16,17,2.79,4.4,2026-07-19
CUST_00925,Divya Mishra,34,Female,Bengaluru,Karnataka,2025-12-31,Laptops,748.02,3,0.36,4.8,2026-08-21
CUST_00926,Ananya Choudhury,20,Other,Patna,Bihar,2024-09-30,Personal Care,585.32,3,0.13,4.2,2026-08-12
CUST_00927,Shweta Menon,28,Female,Mumbai,Maharashtra,2024-11-05,Electronics,1048.83,2,0.09,4.0,2026-07-03
CUST_00928,Rahul Menon,18,Other,Guwahati,Assam,2025-04-24,Home,4712.62,5,0.3,4.2,2026-06-15
CUST_00929,Ananya Kapoor,24,Other,Guwahati,Assam,2025-05-11,Furniture,9570.21,6,0.37,4.8,2026-08-29
CUST_00930,Meera Saxena,35,Female,Delhi,Delhi,2025-07-25,Personal Care,1096.16,7,0.51,4.5,2026-08-24
CUST_00931,Swati Agarwal,27,Male,Visakhapatnam,Andhra Pradesh,2024-07-04,Mobiles,1197.8,6,0.23,4.3,2026-08-10
CUST_00932,Neha Choudhury,18,Other,Guwahati,Assam,2025-08-13,Accessories,959.82,5,0.38,4.3,2026-06-14
CUST_00933,Swati Bose,28,Male,Hyderabad,Telangana,2025-11-06,Footwear,4100.86,11,1.08,4.5,2026-08-06
CUST_00934,Meera Bose,34,Other,Jaipur,Rajasthan,2025-08-19,Electronics,3352.97,3,0.23,3.7,2026-09-06
CUST_00935,Simran Shah,41,Other,Visakhapatnam,Andhra Pradesh,2026-01-05,Footwear,5641.77,21,2.56,4.0,2026-06-14
CUST_00936,Simran Kapoor,43,Other,Patna,Bihar,2025-07-31,Home,1956.33,13,0.97,4.4,2026-09-02
CUST_00937,Pallavi Mishra,27,Other,Hyderabad,Telangana,2025-01-07,Fashion,2680.02,4,0.2,5.0,2026-08-23
CUST_00938,Divya Rao,32,Other,Guwahati,Assam,2025-06-14,Gaming,810.12,14,0.93,4.1,2026-09-02
CUST_00939,Nikhil Pandey,31,Female,Patna,Bihar,2025-03-02,Grocery,2418.22,4,0.22,4.7,2026-07-18
CUST_00940,Swati Deshmukh,42,Male,Pune,Maharashtra,2025-01-16,Gaming,3325.21,4,0.2,4.5,2026-09-04
CUST_00941,Meera Gupta,18,Female,Bhopal,Madhya Pradesh,2026-07-21,Kitchen,4539.94,7,4.29,4.1,2026-08-22
CUST_00942,Abhishek Rao,18,Male,Jaipur,Rajasthan,2025-05-20,Gaming,6380.35,2,0.13,4.2,2026-07-28
CUST_00943,Manish Menon,61,Male,Pune,Maharashtra,2025-01-25,Grocery,3569.59,8,0.41,4.7,2026-07-18
CUST_00944,Sneha Pandey,21,Female,Bengaluru,Karnataka,2025-09-12,Mobiles,3510.6,10,0.83,4.4,2026-06-21
CUST_00945,Suresh Iyer,40,Female,Hyderabad,Telangana,2024-08-10,Books,2458.15,2,0.08,4.2,2026-06-18
CUST_00946,Preeti Chopra,30,Other,Kolkata,West Bengal,2024-07-06,Sports,5929.87,13,0.49,4.0,2026-08-13
CUST_00947,Simran Rao,30,Female,Coimbatore,Tamil Nadu,2025-08-14,Home,1142.95,7,0.54,4.1,2026-08-17
CUST_00948,Ananya Mehta,20,Other,Lucknow,Uttar Pradesh,2025-03-19,Grocery,2355.12,5,0.28,4.4,2026-06-28
CUST_00949,Tanvi Bhatia,18,Other,Bengaluru,Karnataka,2026-01-28,Gaming,1101.06,2,0.27,4.6,2026-08-27
CUST_00950,Tanvi Pandey,39,Female,Chennai,Tamil Nadu,2024-08-16,Electronics,2024.1,12,0.48,4.1,2026-07-01
CUST_00951,Amit Trivedi,34,Female,Hyderabad,Telangana,2024-07-27,Laptops,6346.6,8,0.31,4.4,2026-06-21
CUST_00952,Neha Iyer,27,Male,Coimbatore,Tamil Nadu,2026-07-09,Fashion,2691.38,3,1.48,3.8,2026-08-03
CUST_00953,Shweta Sharma,23,Female,Ahmedabad,Gujarat,2024-09-07,Mobiles,1502.61,5,0.21,4.8,2026-08-07
CUST_00954,Nikhil Sen,37,Male,Chennai,Tamil Nadu,2026-08-07,Mobiles,3009.47,5,4.69,5.0,2026-08-23
CUST_00955,Preeti Chopra,41,Female,Bhopal,Madhya Pradesh,2025-01-27,Footwear,1964.22,2,0.1,3.9,2026-07-17
CUST_00956,Aakanksha Agarwal,18,Female,Patna,Bihar,2025-07-19,Kitchen,1492.15,9,0.65,4.7,2026-07-23
CUST_00957,Manish Bose,24,Female,Kochi,Kerala,2025-12-22,Footwear,4322.99,14,1.62,4.1,2026-06-30
CUST_00958,Amit Iyer,23,Other,Ahmedabad,Gujarat,2025-02-14,Mobiles,942.34,6,0.32,5.0,2026-08-26
CUST_00959,Deepak Kulkarni,23,Female,Nagpur,Maharashtra,2025-10-02,Fashion,663.53,3,0.26,3.9,2026-06-22
CUST_00960,Abhishek Kulkarni,40,Other,Nagpur,Maharashtra,2026-01-02,Kitchen,1983.0,15,1.81,4.4,2026-08-04
CUST_00961,Priya Das,32,Other,Coimbatore,Tamil Nadu,2025-03-28,Kitchen,769.32,9,0.51,4.9,2026-08-30
CUST_00962,Karan Sharma,25,Other,Coimbatore,Tamil Nadu,2025-01-24,Electronics,1210.85,1,0.05,4.3,2026-07-25
CUST_00963,Pooja Patel,27,Other,Kochi,Kerala,2026-06-14,Fashion,4964.55,6,2.09,4.0,2026-06-27
CUST_00964,Aditi Kulkarni,37,Other,Visakhapatnam,Andhra Pradesh,2025-06-04,Gaming,1255.4,3,0.2,3.9,2026-07-19
CUST_00965,Nikhil Nair,18,Other,Lucknow,Uttar Pradesh,2025-09-15,Grocery,5863.21,5,0.42,4.7,2026-06-27
CUST_00966,Deepak Bose,45,Male,Nagpur,Maharashtra,2024-09-21,Footwear,3930.82,9,0.38,5.0,2026-09-07
CUST_00967,Priya Kulkarni,18,Female,Patna,Bihar,2026-04-19,Electronics,2212.86,1,0.21,3.7,2026-06-21
CUST_00968,Varun Choudhury,18,Male,Pune,Maharashtra,2025-12-08,Books,767.21,7,0.77,3.6,2026-08-15
CUST_00969,Simran Choudhury,27,Male,Chandigarh,Punjab,2026-05-20,Gaming,1637.56,3,0.81,4.4,2026-07-18
CUST_00970,Sanjay Pillai,18,Female,Indore,Madhya Pradesh,2024-09-05,Footwear,14215.84,12,0.49,4.8,2026-08-21
CUST_00971,Sneha Gupta,28,Female,Kochi,Kerala,2026-02-19,Home,1251.1,12,1.79,4.3,2026-08-06
CUST_00972,Sneha Reddy,39,Female,Pune,Maharashtra,2025-12-30,Beauty,2786.0,8,0.95,4.5,2026-06-17
CUST_00973,Meera Das,27,Male,Surat,Gujarat,2025-11-29,Gaming,0.0,0,0.0,0.0,
CUST_00974,Vivek Verma,37,Other,Delhi,Delhi,2024-09-19,Books,2240.9,7,0.29,3.8,2026-08-26
CUST_00975,Aakanksha Sharma,29,Male,Chandigarh,Punjab,2025-07-22,Electronics,1607.21,10,0.73,4.7,2026-09-04
CUST_00976,Harsh Agarwal,28,Female,Bengaluru,Karnataka,2026-02-24,Accessories,7639.75,2,0.31,4.5,2026-06-18
CUST_00977,Sneha Kapoor,20,Male,Kochi,Kerala,2026-05-12,Mobiles,5056.43,3,0.76,4.1,2026-06-23
CUST_00978,Sneha Saxena,18,Female,Kolkata,West Bengal,2025-03-18,Furniture,5391.04,4,0.22,3.6,2026-07-13
CUST_00979,Rohan Trivedi,31,Other,Hyderabad,Telangana,2025-10-04,Electronics,3174.25,11,0.97,4.1,2026-08-25
CUST_00980,Sneha Agarwal,35,Other,Kolkata,West Bengal,2026-05-09,Kitchen,2246.62,10,2.46,4.4,2026-08-14
CUST_00981,Preeti Trivedi,44,Female,Coimbatore,Tamil Nadu,2024-10-14,Home,509.06,15,0.65,4.9,2026-07-12
CUST_00982,Sunita Patel,32,Female,Ahmedabad,Gujarat,2025-08-10,Furniture,11360.95,5,0.38,4.9,2026-08-08
CUST_00983,Simran Mehta,18,Female,Delhi,Delhi,2025-08-18,Mobiles,6671.82,3,0.23,4.7,2026-07-08
CUST_00984,Pallavi Gupta,26,Other,Bengaluru,Karnataka,2024-10-09,Fashion,2729.58,13,0.56,4.4,2026-07-02
CUST_00985,Pranav Malhotra,19,Female,Nagpur,Maharashtra,2024-10-30,Home,2678.53,6,0.27,4.0,2026-08-02
CUST_00986,Nikhil Menon,20,Male,Lucknow,Uttar Pradesh,2024-11-16,Kitchen,2771.85,15,0.68,4.2,2026-07-18
CUST_00987,Neha Chopra,18,Male,Visakhapatnam,Andhra Pradesh,2026-05-05,Electronics,3738.71,10,2.38,4.3,2026-06-28
CUST_00988,Sanjay Nair,38,Female,Lucknow,Uttar Pradesh,2024-09-18,Home,1037.84,3,0.12,4.8,2026-07-02
CUST_00989,Arjun Patel,28,Female,Patna,Bihar,2024-07-15,Laptops,4013.84,6,0.23,4.0,2026-06-17
CUST_00990,Priya Kapoor,18,Male,Delhi,Delhi,2025-10-13,Fashion,1403.33,15,1.36,4.1,2026-08-14
CUST_00991,Pranav Verma,31,Other,Bhopal,Madhya Pradesh,2024-07-24,Kitchen,1218.45,3,0.12,4.1,2026-07-04
CUST_00992,Rohan Trivedi,59,Male,Hyderabad,Telangana,2025-05-08,Fashion,3411.97,2,0.12,4.6,2026-08-10
CUST_00993,Vikram Kulkarni,38,Male,Visakhapatnam,Andhra Pradesh,2026-01-20,Kitchen,2726.25,2,0.26,4.9,2026-09-02
CUST_00994,Kavita Saxena,28,Other,Hyderabad,Telangana,2025-10-26,Electronics,1666.72,3,0.28,4.5,2026-08-08
CUST_00995,Meera Kumar,30,Female,Ahmedabad,Gujarat,2025-08-04,Books,839.57,17,1.27,3.8,2026-09-02
CUST_00996,Vivek Shah,44,Other,Jaipur,Rajasthan,2025-06-13,Footwear,1459.38,10,0.66,4.9,2026-08-12
CUST_00997,Shweta Bose,37,Other,Mumbai,Maharashtra,2025-06-20,Grocery,1028.91,11,0.74,4.0,2026-07-21
CUST_00998,Arjun Mishra,32,Female,Jaipur,Rajasthan,2024-12-13,Personal Care,2147.87,3,0.14,4.6,2026-06-19
CUST_00999,Rohan Kulkarni,32,Female,Chennai,Tamil Nadu,2024-10-10,Electronics,4693.36,6,0.26,4.5,2026-08-29
CUST_01000,Ananya Kumar,18,Female,Bengaluru,Karnataka,2026-02-13,Books,11341.71,8,1.16,4.9,2026-08-17
CUST_01001,Manish Deshmukh,37,Other,Indore,Madhya Pradesh,2025-11-01,Home,2805.14,8,0.77,4.8,2026-08-02
CUST_01002,Manish Gupta,18,Male,Indore,Madhya Pradesh,2026-01-25,Gaming,1364.08,2,0.27,4.8,2026-06-28
CUST_01003,Arjun Singh,35,Other,Delhi,Delhi,2025-04-26,Laptops,2130.69,14,0.84,3.8,2026-08-25
CUST_01004,Rohan Mishra,28,Female,Kolkata,West Bengal,2026-05-26,Fashion,3399.7,6,1.71,4.2,2026-08-08
CUST_01005,Ritu Das,29,Other,Chennai,Tamil Nadu,2025-05-24,Personal Care,4238.62,4,0.25,4.9,2026-06-15
CUST_01006,Arjun Menon,40,Male,Chandigarh,Punjab,2026-07-06,Kitchen,3428.7,2,0.94,4.1,2026-08-19
CUST_01007,Manish Trivedi,29,Male,Kochi,Kerala,2025-05-03,Furniture,1863.95,6,0.37,3.7,2026-06-17
CUST_01008,Sanjay Singh,18,Female,Surat,Gujarat,2026-06-15,Fashion,777.52,5,1.76,4.5,2026-08-15
CUST_01009,Meera Deshmukh,33,Other,Coimbatore,Tamil Nadu,2026-07-25,Sports,3244.57,13,8.67,4.8,2026-09-03
CUST_01010,Vivek Malhotra,38,Female,Nagpur,Maharashtra,2026-03-08,Books,1284.68,6,0.98,4.9,2026-06-29
CUST_01011,Priya Gupta,30,Other,Bengaluru,Karnataka,2025-06-26,Laptops,416.2,2,0.14,4.6,2026-06-20
CUST_01012,Gaurav Rao,28,Male,Chennai,Tamil Nadu,2026-05-05,Fashion,9016.7,6,1.43,4.1,2026-09-07
CUST_01013,Harsh Verma,36,Female,Patna,Bihar,2026-04-19,Electronics,2347.09,9,1.9,3.6,2026-06-19
CUST_01014,Pranav Patel,36,Male,Visakhapatnam,Andhra Pradesh,2025-01-11,Books,7108.78,18,0.89,4.6,2026-08-02
CUST_01015,Sanjay Das,28,Other,Ahmedabad,Gujarat,2024-09-19,Fashion,5648.34,14,0.58,4.0,2026-06-21
CUST_01016,Isha Chopra,31,Male,Coimbatore,Tamil Nadu,2025-02-16,Mobiles,7764.49,11,0.58,3.8,2026-08-10
CUST_01017,Sneha Joshi,48,Female,Kolkata,West Bengal,2025-08-08,Kitchen,0.0,0,0.0,0.0,
CUST_01018,Swati Pillai,28,Female,Chennai,Tamil Nadu,2026-07-07,Electronics,1541.2,14,6.67,4.6,2026-08-12
CUST_01019,Pranav Pandey,42,Male,Indore,Madhya Pradesh,2026-04-13,Books,1415.36,8,1.62,4.9,2026-08-12
CUST_01020,Varun Saxena,42,Female,Coimbatore,Tamil Nadu,2024-07-29,Books,918.55,12,0.47,4.9,2026-07-13
CUST_01021,Isha Rao,27,Female,Chandigarh,Punjab,2024-10-07,Fashion,3208.87,14,0.6,4.6,2026-08-21
CUST_01022,Kavita Shah,35,Male,Pune,Maharashtra,2025-01-14,Gaming,841.96,2,0.1,4.7,2026-06-15
CUST_01023,Ritu Saxena,21,Female,Nagpur,Maharashtra,2025-06-27,Footwear,1915.45,7,0.48,4.0,2026-06-17
CUST_01024,Tanvi Singh,20,Female,Hyderabad,Telangana,2025-02-10,Grocery,5644.04,17,0.89,4.9,2026-07-31
CUST_01025,Preeti Bose,39,Male,Pune,Maharashtra,2026-01-09,Accessories,2313.26,12,1.49,4.8,2026-06-29
CUST_01026,Sanjay Trivedi,46,Other,Bhopal,Madhya Pradesh,2026-02-16,Grocery,818.92,14,2.06,4.6,2026-09-04
CUST_01027,Sanjay Agarwal,40,Other,Kolkata,West Bengal,2025-11-13,Laptops,694.8,5,0.5,4.2,2026-06-17
CUST_01028,Arjun Singh,22,Female,Chandigarh,Punjab,2025-04-27,Gaming,8387.04,7,0.42,4.7,2026-08-22
CUST_01029,Simran Iyer,24,Other,Guwahati,Assam,2025-02-22,Fashion,1064.5,5,0.27,3.7,2026-06-13
CUST_01030,Vikram Patel,38,Male,Mumbai,Maharashtra,2026-06-26,Sports,1596.46,13,5.27,4.0,2026-08-27
CUST_01031,Abhishek Mehta,29,Other,Chennai,Tamil Nadu,2026-01-13,Electronics,2838.13,13,1.64,4.1,2026-08-30
CUST_01032,Gaurav Agarwal,35,Female,Visakhapatnam,Andhra Pradesh,2025-09-07,Gaming,1193.17,3,0.25,4.0,2026-08-01
CUST_01033,Sunita Kumar,24,Male,Kolkata,West Bengal,2025-06-20,Gaming,1401.31,1,0.07,4.9,2026-07-01
CUST_01034,Varun Kumar,48,Other,Nagpur,Maharashtra,2024-11-14,Furniture,6258.46,13,0.59,5.0,2026-06-10
CUST_01035,Divya Gupta,29,Other,Chennai,Tamil Nadu,2025-05-21,Home,4034.99,3,0.19,3.8,2026-09-02
CUST_01036,Sanjay Chopra,36,Female,Visakhapatnam,Andhra Pradesh,2026-02-26,Home,0.0,0,0.0,0.0,
CUST_01037,Pallavi Kulkarni,31,Female,Coimbatore,Tamil Nadu,2024-12-29,Kitchen,2698.07,2,0.1,4.9,2026-07-12
CUST_01038,Simran Deshmukh,29,Other,Kochi,Kerala,2025-09-06,Footwear,1140.1,1,0.08,3.7,2026-07-22
CUST_01039,Amit Bhatia,18,Female,Indore,Madhya Pradesh,2026-03-19,Footwear,4326.08,1,0.17,3.9,2026-06-14
CUST_01040,Gaurav Nair,33,Other,Bengaluru,Karnataka,2025-08-21,Electronics,2952.92,14,1.1,4.5,2026-09-05
CUST_01041,Pallavi Bose,34,Male,Kochi,Kerala,2025-12-04,Kitchen,986.12,10,1.08,4.0,2026-07-04
CUST_01042,Aakanksha Saxena,18,Male,Visakhapatnam,Andhra Pradesh,2025-09-27,Furniture,402.54,4,0.35,4.5,2026-09-01
CUST_01043,Deepika Reddy,23,Female,Bhopal,Madhya Pradesh,2025-09-08,Electronics,2209.04,1,0.08,4.6,2026-08-04
CUST_01044,Isha Deshmukh,37,Male,Chandigarh,Punjab,2025-02-01,Electronics,2066.53,3,0.15,4.8,2026-08-22
CUST_01045,Preeti Sharma,21,Other,Patna,Bihar,2026-07-31,Mobiles,5097.34,9,6.92,3.9,2026-08-14
CUST_01046,Akash Joshi,35,Female,Delhi,Delhi,2024-09-07,Personal Care,1363.8,14,0.57,4.1,2026-06-10
CUST_01047,Ritu Pillai,44,Other,Bhopal,Madhya Pradesh,2025-06-29,Personal Care,1664.19,3,0.21,4.9,2026-08-22
CUST_01048,Manish Kapoor,36,Male,Visakhapatnam,Andhra Pradesh,2025-11-04,Kitchen,2435.72,8,0.78,4.9,2026-08-28
CUST_01049,Neha Pillai,35,Other,Chandigarh,Punjab,2025-03-16,Personal Care,3029.33,2,0.11,4.7,2026-09-05
CUST_01050,Rahul Shah,48,Male,Kolkata,West Bengal,2025-08-02,Kitchen,2527.86,1,0.07,4.4,2026-08-19
CUST_01051,Divya Menon,34,Male,Bengaluru,Karnataka,2026-08-10,Furniture,3967.53,1,1.0,4.7,2026-08-15
CUST_01052,Preeti Patel,27,Male,Patna,Bihar,2024-11-16,Footwear,3039.33,13,0.59,4.8,2026-06-19
CUST_01053,Rahul Bhatia,33,Male,Delhi,Delhi,2024-08-28,Electronics,7985.9,5,0.2,4.9,2026-08-13
CUST_01054,Neha Kumar,36,Male,Bengaluru,Karnataka,2026-08-16,Beauty,2027.77,18,18.0,3.9,2026-08-17
CUST_01055,Priya Kulkarni,44,Male,Indore,Madhya Pradesh,2025-09-25,Electronics,1538.68,4,0.34,4.7,2026-07-09
CUST_01056,Simran Bhatia,38,Other,Kolkata,West Bengal,2025-04-26,Electronics,3301.98,7,0.42,4.4,2026-06-13
CUST_01057,Priya Das,51,Male,Surat,Gujarat,2026-08-13,Furniture,3685.65,1,1.0,5.0,2026-09-02
CUST_01058,Manish Singh,32,Other,Patna,Bihar,2026-02-07,Kitchen,3115.38,1,0.14,4.7,2026-06-10
CUST_01059,Arjun Kumar,31,Female,Ahmedabad,Gujarat,2026-03-06,Accessories,577.74,13,2.1,4.8,2026-06-18
CUST_01060,Rajesh Bhatia,41,Female,Surat,Gujarat,2024-11-02,Electronics,837.04,7,0.31,4.2,2026-08-11
CUST_01061,Abhishek Choudhury,26,Male,Surat,Gujarat,2026-08-12,Fashion,1175.45,9,9.0,4.7,2026-08-29
CUST_01062,Vikram Verma,36,Male,Visakhapatnam,Andhra Pradesh,2025-09-01,Home,0.0,0,0.0,0.0,
CUST_01063,Preeti Menon,25,Female,Bengaluru,Karnataka,2024-09-28,Electronics,5107.05,16,0.68,5.0,2026-09-06
CUST_01064,Neha Iyer,37,Other,Kochi,Kerala,2024-09-04,Kitchen,1191.62,2,0.08,4.0,2026-06-27
CUST_01065,Gaurav Das,35,Female,Visakhapatnam,Andhra Pradesh,2025-08-05,Books,607.73,10,0.75,4.7,2026-07-31
CUST_01066,Gaurav Kapoor,33,Other,Pune,Maharashtra,2025-12-29,Home,1763.32,5,0.59,4.6,2026-09-02
CUST_01067,Varun Das,36,Female,Chandigarh,Punjab,2025-07-03,Electronics,1021.01,16,1.11,4.2,2026-07-10
CUST_01068,Pooja Choudhury,23,Female,Bhopal,Madhya Pradesh,2026-07-25,Accessories,2250.41,2,1.33,4.1,2026-08-18
CUST_01069,Pooja Joshi,18,Female,Mumbai,Maharashtra,2025-06-01,Electronics,894.52,6,0.39,4.4,2026-08-19
CUST_01070,Sneha Mehta,32,Male,Mumbai,Maharashtra,2025-07-15,Laptops,2715.91,11,0.79,4.0,2026-08-19
CUST_01071,Arjun Sharma,43,Female,Indore,Madhya Pradesh,2026-03-10,Kitchen,1093.16,5,0.82,4.0,2026-06-29
CUST_01072,Arjun Chopra,36,Other,Visakhapatnam,Andhra Pradesh,2025-06-02,Books,3753.21,17,1.1,4.3,2026-08-18
CUST_01073,Priya Rao,21,Male,Bengaluru,Karnataka,2025-09-22,Fashion,1516.83,7,0.6,4.0,2026-06-22
CUST_01074,Divya Malhotra,28,Female,Pune,Maharashtra,2025-06-19,Footwear,2076.91,18,1.21,4.9,2026-09-06
CUST_01075,Karan Iyer,22,Other,Lucknow,Uttar Pradesh,2024-09-18,Fashion,5648.28,13,0.54,3.8,2026-06-21
CUST_01076,Amit Malhotra,21,Female,Chandigarh,Punjab,2024-08-07,Fashion,2078.55,11,0.43,4.8,2026-06-11
CUST_01077,Ritu Agarwal,39,Female,Bengaluru,Karnataka,2026-08-01,Laptops,1118.87,19,15.0,4.2,2026-08-15
CUST_01078,Kavita Iyer,18,Other,Ahmedabad,Gujarat,2025-10-03,Footwear,1288.34,14,1.24,4.4,2026-08-03
CUST_01079,Harsh Pillai,37,Female,Pune,Maharashtra,2026-04-11,Books,4261.11,9,1.8,4.4,2026-06-19
CUST_01080,Suresh Kulkarni,23,Other,Guwahati,Assam,2025-12-20,Footwear,1446.2,4,0.46,4.4,2026-07-07
CUST_01081,Aditi Iyer,20,Other,Hyderabad,Telangana,2025-07-22,Furniture,715.25,4,0.29,4.1,2026-06-20
CUST_01082,Aakanksha Chopra,40,Female,Guwahati,Assam,2024-08-04,Kitchen,3214.76,12,0.47,4.2,2026-08-30
CUST_01083,Arjun Pillai,37,Female,Chennai,Tamil Nadu,2025-08-12,Beauty,4821.43,1,0.08,3.9,2026-07-09
CUST_01084,Aarav Iyer,25,Female,Guwahati,Assam,2025-04-12,Footwear,4495.68,8,0.47,4.9,2026-08-04
CUST_01085,Simran Iyer,27,Other,Nagpur,Maharashtra,2026-01-27,Mobiles,2420.51,2,0.27,4.4,2026-06-23
CUST_01086,Rajesh Choudhury,32,Male,Pune,Maharashtra,2025-03-01,Kitchen,5333.19,14,0.76,4.7,2026-08-07
CUST_01087,Swati Kulkarni,40,Male,Lucknow,Uttar Pradesh,2025-11-25,Personal Care,2307.34,8,0.84,4.0,2026-08-20
CUST_01088,Aditi Sen,24,Other,Bhopal,Madhya Pradesh,2026-05-31,Gaming,6580.85,9,2.7,4.7,2026-07-10
CUST_01089,Pooja Das,40,Other,Indore,Madhya Pradesh,2025-01-28,Gaming,2903.97,7,0.36,4.2,2026-06-23
CUST_01090,Gaurav Gupta,22,Female,Coimbatore,Tamil Nadu,2025-11-10,Footwear,2702.18,6,0.6,4.2,2026-06-22
CUST_01091,Karan Agarwal,22,Male,Chandigarh,Punjab,2026-08-02,Gaming,1963.26,4,3.24,4.8,2026-09-04
CUST_01092,Sunita Chopra,27,Female,Chennai,Tamil Nadu,2025-10-01,Mobiles,1343.48,20,1.75,3.6,2026-06-29
CUST_01093,Swati Sen,18,Female,Indore,Madhya Pradesh,2026-02-18,Mobiles,1673.56,7,1.04,4.8,2026-06-21
CUST_01094,Rohan Sen,33,Female,Chandigarh,Punjab,2025-01-17,Personal Care,0.0,0,0.0,0.0,
CUST_01095,Deepak Verma,39,Other,Chennai,Tamil Nadu,2025-03-29,Gaming,3934.94,1,0.06,3.8,2026-08-30
CUST_01096,Rahul Malhotra,35,Male,Ahmedabad,Gujarat,2026-05-17,Electronics,1707.1,8,2.11,4.1,2026-07-24
CUST_01097,Varun Iyer,33,Male,Visakhapatnam,Andhra Pradesh,2025-07-05,Personal Care,916.72,2,0.14,4.2,2026-07-02
CUST_01098,Tanvi Kulkarni,20,Male,Nagpur,Maharashtra,2026-05-20,Electronics,1067.22,6,1.62,3.8,2026-07-12
CUST_01099,Manish Shah,31,Male,Delhi,Delhi,2024-10-28,Fashion,2048.7,4,0.18,4.5,2026-09-01
CUST_01100,Suresh Chopra,27,Male,Delhi,Delhi,2026-01-07,Personal Care,1412.77,5,0.61,4.9,2026-08-19
CUST_01101,Amit Malhotra,31,Female,Chandigarh,Punjab,2025-07-19,Books,434.31,21,1.51,4.3,2026-09-05
CUST_01102,Rajesh Chopra,22,Male,Bhopal,Madhya Pradesh,2025-02-02,Kitchen,1525.05,1,0.05,3.9,2026-09-02
CUST_01103,Rohan Mehta,32,Male,Patna,Bihar,2025-04-03,Home,1210.4,2,0.11,4.6,2026-07-25
CUST_01104,Pallavi Saxena,18,Female,Surat,Gujarat,2026-03-04,Mobiles,4357.74,12,1.91,3.8,2026-08-11
CUST_01105,Aarav Trivedi,20,Other,Guwahati,Assam,2025-11-04,Footwear,10852.48,9,0.88,4.1,2026-06-28
CUST_01106,Sanjay Kumar,39,Male,Guwahati,Assam,2025-11-30,Personal Care,7136.77,9,0.96,4.1,2026-08-13
CUST_01107,Manish Joshi,33,Male,Lucknow,Uttar Pradesh,2025-05-14,Footwear,5137.17,1,0.06,4.4,2026-07-12
CUST_01108,Deepak Menon,42,Female,Pune,Maharashtra,2026-02-11,Home,772.65,2,0.29,4.1,2026-09-02
CUST_01109,Rahul Choudhury,30,Male,Pune,Maharashtra,2024-07-03,Laptops,4430.54,7,0.26,4.5,2026-06-11
CUST_01110,Pallavi Mishra,37,Female,Kochi,Kerala,2025-05-02,Books,439.7,4,0.24,4.5,2026-06-17
CUST_01111,Harsh Saxena,29,Female,Pune,Maharashtra,2025-03-14,Laptops,0.0,0,0.0,0.0,
CUST_01112,Deepika Sharma,27,Male,Kolkata,West Bengal,2025-09-12,Gaming,862.14,1,0.08,4.9,2026-07-06
CUST_01113,Sanjay Choudhury,45,Female,Coimbatore,Tamil Nadu,2025-07-15,Electronics,7541.34,8,0.57,4.3,2026-07-07
CUST_01114,Vivek Nair,43,Other,Ahmedabad,Gujarat,2026-06-01,Mobiles,4444.09,1,0.3,4.8,2026-09-07
CUST_01115,Preeti Verma,18,Male,Jaipur,Rajasthan,2026-08-19,Electronics,2850.38,13,13.0,4.1,2026-08-24
CUST_01116,Harsh Kumar,37,Male,Delhi,Delhi,2025-08-08,Laptops,11799.66,9,0.68,3.9,2026-06-17
CUST_01117,Swati Choudhury,23,Female,Bengaluru,Karnataka,2025-11-06,Fashion,3386.26,15,1.47,3.6,2026-06-16
CUST_01118,Rohan Saxena,25,Male,Lucknow,Uttar Pradesh,2026-03-27,Footwear,1702.58,7,1.27,4.9,2026-07-11
CUST_01119,Kavita Gupta,34,Other,Mumbai,Maharashtra,2025-04-19,Home,3799.56,7,0.41,3.8,2026-09-06
CUST_01120,Divya Das,35,Other,Nagpur,Maharashtra,2025-11-13,Laptops,3812.72,5,0.5,4.6,2026-09-05
CUST_01121,Akash Patel,22,Other,Chennai,Tamil Nadu,2026-01-11,Mobiles,0.0,0,0.0,0.0,
CUST_01122,Tanvi Deshmukh,31,Female,Mumbai,Maharashtra,2026-07-12,Furniture,458.03,8,4.14,4.8,2026-08-11
CUST_01123,Varun Kumar,36,Male,Patna,Bihar,2026-07-05,Books,0.0,0,0.0,0.0,
CUST_01124,Shweta Kulkarni,29,Female,Visakhapatnam,Andhra Pradesh,2026-01-24,Accessories,755.48,9,1.19,4.5,2026-09-04
CUST_01125,Arjun Shah,40,Other,Coimbatore,Tamil Nadu,2026-08-18,Kitchen,0.0,0,0.0,0.0,
CUST_01126,Harsh Mishra,51,Female,Nagpur,Maharashtra,2024-08-30,Furniture,3145.74,21,0.85,4.6,2026-08-09
CUST_01127,Priya Nair,38,Female,Bengaluru,Karnataka,2024-12-15,Kitchen,1138.34,8,0.38,4.7,2026-07-11
CUST_01128,Pranav Kumar,38,Female,Kochi,Kerala,2024-08-06,Personal Care,1917.75,6,0.24,4.6,2026-07-28
CUST_01129,Abhishek Bose,31,Male,Patna,Bihar,2025-07-04,Home,4427.04,5,0.35,5.0,2026-07-10
CUST_01130,Rajesh Singh,18,Other,Visakhapatnam,Andhra Pradesh,2024-09-27,Fashion,3584.44,15,0.63,4.9,2026-07-23
CUST_01131,Neha Bhatia,18,Female,Chennai,Tamil Nadu,2025-09-13,Fashion,6546.03,8,0.67,4.3,2026-06-17
CUST_01132,Pranav Pandey,25,Other,Kolkata,West Bengal,2026-07-07,Mobiles,1043.0,9,4.29,4.9,2026-08-06
CUST_01133,Pooja Bhatia,26,Female,Nagpur,Maharashtra,2024-11-10,Electronics,1459.57,7,0.31,3.8,2026-06-26
CUST_01134,Kavita Mishra,36,Other,Indore,Madhya Pradesh,2026-05-28,Kitchen,4015.73,8,2.33,5.0,2026-08-24
CUST_01135,Pranav Verma,32,Other,Hyderabad,Telangana,2025-01-07,Books,2412.22,2,0.1,4.9,2026-08-06
CUST_01136,Karan Choudhury,28,Male,Chandigarh,Punjab,2025-04-06,Fashion,5384.91,5,0.29,4.6,2026-07-28
CUST_01137,Ritu Kapoor,35,Female,Surat,Gujarat,2024-10-16,Laptops,1268.57,14,0.61,4.4,2026-08-10
CUST_01138,Varun Kulkarni,18,Male,Ahmedabad,Gujarat,2024-11-02,Grocery,12007.48,10,0.44,4.8,2026-08-19
CUST_01139,Arjun Kulkarni,38,Male,Surat,Gujarat,2026-05-01,Electronics,6186.47,15,3.46,4.9,2026-08-20
CUST_01140,Deepika Shah,30,Female,Lucknow,Uttar Pradesh,2026-01-17,Electronics,2183.39,5,0.64,3.6,2026-08-14
CUST_01141,Aditi Nair,18,Male,Pune,Maharashtra,2026-02-10,Fashion,7551.23,3,0.43,4.0,2026-08-30
CUST_01142,Ananya Bose,23,Female,Indore,Madhya Pradesh,2026-08-09,Footwear,1963.49,9,9.0,4.1,2026-08-28
CUST_01143,Kavita Nair,34,Female,Guwahati,Assam,2024-12-24,Mobiles,1465.87,14,0.67,4.5,2026-06-18
CUST_01144,Rohan Deshmukh,23,Female,Delhi,Delhi,2025-03-26,Kitchen,7081.77,11,0.62,3.6,2026-07-25
CUST_01145,Akash Pandey,34,Female,Nagpur,Maharashtra,2026-05-11,Footwear,3859.03,23,5.75,4.4,2026-06-11
CUST_01146,Abhishek Deshmukh,30,Female,Mumbai,Maharashtra,2025-07-26,Kitchen,3823.84,1,0.07,4.7,2026-07-07
CUST_01147,Neha Chopra,34,Female,Nagpur,Maharashtra,2026-05-17,Laptops,1023.85,1,0.26,4.6,2026-08-07
CUST_01148,Rahul Das,18,Female,Chandigarh,Punjab,2025-12-15,Mobiles,2292.78,13,1.46,4.1,2026-09-03
CUST_01149,Sunita Menon,35,Other,Coimbatore,Tamil Nadu,2026-01-10,Kitchen,909.65,8,1.0,3.6,2026-08-26
CUST_01150,Amit Agarwal,38,Other,Mumbai,Maharashtra,2025-03-19,Gaming,1608.22,11,0.61,4.3,2026-08-30
CUST_01151,Isha Reddy,20,Other,Patna,Bihar,2025-07-18,Furniture,2272.21,4,0.29,4.4,2026-08-06
CUST_01152,Aakanksha Chopra,34,Male,Coimbatore,Tamil Nadu,2025-10-23,Kitchen,4719.37,4,0.38,4.0,2026-09-02
CUST_01153,Meera Bose,23,Male,Chennai,Tamil Nadu,2026-06-02,Home,1739.59,4,1.22,4.3,2026-07-08
CUST_01154,Aarav Joshi,29,Other,Kolkata,West Bengal,2025-07-30,Accessories,1671.68,2,0.15,3.9,2026-07-31
CUST_01155,Meera Pandey,32,Other,Patna,Bihar,2025-04-01,Home,5947.11,8,0.46,4.7,2026-07-13
CUST_01156,Ananya Gupta,41,Male,Chennai,Tamil Nadu,2026-04-06,Personal Care,10797.45,1,0.19,4.3,2026-07-13
CUST_01157,Swati Sharma,33,Other,Surat,Gujarat,2024-09-08,Sports,884.37,8,0.33,4.4,2026-06-18
CUST_01158,Varun Chopra,41,Male,Jaipur,Rajasthan,2025-05-30,Laptops,1278.39,26,1.67,3.7,2026-08-30
CUST_01159,Manish Saxena,49,Other,Kochi,Kerala,2025-04-20,Home,8185.19,11,0.65,4.9,2026-07-05
CUST_01160,Amit Gupta,46,Male,Kolkata,West Bengal,2026-05-23,Grocery,2064.93,4,1.11,3.9,2026-06-14
CUST_01161,Pranav Rao,18,Other,Jaipur,Rajasthan,2025-04-17,Gaming,5491.77,3,0.18,3.9,2026-06-15
CUST_01162,Varun Gupta,41,Other,Delhi,Delhi,2025-12-25,Laptops,2344.93,5,0.58,4.0,2026-08-20
CUST_01163,Tanvi Sharma,18,Female,Delhi,Delhi,2025-03-15,Furniture,1803.64,4,0.22,4.3,2026-08-24
CUST_01164,Shweta Agarwal,26,Other,Mumbai,Maharashtra,2025-10-13,Kitchen,2478.5,10,0.91,4.9,2026-07-29
CUST_01165,Akash Pillai,65,Male,Pune,Maharashtra,2024-10-09,Grocery,1688.74,20,0.86,4.3,2026-07-08
CUST_01166,Rahul Kumar,38,Female,Nagpur,Maharashtra,2024-11-09,Home,5768.76,3,0.13,4.5,2026-08-20
CUST_01167,Deepak Singh,28,Male,Visakhapatnam,Andhra Pradesh,2025-03-12,Furniture,543.68,1,0.06,3.8,2026-06-27
CUST_01168,Varun Mishra,34,Other,Kochi,Kerala,2026-01-01,Kitchen,8145.94,7,0.84,3.7,2026-07-17
CUST_01169,Swati Verma,18,Female,Indore,Madhya Pradesh,2026-07-22,Mobiles,814.92,1,0.62,4.6,2026-07-27
CUST_01170,Ritu Joshi,42,Female,Guwahati,Assam,2026-01-01,Furniture,506.3,4,0.48,4.5,2026-07-08
CUST_01171,Deepak Saxena,42,Female,Kolkata,West Bengal,2025-12-15,Home,2599.96,10,1.12,4.7,2026-07-06
CUST_01172,Swati Bhatia,25,Male,Bhopal,Madhya Pradesh,2026-06-13,Sports,1890.52,4,1.38,4.7,2026-08-20
CUST_01173,Rohan Rao,36,Female,Indore,Madhya Pradesh,2025-11-05,Electronics,4263.72,19,1.86,4.7,2026-06-16
CUST_01174,Meera Nair,46,Other,Guwahati,Assam,2025-09-19,Books,709.21,7,0.59,4.3,2026-07-09
CUST_01175,Sanjay Menon,46,Other,Patna,Bihar,2024-09-07,Books,1839.19,6,0.25,4.1,2026-07-09
CUST_01176,Simran Iyer,38,Other,Surat,Gujarat,2024-11-26,Kitchen,5871.15,3,0.14,4.5,2026-08-06
CUST_01177,Shweta Pandey,30,Female,Guwahati,Assam,2025-03-12,Electronics,10900.06,10,0.55,4.9,2026-07-29
CUST_01178,Gaurav Trivedi,29,Male,Patna,Bihar,2026-02-05,Personal Care,820.76,10,1.4,3.9,2026-07-30
CUST_01179,Meera Malhotra,37,Other,Bhopal,Madhya Pradesh,2025-11-07,Home,3431.43,8,0.79,4.2,2026-06-23
CUST_01180,Arjun Menon,44,Other,Chennai,Tamil Nadu,2024-09-14,Personal Care,7809.22,11,0.46,4.6,2026-08-14
CUST_01181,Ritu Kulkarni,27,Other,Nagpur,Maharashtra,2025-09-25,Laptops,1686.2,10,0.86,4.4,2026-07-10
CUST_01182,Sneha Gupta,21,Other,Lucknow,Uttar Pradesh,2024-11-04,Fashion,615.75,9,0.4,4.4,2026-08-12
CUST_01183,Meera Kumar,34,Other,Visakhapatnam,Andhra Pradesh,2025-08-01,Home,6384.94,6,0.45,4.3,2026-07-19
CUST_01184,Shweta Trivedi,43,Other,Coimbatore,Tamil Nadu,2025-02-15,Home,3814.26,3,0.16,4.0,2026-08-20
CUST_01185,Vikram Reddy,25,Male,Indore,Madhya Pradesh,2025-02-02,Mobiles,983.8,19,0.98,3.7,2026-09-07
CUST_01186,Manish Trivedi,25,Female,Coimbatore,Tamil Nadu,2025-02-02,Mobiles,4018.96,9,0.46,4.4,2026-07-04
CUST_01187,Arjun Reddy,34,Male,Bhopal,Madhya Pradesh,2024-11-14,Gaming,970.62,17,0.77,3.8,2026-06-23
CUST_01188,Swati Joshi,30,Female,Hyderabad,Telangana,2026-03-29,Home,2562.62,4,0.74,4.1,2026-08-23
CUST_01189,Priya Verma,24,Male,Jaipur,Rajasthan,2026-05-01,Footwear,1177.0,7,1.62,4.7,2026-08-22
CUST_01190,Swati Mehta,35,Male,Patna,Bihar,2026-06-19,Books,6525.37,1,0.37,4.1,2026-08-24
CUST_01191,Preeti Choudhury,23,Female,Lucknow,Uttar Pradesh,2025-06-05,Fashion,1059.78,7,0.46,3.9,2026-08-09
CUST_01192,Vivek Agarwal,47,Female,Nagpur,Maharashtra,2025-08-22,Books,4603.66,3,0.24,3.6,2026-08-19
CUST_01193,Pallavi Iyer,33,Male,Kolkata,West Bengal,2025-07-23,Home,1956.52,4,0.29,4.5,2026-06-30
CUST_01194,Karan Patel,18,Other,Guwahati,Assam,2025-11-16,Beauty,868.51,15,1.52,3.7,2026-08-23
CUST_01195,Varun Shah,21,Male,Coimbatore,Tamil Nadu,2024-12-03,Books,3818.51,3,0.14,4.9,2026-08-16
CUST_01196,Shweta Gupta,37,Male,Ahmedabad,Gujarat,2024-10-01,Laptops,1402.52,11,0.47,4.4,2026-07-14
CUST_01197,Vivek Pandey,39,Female,Coimbatore,Tamil Nadu,2026-01-13,Laptops,424.79,6,0.76,4.8,2026-08-26
CUST_01198,Varun Kulkarni,38,Female,Coimbatore,Tamil Nadu,2026-03-19,Books,1558.93,12,2.08,4.7,2026-06-21
CUST_01199,Aditi Kapoor,29,Female,Pune,Maharashtra,2024-09-29,Laptops,1600.61,12,0.51,4.7,2026-07-14
CUST_01200,Aakanksha Iyer,34,Female,Mumbai,Maharashtra,2025-03-26,Books,5483.34,8,0.45,4.4,2026-07-13
CUST_01201,Ritu Singh,23,Other,Bengaluru,Karnataka,2024-12-12,Gaming,4367.02,15,0.71,4.7,2026-08-17
CUST_01202,Kavita Mehta,18,Female,Kochi,Kerala,2025-07-01,Electronics,3747.53,10,0.69,4.6,2026-08-07
CUST_01203,Suresh Joshi,27,Other,Visakhapatnam,Andhra Pradesh,2026-07-26,Accessories,1225.85,4,2.73,4.6,2026-07-28
CUST_01204,Nikhil Kulkarni,32,Male,Indore,Madhya Pradesh,2025-01-11,Kitchen,2346.25,14,0.69,4.1,2026-07-23
CUST_01205,Simran Bose,46,Other,Coimbatore,Tamil Nadu,2025-06-11,Gaming,804.23,2,0.13,4.0,2026-07-14
CUST_01206,Suresh Reddy,18,Female,Jaipur,Rajasthan,2025-04-16,Gaming,10174.52,5,0.29,3.9,2026-08-17
CUST_01207,Pallavi Sen,18,Other,Guwahati,Assam,2025-02-22,Electronics,7933.76,7,0.37,5.0,2026-09-03
CUST_01208,Ritu Verma,36,Male,Bengaluru,Karnataka,2024-08-25,Home,559.83,4,0.16,4.5,2026-08-27
CUST_01209,Sunita Verma,40,Female,Bengaluru,Karnataka,2025-02-28,Electronics,783.04,7,0.38,3.8,2026-07-12
CUST_01210,Pooja Pandey,26,Female,Jaipur,Rajasthan,2026-02-10,Laptops,1131.82,8,1.14,4.0,2026-07-17
CUST_01211,Aakanksha Patel,34,Male,Bengaluru,Karnataka,2024-11-22,Grocery,0.0,0,0.0,0.0,
CUST_01212,Harsh Sen,30,Other,Kolkata,West Bengal,2025-10-28,Electronics,1300.08,14,1.33,4.9,2026-07-15
CUST_01213,Divya Sharma,38,Male,Guwahati,Assam,2024-08-20,Footwear,0.0,0,0.0,0.0,
CUST_01214,Vikram Menon,47,Male,Jaipur,Rajasthan,2026-02-17,Books,2809.59,2,0.3,4.4,2026-07-10
CUST_01215,Ritu Choudhury,19,Male,Chennai,Tamil Nadu,2025-02-19,Gaming,457.37,4,0.21,4.7,2026-08-07
CUST_01216,Gaurav Pandey,26,Male,Jaipur,Rajasthan,2025-03-12,Beauty,1561.3,2,0.11,4.3,2026-07-05
CUST_01217,Priya Joshi,27,Male,Kolkata,West Bengal,2026-07-01,Accessories,1107.97,10,4.35,4.8,2026-08-19
CUST_01218,Divya Pandey,33,Other,Kochi,Kerala,2025-01-09,Electronics,2808.47,12,0.59,3.9,2026-07-10
CUST_01219,Sneha Kulkarni,21,Male,Ahmedabad,Gujarat,2026-03-07,Fashion,2064.43,3,0.49,5.0,2026-08-30
CUST_01220,Amit Sharma,37,Female,Coimbatore,Tamil Nadu,2025-02-24,Personal Care,2758.79,17,0.91,4.7,2026-06-13
CUST_01221,Sunita Kapoor,39,Other,Indore,Madhya Pradesh,2025-02-28,Grocery,1073.66,12,0.65,4.9,2026-06-17
CUST_01222,Abhishek Pillai,48,Other,Patna,Bihar,2024-08-14,Mobiles,3070.04,16,0.64,4.3,2026-08-06
CUST_01223,Varun Kumar,31,Other,Visakhapatnam,Andhra Pradesh,2026-04-12,Grocery,2724.86,3,0.6,3.7,2026-08-12
CUST_01224,Ritu Mishra,43,Female,Hyderabad,Telangana,2024-12-09,Kitchen,1458.47,9,0.42,4.1,2026-07-21
CUST_01225,Ritu Sharma,40,Female,Visakhapatnam,Andhra Pradesh,2026-01-28,Books,9430.57,2,0.27,4.2,2026-08-11
CUST_01226,Pooja Das,35,Other,Chennai,Tamil Nadu,2024-10-24,Laptops,2173.26,12,0.53,3.9,2026-07-19
CUST_01227,Aditi Saxena,47,Male,Coimbatore,Tamil Nadu,2025-12-04,Gaming,1222.84,22,2.37,4.3,2026-07-18
CUST_01228,Isha Rao,26,Male,Coimbatore,Tamil Nadu,2026-04-08,Accessories,3730.73,17,3.33,3.9,2026-09-01
CUST_01229,Pooja Saxena,34,Other,Hyderabad,Telangana,2025-10-21,Beauty,800.84,5,0.47,4.1,2026-09-01
CUST_01230,Sanjay Saxena,36,Other,Bhopal,Madhya Pradesh,2026-06-01,Sports,667.41,11,3.33,4.7,2026-07-24
CUST_01231,Sunita Chopra,30,Male,Visakhapatnam,Andhra Pradesh,2026-06-11,Kitchen,794.2,8,2.7,3.9,2026-07-27
CUST_01232,Deepak Kumar,28,Male,Hyderabad,Telangana,2026-03-23,Gaming,1531.01,12,2.13,3.6,2026-08-31
CUST_01233,Kavita Sen,18,Other,Kochi,Kerala,2026-07-26,Furniture,13113.76,18,12.27,4.1,2026-08-13
CUST_01234,Preeti Das,28,Female,Guwahati,Assam,2025-09-19,Mobiles,1991.78,11,0.93,3.7,2026-07-22
CUST_01235,Aakanksha Agarwal,42,Male,Coimbatore,Tamil Nadu,2024-07-04,Personal Care,2020.01,14,0.53,4.7,2026-07-14
CUST_01236,Rohan Deshmukh,33,Other,Patna,Bihar,2025-03-19,Books,3216.09,1,0.06,4.9,2026-08-19
CUST_01237,Sanjay Iyer,28,Other,Coimbatore,Tamil Nadu,2024-07-31,Fashion,4533.23,13,0.51,3.8,2026-08-20
CUST_01238,Arjun Patel,43,Other,Indore,Madhya Pradesh,2025-11-10,Electronics,1592.27,16,1.59,3.7,2026-08-10
CUST_01239,Deepika Sharma,32,Male,Pune,Maharashtra,2025-06-17,Beauty,1499.48,7,0.47,4.7,2026-07-16
CUST_01240,Pooja Bose,29,Other,Patna,Bihar,2025-12-01,Accessories,2262.51,4,0.43,5.0,2026-09-07
CUST_01241,Karan Pandey,33,Male,Jaipur,Rajasthan,2024-08-05,Books,2967.14,21,0.82,3.9,2026-08-30
CUST_01242,Karan Trivedi,32,Other,Visakhapatnam,Andhra Pradesh,2026-04-25,Personal Care,4002.59,1,0.22,4.2,2026-06-14
CUST_01243,Meera Bhatia,49,Other,Kochi,Kerala,2025-04-26,Personal Care,1262.77,8,0.48,4.4,2026-06-26
CUST_01244,Meera Sen,40,Other,Chandigarh,Punjab,2025-02-26,Accessories,6893.92,6,0.32,4.6,2026-06-14
CUST_01245,Pallavi Malhotra,32,Other,Jaipur,Rajasthan,2024-12-19,Laptops,3869.79,2,0.1,4.7,2026-08-10
CUST_01246,Swati Chopra,32,Female,Chandigarh,Punjab,2025-03-16,Sports,1837.06,7,0.39,5.0,2026-07-06
CUST_01247,Tanvi Verma,34,Other,Lucknow,Uttar Pradesh,2025-11-29,Home,2024.21,3,0.32,4.4,2026-08-20
CUST_01248,Suresh Saxena,33,Male,Coimbatore,Tamil Nadu,2026-03-16,Gaming,3166.8,1,0.17,4.4,2026-06-10
CUST_01249,Ritu Bose,32,Other,Indore,Madhya Pradesh,2025-06-16,Kitchen,1611.12,9,0.6,3.7,2026-07-31
CUST_01250,Karan Bhatia,18,Female,Bengaluru,Karnataka,2025-10-02,Fashion,8928.8,5,0.44,4.2,2026-07-14
CUST_01251,Swati Singh,31,Female,Visakhapatnam,Andhra Pradesh,2026-07-19,Personal Care,663.97,11,6.47,3.8,2026-08-15
CUST_01252,Divya Chopra,29,Female,Indore,Madhya Pradesh,2024-12-25,Kitchen,1326.25,2,0.1,4.2,2026-07-18
CUST_01253,Divya Nair,44,Male,Guwahati,Assam,2026-03-04,Books,8639.96,5,0.8,4.4,2026-08-18
CUST_01254,Pallavi Joshi,35,Male,Hyderabad,Telangana,2026-05-27,Beauty,2659.76,3,0.87,3.8,2026-09-06
CUST_01255,Swati Chopra,31,Male,Chennai,Tamil Nadu,2026-06-28,Mobiles,1016.66,2,0.83,3.8,2026-07-09
CUST_01256,Amit Nair,29,Female,Kochi,Kerala,2024-10-06,Kitchen,0.0,0,0.0,0.0,
CUST_01257,Rohan Kumar,28,Female,Chandigarh,Punjab,2026-05-09,Electronics,2099.31,5,1.23,3.7,2026-06-25
CUST_01258,Rohan Bhatia,33,Male,Pune,Maharashtra,2026-02-26,Beauty,2822.83,22,3.4,3.8,2026-07-07
CUST_01259,Pallavi Nair,30,Other,Surat,Gujarat,2026-06-07,Home,2736.02,7,2.26,3.7,2026-08-21
CUST_01260,Vivek Pandey,35,Female,Kolkata,West Bengal,2024-10-30,Footwear,1823.52,2,0.09,4.4,2026-07-06
CUST_01261,Rajesh Verma,28,Female,Chandigarh,Punjab,2024-10-08,Gaming,412.27,6,0.26,4.3,2026-06-11
CUST_01262,Nikhil Rao,20,Other,Lucknow,Uttar Pradesh,2025-10-23,Mobiles,800.86,15,1.41,4.7,2026-07-16
CUST_01263,Divya Pillai,37,Female,Chandigarh,Punjab,2026-01-16,Books,7533.16,7,0.89,3.8,2026-07-10
CUST_01264,Pooja Verma,46,Male,Delhi,Delhi,2024-12-26,Grocery,7386.72,2,0.1,3.8,2026-08-20
CUST_01265,Nikhil Singh,48,Male,Bengaluru,Karnataka,2025-11-03,Furniture,5163.31,8,0.78,4.0,2026-06-11
CUST_01266,Divya Kulkarni,28,Female,Bhopal,Madhya Pradesh,2025-06-26,Personal Care,921.02,1,0.07,4.5,2026-06-17
CUST_01267,Sunita Choudhury,43,Other,Lucknow,Uttar Pradesh,2024-08-23,Gaming,2087.03,5,0.2,4.5,2026-07-09
CUST_01268,Ritu Kumar,47,Female,Pune,Maharashtra,2025-08-31,Grocery,2836.39,3,0.24,3.6,2026-09-01
CUST_01269,Manish Joshi,18,Male,Visakhapatnam,Andhra Pradesh,2025-05-02,Electronics,691.18,13,0.79,4.2,2026-07-28
CUST_01270,Gaurav Choudhury,33,Other,Bhopal,Madhya Pradesh,2024-10-14,Home,3535.93,11,0.48,4.8,2026-06-27
CUST_01271,Sneha Sharma,31,Male,Jaipur,Rajasthan,2025-06-20,Laptops,2317.61,4,0.27,4.8,2026-07-07
CUST_01272,Meera Singh,29,Male,Chennai,Tamil Nadu,2025-12-17,Personal Care,1383.75,19,2.15,4.9,2026-08-03
CUST_01273,Sneha Bose,18,Male,Mumbai,Maharashtra,2024-11-11,Fashion,1828.01,8,0.36,4.7,2026-07-26
CUST_01274,Ritu Iyer,34,Male,Hyderabad,Telangana,2025-04-12,Personal Care,637.09,5,0.29,3.8,2026-08-11
CUST_01275,Deepak Reddy,18,Other,Indore,Madhya Pradesh,2025-02-24,Kitchen,3646.74,1,0.05,4.7,2026-07-14
CUST_01276,Rohan Das,43,Other,Patna,Bihar,2025-02-05,Laptops,5343.37,9,0.47,5.0,2026-07-01
CUST_01277,Isha Verma,18,Female,Chandigarh,Punjab,2026-08-01,Footwear,1843.09,15,11.84,4.5,2026-08-01
CUST_01278,Vikram Chopra,46,Female,Coimbatore,Tamil Nadu,2024-12-04,Kitchen,553.48,8,0.37,4.8,2026-07-29
CUST_01279,Suresh Das,18,Female,Lucknow,Uttar Pradesh,2024-10-21,Personal Care,2595.88,3,0.13,4.5,2026-08-09
CUST_01280,Pallavi Reddy,25,Female,Jaipur,Rajasthan,2026-08-15,Gaming,2953.31,4,4.0,3.9,2026-09-06
CUST_01281,Nikhil Shah,28,Female,Mumbai,Maharashtra,2025-06-05,Sports,3859.53,2,0.13,4.7,2026-08-29
CUST_01282,Shweta Kapoor,42,Other,Bhopal,Madhya Pradesh,2026-08-03,Grocery,4355.13,4,3.33,4.3,2026-09-04
CUST_01283,Pallavi Mehta,50,Other,Nagpur,Maharashtra,2025-10-29,Grocery,0.0,0,0.0,0.0,
CUST_01284,Divya Trivedi,37,Female,Nagpur,Maharashtra,2024-08-06,Personal Care,2392.88,12,0.47,4.4,2026-08-16
CUST_01285,Arjun Sharma,32,Other,Bhopal,Madhya Pradesh,2026-05-30,Personal Care,5026.05,13,3.86,3.9,2026-06-17
CUST_01286,Akash Sharma,38,Male,Chennai,Tamil Nadu,2024-07-13,Fashion,2041.78,4,0.15,4.5,2026-08-17
CUST_01287,Manish Bose,29,Male,Bhopal,Madhya Pradesh,2026-01-23,Gaming,1208.24,5,0.66,3.7,2026-07-23
CUST_01288,Rajesh Nair,27,Other,Nagpur,Maharashtra,2024-11-03,Gaming,527.62,3,0.13,5.0,2026-08-29
CUST_01289,Ananya Pandey,38,Male,Ahmedabad,Gujarat,2026-06-13,Home,4752.35,13,4.48,3.8,2026-08-16
CUST_01290,Nikhil Iyer,42,Male,Surat,Gujarat,2025-02-18,Beauty,1764.44,10,0.53,3.8,2026-07-04
CUST_01291,Preeti Reddy,29,Male,Kochi,Kerala,2026-05-17,Laptops,2646.91,6,1.58,4.1,2026-08-16
CUST_01292,Arjun Kapoor,35,Female,Mumbai,Maharashtra,2024-11-22,Fashion,0.0,0,0.0,0.0,
CUST_01293,Vikram Kumar,18,Male,Chandigarh,Punjab,2026-03-08,Fashion,12388.65,9,1.47,5.0,2026-07-08
CUST_01294,Abhishek Sharma,30,Female,Indore,Madhya Pradesh,2024-07-06,Accessories,1279.51,13,0.49,4.7,2026-08-25
CUST_01295,Tanvi Mehta,29,Male,Pune,Maharashtra,2024-11-22,Home,615.16,12,0.55,4.6,2026-06-24
CUST_01296,Vikram Choudhury,24,Male,Visakhapatnam,Andhra Pradesh,2025-01-26,Mobiles,8804.0,19,0.97,4.1,2026-07-20
CUST_01297,Ritu Mehta,39,Male,Delhi,Delhi,2025-05-13,Personal Care,1549.5,7,0.43,4.4,2026-09-07
CUST_01298,Aditi Deshmukh,27,Female,Chandigarh,Punjab,2025-06-20,Mobiles,1094.98,2,0.13,4.8,2026-07-29
CUST_01299,Neha Singh,41,Male,Guwahati,Assam,2025-03-04,Kitchen,1156.65,1,0.05,3.8,2026-06-24
CUST_01300,Simran Kapoor,18,Other,Chandigarh,Punjab,2026-04-19,Footwear,569.67,2,0.42,4.0,2026-06-18
CUST_01301,Deepika Kapoor,23,Female,Lucknow,Uttar Pradesh,2026-07-11,Home,7767.39,2,1.02,4.9,2026-09-04
CUST_01302,Amit Kulkarni,43,Female,Indore,Madhya Pradesh,2026-03-16,Fashion,1587.22,7,1.19,4.8,2026-07-26
CUST_01303,Vikram Malhotra,35,Female,Bengaluru,Karnataka,2025-03-27,Personal Care,3728.58,9,0.51,4.2,2026-07-31
CUST_01304,Aditi Nair,22,Female,Kolkata,West Bengal,2024-08-21,Mobiles,5999.88,1,0.04,4.9,2026-08-21
CUST_01305,Vivek Bhatia,59,Male,Kochi,Kerala,2026-04-25,Furniture,4227.63,1,0.22,4.7,2026-08-05
CUST_01306,Gaurav Saxena,29,Male,Kolkata,West Bengal,2025-01-06,Mobiles,2205.41,3,0.15,4.7,2026-06-25
CUST_01307,Suresh Verma,49,Female,Lucknow,Uttar Pradesh,2024-07-02,Books,1489.48,2,0.08,4.9,2026-06-29
CUST_01308,Pranav Nair,27,Other,Lucknow,Uttar Pradesh,2026-05-09,Fashion,415.71,18,4.43,4.0,2026-09-02
CUST_01309,Varun Patel,32,Other,Chandigarh,Punjab,2025-11-17,Grocery,2385.37,2,0.2,3.7,2026-08-21
CUST_01310,Pallavi Sharma,21,Male,Visakhapatnam,Andhra Pradesh,2026-07-07,Gaming,731.96,14,6.67,4.1,2026-07-18
CUST_01311,Pranav Gupta,18,Female,Kolkata,West Bengal,2024-12-22,Fashion,462.74,3,0.14,4.1,2026-08-28
CUST_01312,Sneha Sen,36,Other,Hyderabad,Telangana,2024-11-12,Electronics,0.0,0,0.0,0.0,
CUST_01313,Akash Mehta,24,Other,Chennai,Tamil Nadu,2026-02-27,Personal Care,2709.05,5,0.78,3.6,2026-07-17
CUST_01314,Aakanksha Saxena,24,Female,Patna,Bihar,2024-08-02,Sports,13918.23,8,0.31,4.4,2026-07-06
CUST_01315,Priya Bose,30,Male,Guwahati,Assam,2024-10-06,Grocery,798.26,11,0.47,4.8,2026-08-14
CUST_01316,Rajesh Rao,18,Male,Indore,Madhya Pradesh,2024-12-23,Fashion,1709.14,10,0.48,4.0,2026-06-25
CUST_01317,Divya Bhatia,35,Male,Bhopal,Madhya Pradesh,2025-12-01,Electronics,1170.4,10,1.07,5.0,2026-09-07
CUST_01318,Tanvi Agarwal,26,Male,Jaipur,Rajasthan,2024-09-11,Footwear,5169.18,7,0.29,3.9,2026-06-26
CUST_01319,Pallavi Gupta,22,Other,Ahmedabad,Gujarat,2026-04-06,Accessories,2094.67,1,0.19,5.0,2026-08-09
CUST_01320,Rohan Choudhury,19,Male,Indore,Madhya Pradesh,2026-04-05,Gaming,930.7,6,1.15,4.9,2026-08-03
CUST_01321,Harsh Sharma,32,Other,Pune,Maharashtra,2024-08-15,Grocery,6932.56,2,0.08,3.6,2026-06-10
CUST_01322,Rahul Iyer,30,Male,Coimbatore,Tamil Nadu,2026-03-25,Gaming,2525.83,7,1.26,4.7,2026-06-17
CUST_01323,Ritu Iyer,43,Female,Indore,Madhya Pradesh,2024-10-13,Books,458.98,6,0.26,4.5,2026-07-13
CUST_01324,Pooja Mehta,26,Female,Kochi,Kerala,2026-02-08,Home,1083.82,11,1.56,4.3,2026-07-07
CUST_01325,Shweta Bose,26,Male,Jaipur,Rajasthan,2026-08-16,Mobiles,1820.8,12,12.0,3.8,2026-08-24
CUST_01326,Priya Choudhury,35,Female,Surat,Gujarat,2025-10-27,Books,1550.6,2,0.19,3.8,2026-07-17
CUST_01327,Rajesh Singh,28,Female,Jaipur,Rajasthan,2026-02-19,Gaming,588.32,16,2.39,4.3,2026-09-06
CUST_01328,Aakanksha Patel,30,Other,Coimbatore,Tamil Nadu,2025-08-28,Personal Care,7458.19,10,0.8,3.9,2026-06-17
CUST_01329,Arjun Kulkarni,38,Female,Visakhapatnam,Andhra Pradesh,2025-07-16,Accessories,459.5,5,0.36,4.3,2026-08-18
CUST_01330,Nikhil Saxena,27,Male,Mumbai,Maharashtra,2025-12-22,Footwear,2734.38,11,1.27,3.9,2026-07-20
CUST_01331,Sunita Malhotra,20,Other,Chennai,Tamil Nadu,2026-04-29,Gaming,5895.69,5,1.14,4.3,2026-07-22
CUST_01332,Rahul Reddy,27,Other,Surat,Gujarat,2025-10-06,Accessories,1290.59,18,1.6,3.7,2026-09-05
CUST_01333,Rahul Shah,49,Female,Jaipur,Rajasthan,2025-12-12,Personal Care,3718.93,1,0.11,4.3,2026-06-19
CUST_01334,Aakanksha Sharma,35,Male,Mumbai,Maharashtra,2025-09-18,Accessories,9022.48,18,1.52,4.1,2026-06-27
CUST_01335,Akash Mehta,40,Male,Hyderabad,Telangana,2024-07-30,Personal Care,1483.0,9,0.35,4.0,2026-07-15
CUST_01336,Shweta Agarwal,32,Male,Indore,Madhya Pradesh,2024-10-03,Home,2526.95,8,0.34,4.1,2026-08-26
CUST_01337,Preeti Mehta,29,Male,Chandigarh,Punjab,2026-07-04,Kitchen,11040.39,7,3.18,4.3,2026-07-24
CUST_01338,Divya Kapoor,23,Female,Visakhapatnam,Andhra Pradesh,2025-12-29,Electronics,8212.46,19,2.25,3.6,2026-06-28
CUST_01339,Vikram Gupta,43,Other,Chennai,Tamil Nadu,2025-12-26,Electronics,2506.25,11,1.29,3.9,2026-09-02
CUST_01340,Varun Kapoor,18,Other,Bengaluru,Karnataka,2026-05-06,Accessories,2068.63,13,3.12,3.9,2026-08-21
CUST_01341,Kavita Mehta,39,Female,Hyderabad,Telangana,2026-07-13,Accessories,1831.33,5,2.63,4.9,2026-09-07
CUST_01342,Varun Gupta,28,Female,Patna,Bihar,2025-05-16,Footwear,1436.01,6,0.38,4.1,2026-08-27
CUST_01343,Divya Bhatia,18,Male,Bengaluru,Karnataka,2025-12-06,Books,3135.2,6,0.65,4.3,2026-09-02
CUST_01344,Shweta Kapoor,32,Male,Mumbai,Maharashtra,2025-04-05,Beauty,1311.13,7,0.4,4.8,2026-07-17
CUST_01345,Rahul Patel,43,Other,Patna,Bihar,2025-12-28,Books,2144.99,15,1.77,4.2,2026-09-07
CUST_01346,Abhishek Trivedi,18,Female,Coimbatore,Tamil Nadu,2025-01-27,Fashion,467.91,5,0.25,4.6,2026-09-04
CUST_01347,Harsh Sharma,36,Other,Jaipur,Rajasthan,2026-02-03,Furniture,1354.69,2,0.28,3.9,2026-08-18
CUST_01348,Rohan Choudhury,46,Male,Pune,Maharashtra,2026-01-17,Books,5694.65,5,0.64,4.0,2026-08-22
CUST_01349,Priya Deshmukh,20,Female,Ahmedabad,Gujarat,2024-11-24,Mobiles,1957.05,10,0.46,3.8,2026-09-03
CUST_01350,Kavita Rao,36,Other,Lucknow,Uttar Pradesh,2024-09-15,Laptops,15598.77,11,0.46,4.6,2026-08-19
CUST_01351,Karan Chopra,31,Female,Mumbai,Maharashtra,2026-02-25,Gaming,737.5,14,2.15,4.3,2026-09-03
CUST_01352,Varun Gupta,23,Male,Kolkata,West Bengal,2026-01-15,Electronics,5754.0,3,0.38,4.2,2026-08-19
CUST_01353,Swati Shah,36,Other,Kolkata,West Bengal,2025-11-20,Books,788.01,4,0.41,3.8,2026-07-12
CUST_01354,Vivek Kapoor,33,Other,Patna,Bihar,2026-01-11,Laptops,815.89,13,1.62,3.8,2026-07-15
CUST_01355,Nikhil Reddy,41,Female,Jaipur,Rajasthan,2024-12-07,Fashion,1791.82,1,0.05,3.9,2026-09-05
CUST_01356,Rajesh Joshi,48,Other,Coimbatore,Tamil Nadu,2026-05-18,Home,1136.1,2,0.53,3.8,2026-06-11
CUST_01357,Priya Shah,43,Other,Nagpur,Maharashtra,2026-04-26,Grocery,1659.65,17,3.78,4.9,2026-07-19
CUST_01358,Pallavi Kulkarni,18,Other,Chennai,Tamil Nadu,2026-06-26,Fashion,3004.59,5,2.03,4.8,2026-07-01
CUST_01359,Amit Shah,22,Male,Surat,Gujarat,2024-12-06,Mobiles,3906.13,3,0.14,4.4,2026-08-08
CUST_01360,Neha Iyer,31,Other,Nagpur,Maharashtra,2026-05-16,Books,3586.11,11,2.87,4.1,2026-08-05
CUST_01361,Amit Mishra,42,Male,Delhi,Delhi,2025-06-08,Mobiles,435.48,17,1.12,3.8,2026-08-12
CUST_01362,Suresh Kulkarni,25,Other,Bengaluru,Karnataka,2025-03-07,Gaming,2291.64,8,0.44,4.2,2026-06-20
CUST_01363,Swati Choudhury,25,Other,Nagpur,Maharashtra,2026-05-29,Fashion,640.64,6,1.76,3.8,2026-07-11
CUST_01364,Shweta Pandey,35,Female,Mumbai,Maharashtra,2026-07-17,Kitchen,1067.57,3,1.7,3.6,2026-07-20
CUST_01365,Aditi Pandey,37,Other,Mumbai,Maharashtra,2026-05-26,Books,737.1,7,2.0,4.7,2026-08-17
CUST_01366,Pallavi Patel,31,Male,Pune,Maharashtra,2025-04-14,Electronics,0.0,0,0.0,0.0,
CUST_01367,Nikhil Pillai,43,Other,Kochi,Kerala,2026-06-22,Books,2705.82,3,1.15,5.0,2026-08-19
CUST_01368,Gaurav Joshi,38,Other,Hyderabad,Telangana,2025-03-21,Kitchen,3041.12,8,0.45,4.0,2026-08-01
CUST_01369,Neha Kapoor,21,Male,Guwahati,Assam,2024-10-04,Fashion,3518.23,17,0.72,4.3,2026-08-02
CUST_01370,Vikram Singh,44,Male,Lucknow,Uttar Pradesh,2025-03-24,Home,1914.91,2,0.11,4.1,2026-07-29
CUST_01371,Rohan Malhotra,41,Female,Coimbatore,Tamil Nadu,2026-07-24,Books,432.2,1,0.65,3.7,2026-07-31
CUST_01372,Manish Saxena,24,Male,Indore,Madhya Pradesh,2025-08-31,Fashion,3151.31,11,0.88,4.1,2026-08-27
CUST_01373,Aakanksha Reddy,29,Other,Chennai,Tamil Nadu,2025-07-01,Kitchen,3960.95,23,1.59,3.8,2026-06-27
CUST_01374,Varun Singh,36,Female,Surat,Gujarat,2025-12-29,Furniture,10223.72,7,0.83,4.5,2026-07-22
CUST_01375,Ritu Nair,36,Male,Patna,Bihar,2025-07-31,Mobiles,4770.8,1,0.07,4.6,2026-06-29
CUST_01376,Akash Verma,31,Female,Pune,Maharashtra,2025-12-16,Gaming,1006.07,9,1.02,4.8,2026-06-22
CUST_01377,Sunita Das,33,Other,Kochi,Kerala,2026-08-02,Grocery,2343.58,3,2.43,3.7,2026-08-30
CUST_01378,Shweta Pillai,32,Male,Hyderabad,Telangana,2025-07-14,Gaming,1004.07,9,0.64,3.8,2026-07-02
CUST_01379,Sunita Trivedi,41,Other,Mumbai,Maharashtra,2025-11-25,Laptops,3027.11,10,1.05,3.8,2026-06-17
CUST_01380,Akash Chopra,36,Male,Surat,Gujarat,2026-02-02,Laptops,1325.86,18,2.48,4.3,2026-08-14
CUST_01381,Vikram Joshi,18,Female,Ahmedabad,Gujarat,2026-03-14,Mobiles,3911.68,2,0.34,4.6,2026-08-20
CUST_01382,Preeti Deshmukh,18,Female,Kolkata,West Bengal,2025-03-03,Footwear,5320.29,14,0.76,4.0,2026-07-17
CUST_01383,Aditi Shah,44,Female,Chennai,Tamil Nadu,2025-08-07,Laptops,4212.34,14,1.06,3.7,2026-08-11
CUST_01384,Manish Patel,18,Female,Delhi,Delhi,2025-07-16,Footwear,10320.29,5,0.36,4.1,2026-06-19
CUST_01385,Abhishek Menon,29,Female,Lucknow,Uttar Pradesh,2026-07-07,Personal Care,2783.56,2,0.95,4.7,2026-08-13
CUST_01386,Ritu Iyer,35,Other,Kolkata,West Bengal,2025-10-23,Gaming,2118.94,6,0.56,4.5,2026-09-05
CUST_01387,Akash Joshi,18,Female,Bhopal,Madhya Pradesh,2025-11-06,Home,5408.8,9,0.88,4.4,2026-07-04
CUST_01388,Aakanksha Malhotra,38,Male,Ahmedabad,Gujarat,2024-08-01,Furniture,417.1,2,0.08,3.9,2026-07-22
CUST_01389,Deepak Malhotra,33,Male,Jaipur,Rajasthan,2025-09-14,Books,5153.02,3,0.25,4.5,2026-07-10
CUST_01390,Priya Deshmukh,32,Other,Chandigarh,Punjab,2026-07-12,Footwear,1186.2,9,4.66,4.5,2026-07-26
CUST_01391,Rajesh Shah,27,Male,Pune,Maharashtra,2026-01-18,Footwear,5363.77,10,1.29,4.8,2026-08-14
CUST_01392,Manish Agarwal,28,Female,Hyderabad,Telangana,2025-07-11,Gaming,1799.84,3,0.21,4.7,2026-08-20
CUST_01393,Neha Gupta,37,Other,Guwahati,Assam,2025-05-11,Laptops,615.79,12,0.74,4.4,2026-08-23
CUST_01394,Vivek Mehta,37,Male,Patna,Bihar,2026-05-18,Personal Care,979.01,5,1.33,3.9,2026-07-06
CUST_01395,Tanvi Sen,19,Female,Ahmedabad,Gujarat,2026-07-10,Personal Care,4808.0,10,5.0,3.6,2026-07-15
CUST_01396,Vikram Patel,46,Other,Surat,Gujarat,2025-03-29,Kitchen,2907.89,8,0.45,3.7,2026-07-20
CUST_01397,Deepak Pandey,20,Female,Nagpur,Maharashtra,2024-08-12,Mobiles,1452.83,1,0.04,4.9,2026-09-06
CUST_01398,Kavita Mishra,36,Male,Mumbai,Maharashtra,2024-12-27,Laptops,661.76,3,0.15,4.7,2026-07-27
CUST_01399,Ananya Kapoor,30,Male,Guwahati,Assam,2025-03-01,Personal Care,697.78,1,0.05,4.6,2026-08-07
CUST_01400,Meera Chopra,24,Other,Visakhapatnam,Andhra Pradesh,2025-11-22,Beauty,3574.56,14,1.45,3.8,2026-06-23
CUST_01401,Varun Trivedi,29,Male,Guwahati,Assam,2024-09-22,Gaming,9978.71,3,0.13,4.1,2026-07-19
CUST_01402,Abhishek Singh,40,Male,Bengaluru,Karnataka,2025-10-05,Gaming,0.0,0,0.0,0.0,
CUST_01403,Ananya Pandey,34,Other,Patna,Bihar,2025-10-30,Beauty,0.0,0,0.0,0.0,
CUST_01404,Pranav Nair,22,Male,Ahmedabad,Gujarat,2025-07-09,Footwear,4933.44,13,0.92,4.8,2026-07-26
CUST_01405,Pallavi Singh,33,Female,Pune,Maharashtra,2026-02-26,Accessories,6371.17,5,0.77,4.4,2026-08-11
CUST_01406,Deepak Singh,34,Male,Ahmedabad,Gujarat,2025-05-14,Sports,2649.64,5,0.31,4.1,2026-07-27
CUST_01407,Vikram Patel,18,Female,Delhi,Delhi,2024-09-06,Footwear,1314.79,10,0.41,4.3,2026-08-22
CUST_01408,Varun Choudhury,36,Male,Kochi,Kerala,2024-11-12,Personal Care,807.3,1,0.05,3.9,2026-07-26
CUST_01409,Tanvi Bose,35,Female,Delhi,Delhi,2025-03-06,Books,1169.61,3,0.16,4.6,2026-08-24
CUST_01410,Swati Menon,21,Male,Delhi,Delhi,2026-02-03,Fashion,585.78,4,0.55,4.8,2026-07-03
CUST_01411,Ritu Joshi,49,Female,Guwahati,Assam,2026-05-21,Home,3576.02,4,1.09,3.8,2026-07-20
CUST_01412,Isha Patel,35,Female,Pune,Maharashtra,2026-05-09,Books,3710.15,4,0.98,4.0,2026-08-11
CUST_01413,Meera Rao,30,Male,Bhopal,Madhya Pradesh,2025-03-16,Laptops,422.05,4,0.22,4.4,2026-07-14
CUST_01414,Simran Sen,39,Female,Bhopal,Madhya Pradesh,2025-01-22,Kitchen,1485.03,8,0.4,3.9,2026-06-20
CUST_01415,Aakanksha Mishra,33,Female,Lucknow,Uttar Pradesh,2024-07-13,Electronics,4434.79,2,0.08,3.9,2026-08-24
CUST_01416,Sunita Sharma,23,Other,Coimbatore,Tamil Nadu,2026-02-02,Books,4108.6,11,1.51,3.9,2026-07-31
CUST_01417,Sunita Choudhury,45,Other,Chennai,Tamil Nadu,2025-06-28,Books,5461.22,1,0.07,3.9,2026-08-11
CUST_01418,Ritu Bhatia,32,Other,Hyderabad,Telangana,2026-06-26,Personal Care,1238.89,1,0.41,4.2,2026-07-22
CUST_01419,Aditi Bhatia,40,Male,Surat,Gujarat,2025-08-07,Mobiles,2109.71,2,0.15,4.0,2026-08-01
CUST_01420,Sneha Trivedi,41,Male,Coimbatore,Tamil Nadu,2025-12-01,Footwear,734.8,4,0.43,4.7,2026-07-18
CUST_01421,Harsh Bhatia,33,Other,Bhopal,Madhya Pradesh,2024-11-18,Books,7697.49,20,0.91,4.0,2026-06-15
CUST_01422,Sunita Sen,29,Other,Guwahati,Assam,2024-07-17,Gaming,1423.03,18,0.69,4.8,2026-08-27
CUST_01423,Rajesh Singh,25,Other,Kochi,Kerala,2025-01-03,Beauty,2167.43,10,0.49,4.9,2026-06-18
CUST_01424,Divya Singh,21,Female,Patna,Bihar,2026-05-06,Mobiles,1702.14,11,2.64,4.7,2026-09-05
CUST_01425,Deepika Agarwal,41,Other,Pune,Maharashtra,2026-02-21,Home,1924.61,4,0.6,3.9,2026-08-25
CUST_01426,Suresh Nair,36,Male,Bhopal,Madhya Pradesh,2025-07-02,Furniture,1645.95,4,0.28,4.5,2026-07-17
CUST_01427,Aditi Kapoor,39,Female,Chennai,Tamil Nadu,2025-07-08,Laptops,949.78,2,0.14,4.7,2026-07-11
CUST_01428,Aditi Sen,47,Female,Kolkata,West Bengal,2024-07-13,Grocery,4892.61,6,0.23,4.4,2026-07-30
CUST_01429,Suresh Malhotra,18,Other,Ahmedabad,Gujarat,2025-09-20,Laptops,5156.45,12,1.02,3.9,2026-06-16
CUST_01430,Aakanksha Singh,25,Other,Nagpur,Maharashtra,2024-07-05,Gaming,2238.06,1,0.04,4.8,2026-08-02
CUST_01431,Abhishek Bose,18,Other,Hyderabad,Telangana,2026-03-27,Footwear,407.09,12,2.18,3.6,2026-07-26
CUST_01432,Pooja Joshi,39,Other,Kochi,Kerala,2025-02-08,Electronics,3045.24,6,0.31,4.5,2026-07-14
CUST_01433,Neha Pillai,23,Other,Indore,Madhya Pradesh,2025-01-10,Fashion,1913.3,10,0.5,4.2,2026-07-25
CUST_01434,Vikram Trivedi,29,Male,Mumbai,Maharashtra,2025-01-21,Footwear,1283.96,13,0.66,3.7,2026-07-15
CUST_01435,Pooja Menon,34,Male,Surat,Gujarat,2025-10-02,Home,6264.14,8,0.7,4.0,2026-08-23
CUST_01436,Arjun Menon,43,Female,Indore,Madhya Pradesh,2025-02-11,Kitchen,1539.14,5,0.26,4.4,2026-08-08
CUST_01437,Deepika Pandey,32,Other,Jaipur,Rajasthan,2024-11-16,Home,2862.1,3,0.14,4.8,2026-09-04
CUST_01438,Karan Chopra,37,Male,Mumbai,Maharashtra,2026-08-13,Sports,9299.58,12,12.0,4.1,2026-08-19
CUST_01439,Sanjay Patel,51,Male,Hyderabad,Telangana,2025-07-19,Books,645.52,6,0.43,3.7,2026-08-29
CUST_01440,Arjun Mishra,21,Other,Chandigarh,Punjab,2026-07-24,Fashion,912.86,4,2.61,4.1,2026-09-03
CUST_01441,Priya Bhatia,31,Other,Jaipur,Rajasthan,2026-05-29,Electronics,5670.99,6,1.76,4.4,2026-06-19
CUST_01442,Gaurav Verma,34,Female,Bhopal,Madhya Pradesh,2026-02-19,Grocery,1772.88,10,1.49,4.9,2026-06-25
CUST_01443,Varun Sen,26,Male,Delhi,Delhi,2024-08-02,Footwear,3403.84,13,0.51,4.5,2026-08-10
CUST_01444,Shweta Sharma,33,Female,Coimbatore,Tamil Nadu,2025-05-23,Books,4345.99,6,0.38,3.8,2026-07-19
CUST_01445,Nikhil Saxena,23,Male,Indore,Madhya Pradesh,2025-06-24,Footwear,3078.78,4,0.27,3.8,2026-06-23
CUST_01446,Aditi Kapoor,20,Male,Visakhapatnam,Andhra Pradesh,2024-08-07,Laptops,10540.54,13,0.51,4.9,2026-07-20
CUST_01447,Karan Agarwal,28,Other,Guwahati,Assam,2026-06-12,Personal Care,5261.82,1,0.34,4.2,2026-09-05
CUST_01448,Aakanksha Deshmukh,39,Other,Jaipur,Rajasthan,2026-06-12,Laptops,4072.01,2,0.68,3.9,2026-08-13
CUST_01449,Suresh Patel,18,Male,Chandigarh,Punjab,2025-08-18,Footwear,916.36,6,0.47,4.1,2026-08-13
CUST_01450,Tanvi Gupta,38,Female,Nagpur,Maharashtra,2026-05-30,Books,674.12,10,2.97,3.9,2026-09-06
CUST_01451,Karan Deshmukh,29,Male,Bengaluru,Karnataka,2024-12-10,Personal Care,2146.85,1,0.05,4.1,2026-09-07
CUST_01452,Suresh Menon,38,Female,Ahmedabad,Gujarat,2025-03-12,Electronics,10653.46,9,0.5,4.3,2026-08-22
CUST_01453,Pranav Agarwal,34,Female,Indore,Madhya Pradesh,2026-04-17,Sports,2629.23,11,2.29,4.2,2026-08-11
CUST_01454,Pranav Nair,19,Female,Jaipur,Rajasthan,2024-12-21,Electronics,0.0,0,0.0,0.0,
CUST_01455,Karan Pandey,26,Other,Chandigarh,Punjab,2026-07-02,Mobiles,521.2,3,1.32,4.0,2026-07-19
CUST_01456,Rohan Mishra,26,Male,Bhopal,Madhya Pradesh,2025-11-10,Kitchen,520.93,17,1.69,3.9,2026-09-01
CUST_01457,Kavita Deshmukh,18,Female,Hyderabad,Telangana,2025-07-08,Electronics,4858.52,18,1.26,3.8,2026-07-01
CUST_01458,Pooja Saxena,38,Female,Visakhapatnam,Andhra Pradesh,2024-10-05,Fashion,5953.13,8,0.34,3.7,2026-08-15
CUST_01459,Karan Sen,33,Male,Visakhapatnam,Andhra Pradesh,2024-12-24,Personal Care,3788.56,7,0.34,4.5,2026-08-25
CUST_01460,Manish Malhotra,18,Female,Kolkata,West Bengal,2025-01-10,Mobiles,1632.55,5,0.25,4.7,2026-07-07
CUST_01461,Vivek Das,27,Male,Bhopal,Madhya Pradesh,2025-12-25,Mobiles,1106.53,8,0.93,4.8,2026-08-24
CUST_01462,Sneha Kapoor,18,Other,Chandigarh,Punjab,2025-06-27,Footwear,0.0,0,0.0,0.0,
CUST_01463,Meera Shah,51,Other,Coimbatore,Tamil Nadu,2024-07-24,Furniture,3378.42,3,0.12,4.7,2026-07-06
CUST_01464,Pallavi Kapoor,18,Other,Bhopal,Madhya Pradesh,2025-07-03,Electronics,0.0,0,0.0,0.0,
CUST_01465,Isha Chopra,22,Other,Delhi,Delhi,2025-07-03,Electronics,3802.48,10,0.69,4.9,2026-08-08
CUST_01466,Aakanksha Menon,33,Male,Mumbai,Maharashtra,2025-08-11,Laptops,3061.44,1,0.08,4.4,2026-07-21
CUST_01467,Neha Deshmukh,49,Male,Kolkata,West Bengal,2026-01-02,Personal Care,1747.7,5,0.6,4.5,2026-07-28
CUST_01468,Neha Joshi,21,Other,Kochi,Kerala,2026-08-04,Electronics,1608.99,8,6.86,5.0,2026-08-04
CUST_01469,Rahul Deshmukh,30,Female,Indore,Madhya Pradesh,2025-01-13,Personal Care,1474.91,4,0.2,4.3,2026-08-29
CUST_01470,Sneha Patel,30,Other,Chennai,Tamil Nadu,2025-09-18,Electronics,2709.15,13,1.1,4.7,2026-07-11
CUST_01471,Rohan Kapoor,35,Other,Nagpur,Maharashtra,2024-09-20,Home,731.34,9,0.38,4.2,2026-08-08
CUST_01472,Vivek Kapoor,51,Female,Nagpur,Maharashtra,2026-08-03,Home,2755.43,8,6.67,4.8,2026-08-30
CUST_01473,Rohan Pandey,43,Female,Delhi,Delhi,2024-12-08,Personal Care,2392.32,3,0.14,4.8,2026-06-15
CUST_01474,Swati Choudhury,33,Other,Jaipur,Rajasthan,2025-03-18,Kitchen,2138.5,11,0.61,3.8,2026-06-17
CUST_01475,Vivek Iyer,43,Other,Guwahati,Assam,2025-03-13,Accessories,6770.03,3,0.17,3.7,2026-06-17
CUST_01476,Abhishek Das,19,Other,Nagpur,Maharashtra,2025-03-18,Fashion,3925.49,11,0.61,4.6,2026-09-03
CUST_01477,Nikhil Patel,28,Female,Kolkata,West Bengal,2025-12-22,Electronics,469.92,13,1.5,4.1,2026-07-12
CUST_01478,Arjun Kapoor,26,Other,Kolkata,West Bengal,2026-07-24,Kitchen,3712.34,21,13.7,4.1,2026-08-21
CUST_01479,Vikram Bhatia,28,Male,Coimbatore,Tamil Nadu,2025-03-31,Mobiles,3540.43,16,0.91,4.4,2026-07-20
CUST_01480,Preeti Agarwal,29,Female,Surat,Gujarat,2025-03-28,Beauty,1372.72,5,0.28,4.0,2026-08-22
CUST_01481,Harsh Mehta,25,Female,Delhi,Delhi,2024-10-30,Electronics,4157.33,9,0.4,4.3,2026-06-12
CUST_01482,Tanvi Sen,23,Male,Ahmedabad,Gujarat,2025-08-07,Grocery,930.01,2,0.15,4.0,2026-06-10
CUST_01483,Aditi Deshmukh,47,Female,Indore,Madhya Pradesh,2025-07-25,Kitchen,1147.89,12,0.88,4.2,2026-06-12
CUST_01484,Rohan Sharma,39,Other,Hyderabad,Telangana,2026-03-01,Kitchen,1495.75,2,0.31,3.8,2026-06-30
CUST_01485,Meera Pandey,23,Female,Jaipur,Rajasthan,2025-12-05,Electronics,1421.82,9,0.97,4.2,2026-07-02
CUST_01486,Pallavi Joshi,44,Male,Chennai,Tamil Nadu,2025-08-23,Home,2772.32,9,0.71,4.5,2026-08-15
CUST_01487,Amit Deshmukh,51,Other,Patna,Bihar,2025-11-17,Laptops,1505.44,14,1.42,4.8,2026-08-10
CUST_01488,Arjun Kapoor,25,Other,Hyderabad,Telangana,2025-09-05,Grocery,2396.77,10,0.82,4.0,2026-08-17
CUST_01489,Gaurav Kumar,29,Other,Chandigarh,Punjab,2024-08-10,Books,1796.68,19,0.75,4.9,2026-08-16
CUST_01490,Meera Joshi,42,Male,Patna,Bihar,2026-02-25,Beauty,1432.58,18,2.77,3.9,2026-06-24
CUST_01491,Suresh Iyer,38,Other,Guwahati,Assam,2024-09-16,Home,4011.0,8,0.33,3.9,2026-08-25
CUST_01492,Deepak Gupta,50,Other,Indore,Madhya Pradesh,2025-08-06,Mobiles,5637.91,9,0.68,4.9,2026-09-04
CUST_01493,Simran Malhotra,30,Female,Indore,Madhya Pradesh,2025-01-24,Grocery,890.58,9,0.46,4.5,2026-09-05
CUST_01494,Simran Menon,45,Other,Lucknow,Uttar Pradesh,2025-11-25,Books,3160.67,4,0.42,3.9,2026-09-07
CUST_01495,Preeti Gupta,20,Other,Surat,Gujarat,2025-01-06,Gaming,0.0,0,0.0,0.0,
CUST_01496,Ananya Trivedi,24,Female,Guwahati,Assam,2025-04-11,Mobiles,12799.87,3,0.17,3.9,2026-09-01
CUST_01497,Meera Agarwal,19,Male,Jaipur,Rajasthan,2026-07-12,Footwear,3331.87,1,0.52,4.1,2026-07-16
CUST_01498,Tanvi Nair,46,Male,Chandigarh,Punjab,2025-10-23,Grocery,506.07,9,0.84,4.1,2026-08-25
CUST_01499,Gaurav Mehta,23,Male,Pune,Maharashtra,2024-08-03,Grocery,1515.46,10,0.39,4.5,2026-07-23
CUST_01500,Kavita Mishra,31,Female,Visakhapatnam,Andhra Pradesh,2024-08-04,Electronics,9407.83,3,0.12,4.7,2026-08-08
CUST_01501,Nikhil Pandey,43,Female,Delhi,Delhi,2026-08-03,Grocery,1928.53,14,11.67,4.6,2026-08-29
CUST_01502,Rahul Nair,25,Male,Delhi,Delhi,2025-08-22,Gaming,13457.38,1,0.08,4.1,2026-07-11
CUST_01503,Aakanksha Gupta,27,Other,Patna,Bihar,2025-03-01,Books,2513.46,16,0.86,3.7,2026-06-28
CUST_01504,Amit Menon,20,Female,Mumbai,Maharashtra,2025-11-14,Gaming,670.04,7,0.7,3.9,2026-08-22
CUST_01505,Deepak Malhotra,25,Other,Kochi,Kerala,2025-07-04,Gaming,3085.11,1,0.07,4.9,2026-08-21
CUST_01506,Sunita Pillai,49,Female,Bhopal,Madhya Pradesh,2026-06-21,Footwear,677.82,12,4.56,4.3,2026-06-25
CUST_01507,Nikhil Kapoor,46,Female,Jaipur,Rajasthan,2025-10-18,Home,761.17,2,0.18,4.3,2026-08-21
CUST_01508,Meera Malhotra,23,Female,Jaipur,Rajasthan,2025-02-11,Accessories,1280.55,12,0.63,4.2,2026-06-24
CUST_01509,Ritu Pillai,18,Female,Guwahati,Assam,2025-10-29,Electronics,7310.6,6,0.57,3.8,2026-07-05
CUST_01510,Preeti Trivedi,26,Male,Bengaluru,Karnataka,2024-09-09,Fashion,2128.76,13,0.53,3.6,2026-07-27
CUST_01511,Aarav Saxena,25,Male,Delhi,Delhi,2026-03-13,Gaming,1593.42,11,1.84,4.5,2026-07-22
CUST_01512,Pallavi Sen,18,Male,Bengaluru,Karnataka,2025-12-20,Footwear,2424.76,6,0.69,4.8,2026-06-17
CUST_01513,Ananya Pillai,30,Female,Chandigarh,Punjab,2026-06-10,Furniture,484.65,7,2.33,4.1,2026-09-07
CUST_01514,Akash Verma,26,Other,Pune,Maharashtra,2024-11-09,Accessories,4648.71,14,0.63,4.6,2026-06-28
CUST_01515,Rahul Nair,30,Female,Lucknow,Uttar Pradesh,2025-03-05,Personal Care,800.34,16,0.87,4.4,2026-07-20
CUST_01516,Simran Singh,18,Female,Ahmedabad,Gujarat,2025-06-12,Mobiles,460.54,17,1.13,4.7,2026-06-18
CUST_01517,Rajesh Sen,27,Female,Chennai,Tamil Nadu,2024-07-16,Accessories,1181.18,3,0.11,4.1,2026-08-22
CUST_01518,Deepak Choudhury,18,Other,Kolkata,West Bengal,2025-08-07,Electronics,1730.18,6,0.45,4.9,2026-08-12
CUST_01519,Vikram Malhotra,21,Male,Kolkata,West Bengal,2024-08-25,Fashion,2281.37,3,0.12,3.9,2026-08-21
CUST_01520,Vikram Singh,39,Male,Guwahati,Assam,2026-03-26,Books,0.0,0,0.0,0.0,
CUST_01521,Deepika Bhatia,28,Male,Delhi,Delhi,2025-07-29,Electronics,2980.73,2,0.15,4.3,2026-08-27
CUST_01522,Varun Reddy,31,Female,Kolkata,West Bengal,2026-01-23,Home,515.58,13,1.71,3.6,2026-07-25
CUST_01523,Karan Menon,30,Female,Indore,Madhya Pradesh,2025-03-06,Mobiles,3057.08,4,0.22,4.2,2026-06-14
CUST_01524,Sneha Saxena,30,Female,Visakhapatnam,Andhra Pradesh,2025-05-01,Books,2698.52,12,0.73,4.6,2026-08-05
CUST_01525,Ritu Kapoor,35,Other,Jaipur,Rajasthan,2025-04-11,Beauty,4549.44,2,0.12,3.8,2026-07-21
CUST_01526,Harsh Verma,32,Female,Chennai,Tamil Nadu,2024-11-24,Laptops,1338.97,4,0.18,4.7,2026-07-04
CUST_01527,Isha Joshi,29,Other,Nagpur,Maharashtra,2025-12-16,Personal Care,1460.32,3,0.34,3.7,2026-07-19
CUST_01528,Sneha Kulkarni,27,Female,Hyderabad,Telangana,2024-10-28,Accessories,953.46,14,0.62,3.7,2026-08-16
CUST_01529,Kavita Mehta,34,Female,Pune,Maharashtra,2025-01-18,Fashion,3195.08,4,0.2,4.1,2026-09-04
CUST_01530,Sneha Singh,32,Other,Patna,Bihar,2024-11-28,Electronics,4189.75,5,0.23,4.8,2026-07-17
CUST_01531,Rahul Choudhury,18,Female,Chandigarh,Punjab,2024-10-15,Electronics,4858.96,2,0.09,4.0,2026-06-18
CUST_01532,Sunita Kapoor,31,Male,Ahmedabad,Gujarat,2026-03-02,Home,647.72,7,1.11,4.1,2026-06-16
CUST_01533,Divya Pillai,48,Other,Nagpur,Maharashtra,2026-01-23,Home,7127.53,12,1.58,4.9,2026-06-28
CUST_01534,Shweta Bose,29,Male,Visakhapatnam,Andhra Pradesh,2024-08-07,Accessories,1289.82,10,0.39,3.9,2026-07-06
CUST_01535,Tanvi Nair,34,Male,Mumbai,Maharashtra,2025-01-12,Sports,1201.4,7,0.35,4.8,2026-08-05
CUST_01536,Harsh Pillai,25,Female,Guwahati,Assam,2024-08-17,Mobiles,1513.42,1,0.04,4.9,2026-08-15
CUST_01537,Vivek Mishra,27,Other,Coimbatore,Tamil Nadu,2026-08-17,Footwear,560.88,1,1.0,3.8,2026-08-20
CUST_01538,Vikram Kumar,36,Male,Chandigarh,Punjab,2025-12-10,Personal Care,653.59,18,1.99,4.9,2026-07-02
CUST_01539,Ananya Mehta,46,Female,Chandigarh,Punjab,2026-03-31,Home,1628.39,11,2.05,3.8,2026-08-22
CUST_01540,Rahul Singh,37,Female,Indore,Madhya Pradesh,2024-08-03,Fashion,3857.6,1,0.04,3.9,2026-06-29
CUST_01541,Rohan Saxena,34,Male,Jaipur,Rajasthan,2024-07-01,Books,3175.3,11,0.41,4.7,2026-06-22
CUST_01542,Isha Malhotra,28,Other,Surat,Gujarat,2025-01-14,Books,9859.93,20,1.0,4.6,2026-07-25
CUST_01543,Ritu Deshmukh,46,Other,Kochi,Kerala,2026-02-11,Beauty,4988.31,3,0.43,4.3,2026-06-18
CUST_01544,Priya Pillai,30,Male,Pune,Maharashtra,2026-08-02,Electronics,940.38,7,5.68,3.9,2026-08-19
CUST_01545,Sanjay Sen,47,Male,Patna,Bihar,2025-01-09,Home,3657.73,5,0.25,4.2,2026-08-24
CUST_01546,Abhishek Mishra,18,Male,Pune,Maharashtra,2024-08-04,Personal Care,4144.9,4,0.16,4.7,2026-09-05
CUST_01547,Harsh Kumar,32,Other,Patna,Bihar,2024-07-13,Fashion,2851.86,7,0.27,3.6,2026-06-15
CUST_01548,Deepika Mehta,21,Female,Jaipur,Rajasthan,2024-10-19,Personal Care,6242.35,3,0.13,4.5,2026-08-31
CUST_01549,Arjun Trivedi,18,Male,Patna,Bihar,2025-06-20,Laptops,6451.11,12,0.81,3.9,2026-08-28
CUST_01550,Pallavi Chopra,38,Male,Guwahati,Assam,2026-04-24,Books,6388.84,7,1.53,3.7,2026-07-19
CUST_01551,Pooja Choudhury,25,Male,Hyderabad,Telangana,2026-01-19,Footwear,1218.63,6,0.78,4.8,2026-08-23
CUST_01552,Isha Bose,30,Female,Chennai,Tamil Nadu,2026-06-26,Personal Care,1041.04,1,0.41,3.8,2026-08-27
CUST_01553,Sanjay Joshi,42,Male,Chennai,Tamil Nadu,2026-02-15,Accessories,2942.88,3,0.44,4.5,2026-08-23
CUST_01554,Rohan Das,39,Male,Chandigarh,Punjab,2024-10-11,Mobiles,1223.8,24,1.03,3.9,2026-08-07
CUST_01555,Preeti Choudhury,36,Other,Pune,Maharashtra,2026-07-13,Accessories,6532.62,8,4.21,3.9,2026-08-02
CUST_01556,Sanjay Iyer,43,Male,Nagpur,Maharashtra,2026-08-06,Home,1192.32,6,5.45,4.5,2026-08-09
CUST_01557,Deepika Menon,33,Other,Hyderabad,Telangana,2026-03-19,Laptops,11399.12,6,1.04,3.7,2026-08-16
CUST_01558,Rajesh Sharma,20,Other,Indore,Madhya Pradesh,2024-11-17,Beauty,1315.29,5,0.23,4.8,2026-07-26
CUST_01559,Harsh Deshmukh,31,Female,Chennai,Tamil Nadu,2026-03-19,Laptops,1609.29,13,2.25,3.8,2026-07-21
CUST_01560,Pallavi Mehta,31,Other,Kochi,Kerala,2025-08-26,Fashion,2457.5,21,1.67,4.7,2026-08-30
CUST_01561,Aarav Pillai,34,Male,Patna,Bihar,2024-12-17,Books,736.45,6,0.29,4.7,2026-08-22
CUST_01562,Pallavi Chopra,18,Male,Hyderabad,Telangana,2025-12-28,Gaming,9408.42,11,1.3,3.8,2026-08-23
CUST_01563,Arjun Bose,25,Female,Nagpur,Maharashtra,2025-09-19,Electronics,662.47,10,0.85,4.0,2026-07-20
CUST_01564,Amit Mehta,28,Male,Jaipur,Rajasthan,2026-06-04,Home,1263.88,10,3.12,3.8,2026-09-04
CUST_01565,Akash Trivedi,35,Male,Bhopal,Madhya Pradesh,2026-04-15,Fashion,693.96,6,1.23,3.8,2026-06-21
CUST_01566,Suresh Kapoor,28,Female,Jaipur,Rajasthan,2026-06-19,Fashion,805.67,7,2.59,4.5,2026-06-23
CUST_01567,Nikhil Choudhury,25,Other,Bengaluru,Karnataka,2025-06-04,Mobiles,995.9,12,0.78,3.6,2026-06-24
CUST_01568,Suresh Singh,33,Male,Lucknow,Uttar Pradesh,2025-02-22,Personal Care,0.0,0,0.0,0.0,
CUST_01569,Meera Iyer,20,Female,Kolkata,West Bengal,2024-09-18,Kitchen,5660.32,1,0.04,4.6,2026-08-10
CUST_01570,Rajesh Verma,47,Male,Delhi,Delhi,2026-04-14,Furniture,2197.23,5,1.02,4.1,2026-06-21
CUST_01571,Tanvi Chopra,36,Other,Coimbatore,Tamil Nadu,2025-08-07,Personal Care,1062.31,12,0.91,4.5,2026-07-30
CUST_01572,Ritu Das,35,Other,Kochi,Kerala,2025-08-04,Kitchen,980.28,8,0.6,4.8,2026-07-15
CUST_01573,Divya Reddy,25,Female,Hyderabad,Telangana,2026-04-01,Fashion,10685.43,10,1.88,4.2,2026-07-10
CUST_01574,Ananya Verma,26,Other,Delhi,Delhi,2026-04-20,Furniture,1412.64,3,0.64,3.9,2026-09-03
CUST_01575,Varun Kapoor,24,Male,Hyderabad,Telangana,2025-05-16,Footwear,727.87,11,0.69,4.7,2026-08-03
CUST_01576,Neha Chopra,41,Male,Bhopal,Madhya Pradesh,2025-03-09,Accessories,2586.7,1,0.05,3.6,2026-06-30
CUST_01577,Rahul Pillai,22,Other,Kochi,Kerala,2025-05-18,Fashion,0.0,0,0.0,0.0,
CUST_01578,Pooja Agarwal,20,Male,Hyderabad,Telangana,2025-09-03,Personal Care,0.0,0,0.0,0.0,
CUST_01579,Isha Patel,20,Male,Surat,Gujarat,2026-07-07,Home,4058.22,12,5.71,3.7,2026-08-10
CUST_01580,Priya Das,46,Other,Ahmedabad,Gujarat,2025-09-13,Books,0.0,0,0.0,0.0,
CUST_01581,Priya Mishra,19,Female,Kochi,Kerala,2025-02-22,Electronics,3819.98,9,0.48,4.0,2026-07-07
CUST_01582,Tanvi Kumar,41,Male,Pune,Maharashtra,2026-07-25,Kitchen,1354.87,3,2.0,4.2,2026-08-02
CUST_01583,Abhishek Kapoor,30,Other,Kochi,Kerala,2025-05-19,Sports,920.1,19,1.19,4.4,2026-07-15
CUST_01584,Simran Sharma,30,Male,Hyderabad,Telangana,2025-01-22,Books,717.61,4,0.2,3.9,2026-07-27
CUST_01585,Arjun Bhatia,34,Female,Kolkata,West Bengal,2025-05-26,Electronics,3529.4,7,0.45,4.8,2026-07-14
CUST_01586,Swati Mishra,26,Male,Bengaluru,Karnataka,2025-08-23,Gaming,1235.05,4,0.31,3.9,2026-07-02
CUST_01587,Amit Kulkarni,29,Female,Mumbai,Maharashtra,2026-07-18,Grocery,2119.71,2,1.15,4.2,2026-08-21
CUST_01588,Swati Gupta,25,Female,Chandigarh,Punjab,2024-11-16,Grocery,576.67,2,0.09,4.7,2026-08-30
CUST_01589,Priya Das,45,Other,Visakhapatnam,Andhra Pradesh,2024-10-06,Electronics,4447.74,7,0.3,4.9,2026-08-23
CUST_01590,Rohan Sharma,31,Other,Jaipur,Rajasthan,2024-12-28,Books,548.21,10,0.48,4.7,2026-06-30
CUST_01591,Sunita Patel,29,Other,Patna,Bihar,2024-07-05,Mobiles,2441.97,9,0.34,3.6,2026-06-26
CUST_01592,Divya Deshmukh,41,Other,Bengaluru,Karnataka,2025-09-29,Electronics,0.0,0,0.0,0.0,
CUST_01593,Rohan Reddy,22,Other,Guwahati,Assam,2025-03-24,Gaming,940.19,4,0.23,4.0,2026-06-24
CUST_01594,Vivek Mishra,38,Female,Indore,Madhya Pradesh,2024-12-07,Gaming,687.49,13,0.61,3.9,2026-06-18
CUST_01595,Vikram Mehta,44,Female,Patna,Bihar,2025-05-27,Accessories,639.47,3,0.19,4.1,2026-07-16
CUST_01596,Sunita Choudhury,31,Female,Hyderabad,Telangana,2025-06-25,Home,5349.75,18,1.23,3.8,2026-08-26
CUST_01597,Simran Nair,23,Male,Visakhapatnam,Andhra Pradesh,2025-04-15,Grocery,1038.44,7,0.41,3.9,2026-08-07
CUST_01598,Sneha Menon,38,Female,Bhopal,Madhya Pradesh,2026-02-13,Laptops,5902.15,9,1.3,5.0,2026-06-11
CUST_01599,Pallavi Bhatia,24,Female,Patna,Bihar,2025-01-14,Books,0.0,0,0.0,0.0,
CUST_01600,Preeti Das,39,Male,Bengaluru,Karnataka,2024-08-21,Laptops,3816.63,5,0.2,4.8,2026-08-17
CUST_01601,Amit Sharma,36,Male,Coimbatore,Tamil Nadu,2026-06-28,Electronics,3368.17,10,4.17,4.8,2026-06-30
CUST_01602,Rahul Patel,22,Female,Delhi,Delhi,2026-03-10,Mobiles,1163.64,1,0.16,4.7,2026-06-19
CUST_01603,Manish Gupta,26,Other,Bengaluru,Karnataka,2025-12-22,Home,849.59,6,0.69,4.6,2026-06-12
CUST_01604,Preeti Agarwal,18,Other,Guwahati,Assam,2025-03-21,Electronics,12539.18,15,0.84,4.9,2026-08-20
CUST_01605,Neha Das,29,Male,Nagpur,Maharashtra,2025-03-22,Home,1170.31,4,0.22,4.3,2026-06-15
CUST_01606,Vikram Kapoor,41,Female,Jaipur,Rajasthan,2025-10-12,Footwear,832.63,6,0.54,4.7,2026-08-18
CUST_01607,Nikhil Saxena,19,Female,Surat,Gujarat,2025-03-12,Fashion,677.37,3,0.17,5.0,2026-06-26
CUST_01608,Deepak Rao,28,Female,Mumbai,Maharashtra,2025-02-13,Fashion,13093.6,9,0.47,4.7,2026-08-31
CUST_01609,Manish Kapoor,36,Male,Bhopal,Madhya Pradesh,2025-04-21,Books,5353.64,11,0.65,4.5,2026-07-09
CUST_01610,Sneha Mishra,35,Male,Indore,Madhya Pradesh,2025-01-20,Accessories,424.06,3,0.15,4.4,2026-07-31
CUST_01611,Neha Menon,32,Other,Bengaluru,Karnataka,2026-03-11,Kitchen,4556.7,21,3.48,4.7,2026-06-13
CUST_01612,Shweta Pillai,55,Male,Guwahati,Assam,2024-10-02,Laptops,2511.46,7,0.3,4.9,2026-06-28
CUST_01613,Pooja Das,44,Other,Indore,Madhya Pradesh,2025-01-04,Home,3040.14,15,0.74,4.5,2026-06-14
CUST_01614,Shweta Verma,36,Other,Kochi,Kerala,2025-12-28,Laptops,8849.8,5,0.59,4.9,2026-08-05
CUST_01615,Neha Pillai,51,Other,Bhopal,Madhya Pradesh,2026-04-26,Footwear,5878.24,8,1.78,3.7,2026-07-15
CUST_01616,Sunita Sen,36,Male,Kolkata,West Bengal,2025-04-07,Personal Care,6685.53,10,0.58,4.9,2026-06-13
CUST_01617,Sunita Kapoor,63,Male,Chandigarh,Punjab,2024-08-09,Grocery,2194.7,19,0.75,3.7,2026-07-24
CUST_01618,Isha Agarwal,29,Other,Indore,Madhya Pradesh,2026-02-14,Personal Care,12242.03,9,1.31,3.7,2026-06-18
CUST_01619,Vivek Trivedi,19,Female,Lucknow,Uttar Pradesh,2024-12-03,Gaming,6557.46,15,0.7,4.4,2026-07-20
CUST_01620,Manish Trivedi,21,Other,Bhopal,Madhya Pradesh,2026-07-24,Personal Care,2710.21,8,5.22,4.3,2026-08-10
CUST_01621,Pooja Patel,31,Female,Mumbai,Maharashtra,2026-03-16,Electronics,3921.37,8,1.36,4.1,2026-08-25
CUST_01622,Karan Trivedi,29,Female,Patna,Bihar,2024-07-02,Home,2479.2,6,0.23,4.2,2026-06-19
CUST_01623,Pranav Kapoor,31,Male,Mumbai,Maharashtra,2025-03-23,Grocery,1803.24,6,0.34,4.3,2026-08-04
CUST_01624,Pranav Kulkarni,26,Other,Ahmedabad,Gujarat,2024-11-29,Mobiles,4712.1,3,0.14,3.8,2026-07-14
CUST_01625,Manish Joshi,31,Female,Chennai,Tamil Nadu,2024-07-10,Beauty,5302.15,13,0.49,4.4,2026-06-22
CUST_01626,Swati Sharma,18,Other,Bengaluru,Karnataka,2026-05-20,Fashion,1517.42,9,2.43,3.9,2026-08-29
CUST_01627,Ananya Agarwal,19,Other,Ahmedabad,Gujarat,2025-08-18,Mobiles,778.46,6,0.47,4.6,2026-08-12
CUST_01628,Rahul Shah,35,Male,Visakhapatnam,Andhra Pradesh,2024-08-13,Books,1863.6,19,0.75,4.1,2026-09-07
CUST_01629,Divya Verma,64,Female,Chandigarh,Punjab,2025-01-27,Books,0.0,0,0.0,0.0,
CUST_01630,Tanvi Iyer,30,Other,Mumbai,Maharashtra,2026-03-03,Books,8344.19,9,1.43,4.7,2026-08-03
CUST_01631,Simran Singh,43,Female,Hyderabad,Telangana,2024-11-26,Beauty,1094.52,3,0.14,4.0,2026-07-15
CUST_01632,Rohan Pandey,33,Male,Lucknow,Uttar Pradesh,2025-11-12,Kitchen,0.0,0,0.0,0.0,
CUST_01633,Harsh Bose,18,Female,Bengaluru,Karnataka,2025-04-25,Gaming,663.14,10,0.6,4.7,2026-08-30
CUST_01634,Amit Kulkarni,20,Female,Guwahati,Assam,2025-02-14,Sports,13563.93,7,0.37,4.4,2026-06-30
CUST_01635,Aarav Pandey,27,Female,Coimbatore,Tamil Nadu,2025-02-01,Electronics,2549.65,10,0.51,4.0,2026-08-26
CUST_01636,Nikhil Reddy,25,Female,Surat,Gujarat,2026-05-04,Gaming,6548.37,6,1.42,4.5,2026-07-28
CUST_01637,Tanvi Sen,45,Female,Jaipur,Rajasthan,2025-02-06,Footwear,757.43,11,0.57,4.5,2026-06-21
CUST_01638,Preeti Pillai,18,Male,Patna,Bihar,2025-07-10,Gaming,3715.86,17,1.2,4.9,2026-07-30
CUST_01639,Sanjay Agarwal,19,Female,Bengaluru,Karnataka,2025-09-18,Mobiles,3747.88,15,1.27,4.0,2026-06-24
CUST_01640,Gaurav Pillai,35,Other,Delhi,Delhi,2026-04-28,Home,12022.52,3,0.68,3.8,2026-06-21
CUST_01641,Vivek Deshmukh,36,Male,Delhi,Delhi,2024-09-15,Footwear,2565.02,14,0.58,3.9,2026-07-23
CUST_01642,Sanjay Saxena,37,Other,Delhi,Delhi,2025-08-25,Mobiles,6237.11,3,0.24,4.3,2026-08-29
CUST_01643,Swati Deshmukh,33,Other,Delhi,Delhi,2025-12-30,Laptops,6167.44,17,2.02,4.2,2026-08-12
CUST_01644,Divya Bose,29,Other,Chennai,Tamil Nadu,2026-05-09,Kitchen,4410.8,5,1.23,4.1,2026-07-28
CUST_01645,Priya Joshi,30,Female,Mumbai,Maharashtra,2026-06-30,Accessories,999.52,2,0.86,4.7,2026-07-31
CUST_01646,Deepika Malhotra,36,Other,Jaipur,Rajasthan,2026-02-17,Footwear,0.0,0,0.0,0.0,
CUST_01647,Rajesh Trivedi,19,Female,Indore,Madhya Pradesh,2024-09-20,Home,561.45,8,0.33,4.5,2026-06-28
CUST_01648,Swati Chopra,27,Female,Delhi,Delhi,2025-09-19,Fashion,1428.02,6,0.51,3.8,2026-08-05
CUST_01649,Deepika Iyer,20,Female,Kochi,Kerala,2025-04-05,Accessories,1578.09,20,1.15,4.4,2026-07-26
CUST_01650,Aditi Agarwal,33,Female,Lucknow,Uttar Pradesh,2025-09-27,Furniture,2827.89,4,0.35,4.7,2026-08-14
CUST_01651,Vivek Sharma,39,Female,Chennai,Tamil Nadu,2025-12-14,Personal Care,6531.93,6,0.67,4.7,2026-08-05
CUST_01652,Sanjay Pillai,32,Male,Kolkata,West Bengal,2025-06-17,Grocery,13717.39,9,0.6,4.0,2026-06-10
CUST_01653,Rahul Joshi,24,Other,Chandigarh,Punjab,2024-12-09,Footwear,1854.6,9,0.42,4.9,2026-08-09
CUST_01654,Aarav Kulkarni,25,Other,Bhopal,Madhya Pradesh,2026-03-08,Accessories,5893.59,4,0.65,3.8,2026-08-23
CUST_01655,Rajesh Kumar,31,Female,Bhopal,Madhya Pradesh,2025-04-17,Kitchen,1262.65,18,1.06,4.2,2026-07-30
CUST_01656,Gaurav Bhatia,42,Male,Indore,Madhya Pradesh,2026-07-22,Electronics,4574.77,6,3.75,3.8,2026-09-02
CUST_01657,Rahul Patel,34,Female,Surat,Gujarat,2025-12-05,Electronics,1664.23,21,2.27,3.6,2026-08-31
CUST_01658,Pranav Sharma,48,Male,Visakhapatnam,Andhra Pradesh,2024-12-25,Books,5478.16,16,0.77,4.6,2026-07-08
CUST_01659,Sunita Singh,23,Male,Bengaluru,Karnataka,2026-02-23,Fashion,2262.31,11,1.68,4.9,2026-07-13
CUST_01660,Aarav Trivedi,26,Female,Coimbatore,Tamil Nadu,2026-04-03,Footwear,2039.97,11,2.09,4.8,2026-08-05
CUST_01661,Swati Patel,18,Male,Hyderabad,Telangana,2026-03-04,Electronics,1430.65,2,0.32,4.3,2026-08-12
CUST_01662,Suresh Choudhury,23,Female,Chandigarh,Punjab,2025-12-29,Mobiles,2384.18,13,1.54,4.6,2026-07-25
CUST_01663,Sanjay Pandey,41,Other,Delhi,Delhi,2025-05-04,Gaming,1645.71,10,0.61,3.8,2026-06-18
CUST_01664,Manish Malhotra,46,Male,Lucknow,Uttar Pradesh,2026-04-11,Home,12967.28,3,0.6,4.4,2026-06-14
CUST_01665,Suresh Malhotra,18,Female,Jaipur,Rajasthan,2025-08-14,Gaming,4086.62,12,0.92,3.6,2026-09-01
CUST_01666,Swati Reddy,47,Female,Kochi,Kerala,2025-10-31,Mobiles,771.0,16,1.54,4.6,2026-07-26
CUST_01667,Arjun Pandey,18,Male,Hyderabad,Telangana,2026-03-29,Fashion,7887.12,4,0.74,4.9,2026-08-19
CUST_01668,Nikhil Nair,28,Other,Guwahati,Assam,2024-07-26,Furniture,2159.93,10,0.39,4.9,2026-06-12
CUST_01669,Neha Das,41,Female,Indore,Madhya Pradesh,2026-01-20,Home,4779.81,5,0.65,4.0,2026-06-14
CUST_01670,Karan Chopra,30,Male,Mumbai,Maharashtra,2026-02-04,Electronics,888.62,7,0.97,3.8,2026-06-12
CUST_01671,Vikram Saxena,31,Female,Kochi,Kerala,2024-08-18,Mobiles,1042.69,1,0.04,4.4,2026-06-16
CUST_01672,Vikram Bhatia,30,Female,Ahmedabad,Gujarat,2026-07-08,Books,2598.11,5,2.42,4.6,2026-08-17
CUST_01673,Arjun Verma,38,Female,Guwahati,Assam,2025-12-27,Home,1987.25,13,1.53,4.3,2026-06-30
CUST_01674,Pooja Reddy,46,Other,Ahmedabad,Gujarat,2025-09-15,Beauty,4556.21,4,0.34,3.6,2026-07-30
CUST_01675,Rahul Malhotra,27,Male,Indore,Madhya Pradesh,2025-05-25,Books,772.04,14,0.89,4.0,2026-07-05
CUST_01676,Vikram Mishra,42,Female,Kochi,Kerala,2026-02-24,Beauty,4689.8,7,1.07,4.0,2026-08-06
CUST_01677,Ritu Reddy,41,Female,Bhopal,Madhya Pradesh,2026-06-26,Books,1760.52,7,2.84,4.8,2026-07-01
CUST_01678,Vikram Chopra,18,Other,Guwahati,Assam,2026-01-09,Gaming,1883.66,13,1.61,3.8,2026-06-29
CUST_01679,Gaurav Shah,18,Other,Guwahati,Assam,2026-04-15,Mobiles,3727.87,3,0.62,4.2,2026-07-01
CUST_01680,Deepak Malhotra,31,Other,Jaipur,Rajasthan,2025-02-14,Books,13429.76,11,0.58,4.4,2026-06-20
CUST_01681,Swati Agarwal,45,Other,Surat,Gujarat,2026-03-14,Home,1823.92,6,1.01,5.0,2026-07-30
CUST_01682,Gaurav Chopra,25,Other,Chennai,Tamil Nadu,2025-04-16,Books,547.28,1,0.06,4.8,2026-08-03
CUST_01683,Amit Reddy,20,Female,Ahmedabad,Gujarat,2026-07-13,Footwear,974.78,2,1.05,4.6,2026-07-14
CUST_01684,Vivek Kapoor,40,Other,Indore,Madhya Pradesh,2024-08-22,Laptops,6056.02,7,0.28,4.0,2026-08-16
CUST_01685,Kavita Mishra,32,Other,Ahmedabad,Gujarat,2024-12-21,Books,1290.35,10,0.48,4.3,2026-08-18
CUST_01686,Divya Agarwal,43,Male,Chennai,Tamil Nadu,2026-04-26,Accessories,694.81,8,1.78,4.1,2026-09-04
CUST_01687,Karan Saxena,28,Other,Pune,Maharashtra,2026-02-24,Home,8652.66,2,0.31,4.4,2026-06-26
CUST_01688,Kavita Kumar,38,Male,Hyderabad,Telangana,2026-07-05,Electronics,6087.97,4,1.85,3.9,2026-09-06
CUST_01689,Sneha Saxena,41,Male,Mumbai,Maharashtra,2026-06-16,Electronics,3934.23,10,3.57,4.2,2026-07-10
CUST_01690,Ananya Verma,18,Male,Surat,Gujarat,2024-11-11,Footwear,1628.23,9,0.41,3.8,2026-07-20
CUST_01691,Sunita Patel,42,Female,Pune,Maharashtra,2025-08-03,Books,2187.01,8,0.6,4.0,2026-08-27
CUST_01692,Divya Saxena,31,Other,Lucknow,Uttar Pradesh,2025-09-27,Books,860.36,4,0.35,4.9,2026-06-17
CUST_01693,Pallavi Malhotra,30,Male,Visakhapatnam,Andhra Pradesh,2025-11-10,Electronics,3092.64,16,1.59,4.5,2026-06-29
CUST_01694,Arjun Iyer,28,Female,Bhopal,Madhya Pradesh,2024-12-25,Electronics,1574.07,7,0.34,4.7,2026-06-13
CUST_01695,Rohan Sharma,30,Male,Mumbai,Maharashtra,2025-05-08,Books,755.25,14,0.86,3.6,2026-08-15
CUST_01696,Shweta Iyer,24,Other,Patna,Bihar,2025-07-27,Mobiles,1575.09,9,0.66,4.1,2026-08-29
CUST_01697,Rohan Bose,38,Female,Indore,Madhya Pradesh,2025-06-13,Home,977.62,8,0.53,3.7,2026-08-27
CUST_01698,Tanvi Trivedi,19,Female,Lucknow,Uttar Pradesh,2026-05-23,Footwear,1920.92,2,0.56,5.0,2026-08-10
CUST_01699,Aarav Pillai,20,Female,Nagpur,Maharashtra,2025-09-22,Books,1083.81,2,0.17,4.5,2026-07-18
CUST_01700,Pallavi Reddy,34,Other,Visakhapatnam,Andhra Pradesh,2026-07-08,Accessories,2944.44,2,0.97,4.7,2026-08-15
CUST_01701,Arjun Bose,27,Female,Nagpur,Maharashtra,2026-01-24,Footwear,4523.98,10,1.32,3.8,2026-06-29
CUST_01702,Pranav Choudhury,32,Other,Patna,Bihar,2024-11-21,Electronics,3872.5,11,0.5,4.1,2026-08-18
CUST_01703,Isha Pillai,48,Male,Surat,Gujarat,2025-12-23,Personal Care,8202.27,16,1.85,4.4,2026-06-28
CUST_01704,Harsh Gupta,25,Female,Surat,Gujarat,2024-09-20,Electronics,9044.66,16,0.67,3.7,2026-06-21
CUST_01705,Aditi Rao,32,Other,Bhopal,Madhya Pradesh,2026-02-16,Books,535.82,9,1.32,4.8,2026-07-11
CUST_01706,Harsh Das,18,Female,Mumbai,Maharashtra,2024-09-09,Mobiles,1419.4,4,0.16,3.6,2026-08-22
CUST_01707,Neha Singh,32,Female,Kochi,Kerala,2025-05-11,Footwear,941.55,3,0.19,3.6,2026-07-21
CUST_01708,Neha Kapoor,32,Male,Patna,Bihar,2025-08-07,Books,3534.25,1,0.08,4.7,2026-08-29
CUST_01709,Ritu Iyer,35,Other,Chandigarh,Punjab,2026-04-21,Laptops,1179.49,7,1.5,4.2,2026-07-07
CUST_01710,Neha Deshmukh,18,Other,Chennai,Tamil Nadu,2025-04-07,Mobiles,802.83,12,0.69,4.4,2026-07-20
CUST_01711,Vikram Gupta,43,Other,Nagpur,Maharashtra,2026-03-24,Electronics,536.87,10,1.79,4.5,2026-08-27
CUST_01712,Pallavi Joshi,33,Male,Bhopal,Madhya Pradesh,2025-11-20,Mobiles,2114.01,7,0.72,3.8,2026-08-18
CUST_01713,Akash Iyer,43,Other,Patna,Bihar,2026-06-04,Home,9059.35,14,4.38,4.7,2026-09-01
CUST_01714,Manish Choudhury,18,Other,Kochi,Kerala,2025-11-20,Mobiles,2437.75,5,0.51,4.8,2026-08-25
CUST_01715,Abhishek Deshmukh,38,Female,Kochi,Kerala,2025-04-09,Sports,4908.64,2,0.12,4.2,2026-07-29
CUST_01716,Deepak Singh,24,Male,Patna,Bihar,2026-03-28,Home,3084.21,6,1.1,4.3,2026-07-23
CUST_01717,Aarav Kulkarni,30,Other,Mumbai,Maharashtra,2024-07-29,Electronics,2263.51,3,0.12,4.5,2026-08-30
CUST_01718,Suresh Trivedi,31,Other,Chandigarh,Punjab,2025-06-26,Home,3150.03,20,1.37,4.2,2026-09-01
CUST_01719,Kavita Mishra,18,Male,Jaipur,Rajasthan,2025-04-25,Fashion,14453.63,5,0.3,3.8,2026-07-05
CUST_01720,Sunita Bhatia,30,Female,Jaipur,Rajasthan,2026-08-14,Books,926.05,1,1.0,4.3,2026-09-05
CUST_01721,Aakanksha Kumar,39,Male,Jaipur,Rajasthan,2024-08-15,Kitchen,545.39,17,0.68,3.7,2026-08-08
CUST_01722,Varun Patel,24,Female,Nagpur,Maharashtra,2025-08-02,Gaming,3294.18,1,0.07,3.7,2026-07-08
CUST_01723,Abhishek Kapoor,25,Other,Delhi,Delhi,2026-05-18,Accessories,1274.98,4,1.06,4.1,2026-06-26
CUST_01724,Aarav Bhatia,31,Male,Coimbatore,Tamil Nadu,2026-04-30,Home,0.0,0,0.0,0.0,
CUST_01725,Gaurav Kumar,23,Female,Bengaluru,Karnataka,2024-07-15,Mobiles,0.0,0,0.0,0.0,
CUST_01726,Ritu Shah,47,Female,Delhi,Delhi,2025-01-13,Books,2277.93,5,0.25,3.7,2026-08-13
CUST_01727,Isha Patel,38,Female,Patna,Bihar,2025-10-02,Home,6508.55,4,0.35,4.9,2026-09-07
CUST_01728,Manish Saxena,34,Other,Bengaluru,Karnataka,2025-03-21,Electronics,5938.46,3,0.17,4.6,2026-06-28
CUST_01729,Rajesh Shah,30,Other,Chennai,Tamil Nadu,2025-01-15,Home,3584.81,10,0.5,4.4,2026-07-17
CUST_01730,Harsh Mehta,31,Female,Kochi,Kerala,2026-04-07,Kitchen,5591.22,8,1.56,4.9,2026-08-03
CUST_01731,Ananya Bose,33,Other,Bengaluru,Karnataka,2024-11-18,Laptops,5029.29,5,0.23,3.9,2026-07-09
CUST_01732,Deepika Pillai,36,Other,Bengaluru,Karnataka,2026-01-13,Personal Care,2510.98,2,0.25,4.0,2026-09-03
CUST_01733,Rohan Singh,41,Female,Nagpur,Maharashtra,2024-10-09,Laptops,7938.74,18,0.77,4.6,2026-08-10
CUST_01734,Vikram Das,47,Female,Pune,Maharashtra,2024-08-04,Home,2246.21,11,0.43,4.0,2026-07-13
CUST_01735,Divya Iyer,18,Male,Bhopal,Madhya Pradesh,2025-02-23,Furniture,3046.82,3,0.16,4.8,2026-07-18
CUST_01736,Pranav Bose,20,Male,Bhopal,Madhya Pradesh,2025-05-18,Electronics,4873.02,7,0.44,4.4,2026-06-24
CUST_01737,Manish Saxena,32,Female,Nagpur,Maharashtra,2025-03-22,Furniture,2738.51,5,0.28,4.0,2026-06-29
CUST_01738,Sneha Iyer,19,Male,Indore,Madhya Pradesh,2024-11-12,Mobiles,5162.45,8,0.36,4.9,2026-07-18
CUST_01739,Pranav Verma,18,Female,Chandigarh,Punjab,2026-06-26,Gaming,5469.71,15,6.08,4.9,2026-07-13
CUST_01740,Priya Joshi,22,Female,Coimbatore,Tamil Nadu,2024-11-23,Electronics,3008.17,8,0.37,3.7,2026-07-24
CUST_01741,Tanvi Kumar,37,Male,Patna,Bihar,2026-02-13,Books,1577.34,3,0.43,3.6,2026-06-23
CUST_01742,Meera Saxena,19,Female,Hyderabad,Telangana,2026-07-07,Furniture,2652.73,14,6.67,4.6,2026-07-29
CUST_01743,Aditi Deshmukh,18,Other,Hyderabad,Telangana,2025-12-23,Gaming,567.49,1,0.12,5.0,2026-08-28
CUST_01744,Isha Menon,18,Other,Indore,Madhya Pradesh,2026-05-14,Gaming,4465.05,5,1.28,4.1,2026-08-20
CUST_01745,Rajesh Kulkarni,27,Female,Indore,Madhya Pradesh,2026-06-25,Mobiles,564.17,5,2.0,4.5,2026-08-17
CUST_01746,Tanvi Kulkarni,18,Other,Kochi,Kerala,2025-12-23,Fashion,4872.55,7,0.81,4.6,2026-08-04
CUST_01747,Neha Deshmukh,34,Male,Mumbai,Maharashtra,2026-05-27,Kitchen,1256.41,3,0.87,4.2,2026-08-15
CUST_01748,Gaurav Pillai,50,Other,Kochi,Kerala,2026-06-20,Grocery,2940.02,2,0.75,4.8,2026-08-18
CUST_01749,Priya Patel,18,Female,Hyderabad,Telangana,2025-09-08,Electronics,5031.18,5,0.41,4.9,2026-08-15
CUST_01750,Abhishek Pillai,24,Other,Patna,Bihar,2025-11-27,Footwear,581.37,12,1.26,4.8,2026-06-18
CUST_01751,Meera Verma,43,Female,Lucknow,Uttar Pradesh,2026-07-06,Personal Care,1093.59,20,9.38,4.7,2026-08-26
CUST_01752,Arjun Pandey,26,Male,Coimbatore,Tamil Nadu,2024-12-18,Gaming,1143.68,1,0.05,4.6,2026-07-24
CUST_01753,Pallavi Deshmukh,18,Female,Mumbai,Maharashtra,2025-12-26,Mobiles,911.53,4,0.47,3.6,2026-09-01
CUST_01754,Tanvi Nair,33,Other,Guwahati,Assam,2026-01-10,Kitchen,1814.32,10,1.24,3.9,2026-09-06
CUST_01755,Pallavi Gupta,43,Male,Jaipur,Rajasthan,2025-08-28,Books,5583.73,3,0.24,4.8,2026-09-03
CUST_01756,Swati Verma,48,Other,Guwahati,Assam,2024-09-03,Books,1618.14,13,0.53,3.7,2026-08-30
CUST_01757,Deepika Sen,28,Other,Hyderabad,Telangana,2026-01-05,Footwear,11038.27,14,1.71,4.5,2026-06-21
CUST_01758,Sneha Kapoor,39,Female,Kochi,Kerala,2024-07-02,Books,682.83,2,0.08,4.6,2026-07-22
CUST_01759,Meera Singh,37,Male,Kochi,Kerala,2025-07-18,Home,1201.85,2,0.14,3.7,2026-09-03
CUST_01760,Simran Agarwal,38,Other,Mumbai,Maharashtra,2024-10-29,Personal Care,833.06,2,0.09,4.4,2026-07-19
CUST_01761,Sunita Verma,24,Male,Nagpur,Maharashtra,2025-07-19,Sports,11835.58,11,0.79,4.0,2026-07-08
CUST_01762,Divya Chopra,39,Other,Jaipur,Rajasthan,2024-09-07,Laptops,1732.59,3,0.12,4.5,2026-08-11
CUST_01763,Harsh Pandey,41,Female,Lucknow,Uttar Pradesh,2025-01-02,Kitchen,5191.28,5,0.24,3.6,2026-08-10
CUST_01764,Tanvi Chopra,37,Female,Indore,Madhya Pradesh,2024-07-04,Personal Care,410.23,6,0.23,4.1,2026-07-27
CUST_01765,Kavita Kumar,39,Other,Kochi,Kerala,2026-08-08,Gaming,1139.05,1,0.97,3.9,2026-08-23
CUST_01766,Sanjay Iyer,39,Female,Chennai,Tamil Nadu,2025-07-15,Personal Care,1340.36,3,0.21,3.7,2026-08-02
CUST_01767,Pranav Reddy,43,Male,Patna,Bihar,2026-06-18,Books,481.01,4,1.46,4.6,2026-06-26
CUST_01768,Pooja Shah,32,Male,Lucknow,Uttar Pradesh,2025-09-15,Laptops,2890.06,2,0.17,3.6,2026-08-30
CUST_01769,Rohan Agarwal,23,Male,Bhopal,Madhya Pradesh,2024-09-25,Grocery,0.0,0,0.0,0.0,
CUST_01770,Abhishek Shah,32,Male,Nagpur,Maharashtra,2025-01-27,Grocery,1838.47,12,0.61,4.0,2026-07-04
CUST_01771,Aarav Singh,31,Male,Bengaluru,Karnataka,2025-07-22,Books,4385.34,13,0.94,3.9,2026-07-13
CUST_01772,Amit Bhatia,25,Male,Lucknow,Uttar Pradesh,2024-09-24,Gaming,3268.19,13,0.55,4.1,2026-07-11
CUST_01773,Harsh Kapoor,31,Other,Coimbatore,Tamil Nadu,2025-09-22,Accessories,445.33,6,0.51,3.8,2026-08-27
CUST_01774,Pallavi Menon,26,Female,Lucknow,Uttar Pradesh,2026-03-01,Electronics,585.19,11,1.73,3.9,2026-09-02
CUST_01775,Divya Bose,29,Other,Kolkata,West Bengal,2026-08-11,Sports,1118.98,4,4.0,4.1,2026-08-24
CUST_01776,Aakanksha Kumar,29,Male,Jaipur,Rajasthan,2025-05-03,Personal Care,494.53,20,1.22,4.6,2026-09-04
CUST_01777,Amit Sharma,20,Female,Hyderabad,Telangana,2026-05-18,Fashion,1061.66,10,2.65,3.9,2026-08-18
CUST_01778,Sunita Sharma,40,Male,Pune,Maharashtra,2025-06-04,Beauty,2754.85,4,0.26,4.5,2026-08-26
CUST_01779,Vivek Choudhury,18,Other,Kolkata,West Bengal,2026-06-11,Electronics,3918.22,6,2.02,4.7,2026-07-02
CUST_01780,Aakanksha Agarwal,18,Female,Mumbai,Maharashtra,2024-09-16,Fashion,1293.92,9,0.37,3.7,2026-06-27
CUST_01781,Rahul Menon,37,Male,Surat,Gujarat,2025-05-29,Laptops,4942.33,4,0.26,4.1,2026-07-01
CUST_01782,Sunita Kapoor,18,Male,Patna,Bihar,2025-10-03,Footwear,8344.88,20,1.76,5.0,2026-06-11
CUST_01783,Karan Kulkarni,33,Other,Hyderabad,Telangana,2025-07-25,Personal Care,530.32,1,0.07,4.7,2026-09-01
CUST_01784,Meera Trivedi,41,Male,Visakhapatnam,Andhra Pradesh,2025-02-18,Kitchen,3438.24,4,0.21,4.4,2026-08-30
CUST_01785,Sanjay Bhatia,24,Male,Surat,Gujarat,2025-01-01,Gaming,2310.66,13,0.63,4.7,2026-08-16
CUST_01786,Shweta Iyer,22,Female,Delhi,Delhi,2024-10-15,Electronics,623.95,3,0.13,3.8,2026-07-04
CUST_01787,Akash Kumar,28,Male,Delhi,Delhi,2026-02-19,Fashion,7069.5,3,0.45,4.0,2026-06-21
CUST_01788,Amit Sen,40,Male,Chennai,Tamil Nadu,2024-10-10,Laptops,1107.82,1,0.04,4.0,2026-08-31
CUST_01789,Shweta Reddy,32,Female,Jaipur,Rajasthan,2024-10-18,Footwear,2407.84,4,0.17,4.9,2026-08-22
CUST_01790,Aakanksha Choudhury,26,Male,Bengaluru,Karnataka,2025-06-14,Accessories,607.83,8,0.53,4.4,2026-06-26
CUST_01791,Arjun Kulkarni,20,Male,Chennai,Tamil Nadu,2024-07-27,Mobiles,791.94,1,0.04,3.7,2026-08-22
CUST_01792,Kavita Verma,24,Female,Chennai,Tamil Nadu,2026-01-07,Accessories,4765.81,4,0.49,4.6,2026-08-22
CUST_01793,Simran Rao,18,Male,Hyderabad,Telangana,2025-12-13,Footwear,5934.77,8,0.89,3.7,2026-08-14
CUST_01794,Amit Malhotra,26,Male,Bhopal,Madhya Pradesh,2025-09-10,Fashion,1508.32,1,0.08,4.0,2026-07-17
CUST_01795,Arjun Sharma,27,Other,Delhi,Delhi,2025-09-01,Fashion,2891.96,4,0.32,4.2,2026-07-13
CUST_01796,Abhishek Joshi,31,Other,Hyderabad,Telangana,2024-12-02,Mobiles,1540.9,7,0.33,4.7,2026-08-22
CUST_01797,Aditi Sen,23,Male,Guwahati,Assam,2026-05-20,Gaming,2560.74,17,4.59,4.8,2026-06-12
CUST_01798,Vikram Chopra,27,Female,Indore,Madhya Pradesh,2024-12-05,Electronics,3483.53,3,0.14,4.4,2026-08-18
CUST_01799,Aakanksha Mehta,38,Male,Mumbai,Maharashtra,2025-11-23,Kitchen,7994.46,3,0.31,4.7,2026-06-30
CUST_01800,Vikram Bhatia,18,Female,Indore,Madhya Pradesh,2026-03-06,Footwear,3399.92,5,0.81,3.7,2026-06-27
CUST_01801,Arjun Gupta,35,Female,Visakhapatnam,Andhra Pradesh,2026-08-05,Footwear,3025.84,3,2.65,4.2,2026-08-15
CUST_01802,Ritu Mishra,53,Female,Indore,Madhya Pradesh,2025-05-05,Kitchen,2780.56,3,0.18,3.9,2026-07-20
CUST_01803,Tanvi Trivedi,41,Male,Bengaluru,Karnataka,2025-01-12,Personal Care,10676.99,14,0.7,4.1,2026-07-23
CUST_01804,Deepika Agarwal,40,Female,Jaipur,Rajasthan,2025-10-16,Laptops,2467.09,1,0.09,5.0,2026-07-13
CUST_01805,Tanvi Mehta,27,Other,Lucknow,Uttar Pradesh,2024-12-08,Fashion,2029.24,10,0.47,4.4,2026-08-10
CUST_01806,Abhishek Sharma,30,Female,Guwahati,Assam,2025-07-30,Gaming,6015.58,6,0.44,3.9,2026-07-11
CUST_01807,Karan Joshi,47,Male,Bhopal,Madhya Pradesh,2026-04-21,Furniture,725.03,3,0.64,5.0,2026-08-01
CUST_01808,Manish Mehta,27,Female,Chennai,Tamil Nadu,2024-07-24,Gaming,4367.22,10,0.39,4.4,2026-06-16
CUST_01809,Gaurav Reddy,36,Other,Chennai,Tamil Nadu,2026-05-08,Beauty,1661.08,2,0.49,4.6,2026-07-01
CUST_01810,Vivek Deshmukh,38,Other,Hyderabad,Telangana,2024-07-23,Mobiles,553.59,9,0.35,4.5,2026-08-20
CUST_01811,Deepika Trivedi,27,Other,Bengaluru,Karnataka,2024-10-15,Mobiles,1272.58,8,0.35,3.9,2026-08-05
CUST_01812,Sunita Iyer,34,Male,Chennai,Tamil Nadu,2024-08-12,Kitchen,1197.59,8,0.32,5.0,2026-07-11
CUST_01813,Sneha Saxena,38,Female,Delhi,Delhi,2025-08-11,Kitchen,2187.92,10,0.76,3.9,2026-08-10
CUST_01814,Arjun Mishra,36,Male,Ahmedabad,Gujarat,2026-06-01,Grocery,2587.52,1,0.3,4.8,2026-07-23
CUST_01815,Aakanksha Chopra,28,Female,Mumbai,Maharashtra,2025-08-02,Gaming,1387.02,9,0.67,4.8,2026-07-22
CUST_01816,Sanjay Trivedi,18,Other,Patna,Bihar,2024-09-27,Mobiles,1044.84,13,0.55,4.1,2026-07-06
CUST_01817,Isha Joshi,18,Other,Jaipur,Rajasthan,2024-08-10,Home,6515.14,10,0.4,4.1,2026-08-13
CUST_01818,Divya Bose,23,Female,Patna,Bihar,2025-04-23,Personal Care,2586.74,8,0.48,4.1,2026-07-19
CUST_01819,Vivek Menon,48,Other,Indore,Madhya Pradesh,2026-06-15,Kitchen,2210.78,13,4.59,4.9,2026-08-12
CUST_01820,Amit Patel,47,Male,Chandigarh,Punjab,2025-10-31,Personal Care,5829.15,11,1.06,4.3,2026-09-05
CUST_01821,Aarav Agarwal,30,Female,Guwahati,Assam,2025-10-10,Fashion,1448.05,1,0.09,3.9,2026-07-26
CUST_01822,Tanvi Bhatia,40,Male,Chandigarh,Punjab,2025-08-04,Personal Care,2694.94,16,1.2,4.0,2026-07-19
CUST_01823,Nikhil Kumar,50,Male,Ahmedabad,Gujarat,2026-08-06,Laptops,4620.71,15,13.64,3.8,2026-08-21
CUST_01824,Ritu Menon,35,Other,Patna,Bihar,2026-04-20,Books,2328.22,9,1.91,4.1,2026-08-15
CUST_01825,Rajesh Verma,18,Other,Jaipur,Rajasthan,2024-10-22,Home,531.05,7,0.31,4.7,2026-08-07
CUST_01826,Karan Bose,24,Male,Lucknow,Uttar Pradesh,2025-09-29,Grocery,3959.2,5,0.44,4.6,2026-08-11
CUST_01827,Priya Das,41,Other,Bhopal,Madhya Pradesh,2026-01-06,Kitchen,2346.53,13,1.59,3.7,2026-08-10
CUST_01828,Aditi Sharma,22,Other,Hyderabad,Telangana,2025-03-30,Beauty,1558.12,7,0.4,3.8,2026-08-17
CUST_01829,Ananya Patel,23,Female,Nagpur,Maharashtra,2025-05-19,Mobiles,0.0,0,0.0,0.0,
CUST_01830,Sunita Reddy,30,Female,Kolkata,West Bengal,2026-01-17,Personal Care,4667.62,8,1.03,4.0,2026-06-15
CUST_01831,Sneha Bose,32,Other,Coimbatore,Tamil Nadu,2025-11-27,Books,1365.5,10,1.05,4.5,2026-06-12
CUST_01832,Simran Verma,37,Male,Visakhapatnam,Andhra Pradesh,2026-02-02,Gaming,448.85,6,0.83,4.9,2026-06-17
CUST_01833,Aditi Kulkarni,21,Other,Bhopal,Madhya Pradesh,2025-09-04,Gaming,1903.51,6,0.49,4.9,2026-08-10
CUST_01834,Isha Das,26,Male,Patna,Bihar,2025-06-05,Home,3218.02,13,0.85,4.1,2026-06-12
CUST_01835,Arjun Mehta,18,Female,Mumbai,Maharashtra,2026-04-27,Mobiles,1972.46,7,1.57,4.5,2026-08-31
CUST_01836,Rohan Trivedi,39,Other,Kochi,Kerala,2026-03-16,Books,6428.22,11,1.88,3.7,2026-07-01
CUST_01837,Ritu Iyer,34,Other,Surat,Gujarat,2024-10-14,Laptops,3835.74,1,0.04,3.6,2026-09-03
CUST_01838,Pooja Chopra,33,Other,Kolkata,West Bengal,2024-08-03,Personal Care,2592.68,7,0.27,4.0,2026-08-30
CUST_01839,Gaurav Das,41,Other,Pune,Maharashtra,2026-04-19,Books,1649.49,12,2.54,4.4,2026-09-04
CUST_01840,Suresh Agarwal,40,Other,Hyderabad,Telangana,2026-01-09,Electronics,633.59,15,1.86,4.7,2026-07-02
CUST_01841,Neha Chopra,32,Male,Delhi,Delhi,2026-01-28,Personal Care,0.0,0,0.0,0.0,
CUST_01842,Arjun Joshi,37,Other,Kochi,Kerala,2025-08-25,Kitchen,1785.36,6,0.47,4.7,2026-07-03
CUST_01843,Sneha Trivedi,19,Other,Mumbai,Maharashtra,2024-12-12,Fashion,658.79,4,0.19,4.6,2026-06-26
CUST_01844,Simran Pillai,39,Male,Kochi,Kerala,2026-04-11,Laptops,516.56,9,1.8,4.1,2026-06-21
CUST_01845,Kavita Trivedi,20,Male,Chennai,Tamil Nadu,2026-02-27,Electronics,2244.36,4,0.62,4.6,2026-06-18
CUST_01846,Nikhil Shah,45,Other,Guwahati,Assam,2026-02-06,Home,6321.07,6,0.84,4.0,2026-09-07
CUST_01847,Akash Kulkarni,29,Other,Ahmedabad,Gujarat,2025-08-22,Laptops,1584.66,10,0.79,3.9,2026-08-22
CUST_01848,Swati Patel,35,Other,Kochi,Kerala,2026-07-15,Books,3912.02,11,6.0,3.7,2026-08-13
CUST_01849,Priya Kapoor,51,Female,Delhi,Delhi,2025-03-14,Home,3430.19,7,0.39,4.4,2026-07-20
CUST_01850,Ananya Menon,34,Other,Kolkata,West Bengal,2026-01-27,Books,1796.95,16,2.14,3.7,2026-09-03
CUST_01851,Simran Gupta,18,Male,Indore,Madhya Pradesh,2026-05-09,Mobiles,4702.51,9,2.21,4.8,2026-06-17
CUST_01852,Sunita Shah,25,Other,Nagpur,Maharashtra,2024-11-10,Electronics,5493.43,5,0.22,4.9,2026-08-27
CUST_01853,Simran Deshmukh,37,Other,Bhopal,Madhya Pradesh,2024-08-25,Laptops,1729.43,7,0.28,4.8,2026-07-01
CUST_01854,Tanvi Chopra,23,Male,Chandigarh,Punjab,2025-05-23,Gaming,1982.63,7,0.44,3.8,2026-08-22
CUST_01855,Kavita Kulkarni,47,Male,Chennai,Tamil Nadu,2026-03-07,Grocery,907.13,3,0.49,3.7,2026-06-18
CUST_01856,Vivek Nair,19,Female,Chennai,Tamil Nadu,2025-08-30,Fashion,766.28,3,0.24,5.0,2026-06-14
CUST_01857,Sneha Kumar,38,Other,Kochi,Kerala,2025-07-01,Footwear,1689.32,3,0.21,3.9,2026-07-21
CUST_01858,Preeti Iyer,28,Male,Kochi,Kerala,2024-10-17,Footwear,746.7,1,0.04,3.9,2026-07-20
CUST_01859,Akash Pandey,30,Male,Bengaluru,Karnataka,2024-10-25,Furniture,7637.89,3,0.13,3.7,2026-07-01
CUST_01860,Tanvi Deshmukh,42,Female,Jaipur,Rajasthan,2026-05-04,Books,3198.57,5,1.18,4.3,2026-09-07
CUST_01861,Gaurav Shah,50,Other,Lucknow,Uttar Pradesh,2026-04-17,Beauty,2077.11,11,2.29,3.6,2026-08-19
CUST_01862,Vikram Shah,25,Female,Kolkata,West Bengal,2025-07-05,Books,2291.11,4,0.28,4.7,2026-07-04
CUST_01863,Tanvi Shah,21,Other,Visakhapatnam,Andhra Pradesh,2024-10-16,Grocery,4433.21,6,0.26,3.7,2026-07-20
CUST_01864,Shweta Pillai,28,Female,Delhi,Delhi,2025-08-14,Books,5721.7,13,1.0,4.4,2026-08-06
CUST_01865,Sneha Trivedi,32,Other,Bengaluru,Karnataka,2025-08-07,Books,5687.19,3,0.23,5.0,2026-07-15
CUST_01866,Shweta Patel,25,Male,Patna,Bihar,2024-09-29,Mobiles,956.59,8,0.34,4.2,2026-07-27
CUST_01867,Aditi Agarwal,46,Other,Bengaluru,Karnataka,2025-01-06,Books,3625.46,13,0.64,5.0,2026-06-24
CUST_01868,Pallavi Iyer,45,Female,Nagpur,Maharashtra,2025-03-29,Personal Care,2779.87,9,0.51,3.7,2026-08-15
CUST_01869,Aarav Pillai,21,Male,Mumbai,Maharashtra,2025-12-03,Fashion,2788.93,6,0.65,5.0,2026-07-14
CUST_01870,Aarav Patel,26,Other,Visakhapatnam,Andhra Pradesh,2026-05-13,Footwear,682.52,5,1.27,3.7,2026-06-15
CUST_01871,Deepika Patel,35,Male,Patna,Bihar,2025-12-13,Accessories,5243.06,7,0.78,4.2,2026-06-20
CUST_01872,Pranav Agarwal,18,Other,Coimbatore,Tamil Nadu,2025-06-30,Home,2331.6,2,0.14,4.9,2026-06-27
CUST_01873,Akash Mehta,22,Male,Kolkata,West Bengal,2025-06-09,Fashion,1809.49,3,0.2,3.9,2026-07-08
CUST_01874,Vivek Menon,28,Male,Chennai,Tamil Nadu,2025-05-28,Accessories,2732.2,19,1.22,4.7,2026-06-13
CUST_01875,Isha Iyer,19,Other,Patna,Bihar,2025-02-22,Mobiles,3947.95,15,0.8,4.4,2026-06-16
CUST_01876,Abhishek Shah,38,Other,Pune,Maharashtra,2024-11-11,Beauty,7865.23,9,0.41,3.8,2026-08-13
CUST_01877,Neha Sen,24,Female,Chandigarh,Punjab,2025-10-07,Gaming,2293.14,4,0.36,4.9,2026-09-04
CUST_01878,Pallavi Sen,34,Female,Kolkata,West Bengal,2025-12-24,Books,4673.11,2,0.23,3.7,2026-08-20
CUST_01879,Ananya Agarwal,44,Male,Kochi,Kerala,2026-07-26,Kitchen,7498.94,7,4.77,4.7,2026-08-07
CUST_01880,Shweta Nair,43,Other,Coimbatore,Tamil Nadu,2025-11-02,Personal Care,4186.87,15,1.45,4.6,2026-09-07
CUST_01881,Aarav Singh,31,Female,Nagpur,Maharashtra,2025-05-01,Personal Care,1389.36,11,0.67,4.0,2026-07-30
CUST_01882,Swati Chopra,18,Female,Lucknow,Uttar Pradesh,2025-01-10,Fashion,3113.93,12,0.59,4.2,2026-06-24
CUST_01883,Deepika Saxena,39,Male,Bhopal,Madhya Pradesh,2026-01-25,Gaming,4761.6,3,0.4,4.2,2026-07-25
CUST_01884,Rohan Reddy,40,Female,Delhi,Delhi,2026-07-27,Kitchen,1225.42,15,10.47,4.1,2026-08-23
CUST_01885,Suresh Chopra,41,Male,Delhi,Delhi,2024-12-25,Personal Care,5412.16,14,0.68,4.4,2026-08-04
CUST_01886,Preeti Kumar,35,Female,Coimbatore,Tamil Nadu,2026-05-31,Kitchen,2480.75,4,1.2,4.4,2026-06-18
CUST_01887,Abhishek Singh,26,Other,Indore,Madhya Pradesh,2026-01-03,Gaming,2504.22,11,1.33,3.7,2026-08-12
CUST_01888,Ritu Agarwal,37,Female,Mumbai,Maharashtra,2026-02-17,Gaming,1776.86,14,2.07,3.8,2026-07-25
CUST_01889,Aakanksha Kumar,24,Female,Bhopal,Madhya Pradesh,2024-09-28,Footwear,10147.95,7,0.3,4.0,2026-07-15
CUST_01890,Neha Pandey,30,Female,Guwahati,Assam,2025-10-27,Books,6908.21,4,0.38,4.2,2026-06-21
CUST_01891,Rajesh Bose,50,Other,Bhopal,Madhya Pradesh,2025-12-09,Grocery,1530.02,12,1.32,4.7,2026-07-27
CUST_01892,Rajesh Choudhury,35,Male,Lucknow,Uttar Pradesh,2024-08-23,Electronics,2878.47,7,0.28,4.7,2026-08-29
CUST_01893,Deepika Bhatia,53,Male,Indore,Madhya Pradesh,2025-01-13,Mobiles,5813.58,6,0.3,3.9,2026-06-22
CUST_01894,Manish Reddy,44,Other,Coimbatore,Tamil Nadu,2025-11-01,Personal Care,3760.14,10,0.96,4.8,2026-06-26
CUST_01895,Varun Reddy,32,Male,Surat,Gujarat,2024-07-03,Personal Care,2053.94,3,0.11,3.9,2026-08-20
CUST_01896,Pallavi Iyer,32,Other,Bhopal,Madhya Pradesh,2026-04-10,Footwear,1732.87,11,2.19,5.0,2026-08-11
CUST_01897,Pranav Sen,43,Other,Patna,Bihar,2025-11-16,Footwear,6879.09,2,0.2,3.8,2026-08-07
CUST_01898,Aarav Saxena,36,Other,Coimbatore,Tamil Nadu,2026-04-09,Electronics,1986.81,3,0.59,3.8,2026-06-11
CUST_01899,Akash Menon,24,Male,Visakhapatnam,Andhra Pradesh,2025-09-19,Footwear,5362.56,11,0.93,4.1,2026-07-03
CUST_01900,Rajesh Sen,23,Other,Bhopal,Madhya Pradesh,2025-08-05,Furniture,3609.96,8,0.6,4.7,2026-07-09
CUST_01901,Amit Pandey,31,Male,Delhi,Delhi,2025-12-12,Electronics,8947.39,1,0.11,4.0,2026-09-02
CUST_01902,Harsh Bose,35,Female,Indore,Madhya Pradesh,2026-06-15,Sports,2077.12,3,1.06,3.9,2026-06-21
CUST_01903,Priya Mishra,34,Male,Chennai,Tamil Nadu,2024-07-26,Accessories,4843.45,8,0.31,3.8,2026-08-25
CUST_01904,Ananya Mehta,30,Other,Coimbatore,Tamil Nadu,2025-09-12,Furniture,514.73,12,1.0,4.3,2026-07-24
CUST_01905,Vivek Joshi,30,Male,Chandigarh,Punjab,2024-12-31,Laptops,758.54,7,0.34,4.5,2026-06-19
CUST_01906,Akash Sharma,19,Other,Bhopal,Madhya Pradesh,2026-05-31,Gaming,3289.09,4,1.2,4.0,2026-08-30
CUST_01907,Ritu Kapoor,19,Female,Pune,Maharashtra,2025-11-27,Mobiles,3333.02,16,1.68,4.1,2026-07-19
CUST_01908,Neha Patel,30,Male,Nagpur,Maharashtra,2025-02-02,Laptops,1385.35,8,0.41,4.8,2026-09-01
CUST_01909,Rajesh Saxena,37,Male,Pune,Maharashtra,2025-06-28,Personal Care,1727.22,3,0.21,4.6,2026-06-14
CUST_01910,Rohan Pandey,28,Male,Pune,Maharashtra,2025-10-06,Fashion,3803.84,14,1.25,3.9,2026-08-01
CUST_01911,Varun Mehta,34,Other,Hyderabad,Telangana,2026-07-31,Books,3842.52,15,11.54,4.5,2026-08-24
CUST_01912,Pallavi Bose,28,Other,Indore,Madhya Pradesh,2025-02-12,Sports,2171.82,1,0.05,4.4,2026-09-03
CUST_01913,Gaurav Kulkarni,40,Other,Chennai,Tamil Nadu,2025-01-14,Gaming,11001.6,9,0.45,4.7,2026-07-21
CUST_01914,Priya Singh,27,Other,Bengaluru,Karnataka,2024-10-26,Footwear,1078.76,14,0.62,4.8,2026-07-13
CUST_01915,Vikram Das,27,Female,Pune,Maharashtra,2026-07-12,Footwear,2416.26,7,3.62,4.8,2026-08-25
CUST_01916,Priya Singh,34,Male,Nagpur,Maharashtra,2025-08-09,Electronics,1110.84,3,0.23,3.8,2026-08-18
CUST_01917,Sunita Bhatia,39,Female,Bhopal,Madhya Pradesh,2025-07-15,Electronics,1711.4,12,0.86,4.2,2026-08-15
CUST_01918,Meera Choudhury,35,Male,Pune,Maharashtra,2026-01-26,Books,2509.15,8,1.07,5.0,2026-07-03
CUST_01919,Preeti Pillai,33,Male,Mumbai,Maharashtra,2026-04-02,Footwear,502.11,4,0.75,4.1,2026-08-21
CUST_01920,Harsh Gupta,32,Male,Pune,Maharashtra,2026-08-09,Accessories,5340.07,7,7.0,3.9,2026-09-07
CUST_01921,Manish Bose,39,Female,Coimbatore,Tamil Nadu,2026-06-11,Home,1361.75,3,1.01,4.9,2026-06-14
CUST_01922,Isha Rao,45,Male,Coimbatore,Tamil Nadu,2025-06-08,Kitchen,4912.17,3,0.2,4.5,2026-07-08
CUST_01923,Abhishek Menon,58,Female,Ahmedabad,Gujarat,2024-07-14,Home,5023.83,1,0.04,4.0,2026-08-16
CUST_01924,Ritu Mehta,26,Male,Bengaluru,Karnataka,2026-02-23,Books,9313.42,9,1.37,4.4,2026-06-25
CUST_01925,Manish Mishra,49,Female,Kolkata,West Bengal,2025-12-22,Grocery,1699.34,2,0.23,4.0,2026-08-11
CUST_01926,Amit Verma,44,Male,Nagpur,Maharashtra,2025-10-20,Mobiles,16821.84,14,1.3,4.9,2026-08-30
CUST_01927,Pallavi Pillai,45,Other,Mumbai,Maharashtra,2026-05-18,Beauty,3743.19,18,4.78,4.9,2026-08-18
CUST_01928,Amit Nair,37,Male,Kochi,Kerala,2026-06-21,Fashion,2890.3,14,5.32,4.9,2026-07-17
CUST_01929,Manish Deshmukh,32,Other,Coimbatore,Tamil Nadu,2024-08-02,Personal Care,1162.51,2,0.08,4.5,2026-07-09
CUST_01930,Simran Iyer,32,Female,Bhopal,Madhya Pradesh,2026-05-03,Electronics,3962.69,1,0.23,3.7,2026-08-05
CUST_01931,Ritu Sen,18,Other,Ahmedabad,Gujarat,2025-02-16,Books,1419.83,16,0.84,4.7,2026-08-19
CUST_01932,Akash Sen,24,Male,Chandigarh,Punjab,2025-03-20,Mobiles,13845.48,1,0.06,3.8,2026-08-15
CUST_01933,Vivek Verma,37,Other,Chandigarh,Punjab,2025-07-21,Beauty,1853.73,13,0.94,4.0,2026-07-01
CUST_01934,Manish Trivedi,23,Other,Chennai,Tamil Nadu,2025-12-09,Electronics,4776.6,14,1.54,4.5,2026-08-07
CUST_01935,Nikhil Agarwal,48,Male,Kolkata,West Bengal,2026-05-09,Kitchen,4177.39,4,0.98,3.7,2026-08-28
CUST_01936,Priya Gupta,36,Other,Coimbatore,Tamil Nadu,2025-03-12,Accessories,3124.45,1,0.06,4.6,2026-08-08
CUST_01937,Sunita Bose,34,Other,Guwahati,Assam,2026-06-29,Home,0.0,0,0.0,0.0,
CUST_01938,Isha Pandey,26,Male,Visakhapatnam,Andhra Pradesh,2025-10-25,Gaming,2557.96,2,0.19,4.9,2026-06-19
CUST_01939,Vivek Singh,33,Female,Hyderabad,Telangana,2024-12-26,Personal Care,1850.15,11,0.53,4.1,2026-06-11
CUST_01940,Vivek Iyer,39,Other,Hyderabad,Telangana,2025-04-01,Books,2547.24,1,0.06,3.8,2026-08-16
CUST_01941,Simran Joshi,21,Other,Jaipur,Rajasthan,2025-12-07,Footwear,4642.19,1,0.11,4.2,2026-06-28
CUST_01942,Karan Sharma,24,Female,Lucknow,Uttar Pradesh,2026-03-19,Gaming,465.3,6,1.04,4.1,2026-08-24
CUST_01943,Sanjay Deshmukh,40,Female,Jaipur,Rajasthan,2024-12-22,Home,6811.26,17,0.82,4.9,2026-08-14
CUST_01944,Aarav Kulkarni,39,Other,Pune,Maharashtra,2026-01-24,Laptops,4238.45,10,1.32,4.0,2026-08-01
CUST_01945,Aditi Nair,29,Other,Surat,Gujarat,2025-03-26,Home,6411.84,11,0.62,4.0,2026-09-06
CUST_01946,Aditi Pillai,28,Male,Mumbai,Maharashtra,2025-08-01,Footwear,5164.08,15,1.12,4.6,2026-07-05
CUST_01947,Vikram Bhatia,46,Female,Pune,Maharashtra,2024-09-20,Kitchen,663.63,14,0.58,4.0,2026-07-06
CUST_01948,Sneha Joshi,37,Female,Pune,Maharashtra,2026-03-09,Accessories,1329.18,3,0.49,3.9,2026-07-16
CUST_01949,Sneha Das,49,Female,Visakhapatnam,Andhra Pradesh,2025-09-27,Books,3061.21,8,0.69,4.9,2026-08-18
CUST_01950,Harsh Singh,47,Male,Bhopal,Madhya Pradesh,2026-05-29,Mobiles,2635.33,14,4.12,4.4,2026-07-25
CUST_01951,Pooja Pillai,40,Other,Chennai,Tamil Nadu,2026-07-22,Fashion,1256.31,6,3.75,4.6,2026-08-02
CUST_01952,Karan Singh,25,Other,Lucknow,Uttar Pradesh,2026-04-22,Mobiles,0.0,0,0.0,0.0,
CUST_01953,Gaurav Trivedi,41,Female,Pune,Maharashtra,2026-07-07,Gaming,4652.87,6,2.86,4.0,2026-08-01
CUST_01954,Pallavi Joshi,42,Male,Bhopal,Madhya Pradesh,2025-12-12,Books,1273.52,16,1.78,4.6,2026-06-14
CUST_01955,Pooja Sen,18,Female,Kolkata,West Bengal,2024-11-20,Mobiles,420.04,13,0.59,4.7,2026-06-14
CUST_01956,Sneha Verma,24,Female,Indore,Madhya Pradesh,2026-06-03,Kitchen,2209.45,12,3.71,4.0,2026-06-15
CUST_01957,Deepak Sharma,24,Other,Nagpur,Maharashtra,2025-09-06,Books,3249.95,5,0.41,3.9,2026-08-14
CUST_01958,Rahul Shah,39,Other,Nagpur,Maharashtra,2024-07-02,Laptops,4436.09,3,0.11,4.0,2026-09-02
CUST_01959,Pranav Pandey,38,Male,Kolkata,West Bengal,2026-06-15,Fashion,2186.06,1,0.35,4.8,2026-08-16
CUST_01960,Rahul Mishra,43,Male,Bengaluru,Karnataka,2025-08-03,Laptops,3171.02,7,0.52,4.5,2026-07-04
CUST_01961,Ananya Kulkarni,29,Female,Nagpur,Maharashtra,2026-03-15,Mobiles,3009.19,14,2.37,4.2,2026-06-30
CUST_01962,Simran Joshi,31,Female,Mumbai,Maharashtra,2026-05-05,Home,1130.86,4,0.95,4.1,2026-07-02
CUST_01963,Sunita Kapoor,18,Male,Indore,Madhya Pradesh,2025-10-07,Fashion,1775.6,8,0.71,4.8,2026-08-21
CUST_01964,Aarav Verma,33,Female,Kolkata,West Bengal,2025-01-13,Mobiles,595.45,11,0.55,4.5,2026-07-13
CUST_01965,Akash Shah,55,Female,Surat,Gujarat,2025-09-18,Kitchen,1503.2,12,1.01,4.2,2026-06-18
CUST_01966,Tanvi Choudhury,24,Female,Hyderabad,Telangana,2024-12-17,Footwear,461.86,13,0.62,3.9,2026-08-22
CUST_01967,Sneha Gupta,40,Other,Chennai,Tamil Nadu,2024-08-17,Books,6637.74,9,0.36,3.9,2026-08-20
CUST_01968,Arjun Kumar,29,Male,Lucknow,Uttar Pradesh,2024-09-12,Books,1404.87,1,0.04,4.0,2026-09-02
CUST_01969,Preeti Reddy,46,Other,Pune,Maharashtra,2026-04-26,Grocery,2426.03,5,1.11,4.9,2026-07-07
CUST_01970,Harsh Menon,18,Other,Hyderabad,Telangana,2026-05-19,Footwear,8026.66,15,4.02,4.2,2026-06-21
CUST_01971,Varun Agarwal,23,Other,Guwahati,Assam,2024-11-30,Accessories,619.07,8,0.37,4.6,2026-06-26
CUST_01972,Rahul Sen,22,Male,Surat,Gujarat,2024-09-03,Footwear,2666.11,10,0.41,4.6,2026-08-24
CUST_01973,Aditi Verma,36,Male,Bhopal,Madhya Pradesh,2025-06-13,Grocery,1803.55,14,0.93,4.6,2026-09-05
CUST_01974,Karan Kulkarni,34,Male,Delhi,Delhi,2026-08-14,Home,1799.74,18,18.0,4.6,2026-09-01
CUST_01975,Pranav Iyer,35,Male,Nagpur,Maharashtra,2025-07-10,Laptops,4060.99,7,0.49,3.6,2026-08-26
CUST_01976,Rohan Iyer,33,Male,Jaipur,Rajasthan,2025-12-12,Furniture,563.99,10,1.11,4.6,2026-06-29
CUST_01977,Abhishek Kapoor,33,Other,Kolkata,West Bengal,2025-06-18,Kitchen,3358.12,4,0.27,4.7,2026-06-15
CUST_01978,Preeti Verma,29,Male,Coimbatore,Tamil Nadu,2025-07-08,Kitchen,1285.88,12,0.84,4.8,2026-08-18
CUST_01979,Swati Trivedi,25,Male,Ahmedabad,Gujarat,2026-02-19,Mobiles,3405.86,6,0.9,4.5,2026-07-05
CUST_01980,Sanjay Deshmukh,38,Male,Pune,Maharashtra,2025-04-11,Mobiles,1791.39,14,0.82,4.3,2026-08-28
CUST_01981,Ananya Saxena,31,Other,Nagpur,Maharashtra,2024-07-12,Home,1656.68,13,0.49,4.2,2026-08-16
CUST_01982,Rahul Shah,24,Female,Nagpur,Maharashtra,2025-10-11,Books,1940.92,2,0.18,5.0,2026-09-07
CUST_01983,Arjun Singh,38,Other,Surat,Gujarat,2026-03-12,Electronics,3299.5,5,0.83,4.6,2026-08-10
CUST_01984,Pooja Gupta,32,Other,Nagpur,Maharashtra,2025-03-17,Kitchen,935.47,8,0.44,4.9,2026-07-25
CUST_01985,Isha Choudhury,45,Other,Bengaluru,Karnataka,2025-02-24,Fashion,710.0,14,0.75,4.6,2026-07-28
CUST_01986,Aditi Joshi,31,Female,Visakhapatnam,Andhra Pradesh,2025-07-21,Personal Care,3962.18,1,0.07,3.7,2026-06-16
CUST_01987,Ritu Mishra,21,Other,Kolkata,West Bengal,2026-08-13,Footwear,577.44,2,2.0,4.7,2026-08-18
CUST_01988,Divya Menon,24,Male,Guwahati,Assam,2026-04-11,Accessories,2289.8,8,1.6,4.2,2026-06-22
CUST_01989,Varun Gupta,36,Female,Surat,Gujarat,2024-09-07,Personal Care,2375.58,1,0.04,5.0,2026-07-24
CUST_01990,Varun Agarwal,31,Other,Ahmedabad,Gujarat,2025-02-11,Kitchen,3611.94,7,0.37,4.5,2026-07-25
CUST_01991,Sneha Choudhury,34,Other,Mumbai,Maharashtra,2024-08-16,Fashion,5766.73,6,0.24,4.1,2026-06-10
CUST_01992,Ritu Kulkarni,24,Female,Nagpur,Maharashtra,2025-07-22,Furniture,2969.79,5,0.36,4.8,2026-06-21
CUST_01993,Harsh Mishra,34,Male,Chennai,Tamil Nadu,2025-09-22,Sports,4571.17,9,0.77,4.0,2026-08-12
CUST_01994,Deepak Agarwal,28,Other,Kolkata,West Bengal,2025-09-02,Fashion,6006.29,6,0.49,4.4,2026-08-10
CUST_01995,Swati Sen,18,Other,Mumbai,Maharashtra,2025-05-21,Fashion,836.18,10,0.63,4.4,2026-08-21
CUST_01996,Vivek Sharma,35,Female,Jaipur,Rajasthan,2024-11-15,Kitchen,2958.39,15,0.68,4.7,2026-08-20
CUST_01997,Varun Bose,31,Other,Lucknow,Uttar Pradesh,2026-06-16,Sports,2080.01,13,4.64,4.5,2026-06-26
CUST_01998,Simran Sharma,18,Other,Mumbai,Maharashtra,2025-01-30,Fashion,465.41,12,0.61,4.6,2026-07-30
CUST_01999,Simran Reddy,41,Other,Kochi,Kerala,2024-09-16,Beauty,2793.91,6,0.25,4.0,2026-07-18
CUST_02000,Deepak Mehta,36,Other,Surat,Gujarat,2025-10-14,Home,0.0,0,0.0,0.0,
CUST_02001,Varun Das,44,Male,Lucknow,Uttar Pradesh,2025-05-07,Furniture,457.34,7,0.43,4.2,2026-08-12
CUST_02002,Pallavi Kapoor,22,Other,Hyderabad,Telangana,2025-07-26,Books,1625.48,9,0.66,4.3,2026-06-25
CUST_02003,Manish Nair,29,Female,Mumbai,Maharashtra,2024-12-08,Kitchen,1338.51,2,0.09,4.5,2026-06-15
CUST_02004,Tanvi Saxena,33,Male,Chandigarh,Punjab,2026-02-25,Mobiles,6798.35,2,0.31,3.8,2026-09-03
CUST_02005,Amit Das,18,Male,Indore,Madhya Pradesh,2025-07-06,Sports,9242.48,9,0.63,4.4,2026-06-29
CUST_02006,Priya Sharma,24,Other,Kolkata,West Bengal,2025-11-15,Footwear,1278.07,6,0.61,4.3,2026-07-24
CUST_02007,Suresh Sharma,22,Other,Nagpur,Maharashtra,2025-01-10,Footwear,3907.52,7,0.35,4.7,2026-06-14
CUST_02008,Meera Chopra,34,Female,Nagpur,Maharashtra,2025-02-01,Laptops,428.01,4,0.21,4.4,2026-06-20
CUST_02009,Akash Reddy,18,Other,Hyderabad,Telangana,2025-01-30,Mobiles,9902.65,5,0.26,5.0,2026-07-16
CUST_02010,Divya Sharma,21,Male,Coimbatore,Tamil Nadu,2025-08-05,Fashion,1623.16,2,0.15,3.6,2026-09-01
CUST_02011,Rohan Deshmukh,42,Female,Indore,Madhya Pradesh,2024-07-02,Books,16283.55,14,0.53,4.4,2026-08-25
CUST_02012,Vivek Rao,27,Other,Pune,Maharashtra,2026-08-02,Footwear,638.44,8,6.49,4.0,2026-08-14
CUST_02013,Sunita Reddy,33,Other,Pune,Maharashtra,2025-05-28,Home,1363.83,9,0.58,4.2,2026-07-14
CUST_02014,Priya Malhotra,18,Female,Mumbai,Maharashtra,2024-10-19,Gaming,2535.04,2,0.09,4.3,2026-07-02
CUST_02015,Varun Saxena,34,Other,Delhi,Delhi,2026-07-19,Gaming,849.82,4,2.35,4.7,2026-07-29
CUST_02016,Swati Rao,18,Other,Hyderabad,Telangana,2026-07-02,Kitchen,1742.04,4,1.76,4.9,2026-08-04
CUST_02017,Deepika Reddy,39,Male,Guwahati,Assam,2024-12-18,Home,917.01,2,0.1,4.3,2026-07-19
CUST_02018,Meera Bose,31,Other,Indore,Madhya Pradesh,2025-08-01,Electronics,5031.57,4,0.3,4.9,2026-07-31
CUST_02019,Sanjay Singh,37,Male,Hyderabad,Telangana,2025-09-22,Electronics,2777.07,10,0.85,4.4,2026-06-21
CUST_02020,Akash Singh,28,Female,Bhopal,Madhya Pradesh,2026-02-18,Electronics,1425.51,10,1.49,3.8,2026-08-15
CUST_02021,Aarav Iyer,46,Male,Pune,Maharashtra,2024-11-07,Kitchen,9500.64,9,0.4,4.7,2026-07-13
CUST_02022,Manish Chopra,18,Female,Visakhapatnam,Andhra Pradesh,2025-07-17,Mobiles,849.06,7,0.5,4.0,2026-06-30
CUST_02023,Gaurav Rao,33,Other,Ahmedabad,Gujarat,2024-12-12,Electronics,1019.85,17,0.8,3.8,2026-07-28
CUST_02024,Suresh Kapoor,27,Male,Chandigarh,Punjab,2026-08-13,Footwear,4900.28,10,10.0,5.0,2026-09-05
CUST_02025,Rajesh Iyer,20,Other,Kochi,Kerala,2026-01-08,Sports,2093.06,2,0.25,4.6,2026-08-17
CUST_02026,Vivek Verma,30,Male,Ahmedabad,Gujarat,2025-07-12,Accessories,451.79,3,0.21,3.9,2026-06-15
CUST_02027,Neha Trivedi,49,Male,Visakhapatnam,Andhra Pradesh,2025-12-20,Books,1572.27,9,1.03,5.0,2026-06-18
CUST_02028,Simran Kumar,35,Female,Jaipur,Rajasthan,2025-02-17,Personal Care,6562.36,8,0.42,4.1,2026-06-20
CUST_02029,Gaurav Kulkarni,27,Other,Chandigarh,Punjab,2025-01-29,Footwear,6375.46,19,0.97,3.9,2026-08-17
CUST_02030,Deepika Kumar,30,Other,Kochi,Kerala,2026-03-29,Home,847.58,6,1.1,4.2,2026-08-26
CUST_02031,Deepak Iyer,36,Female,Kochi,Kerala,2024-11-28,Books,0.0,0,0.0,0.0,
CUST_02032,Nikhil Patel,36,Male,Chandigarh,Punjab,2026-06-27,Books,640.39,3,1.23,4.0,2026-07-23
CUST_02033,Neha Reddy,24,Female,Coimbatore,Tamil Nadu,2025-10-09,Kitchen,2165.94,12,1.08,3.9,2026-07-09
CUST_02034,Ritu Sen,38,Male,Kochi,Kerala,2026-03-28,Books,1618.31,9,1.65,4.8,2026-07-13
CUST_02035,Rajesh Gupta,48,Female,Hyderabad,Telangana,2025-08-20,Mobiles,519.34,5,0.39,4.7,2026-06-10
CUST_02036,Harsh Das,56,Male,Jaipur,Rajasthan,2025-10-27,Kitchen,2375.03,4,0.38,4.1,2026-09-03
CUST_02037,Simran Malhotra,18,Other,Mumbai,Maharashtra,2026-01-04,Electronics,3649.3,9,1.09,4.3,2026-08-23
CUST_02038,Varun Patel,33,Male,Pune,Maharashtra,2025-12-17,Personal Care,4267.92,6,0.68,4.9,2026-07-15
CUST_02039,Deepak Chopra,35,Other,Nagpur,Maharashtra,2026-02-21,Beauty,552.38,2,0.3,4.7,2026-07-24
CUST_02040,Akash Kapoor,29,Female,Pune,Maharashtra,2026-08-10,Home,1462.55,11,11.0,4.4,2026-08-12
CUST_02041,Sneha Iyer,38,Other,Bengaluru,Karnataka,2025-10-03,Books,3711.68,7,0.62,4.2,2026-08-23
CUST_02042,Deepika Bose,43,Female,Pune,Maharashtra,2025-09-18,Personal Care,1726.27,4,0.34,4.7,2026-07-08
CUST_02043,Deepak Verma,19,Male,Surat,Gujarat,2025-01-18,Gaming,0.0,0,0.0,0.0,
CUST_02044,Abhishek Bose,43,Other,Visakhapatnam,Andhra Pradesh,2026-02-08,Electronics,7267.01,5,0.71,4.8,2026-08-03
CUST_02045,Simran Patel,46,Other,Visakhapatnam,Andhra Pradesh,2025-05-23,Home,2702.84,11,0.7,4.4,2026-08-18
CUST_02046,Tanvi Agarwal,20,Male,Lucknow,Uttar Pradesh,2026-01-02,Books,1482.3,7,0.84,3.8,2026-07-19
CUST_02047,Vivek Agarwal,48,Female,Indore,Madhya Pradesh,2024-11-13,Furniture,969.05,17,0.77,5.0,2026-08-05
CUST_02048,Meera Verma,37,Other,Patna,Bihar,2025-01-08,Electronics,3062.36,2,0.1,3.7,2026-06-11
CUST_02049,Priya Kapoor,22,Other,Nagpur,Maharashtra,2025-09-05,Kitchen,4107.15,10,0.82,4.4,2026-08-09
CUST_02050,Pranav Saxena,46,Male,Chandigarh,Punjab,2026-03-05,Books,2896.56,2,0.32,4.4,2026-08-28
CUST_02051,Varun Deshmukh,23,Other,Lucknow,Uttar Pradesh,2025-10-29,Electronics,1458.97,3,0.29,4.0,2026-06-16
CUST_02052,Shweta Choudhury,43,Other,Surat,Gujarat,2025-10-19,Furniture,685.41,12,1.11,4.1,2026-06-25
CUST_02053,Karan Kapoor,41,Female,Visakhapatnam,Andhra Pradesh,2025-09-17,Electronics,2143.03,5,0.42,3.8,2026-07-03
CUST_02054,Aakanksha Choudhury,19,Male,Patna,Bihar,2026-06-28,Gaming,4465.21,2,0.83,3.7,2026-08-20
CUST_02055,Pallavi Das,24,Other,Nagpur,Maharashtra,2024-12-04,Laptops,0.0,0,0.0,0.0,
CUST_02056,Amit Nair,18,Other,Nagpur,Maharashtra,2026-02-08,Accessories,3407.17,14,1.98,4.2,2026-08-28
CUST_02057,Meera Menon,23,Other,Surat,Gujarat,2025-10-17,Home,3959.08,8,0.74,4.7,2026-07-27
CUST_02058,Shweta Pillai,32,Male,Bhopal,Madhya Pradesh,2025-03-29,Personal Care,534.14,4,0.23,5.0,2026-07-03
CUST_02059,Aakanksha Gupta,18,Male,Kolkata,West Bengal,2024-08-06,Footwear,4232.42,4,0.16,3.6,2026-06-18
CUST_02060,Aakanksha Malhotra,23,Female,Bhopal,Madhya Pradesh,2025-02-16,Home,6119.68,1,0.05,4.4,2026-08-28
CUST_02061,Preeti Chopra,50,Other,Bengaluru,Karnataka,2025-11-11,Furniture,889.08,11,1.1,3.6,2026-06-26
CUST_02062,Aditi Choudhury,22,Other,Patna,Bihar,2024-11-12,Mobiles,927.86,5,0.23,4.2,2026-08-25
CUST_02063,Harsh Verma,35,Female,Chandigarh,Punjab,2026-03-21,Gaming,1983.99,14,2.46,4.4,2026-07-15
CUST_02064,Suresh Mishra,25,Female,Bengaluru,Karnataka,2024-11-14,Fashion,6553.83,15,0.68,4.4,2026-07-05
CUST_02065,Aditi Menon,33,Other,Coimbatore,Tamil Nadu,2024-07-14,Mobiles,783.76,1,0.04,4.0,2026-06-14
CUST_02066,Amit Deshmukh,26,Female,Mumbai,Maharashtra,2024-07-16,Electronics,1491.56,2,0.08,4.4,2026-08-23
CUST_02067,Pallavi Patel,20,Male,Ahmedabad,Gujarat,2025-02-20,Gaming,1088.58,10,0.53,5.0,2026-06-26
CUST_02068,Deepika Singh,19,Other,Chandigarh,Punjab,2025-08-27,Grocery,437.1,3,0.24,4.6,2026-08-07
CUST_02069,Rohan Agarwal,40,Male,Surat,Gujarat,2025-09-18,Laptops,741.23,2,0.17,4.6,2026-07-05
CUST_02070,Rohan Nair,41,Female,Delhi,Delhi,2026-04-03,Furniture,545.52,8,1.52,4.6,2026-08-11
CUST_02071,Kavita Joshi,43,Male,Chandigarh,Punjab,2024-09-05,Kitchen,5378.11,20,0.82,4.1,2026-08-12
CUST_02072,Tanvi Singh,18,Female,Bengaluru,Karnataka,2026-01-09,Furniture,8312.62,10,1.24,4.6,2026-07-04
CUST_02073,Tanvi Agarwal,39,Male,Pune,Maharashtra,2025-08-23,Electronics,10892.08,5,0.39,3.7,2026-06-20
CUST_02074,Aarav Sen,40,Female,Nagpur,Maharashtra,2025-09-24,Laptops,1517.21,17,1.46,4.1,2026-08-27
CUST_02075,Rajesh Das,18,Other,Ahmedabad,Gujarat,2026-05-23,Fashion,2171.07,7,1.94,4.7,2026-07-20
CUST_02076,Divya Agarwal,29,Female,Patna,Bihar,2026-02-10,Kitchen,1178.37,8,1.14,4.7,2026-07-25
CUST_02077,Ananya Gupta,44,Female,Lucknow,Uttar Pradesh,2025-12-10,Home,2803.69,13,1.43,4.5,2026-06-13
CUST_02078,Amit Mishra,32,Other,Ahmedabad,Gujarat,2025-04-24,Kitchen,2801.87,11,0.66,4.2,2026-08-15
CUST_02079,Karan Kapoor,35,Other,Bhopal,Madhya Pradesh,2024-10-23,Kitchen,1421.73,14,0.61,3.6,2026-07-17
CUST_02080,Divya Nair,37,Male,Surat,Gujarat,2026-05-27,Books,848.18,13,3.75,4.0,2026-08-06
CUST_02081,Varun Patel,54,Male,Hyderabad,Telangana,2024-11-19,Furniture,790.98,9,0.41,4.5,2026-07-28
CUST_02082,Kavita Iyer,33,Other,Lucknow,Uttar Pradesh,2025-06-26,Books,5231.42,12,0.82,5.0,2026-09-02
CUST_02083,Ananya Verma,46,Male,Nagpur,Maharashtra,2025-02-06,Kitchen,606.1,1,0.05,4.3,2026-08-21
CUST_02084,Kavita Sharma,23,Female,Chennai,Tamil Nadu,2025-04-08,Fashion,1127.67,12,0.69,4.2,2026-08-12
CUST_02085,Deepak Pandey,32,Male,Jaipur,Rajasthan,2024-11-09,Books,6696.41,6,0.27,4.0,2026-06-13
CUST_02086,Ananya Malhotra,18,Other,Ahmedabad,Gujarat,2024-12-21,Laptops,1657.52,14,0.67,4.9,2026-08-11
CUST_02087,Harsh Bose,49,Other,Delhi,Delhi,2025-06-17,Grocery,747.81,17,1.14,4.0,2026-07-18
CUST_02088,Vivek Sen,40,Other,Mumbai,Maharashtra,2025-01-13,Home,1520.06,6,0.3,4.3,2026-08-16
CUST_02089,Shweta Bhatia,36,Other,Coimbatore,Tamil Nadu,2025-11-16,Laptops,3955.96,10,1.01,3.8,2026-07-25
CUST_02090,Divya Mishra,25,Female,Nagpur,Maharashtra,2024-07-14,Kitchen,880.17,17,0.65,4.8,2026-08-21
CUST_02091,Ananya Das,25,Female,Pune,Maharashtra,2026-07-29,Gaming,3763.1,6,4.39,4.9,2026-08-03
CUST_02092,Ananya Pillai,19,Male,Indore,Madhya Pradesh,2025-11-15,Mobiles,3281.66,2,0.2,4.0,2026-08-13
CUST_02093,Kavita Agarwal,42,Other,Surat,Gujarat,2026-06-14,Accessories,1051.99,14,4.88,4.4,2026-08-12
CUST_02094,Nikhil Sen,18,Other,Kochi,Kerala,2025-03-13,Beauty,3139.08,7,0.39,3.9,2026-08-09
CUST_02095,Rajesh Menon,25,Female,Coimbatore,Tamil Nadu,2026-08-05,Grocery,5315.39,12,10.59,3.9,2026-09-01
CUST_02096,Aarav Bhatia,18,Male,Guwahati,Assam,2026-04-26,Gaming,9178.55,11,2.44,4.3,2026-08-14
CUST_02097,Varun Sharma,38,Male,Nagpur,Maharashtra,2026-04-11,Furniture,2957.04,18,3.6,4.1,2026-08-21
CUST_02098,Karan Verma,38,Female,Bengaluru,Karnataka,2024-10-18,Personal Care,2574.93,4,0.17,4.9,2026-08-09
CUST_02099,Preeti Verma,43,Other,Kochi,Kerala,2025-05-15,Laptops,4875.99,22,1.37,3.6,2026-08-21
CUST_02100,Shweta Patel,30,Male,Delhi,Delhi,2024-08-25,Laptops,668.85,17,0.69,4.4,2026-06-11
CUST_02101,Shweta Gupta,25,Other,Pune,Maharashtra,2026-03-09,Footwear,3789.33,13,2.13,5.0,2026-07-22
CUST_02102,Divya Mishra,36,Other,Bengaluru,Karnataka,2026-06-20,Electronics,5150.24,13,4.88,4.0,2026-06-21
CUST_02103,Pooja Singh,31,Female,Nagpur,Maharashtra,2025-04-30,Accessories,3897.91,3,0.18,4.6,2026-06-24
CUST_02104,Sunita Chopra,37,Male,Indore,Madhya Pradesh,2025-12-01,Kitchen,4890.38,20,2.14,3.9,2026-08-12
CUST_02105,Ritu Patel,32,Female,Lucknow,Uttar Pradesh,2026-03-25,Accessories,1516.58,9,1.62,3.6,2026-08-01
CUST_02106,Kavita Kumar,18,Female,Hyderabad,Telangana,2026-05-01,Kitchen,6842.99,1,0.23,3.9,2026-09-03
CUST_02107,Sanjay Malhotra,37,Female,Hyderabad,Telangana,2024-09-14,Electronics,801.77,15,0.62,3.7,2026-08-11
CUST_02108,Aarav Singh,25,Other,Indore,Madhya Pradesh,2025-05-17,Gaming,449.73,4,0.25,4.9,2026-08-31
CUST_02109,Pooja Menon,27,Male,Delhi,Delhi,2024-12-19,Fashion,694.15,17,0.81,4.1,2026-08-08
CUST_02110,Varun Choudhury,18,Male,Bengaluru,Karnataka,2025-01-12,Books,1936.43,18,0.89,4.2,2026-08-13
CUST_02111,Pranav Agarwal,39,Male,Mumbai,Maharashtra,2025-09-06,Personal Care,5132.94,11,0.9,4.4,2026-07-09
CUST_02112,Aditi Verma,26,Male,Visakhapatnam,Andhra Pradesh,2025-12-13,Beauty,1249.88,4,0.45,4.9,2026-07-27
CUST_02113,Harsh Sharma,28,Male,Coimbatore,Tamil Nadu,2026-01-10,Electronics,2043.05,23,2.86,3.9,2026-08-27
CUST_02114,Rohan Sen,27,Female,Kolkata,West Bengal,2026-03-08,Gaming,2546.4,6,0.98,3.9,2026-08-25
CUST_02115,Sanjay Agarwal,38,Male,Surat,Gujarat,2025-04-23,Kitchen,1818.74,1,0.06,4.1,2026-06-16
CUST_02116,Pooja Kumar,28,Male,Mumbai,Maharashtra,2025-12-03,Grocery,1760.62,14,1.51,4.6,2026-08-03
CUST_02117,Ananya Chopra,26,Male,Patna,Bihar,2026-03-01,Personal Care,1299.45,1,0.16,4.8,2026-07-09
CUST_02118,Isha Reddy,36,Female,Ahmedabad,Gujarat,2025-06-29,Kitchen,0.0,0,0.0,0.0,
CUST_02119,Pooja Mishra,36,Male,Lucknow,Uttar Pradesh,2025-10-23,Laptops,1592.47,4,0.38,4.1,2026-08-15
CUST_02120,Neha Sen,25,Female,Mumbai,Maharashtra,2026-03-25,Furniture,1870.37,7,1.26,3.9,2026-08-15
CUST_02121,Pallavi Reddy,18,Male,Chennai,Tamil Nadu,2024-07-30,Gaming,1423.21,4,0.16,4.0,2026-06-25
CUST_02122,Nikhil Pillai,43,Female,Kolkata,West Bengal,2025-07-31,Home,3481.1,2,0.15,4.5,2026-08-12
CUST_02123,Varun Sen,41,Other,Kochi,Kerala,2025-09-30,Mobiles,7538.14,2,0.17,4.9,2026-08-10
CUST_02124,Akash Bose,50,Male,Coimbatore,Tamil Nadu,2024-12-10,Furniture,3718.1,9,0.42,3.6,2026-06-28
CUST_02125,Amit Reddy,18,Female,Kochi,Kerala,2024-12-29,Gaming,1622.34,6,0.29,4.1,2026-08-24
CUST_02126,Amit Gupta,30,Male,Patna,Bihar,2024-10-05,Books,3086.12,1,0.04,4.9,2026-07-29
CUST_02127,Pranav Agarwal,39,Male,Kolkata,West Bengal,2025-06-05,Kitchen,4407.31,16,1.04,4.0,2026-06-10
CUST_02128,Vivek Pillai,30,Other,Bhopal,Madhya Pradesh,2025-12-01,Books,2061.25,20,2.14,4.2,2026-06-28
CUST_02129,Deepak Deshmukh,25,Female,Chennai,Tamil Nadu,2026-01-12,Fashion,12235.77,22,2.76,5.0,2026-07-21
CUST_02130,Aarav Malhotra,34,Other,Jaipur,Rajasthan,2025-10-04,Electronics,2343.84,17,1.5,3.6,2026-08-05
CUST_02131,Suresh Das,35,Other,Nagpur,Maharashtra,2026-05-21,Laptops,5729.37,3,0.82,3.6,2026-06-26
CUST_02132,Rajesh Bhatia,38,Other,Chennai,Tamil Nadu,2026-05-24,Sports,994.67,9,2.52,3.7,2026-07-31
CUST_02133,Tanvi Agarwal,20,Other,Surat,Gujarat,2026-01-25,Electronics,2239.41,10,1.33,4.9,2026-06-22
CUST_02134,Amit Mishra,28,Male,Chandigarh,Punjab,2025-12-27,Footwear,6014.75,8,0.94,4.0,2026-06-30
CUST_02135,Swati Reddy,30,Female,Delhi,Delhi,2025-03-21,Home,1782.17,5,0.28,3.9,2026-08-23
CUST_02136,Aakanksha Bose,33,Female,Jaipur,Rajasthan,2025-06-03,Electronics,1240.75,4,0.26,4.6,2026-08-20
CUST_02137,Aarav Kumar,44,Male,Kolkata,West Bengal,2026-01-27,Home,631.92,10,1.34,4.9,2026-06-12
CUST_02138,Pooja Pandey,27,Male,Kochi,Kerala,2025-09-17,Books,831.72,3,0.25,4.7,2026-08-12
CUST_02139,Aarav Verma,40,Male,Mumbai,Maharashtra,2025-02-04,Home,1351.71,7,0.36,4.7,2026-08-07
CUST_02140,Tanvi Das,41,Male,Patna,Bihar,2026-04-28,Electronics,762.44,1,0.23,4.3,2026-09-07
CUST_02141,Harsh Menon,38,Other,Bengaluru,Karnataka,2026-04-17,Beauty,7907.88,4,0.83,4.2,2026-08-23
CUST_02142,Aarav Sharma,33,Other,Bengaluru,Karnataka,2025-07-22,Kitchen,3848.68,7,0.51,3.8,2026-08-08
CUST_02143,Simran Mehta,21,Female,Patna,Bihar,2024-09-29,Footwear,1031.45,14,0.59,3.7,2026-06-20
CUST_02144,Aarav Kapoor,26,Other,Chandigarh,Punjab,2025-10-16,Fashion,850.26,1,0.09,4.2,2026-06-29
CUST_02145,Manish Joshi,31,Male,Delhi,Delhi,2026-06-29,Personal Care,750.68,1,0.42,4.0,2026-07-04
CUST_02146,Suresh Shah,38,Female,Hyderabad,Telangana,2026-05-12,Personal Care,592.9,5,1.26,3.7,2026-07-12
CUST_02147,Rahul Malhotra,28,Male,Chandigarh,Punjab,2026-05-17,Electronics,5764.81,8,2.11,4.0,2026-06-11
CUST_02148,Deepak Singh,19,Other,Lucknow,Uttar Pradesh,2026-03-19,Footwear,3225.71,3,0.52,4.5,2026-08-14
CUST_02149,Aarav Patel,38,Female,Pune,Maharashtra,2025-09-22,Electronics,3431.79,4,0.34,4.2,2026-08-03
CUST_02150,Aditi Das,39,Female,Indore,Madhya Pradesh,2025-01-08,Furniture,482.15,8,0.39,4.4,2026-08-02
CUST_02151,Shweta Pandey,32,Female,Bhopal,Madhya Pradesh,2025-05-24,Kitchen,955.83,5,0.32,3.7,2026-09-01
CUST_02152,Sunita Singh,33,Female,Mumbai,Maharashtra,2026-03-30,Kitchen,493.19,1,0.19,4.3,2026-06-11
CUST_02153,Amit Sen,35,Male,Surat,Gujarat,2025-05-19,Personal Care,7209.5,10,0.63,3.8,2026-09-07
CUST_02154,Tanvi Singh,43,Male,Surat,Gujarat,2025-08-30,Grocery,987.38,4,0.32,4.0,2026-07-06
CUST_02155,Gaurav Saxena,38,Male,Coimbatore,Tamil Nadu,2025-12-30,Laptops,1143.69,9,1.07,5.0,2026-06-18
CUST_02156,Varun Nair,28,Male,Ahmedabad,Gujarat,2025-09-01,Home,765.47,13,1.05,3.6,2026-09-05
CUST_02157,Neha Kumar,37,Other,Hyderabad,Telangana,2025-01-23,Electronics,2106.18,5,0.25,4.6,2026-06-29
CUST_02158,Rahul Kapoor,38,Male,Bhopal,Madhya Pradesh,2026-06-09,Laptops,5344.39,4,1.32,5.0,2026-06-19
CUST_02159,Abhishek Agarwal,36,Male,Lucknow,Uttar Pradesh,2024-10-07,Personal Care,5085.18,20,0.86,4.8,2026-08-24
CUST_02160,Priya Das,29,Other,Kolkata,West Bengal,2026-01-07,Kitchen,3892.76,1,0.12,4.2,2026-08-05
CUST_02161,Aditi Verma,32,Male,Chennai,Tamil Nadu,2025-01-21,Fashion,462.92,5,0.25,3.8,2026-07-03
CUST_02162,Neha Sharma,35,Male,Kolkata,West Bengal,2026-01-26,Beauty,8809.65,6,0.8,4.6,2026-06-27
CUST_02163,Swati Patel,19,Female,Bengaluru,Karnataka,2026-04-13,Footwear,0.0,0,0.0,0.0,
CUST_02164,Manish Kapoor,39,Other,Kochi,Kerala,2026-08-08,Grocery,884.11,12,11.61,4.2,2026-08-15
CUST_02165,Gaurav Shah,23,Other,Jaipur,Rajasthan,2025-10-04,Footwear,4099.72,14,1.24,5.0,2026-09-02
CUST_02166,Deepika Sen,26,Male,Chennai,Tamil Nadu,2025-05-26,Fashion,2722.13,10,0.64,4.8,2026-08-10
CUST_02167,Deepika Joshi,30,Male,Hyderabad,Telangana,2024-11-21,Kitchen,7795.36,1,0.05,3.9,2026-07-27
CUST_02168,Ritu Chopra,49,Other,Pune,Maharashtra,2024-07-31,Books,1478.49,10,0.39,4.8,2026-07-07
CUST_02169,Manish Shah,20,Female,Nagpur,Maharashtra,2025-06-14,Fashion,857.95,1,0.07,5.0,2026-07-07
CUST_02170,Pranav Kumar,30,Male,Chandigarh,Punjab,2024-07-05,Mobiles,840.21,2,0.08,3.8,2026-06-13
CUST_02171,Isha Deshmukh,43,Male,Indore,Madhya Pradesh,2025-05-13,Kitchen,1147.76,1,0.06,4.1,2026-07-04
CUST_02172,Varun Kulkarni,38,Female,Kochi,Kerala,2024-09-03,Home,2698.77,13,0.53,4.8,2026-08-19
CUST_02173,Shweta Patel,30,Other,Coimbatore,Tamil Nadu,2025-06-27,Home,4515.57,15,1.03,4.8,2026-07-04
CUST_02174,Shweta Pillai,26,Other,Lucknow,Uttar Pradesh,2025-04-22,Home,4088.2,11,0.65,4.5,2026-08-28
CUST_02175,Pallavi Verma,36,Other,Pune,Maharashtra,2025-08-14,Personal Care,2832.78,1,0.08,4.2,2026-09-03
CUST_02176,Rahul Pillai,36,Other,Lucknow,Uttar Pradesh,2025-03-25,Footwear,3973.15,18,1.02,5.0,2026-07-31
CUST_02177,Amit Shah,35,Female,Jaipur,Rajasthan,2026-01-17,Footwear,12286.34,9,1.15,4.0,2026-09-01
CUST_02178,Varun Saxena,48,Other,Indore,Madhya Pradesh,2025-02-05,Personal Care,1111.34,4,0.21,3.8,2026-08-24
CUST_02179,Meera Pillai,24,Other,Bhopal,Madhya Pradesh,2025-12-04,Laptops,1023.57,15,1.62,4.1,2026-08-18
CUST_02180,Harsh Pillai,32,Male,Mumbai,Maharashtra,2025-07-06,Kitchen,5226.25,5,0.35,4.5,2026-08-02
CUST_02181,Neha Menon,36,Male,Hyderabad,Telangana,2024-10-02,Personal Care,567.75,12,0.51,4.4,2026-08-13
CUST_02182,Neha Malhotra,38,Male,Coimbatore,Tamil Nadu,2025-12-07,Grocery,9283.82,3,0.33,4.2,2026-06-14
CUST_02183,Deepika Shah,31,Female,Patna,Bihar,2025-10-29,Books,435.87,8,0.76,4.3,2026-08-30
CUST_02184,Shweta Agarwal,31,Female,Nagpur,Maharashtra,2026-07-27,Personal Care,6401.34,14,9.77,4.0,2026-08-13
CUST_02185,Aditi Rao,36,Male,Hyderabad,Telangana,2026-07-06,Home,1701.93,9,4.22,3.8,2026-08-27
CUST_02186,Ritu Nair,18,Male,Jaipur,Rajasthan,2026-05-27,Sports,1366.06,5,1.44,4.8,2026-08-07
CUST_02187,Ananya Kulkarni,18,Female,Delhi,Delhi,2025-10-05,Footwear,1684.76,6,0.53,4.8,2026-09-07
CUST_02188,Divya Chopra,33,Male,Hyderabad,Telangana,2024-08-19,Kitchen,6964.69,13,0.52,5.0,2026-09-01
CUST_02189,Arjun Kumar,37,Male,Pune,Maharashtra,2026-05-04,Personal Care,773.41,14,3.31,4.8,2026-06-29
CUST_02190,Preeti Bhatia,22,Male,Bengaluru,Karnataka,2026-05-20,Footwear,1510.81,6,1.62,4.9,2026-09-03
CUST_02191,Kavita Nair,18,Female,Hyderabad,Telangana,2025-12-16,Gaming,3867.05,1,0.11,4.3,2026-06-11
CUST_02192,Rahul Agarwal,18,Female,Nagpur,Maharashtra,2025-06-21,Gaming,1098.01,2,0.14,4.8,2026-08-25
CUST_02193,Sanjay Saxena,28,Male,Kochi,Kerala,2024-09-18,Accessories,1266.22,1,0.04,4.0,2026-07-05
CUST_02194,Pallavi Sen,18,Female,Coimbatore,Tamil Nadu,2025-03-01,Fashion,1210.21,6,0.32,4.9,2026-07-23
CUST_02195,Ananya Patel,29,Male,Coimbatore,Tamil Nadu,2025-09-05,Books,689.09,7,0.57,4.3,2026-07-26
CUST_02196,Ananya Sharma,25,Female,Kolkata,West Bengal,2025-01-25,Personal Care,1476.98,9,0.46,4.6,2026-07-03
CUST_02197,Akash Singh,28,Female,Guwahati,Assam,2024-07-02,Electronics,10396.29,3,0.11,4.3,2026-08-09
CUST_02198,Varun Gupta,40,Female,Mumbai,Maharashtra,2025-01-31,Laptops,7941.62,1,0.05,4.3,2026-06-21
CUST_02199,Pooja Singh,23,Male,Guwahati,Assam,2024-07-04,Mobiles,906.76,13,0.49,4.3,2026-08-06
CUST_02200,Ananya Kapoor,18,Male,Visakhapatnam,Andhra Pradesh,2025-09-07,Fashion,4967.19,3,0.25,4.2,2026-09-02
CUST_02201,Varun Kapoor,35,Male,Mumbai,Maharashtra,2026-02-14,Fashion,1656.42,10,1.46,3.6,2026-06-29
CUST_02202,Sunita Rao,49,Female,Coimbatore,Tamil Nadu,2025-03-25,Books,7658.53,2,0.11,3.8,2026-09-06
CUST_02203,Manish Deshmukh,46,Female,Pune,Maharashtra,2026-04-03,Home,4295.44,4,0.76,4.9,2026-07-19
CUST_02204,Karan Mishra,34,Male,Indore,Madhya Pradesh,2024-12-28,Fashion,709.64,2,0.1,4.4,2026-07-20
CUST_02205,Sanjay Kapoor,36,Female,Coimbatore,Tamil Nadu,2025-11-27,Home,2944.35,19,2.0,4.3,2026-06-14
CUST_02206,Sanjay Pillai,19,Female,Kochi,Kerala,2026-06-13,Electronics,7909.76,19,6.55,4.6,2026-06-20
CUST_02207,Divya Agarwal,51,Female,Chennai,Tamil Nadu,2026-05-20,Fashion,6630.97,6,1.62,4.6,2026-08-31
CUST_02208,Varun Saxena,31,Female,Chennai,Tamil Nadu,2025-07-18,Beauty,2903.99,1,0.07,4.3,2026-09-07
CUST_02209,Aarav Mehta,36,Male,Kochi,Kerala,2026-07-03,Accessories,4293.64,8,3.58,4.0,2026-08-18
CUST_02210,Kavita Kulkarni,31,Other,Hyderabad,Telangana,2024-11-23,Kitchen,902.29,7,0.32,3.8,2026-06-26
CUST_02211,Pranav Pandey,29,Female,Surat,Gujarat,2026-06-13,Home,2611.08,5,1.72,3.6,2026-09-04
CUST_02212,Rahul Choudhury,27,Female,Guwahati,Assam,2026-06-04,Furniture,3674.0,3,0.94,4.8,2026-07-29
CUST_02213,Rohan Singh,26,Male,Kochi,Kerala,2026-06-08,Electronics,3006.89,17,5.54,4.6,2026-07-09
CUST_02214,Sunita Joshi,33,Other,Lucknow,Uttar Pradesh,2025-07-02,Fashion,969.18,7,0.48,4.5,2026-08-09
CUST_02215,Preeti Pandey,43,Female,Ahmedabad,Gujarat,2025-10-06,Sports,7178.87,1,0.09,3.6,2026-08-27
CUST_02216,Aditi Mishra,43,Male,Jaipur,Rajasthan,2025-03-27,Kitchen,999.68,13,0.74,4.7,2026-08-05
CUST_02217,Pooja Chopra,29,Other,Patna,Bihar,2025-06-11,Laptops,2249.74,2,0.13,4.3,2026-07-29
CUST_02218,Sunita Iyer,21,Female,Hyderabad,Telangana,2026-04-01,Furniture,5420.31,1,0.19,4.9,2026-07-12
CUST_02219,Meera Pillai,21,Male,Chennai,Tamil Nadu,2025-12-23,Laptops,1741.52,11,1.27,4.3,2026-06-27
CUST_02220,Rahul Iyer,34,Female,Jaipur,Rajasthan,2026-03-14,Furniture,773.51,15,2.53,3.7,2026-06-18
CUST_02221,Vivek Das,34,Male,Ahmedabad,Gujarat,2024-07-29,Grocery,2949.44,16,0.62,3.8,2026-09-05
CUST_02222,Rajesh Bose,29,Other,Kochi,Kerala,2025-11-06,Laptops,2557.61,13,1.27,4.3,2026-07-10
CUST_02223,Rohan Rao,27,Male,Coimbatore,Tamil Nadu,2026-05-07,Beauty,2357.83,1,0.24,3.9,2026-07-11
CUST_02224,Deepak Das,38,Male,Kochi,Kerala,2025-07-22,Home,1873.32,5,0.36,4.3,2026-06-16
CUST_02225,Suresh Chopra,23,Other,Delhi,Delhi,2026-01-10,Home,3633.34,2,0.25,4.0,2026-07-07
CUST_02226,Suresh Malhotra,38,Male,Kolkata,West Bengal,2025-05-24,Home,2157.95,9,0.57,4.8,2026-08-29
CUST_02227,Deepak Pandey,33,Female,Coimbatore,Tamil Nadu,2024-10-01,Fashion,552.69,4,0.17,3.7,2026-07-20
CUST_02228,Harsh Kumar,18,Female,Jaipur,Rajasthan,2024-07-11,Books,2166.01,16,0.61,4.3,2026-06-12
CUST_02229,Pooja Saxena,18,Female,Kolkata,West Bengal,2025-01-28,Fashion,550.93,16,0.82,4.2,2026-09-02
CUST_02230,Swati Reddy,30,Male,Mumbai,Maharashtra,2025-05-20,Kitchen,3329.91,10,0.63,3.9,2026-06-12
CUST_02231,Akash Patel,43,Other,Pune,Maharashtra,2025-09-07,Personal Care,4418.92,5,0.41,5.0,2026-06-29
CUST_02232,Tanvi Chopra,22,Female,Chennai,Tamil Nadu,2025-08-18,Fashion,2446.48,6,0.47,4.9,2026-08-11
CUST_02233,Swati Choudhury,42,Other,Visakhapatnam,Andhra Pradesh,2024-12-06,Electronics,2652.71,2,0.09,4.9,2026-07-17
CUST_02234,Aditi Pillai,18,Female,Surat,Gujarat,2025-03-02,Footwear,6666.78,13,0.7,4.6,2026-06-24
CUST_02235,Sneha Verma,22,Other,Chandigarh,Punjab,2025-08-05,Footwear,5951.35,5,0.38,3.6,2026-08-05
CUST_02236,Aditi Deshmukh,34,Other,Guwahati,Assam,2026-03-24,Beauty,2264.63,22,3.93,4.4,2026-08-13
CUST_02237,Neha Saxena,18,Female,Guwahati,Assam,2025-05-16,Books,3024.82,15,0.94,4.7,2026-08-06
CUST_02238,Gaurav Mehta,37,Other,Chandigarh,Punjab,2025-06-24,Kitchen,2580.81,20,1.36,4.6,2026-08-31
CUST_02239,Deepak Bhatia,42,Female,Visakhapatnam,Andhra Pradesh,2024-08-22,Personal Care,2597.45,13,0.52,4.0,2026-07-25
CUST_02240,Swati Pandey,24,Male,Patna,Bihar,2024-08-28,Grocery,2402.45,1,0.04,4.8,2026-08-08
CUST_02241,Aakanksha Reddy,21,Male,Kolkata,West Bengal,2025-04-18,Gaming,606.18,6,0.35,4.6,2026-07-18
CUST_02242,Amit Das,28,Other,Pune,Maharashtra,2026-02-16,Electronics,1172.22,1,0.15,3.8,2026-08-16
CUST_02243,Pooja Chopra,32,Male,Hyderabad,Telangana,2024-07-01,Fashion,5575.8,1,0.04,4.8,2026-07-10
CUST_02244,Simran Bose,24,Other,Hyderabad,Telangana,2025-04-03,Grocery,15002.0,3,0.17,3.8,2026-07-15
CUST_02245,Rajesh Kumar,39,Other,Nagpur,Maharashtra,2025-08-04,Beauty,1630.63,4,0.3,4.0,2026-08-02
CUST_02246,Sunita Joshi,41,Other,Nagpur,Maharashtra,2025-12-24,Home,818.81,1,0.12,3.8,2026-07-22
CUST_02247,Rahul Mishra,30,Female,Patna,Bihar,2026-08-11,Electronics,442.93,10,10.0,4.8,2026-08-20
CUST_02248,Sneha Kumar,18,Male,Kolkata,West Bengal,2024-07-16,Furniture,4222.67,8,0.31,4.7,2026-06-27
CUST_02249,Aarav Gupta,39,Female,Kolkata,West Bengal,2024-09-24,Personal Care,715.5,12,0.5,4.3,2026-08-04
CUST_02250,Vikram Verma,18,Female,Nagpur,Maharashtra,2026-07-25,Electronics,0.0,0,0.0,0.0,
CUST_02251,Nikhil Das,30,Male,Pune,Maharashtra,2026-05-29,Footwear,702.62,17,5.0,4.2,2026-08-14
CUST_02252,Rohan Saxena,23,Female,Mumbai,Maharashtra,2026-07-17,Furniture,4102.05,9,5.09,3.9,2026-08-01
CUST_02253,Sneha Bose,33,Female,Kolkata,West Bengal,2025-12-03,Personal Care,670.12,12,1.29,4.4,2026-07-21
CUST_02254,Ananya Pandey,25,Female,Kolkata,West Bengal,2025-01-20,Footwear,16225.09,12,0.6,4.2,2026-07-13
CUST_02255,Divya Trivedi,36,Other,Mumbai,Maharashtra,2025-02-13,Home,652.76,5,0.26,3.6,2026-06-27
CUST_02256,Tanvi Menon,35,Female,Jaipur,Rajasthan,2026-06-18,Books,1181.37,9,3.29,4.5,2026-07-25
CUST_02257,Preeti Mishra,30,Other,Chandigarh,Punjab,2026-04-30,Personal Care,8721.69,7,1.6,3.9,2026-06-22
CUST_02258,Isha Kulkarni,23,Male,Visakhapatnam,Andhra Pradesh,2026-02-16,Footwear,2300.03,1,0.15,4.9,2026-08-18
CUST_02259,Ananya Mishra,31,Female,Ahmedabad,Gujarat,2025-08-28,Home,971.11,1,0.08,5.0,2026-07-31
CUST_02260,Harsh Mishra,29,Female,Delhi,Delhi,2026-04-13,Beauty,4156.46,16,3.24,4.2,2026-07-16
CUST_02261,Meera Mishra,22,Male,Coimbatore,Tamil Nadu,2026-03-02,Fashion,1511.55,8,1.26,5.0,2026-07-24
CUST_02262,Pallavi Chopra,39,Female,Guwahati,Assam,2024-07-14,Footwear,718.35,6,0.23,4.2,2026-09-05
CUST_02263,Aarav Malhotra,28,Other,Bhopal,Madhya Pradesh,2025-10-15,Sports,5090.57,1,0.09,4.6,2026-07-16
CUST_02264,Ritu Menon,34,Female,Mumbai,Maharashtra,2026-02-27,Kitchen,1031.18,2,0.31,3.6,2026-06-30
CUST_02265,Rahul Agarwal,40,Male,Guwahati,Assam,2026-07-03,Fashion,2432.23,3,1.34,4.7,2026-08-15
CUST_02266,Ritu Menon,42,Female,Ahmedabad,Gujarat,2024-11-23,Personal Care,0.0,0,0.0,0.0,
CUST_02267,Shweta Reddy,36,Other,Patna,Bihar,2026-07-15,Home,2784.42,6,3.27,4.9,2026-08-27
CUST_02268,Abhishek Mehta,46,Male,Pune,Maharashtra,2026-02-23,Books,3258.01,3,0.46,3.9,2026-08-17
CUST_02269,Vikram Verma,49,Male,Kochi,Kerala,2024-10-21,Kitchen,4853.05,11,0.48,4.8,2026-07-25
CUST_02270,Priya Gupta,18,Other,Ahmedabad,Gujarat,2025-09-08,Electronics,1932.79,10,0.82,4.7,2026-07-27
CUST_02271,Rohan Shah,37,Female,Patna,Bihar,2025-03-21,Laptops,7966.74,9,0.5,4.7,2026-06-11
CUST_02272,Preeti Mehta,33,Male,Pune,Maharashtra,2026-03-06,Accessories,975.27,12,1.94,4.2,2026-08-07
CUST_02273,Karan Agarwal,27,Female,Chennai,Tamil Nadu,2026-08-12,Mobiles,5392.46,2,2.0,4.4,2026-08-27
CUST_02274,Pranav Sen,33,Male,Hyderabad,Telangana,2026-04-12,Footwear,4972.95,5,1.01,3.7,2026-08-04
CUST_02275,Pallavi Verma,31,Female,Chandigarh,Punjab,2024-07-11,Books,7646.1,16,0.61,4.9,2026-07-29
CUST_02276,Preeti Bhatia,18,Other,Chennai,Tamil Nadu,2026-06-23,Mobiles,561.03,2,0.78,3.9,2026-08-20
CUST_02277,Simran Joshi,38,Male,Bengaluru,Karnataka,2025-04-14,Fashion,3062.46,10,0.59,4.4,2026-07-30
CUST_02278,Shweta Kumar,19,Male,Mumbai,Maharashtra,2025-07-22,Mobiles,5008.11,7,0.51,4.7,2026-06-23
CUST_02279,Shweta Sen,43,Male,Patna,Bihar,2026-01-23,Personal Care,853.7,7,0.92,4.5,2026-07-26
CUST_02280,Rahul Agarwal,30,Male,Kolkata,West Bengal,2025-07-10,Home,1106.19,11,0.78,4.6,2026-08-29
CUST_02281,Rahul Chopra,33,Female,Ahmedabad,Gujarat,2024-08-10,Sports,4990.92,16,0.63,4.9,2026-08-22
CUST_02282,Shweta Chopra,26,Female,Chennai,Tamil Nadu,2024-10-05,Footwear,1790.24,22,0.94,4.1,2026-08-06
CUST_02283,Pooja Kulkarni,20,Male,Guwahati,Assam,2025-06-10,Gaming,997.44,3,0.2,4.7,2026-07-12
CUST_02284,Suresh Sharma,31,Male,Patna,Bihar,2024-12-20,Laptops,5413.77,2,0.1,4.6,2026-06-15
CUST_02285,Pranav Saxena,45,Female,Chandigarh,Punjab,2026-04-01,Home,5315.81,13,2.44,3.9,2026-08-31
CUST_02286,Rahul Patel,25,Female,Ahmedabad,Gujarat,2025-09-14,Books,1340.09,5,0.42,4.0,2026-09-06
CUST_02287,Shweta Mehta,37,Other,Chennai,Tamil Nadu,2026-05-09,Laptops,5020.89,1,0.25,3.9,2026-07-31
CUST_02288,Priya Malhotra,45,Female,Visakhapatnam,Andhra Pradesh,2024-12-22,Home,5266.74,18,0.86,3.8,2026-06-18
CUST_02289,Isha Bhatia,25,Male,Kochi,Kerala,2024-09-09,Beauty,2943.22,9,0.37,3.8,2026-08-22
CUST_02290,Neha Malhotra,18,Other,Ahmedabad,Gujarat,2024-08-24,Fashion,1132.48,11,0.44,4.7,2026-06-19
CUST_02291,Gaurav Kulkarni,34,Other,Hyderabad,Telangana,2024-12-23,Laptops,7190.86,8,0.38,4.0,2026-09-07
CUST_02292,Pranav Chopra,39,Female,Delhi,Delhi,2025-06-04,Footwear,637.0,14,0.91,4.1,2026-06-18
CUST_02293,Harsh Mehta,27,Male,Ahmedabad,Gujarat,2024-07-05,Home,1079.27,3,0.11,4.4,2026-06-24
CUST_02294,Sunita Bose,40,Female,Hyderabad,Telangana,2025-08-18,Kitchen,1315.67,2,0.16,4.1,2026-08-17
CUST_02295,Pranav Deshmukh,30,Female,Bhopal,Madhya Pradesh,2025-11-11,Electronics,12141.36,2,0.2,4.1,2026-07-03
CUST_02296,Deepak Pillai,36,Female,Surat,Gujarat,2025-02-22,Furniture,4385.67,5,0.27,3.8,2026-06-30
CUST_02297,Gaurav Kulkarni,48,Female,Visakhapatnam,Andhra Pradesh,2026-04-03,Home,1640.38,16,3.04,3.6,2026-08-16
CUST_02298,Deepak Reddy,46,Female,Visakhapatnam,Andhra Pradesh,2026-04-13,Accessories,10174.52,3,0.61,4.0,2026-07-23
CUST_02299,Kavita Pandey,24,Other,Chandigarh,Punjab,2024-07-26,Gaming,5304.41,11,0.43,4.7,2026-08-28
CUST_02300,Tanvi Kumar,31,Other,Kolkata,West Bengal,2026-02-24,Home,4402.16,5,0.77,3.6,2026-07-25
CUST_02301,Rahul Kapoor,32,Male,Kochi,Kerala,2024-08-03,Electronics,1906.89,12,0.47,4.7,2026-08-17
CUST_02302,Deepika Das,39,Male,Nagpur,Maharashtra,2025-06-24,Gaming,1379.26,8,0.54,4.7,2026-06-24
CUST_02303,Sneha Sen,45,Male,Bengaluru,Karnataka,2026-02-27,Laptops,1289.84,5,0.78,4.9,2026-08-07
CUST_02304,Neha Nair,18,Other,Patna,Bihar,2026-02-21,Gaming,0.0,0,0.0,0.0,
CUST_02305,Aarav Bhatia,22,Other,Bhopal,Madhya Pradesh,2025-07-12,Fashion,1910.96,10,0.71,4.2,2026-06-11
CUST_02306,Amit Bose,30,Female,Mumbai,Maharashtra,2025-11-24,Laptops,601.44,16,1.67,4.9,2026-09-01
CUST_02307,Ritu Bose,23,Male,Kolkata,West Bengal,2026-06-12,Gaming,1384.86,15,5.11,4.5,2026-08-02
CUST_02308,Aditi Kulkarni,18,Male,Guwahati,Assam,2026-06-04,Gaming,995.57,1,0.31,4.4,2026-08-28
CUST_02309,Divya Rao,22,Male,Nagpur,Maharashtra,2024-11-23,Kitchen,2390.65,3,0.14,3.8,2026-08-21
CUST_02310,Isha Patel,22,Male,Patna,Bihar,2026-01-04,Accessories,3146.49,16,1.94,4.6,2026-09-07
CUST_02311,Varun Sharma,21,Other,Chennai,Tamil Nadu,2025-05-04,Footwear,2476.2,13,0.79,3.7,2026-06-15
CUST_02312,Tanvi Reddy,35,Female,Hyderabad,Telangana,2024-09-17,Mobiles,11307.58,12,0.5,4.3,2026-08-31
CUST_02313,Swati Pandey,28,Male,Indore,Madhya Pradesh,2025-11-04,Gaming,1025.56,3,0.29,4.6,2026-07-02
CUST_02314,Abhishek Sharma,26,Male,Patna,Bihar,2025-09-20,Electronics,5864.03,7,0.59,3.8,2026-07-10
CUST_02315,Shweta Bose,44,Male,Coimbatore,Tamil Nadu,2025-06-10,Footwear,598.69,5,0.33,4.5,2026-08-10
CUST_02316,Kavita Pandey,31,Male,Bhopal,Madhya Pradesh,2026-04-24,Furniture,2985.96,3,0.66,4.9,2026-06-17
CUST_02317,Preeti Reddy,26,Female,Bengaluru,Karnataka,2025-05-31,Footwear,952.08,7,0.45,4.9,2026-08-21
CUST_02318,Rahul Joshi,18,Female,Jaipur,Rajasthan,2025-10-29,Kitchen,7175.85,4,0.38,4.2,2026-08-13
CUST_02319,Isha Chopra,31,Other,Indore,Madhya Pradesh,2025-03-02,Fashion,1943.04,12,0.65,4.9,2026-07-08
CUST_02320,Rohan Bose,37,Other,Pune,Maharashtra,2025-12-05,Sports,9765.82,5,0.54,4.5,2026-08-15
CUST_02321,Rohan Mishra,32,Female,Bhopal,Madhya Pradesh,2026-06-09,Books,7032.88,17,5.6,4.8,2026-07-28
CUST_02322,Rahul Malhotra,28,Other,Coimbatore,Tamil Nadu,2026-07-30,Accessories,2711.21,2,1.5,4.5,2026-08-07
CUST_02323,Harsh Mehta,46,Male,Lucknow,Uttar Pradesh,2024-09-04,Kitchen,530.46,3,0.12,4.8,2026-09-02
CUST_02324,Rajesh Kapoor,27,Male,Coimbatore,Tamil Nadu,2025-10-08,Footwear,2939.11,9,0.81,3.7,2026-08-04
CUST_02325,Simran Kumar,33,Male,Jaipur,Rajasthan,2025-08-31,Gaming,3948.27,16,1.29,4.7,2026-07-27
CUST_02326,Deepak Mishra,37,Female,Patna,Bihar,2025-12-01,Accessories,1109.1,11,1.17,4.7,2026-06-27
CUST_02327,Aarav Kumar,41,Female,Lucknow,Uttar Pradesh,2025-02-17,Beauty,9846.06,10,0.53,4.1,2026-08-10
CUST_02328,Amit Bose,30,Other,Patna,Bihar,2026-07-08,Personal Care,5356.31,7,3.39,4.3,2026-07-25
CUST_02329,Arjun Malhotra,18,Female,Jaipur,Rajasthan,2026-06-16,Footwear,1373.79,3,1.07,4.4,2026-09-07
CUST_02330,Suresh Malhotra,46,Female,Chandigarh,Punjab,2025-04-13,Grocery,804.03,15,0.88,3.7,2026-08-16
CUST_02331,Shweta Shah,35,Female,Patna,Bihar,2024-12-10,Beauty,1538.88,1,0.05,4.4,2026-09-03
CUST_02332,Suresh Chopra,31,Other,Bengaluru,Karnataka,2025-11-24,Beauty,1000.98,6,0.62,4.0,2026-09-01
CUST_02333,Varun Choudhury,41,Male,Lucknow,Uttar Pradesh,2026-01-04,Sports,3967.51,12,1.46,4.9,2026-07-05
CUST_02334,Aakanksha Reddy,47,Female,Pune,Maharashtra,2025-05-08,Accessories,1200.72,1,0.06,4.6,2026-07-19
CUST_02335,Neha Kapoor,37,Female,Kochi,Kerala,2025-06-20,Kitchen,1347.73,10,0.67,4.8,2026-07-16
CUST_02336,Amit Deshmukh,24,Female,Ahmedabad,Gujarat,2025-07-02,Gaming,773.58,1,0.07,4.5,2026-07-22
CUST_02337,Neha Malhotra,27,Female,Surat,Gujarat,2024-07-16,Mobiles,1300.4,2,0.08,3.8,2026-08-31
CUST_02338,Akash Trivedi,30,Other,Kolkata,West Bengal,2025-01-06,Kitchen,2608.83,2,0.1,4.7,2026-09-06
CUST_02339,Deepika Iyer,35,Male,Coimbatore,Tamil Nadu,2024-10-23,Accessories,3448.12,13,0.57,4.0,2026-09-05
CUST_02340,Divya Rao,30,Female,Bhopal,Madhya Pradesh,2026-07-16,Personal Care,4212.62,15,8.33,3.9,2026-09-05
CUST_02341,Divya Das,29,Female,Bhopal,Madhya Pradesh,2024-12-21,Gaming,6165.38,5,0.24,3.6,2026-08-11
CUST_02342,Akash Sen,22,Female,Pune,Maharashtra,2026-07-28,Books,2069.56,14,10.0,4.6,2026-08-08
CUST_02343,Ananya Kapoor,36,Male,Kolkata,West Bengal,2024-07-28,Home,6057.92,2,0.08,4.2,2026-07-16
CUST_02344,Akash Trivedi,18,Other,Jaipur,Rajasthan,2026-05-28,Footwear,1845.8,5,1.46,4.2,2026-07-04
CUST_02345,Deepak Bose,41,Female,Pune,Maharashtra,2025-03-23,Kitchen,4305.01,10,0.56,4.4,2026-06-13
CUST_02346,Rohan Joshi,31,Female,Pune,Maharashtra,2025-01-10,Beauty,811.85,18,0.89,4.0,2026-08-12
CUST_02347,Karan Kulkarni,23,Other,Guwahati,Assam,2025-03-22,Gaming,8147.75,13,0.73,3.6,2026-07-18
CUST_02348,Gaurav Pillai,34,Other,Chandigarh,Punjab,2026-07-28,Personal Care,6140.49,7,5.0,3.8,2026-08-02
CUST_02349,Ananya Kulkarni,18,Female,Delhi,Delhi,2025-11-24,Sports,2983.99,12,1.25,4.7,2026-06-10
CUST_02350,Pranav Pandey,41,Female,Coimbatore,Tamil Nadu,2026-07-20,Kitchen,1328.04,19,11.4,3.9,2026-08-13
CUST_02351,Priya Menon,18,Male,Indore,Madhya Pradesh,2026-03-06,Gaming,2690.19,3,0.48,3.9,2026-07-09
CUST_02352,Pallavi Agarwal,33,Male,Surat,Gujarat,2024-11-27,Electronics,3676.5,1,0.05,5.0,2026-06-13
CUST_02353,Pranav Trivedi,18,Male,Visakhapatnam,Andhra Pradesh,2026-04-19,Footwear,3101.48,4,0.85,4.6,2026-07-16
CUST_02354,Kavita Menon,29,Male,Coimbatore,Tamil Nadu,2026-05-19,Footwear,2888.82,24,6.43,4.3,2026-09-07
CUST_02355,Deepika Bhatia,34,Female,Kolkata,West Bengal,2025-07-01,Books,16736.37,8,0.55,3.6,2026-08-18
CUST_02356,Pallavi Kapoor,32,Other,Ahmedabad,Gujarat,2026-05-22,Personal Care,3043.35,5,1.38,4.0,2026-07-28
CUST_02357,Vivek Kulkarni,29,Male,Hyderabad,Telangana,2025-11-03,Kitchen,3418.56,12,1.17,4.5,2026-06-27
CUST_02358,Varun Das,39,Male,Indore,Madhya Pradesh,2024-12-14,Kitchen,1500.47,2,0.09,4.5,2026-08-30
CUST_02359,Pranav Das,30,Male,Mumbai,Maharashtra,2025-08-08,Personal Care,6437.43,8,0.61,4.3,2026-06-22
CUST_02360,Shweta Shah,36,Other,Surat,Gujarat,2024-07-20,Home,2361.48,8,0.31,4.7,2026-06-15
CUST_02361,Priya Kulkarni,29,Male,Bengaluru,Karnataka,2025-04-29,Kitchen,732.94,5,0.3,4.3,2026-07-16
CUST_02362,Aarav Joshi,34,Other,Indore,Madhya Pradesh,2024-11-01,Books,1489.43,11,0.49,3.9,2026-06-15
CUST_02363,Ananya Iyer,27,Other,Surat,Gujarat,2025-01-03,Electronics,3213.02,2,0.1,4.1,2026-08-25
CUST_02364,Manish Saxena,31,Other,Chennai,Tamil Nadu,2024-10-19,Books,0.0,0,0.0,0.0,
CUST_02365,Meera Sharma,29,Male,Coimbatore,Tamil Nadu,2026-07-03,Laptops,0.0,0,0.0,0.0,
CUST_02366,Akash Verma,24,Other,Chennai,Tamil Nadu,2025-06-23,Home,1465.69,17,1.15,4.2,2026-09-02
CUST_02367,Priya Mehta,40,Male,Surat,Gujarat,2024-11-13,Laptops,2246.52,4,0.18,4.5,2026-07-03
CUST_02368,Vikram Das,27,Male,Indore,Madhya Pradesh,2026-03-19,Beauty,6846.3,7,1.21,4.9,2026-06-23
CUST_02369,Sunita Kumar,22,Other,Lucknow,Uttar Pradesh,2025-10-17,Accessories,4427.68,10,0.92,4.5,2026-09-04
CUST_02370,Aditi Das,23,Male,Surat,Gujarat,2025-03-18,Electronics,995.53,9,0.5,3.9,2026-06-27
CUST_02371,Isha Sen,38,Female,Bengaluru,Karnataka,2026-06-03,Electronics,3269.61,5,1.55,3.6,2026-06-30
CUST_02372,Pallavi Deshmukh,32,Male,Guwahati,Assam,2025-07-21,Home,1012.28,1,0.07,4.7,2026-08-17
CUST_02373,Tanvi Joshi,41,Male,Mumbai,Maharashtra,2025-01-26,Books,0.0,0,0.0,0.0,
CUST_02374,Aakanksha Singh,18,Male,Ahmedabad,Gujarat,2024-11-18,Grocery,1105.61,2,0.09,3.7,2026-07-11
CUST_02375,Sneha Trivedi,35,Female,Pune,Maharashtra,2024-09-30,Home,1275.47,6,0.25,4.0,2026-08-03
CUST_02376,Gaurav Pillai,35,Other,Indore,Madhya Pradesh,2024-11-12,Laptops,4395.73,8,0.36,4.0,2026-06-17
CUST_02377,Aakanksha Deshmukh,46,Female,Mumbai,Maharashtra,2026-05-28,Grocery,2685.26,2,0.58,4.6,2026-09-06
CUST_02378,Rajesh Pillai,25,Other,Chennai,Tamil Nadu,2025-10-18,Footwear,1737.55,8,0.74,4.8,2026-06-15
CUST_02379,Kavita Bose,46,Other,Mumbai,Maharashtra,2024-12-28,Books,3048.14,1,0.05,4.9,2026-08-19
CUST_02380,Isha Rao,50,Male,Mumbai,Maharashtra,2026-02-13,Home,1188.43,4,0.58,4.2,2026-06-27
CUST_02381,Priya Shah,26,Other,Indore,Madhya Pradesh,2024-10-24,Fashion,1420.52,20,0.88,3.8,2026-09-07
CUST_02382,Rajesh Shah,33,Female,Chandigarh,Punjab,2026-04-05,Personal Care,7191.62,9,1.73,4.1,2026-09-02
CUST_02383,Suresh Kulkarni,31,Female,Jaipur,Rajasthan,2025-03-24,Sports,1918.5,1,0.06,4.3,2026-06-10
CUST_02384,Nikhil Pillai,25,Female,Jaipur,Rajasthan,2024-09-23,Footwear,0.0,0,0.0,0.0,
CUST_02385,Divya Pandey,35,Female,Jaipur,Rajasthan,2025-03-15,Kitchen,3281.18,3,0.17,4.1,2026-08-23
CUST_02386,Harsh Das,23,Female,Ahmedabad,Gujarat,2025-03-07,Electronics,3151.35,4,0.22,4.9,2026-08-03
CUST_02387,Tanvi Bose,18,Male,Pune,Maharashtra,2026-04-11,Footwear,2025.31,8,1.6,3.7,2026-07-15
CUST_02388,Tanvi Pillai,27,Female,Guwahati,Assam,2024-11-18,Home,10429.93,16,0.73,4.4,2026-08-02
CUST_02389,Amit Rao,20,Other,Lucknow,Uttar Pradesh,2025-01-16,Electronics,825.73,17,0.85,4.9,2026-06-14
CUST_02390,Amit Choudhury,35,Male,Jaipur,Rajasthan,2026-02-10,Kitchen,1800.21,15,2.14,3.8,2026-08-15
CUST_02391,Varun Agarwal,41,Other,Chennai,Tamil Nadu,2026-08-08,Personal Care,1109.27,16,15.48,4.2,2026-08-25
CUST_02392,Isha Trivedi,21,Other,Patna,Bihar,2025-06-28,Footwear,627.24,4,0.27,4.8,2026-08-14
CUST_02393,Sanjay Bhatia,25,Other,Guwahati,Assam,2024-10-15,Beauty,924.66,7,0.3,4.9,2026-06-24
CUST_02394,Vivek Pillai,36,Other,Nagpur,Maharashtra,2025-12-09,Personal Care,868.46,4,0.44,4.7,2026-07-28
CUST_02395,Akash Pandey,21,Female,Nagpur,Maharashtra,2025-03-10,Mobiles,1402.59,14,0.77,4.2,2026-07-06
CUST_02396,Sneha Rao,20,Female,Mumbai,Maharashtra,2025-10-15,Accessories,2194.43,1,0.09,4.0,2026-08-07
CUST_02397,Sneha Verma,45,Other,Jaipur,Rajasthan,2024-12-05,Laptops,2924.01,4,0.19,4.1,2026-08-26
CUST_02398,Vivek Malhotra,34,Other,Pune,Maharashtra,2024-12-14,Grocery,665.67,1,0.05,5.0,2026-08-19
CUST_02399,Tanvi Sharma,42,Male,Mumbai,Maharashtra,2026-06-12,Laptops,4290.47,11,3.75,3.7,2026-07-31
CUST_02400,Isha Trivedi,41,Female,Chennai,Tamil Nadu,2024-11-26,Accessories,789.31,3,0.14,4.6,2026-07-30
CUST_02401,Suresh Pandey,35,Male,Lucknow,Uttar Pradesh,2024-08-01,Home,0.0,0,0.0,0.0,
CUST_02402,Kavita Nair,24,Male,Mumbai,Maharashtra,2026-01-22,Sports,430.19,10,1.31,3.8,2026-07-28
CUST_02403,Pranav Chopra,23,Male,Delhi,Delhi,2024-12-22,Gaming,1616.32,13,0.62,4.1,2026-06-17
CUST_02404,Sanjay Nair,18,Male,Chennai,Tamil Nadu,2025-10-20,Footwear,899.48,3,0.28,4.5,2026-07-27
CUST_02405,Pooja Verma,33,Other,Kolkata,West Bengal,2025-12-23,Laptops,3761.37,9,1.04,3.6,2026-08-09
CUST_02406,Simran Bose,21,Female,Guwahati,Assam,2026-05-07,Electronics,2930.38,9,2.18,4.9,2026-06-28
CUST_02407,Tanvi Singh,25,Other,Nagpur,Maharashtra,2026-07-16,Mobiles,988.6,11,6.11,4.3,2026-08-13
CUST_02408,Aarav Patel,25,Female,Kochi,Kerala,2025-12-11,Gaming,1898.08,1,0.11,4.5,2026-07-12
CUST_02409,Varun Gupta,18,Other,Bhopal,Madhya Pradesh,2025-01-11,Footwear,4331.65,13,0.64,3.8,2026-07-08
CUST_02410,Rajesh Pandey,18,Male,Lucknow,Uttar Pradesh,2025-12-09,Mobiles,7010.96,11,1.21,4.0,2026-07-07
CUST_02411,Karan Iyer,18,Male,Bengaluru,Karnataka,2024-10-16,Mobiles,555.55,4,0.17,4.5,2026-07-08
CUST_02412,Gaurav Pandey,27,Female,Hyderabad,Telangana,2026-08-06,Footwear,2649.45,1,0.91,4.3,2026-08-07
CUST_02413,Arjun Sen,18,Male,Bengaluru,Karnataka,2025-03-29,Home,581.29,11,0.62,3.9,2026-08-31
CUST_02414,Neha Menon,39,Other,Kolkata,West Bengal,2026-07-04,Grocery,2623.07,5,2.27,4.8,2026-07-27
CUST_02415,Pallavi Bhatia,39,Other,Bengaluru,Karnataka,2024-12-23,Fashion,2674.48,3,0.14,4.3,2026-07-03
CUST_02416,Kavita Das,43,Male,Pune,Maharashtra,2025-10-18,Sports,2732.63,6,0.55,4.8,2026-08-01
CUST_02417,Deepika Reddy,18,Female,Lucknow,Uttar Pradesh,2025-02-02,Gaming,0.0,0,0.0,0.0,
CUST_02418,Shweta Chopra,41,Female,Mumbai,Maharashtra,2025-05-22,Kitchen,523.26,10,0.63,4.7,2026-08-22
CUST_02419,Gaurav Patel,35,Male,Visakhapatnam,Andhra Pradesh,2025-06-22,Accessories,2506.07,7,0.47,4.7,2026-08-29
CUST_02420,Vivek Patel,35,Female,Delhi,Delhi,2024-09-14,Fashion,16752.83,11,0.46,4.3,2026-08-27
CUST_02421,Divya Deshmukh,33,Male,Nagpur,Maharashtra,2024-12-20,Gaming,7482.07,8,0.38,4.0,2026-08-28
CUST_02422,Sanjay Mehta,21,Female,Delhi,Delhi,2024-12-08,Gaming,1271.86,2,0.09,4.7,2026-06-28
CUST_02423,Deepak Sharma,45,Female,Kochi,Kerala,2025-02-08,Footwear,600.29,1,0.05,4.0,2026-08-26
CUST_02424,Nikhil Reddy,34,Female,Guwahati,Assam,2025-07-14,Books,3609.53,10,0.71,4.4,2026-08-07
CUST_02425,Ananya Trivedi,46,Female,Delhi,Delhi,2024-10-26,Books,4469.68,17,0.75,3.6,2026-07-09
CUST_02426,Rajesh Sharma,43,Other,Ahmedabad,Gujarat,2026-08-07,Kitchen,591.12,6,5.62,4.8,2026-08-18
CUST_02427,Ananya Kapoor,34,Female,Mumbai,Maharashtra,2024-07-01,Kitchen,1292.55,3,0.11,4.9,2026-06-22
CUST_02428,Pranav Singh,32,Male,Bengaluru,Karnataka,2025-02-13,Home,3941.67,1,0.05,3.9,2026-06-12
CUST_02429,Sanjay Joshi,26,Male,Delhi,Delhi,2025-12-18,Sports,5307.37,12,1.36,4.4,2026-06-30
CUST_02430,Shweta Sen,33,Other,Mumbai,Maharashtra,2024-10-13,Electronics,6449.13,18,0.78,4.4,2026-07-01
CUST_02431,Pooja Joshi,42,Female,Kolkata,West Bengal,2024-12-05,Beauty,768.28,7,0.33,5.0,2026-08-27
CUST_02432,Sanjay Nair,44,Other,Bhopal,Madhya Pradesh,2024-08-23,Grocery,727.31,2,0.08,4.6,2026-08-12
CUST_02433,Meera Choudhury,24,Female,Chennai,Tamil Nadu,2026-01-27,Beauty,4904.59,1,0.13,4.4,2026-08-14
CUST_02434,Isha Nair,33,Female,Mumbai,Maharashtra,2025-03-22,Home,7429.13,1,0.06,4.3,2026-07-14
CUST_02435,Deepak Choudhury,26,Other,Nagpur,Maharashtra,2025-04-12,Footwear,7140.41,4,0.23,3.8,2026-06-23
CUST_02436,Ananya Bhatia,32,Other,Guwahati,Assam,2026-05-17,Accessories,1487.53,10,2.63,3.7,2026-08-10
CUST_02437,Arjun Deshmukh,28,Male,Indore,Madhya Pradesh,2025-07-28,Books,741.61,1,0.07,4.1,2026-08-26
CUST_02438,Shweta Kapoor,42,Female,Nagpur,Maharashtra,2026-07-02,Mobiles,3355.51,6,2.65,4.7,2026-08-18
CUST_02439,Divya Kumar,25,Other,Hyderabad,Telangana,2026-04-27,Fashion,7846.69,15,3.36,4.0,2026-09-03
CUST_02440,Isha Pillai,55,Other,Kolkata,West Bengal,2026-03-22,Books,800.43,1,0.18,3.9,2026-07-29
CUST_02441,Akash Deshmukh,32,Male,Visakhapatnam,Andhra Pradesh,2025-04-18,Sports,540.82,15,0.89,4.6,2026-07-23
CUST_02442,Rajesh Chopra,31,Other,Delhi,Delhi,2025-02-21,Accessories,5934.84,6,0.32,4.9,2026-06-18
CUST_02443,Neha Das,25,Male,Lucknow,Uttar Pradesh,2025-07-16,Fashion,0.0,0,0.0,0.0,
CUST_02444,Preeti Agarwal,42,Female,Ahmedabad,Gujarat,2025-01-06,Electronics,4108.72,12,0.59,4.8,2026-07-16
CUST_02445,Simran Pillai,28,Female,Bhopal,Madhya Pradesh,2026-04-06,Electronics,10232.77,19,3.68,3.9,2026-08-15
CUST_02446,Harsh Joshi,26,Male,Kochi,Kerala,2025-12-25,Footwear,1092.44,1,0.12,4.6,2026-08-21
CUST_02447,Vikram Choudhury,27,Other,Lucknow,Uttar Pradesh,2026-08-03,Kitchen,427.92,4,3.33,4.3,2026-08-15
CUST_02448,Sunita Trivedi,34,Female,Mumbai,Maharashtra,2026-01-10,Personal Care,1570.55,17,2.12,4.2,2026-07-03
CUST_02449,Meera Trivedi,36,Male,Indore,Madhya Pradesh,2025-12-20,Electronics,1650.0,3,0.34,4.2,2026-07-19
CUST_02450,Swati Mishra,25,Male,Kochi,Kerala,2026-07-05,Footwear,2157.95,5,2.31,4.5,2026-08-27
CUST_02451,Swati Reddy,40,Male,Guwahati,Assam,2025-02-07,Sports,0.0,0,0.0,0.0,
CUST_02452,Aarav Pandey,37,Male,Patna,Bihar,2026-07-06,Laptops,9604.94,1,0.47,3.7,2026-08-17
CUST_02453,Divya Sen,18,Male,Chennai,Tamil Nadu,2025-08-11,Accessories,5922.0,7,0.53,4.5,2026-09-05
CUST_02454,Meera Kumar,41,Other,Pune,Maharashtra,2025-05-05,Electronics,1343.72,14,0.86,4.3,2026-06-27
CUST_02455,Vivek Rao,18,Male,Hyderabad,Telangana,2025-01-08,Footwear,3297.39,5,0.25,3.7,2026-07-19
CUST_02456,Preeti Kulkarni,27,Other,Bhopal,Madhya Pradesh,2026-07-06,Gaming,2123.33,6,2.81,4.1,2026-07-10
CUST_02457,Simran Trivedi,44,Female,Chandigarh,Punjab,2025-11-29,Laptops,11988.91,5,0.53,4.4,2026-06-19
CUST_02458,Amit Verma,19,Female,Lucknow,Uttar Pradesh,2024-07-15,Laptops,1684.43,6,0.23,4.0,2026-06-11
CUST_02459,Meera Shah,36,Other,Bengaluru,Karnataka,2026-04-14,Home,11106.83,2,0.41,4.4,2026-06-19
CUST_02460,Sunita Bhatia,30,Female,Kochi,Kerala,2024-11-13,Personal Care,11965.93,8,0.36,3.9,2026-07-02
CUST_02461,Rajesh Menon,18,Female,Indore,Madhya Pradesh,2025-06-30,Electronics,1264.73,11,0.76,4.4,2026-08-17
CUST_02462,Ritu Singh,32,Male,Visakhapatnam,Andhra Pradesh,2024-11-26,Accessories,490.01,20,0.92,4.0,2026-09-01
CUST_02463,Varun Joshi,34,Male,Ahmedabad,Gujarat,2025-06-27,Home,6500.32,2,0.14,4.8,2026-07-16
CUST_02464,Deepika Kapoor,36,Female,Mumbai,Maharashtra,2025-05-18,Laptops,0.0,0,0.0,0.0,
CUST_02465,Rajesh Das,27,Other,Chennai,Tamil Nadu,2024-07-05,Electronics,489.81,11,0.42,3.6,2026-07-18
CUST_02466,Arjun Rao,26,Male,Kochi,Kerala,2025-03-21,Beauty,4842.46,5,0.28,3.7,2026-09-04
CUST_02467,Arjun Deshmukh,26,Male,Bengaluru,Karnataka,2025-05-25,Laptops,1432.42,5,0.32,4.6,2026-06-13
CUST_02468,Neha Bose,30,Female,Hyderabad,Telangana,2025-09-30,Beauty,2277.59,13,1.14,4.1,2026-09-01
CUST_02469,Nikhil Agarwal,44,Male,Kochi,Kerala,2026-04-09,Home,2510.88,5,0.99,4.0,2026-08-06
CUST_02470,Kavita Shah,28,Other,Chandigarh,Punjab,2025-10-09,Electronics,6739.64,12,1.08,4.0,2026-06-27
CUST_02471,Sanjay Reddy,36,Other,Kochi,Kerala,2026-01-13,Kitchen,0.0,0,0.0,0.0,
CUST_02472,Gaurav Kulkarni,25,Female,Patna,Bihar,2026-06-25,Home,2170.49,12,4.8,3.8,2026-07-11
CUST_02473,Neha Menon,34,Other,Surat,Gujarat,2024-11-05,Gaming,2528.52,24,1.07,5.0,2026-07-14
CUST_02474,Deepika Pandey,26,Other,Indore,Madhya Pradesh,2025-01-02,Footwear,8875.77,7,0.34,4.1,2026-07-15
CUST_02475,Ananya Kapoor,36,Male,Pune,Maharashtra,2025-09-23,Books,700.51,7,0.6,4.5,2026-08-05
CUST_02476,Sunita Das,41,Female,Nagpur,Maharashtra,2026-08-12,Electronics,5168.13,11,11.0,4.3,2026-08-17
CUST_02477,Sneha Shah,33,Other,Visakhapatnam,Andhra Pradesh,2025-04-21,Home,4996.78,4,0.24,4.0,2026-06-30
CUST_02478,Aarav Pillai,29,Other,Hyderabad,Telangana,2025-01-19,Home,6925.35,3,0.15,3.6,2026-08-18
CUST_02479,Ritu Bose,18,Female,Ahmedabad,Gujarat,2026-01-09,Sports,3659.98,1,0.12,4.6,2026-08-20
CUST_02480,Vivek Kulkarni,30,Female,Pune,Maharashtra,2024-09-20,Books,720.6,4,0.17,4.4,2026-08-12
CUST_02481,Tanvi Nair,37,Female,Delhi,Delhi,2026-02-10,Beauty,7918.77,1,0.14,3.9,2026-07-28
CUST_02482,Karan Mishra,38,Female,Coimbatore,Tamil Nadu,2025-07-30,Kitchen,12250.58,10,0.74,3.8,2026-08-05
CUST_02483,Akash Trivedi,30,Male,Guwahati,Assam,2024-08-23,Laptops,1190.91,13,0.52,4.6,2026-08-10
CUST_02484,Meera Sen,24,Male,Delhi,Delhi,2026-04-02,Grocery,2992.46,3,0.57,3.9,2026-06-12
CUST_02485,Harsh Gupta,36,Female,Mumbai,Maharashtra,2026-06-14,Personal Care,3794.53,13,4.53,3.9,2026-06-21
CUST_02486,Sneha Malhotra,29,Female,Lucknow,Uttar Pradesh,2026-03-31,Sports,3647.29,4,0.75,4.3,2026-07-31
CUST_02487,Vikram Bhatia,40,Other,Surat,Gujarat,2026-03-20,Home,2215.15,1,0.17,4.3,2026-06-13
CUST_02488,Gaurav Pandey,39,Male,Chandigarh,Punjab,2025-11-17,Gaming,9416.93,13,1.32,4.9,2026-08-22
CUST_02489,Priya Trivedi,41,Female,Chandigarh,Punjab,2025-05-30,Home,685.11,2,0.13,4.4,2026-08-13
CUST_02490,Suresh Gupta,23,Male,Mumbai,Maharashtra,2024-08-16,Footwear,10065.73,14,0.56,5.0,2026-08-02
CUST_02491,Kavita Deshmukh,33,Male,Kolkata,West Bengal,2024-07-04,Books,893.27,16,0.6,4.6,2026-06-19
CUST_02492,Pooja Trivedi,25,Male,Visakhapatnam,Andhra Pradesh,2025-05-16,Fashion,3225.07,15,0.94,3.9,2026-07-10
CUST_02493,Vikram Bose,26,Other,Surat,Gujarat,2024-09-02,Sports,897.65,1,0.04,4.2,2026-07-19
CUST_02494,Deepika Choudhury,48,Female,Mumbai,Maharashtra,2025-05-23,Grocery,0.0,0,0.0,0.0,
CUST_02495,Kavita Kapoor,25,Female,Delhi,Delhi,2025-12-19,Footwear,1060.44,20,2.28,4.1,2026-09-03
CUST_02496,Gaurav Kumar,38,Other,Surat,Gujarat,2025-10-12,Fashion,3946.78,6,0.54,4.0,2026-06-19
CUST_02497,Rohan Sen,40,Female,Lucknow,Uttar Pradesh,2024-08-04,Grocery,5912.19,2,0.08,4.9,2026-08-22
CUST_02498,Shweta Sharma,25,Other,Bhopal,Madhya Pradesh,2025-04-22,Mobiles,6639.01,6,0.36,3.8,2026-07-05
CUST_02499,Isha Bose,37,Male,Kochi,Kerala,2025-01-14,Footwear,7158.35,2,0.1,4.8,2026-07-14
CUST_02500,Aarav Mishra,55,Male,Ahmedabad,Gujarat,2024-08-26,Furniture,4760.0,14,0.57,4.7,2026-08-14
CUST_02501,Abhishek Sen,18,Female,Jaipur,Rajasthan,2025-06-24,Gaming,496.4,4,0.27,4.4,2026-08-02
CUST_02502,Shweta Iyer,26,Other,Visakhapatnam,Andhra Pradesh,2024-10-27,Gaming,582.28,3,0.13,4.3,2026-08-25
CUST_02503,Kavita Agarwal,53,Other,Patna,Bihar,2024-09-23,Home,7735.52,13,0.55,4.8,2026-06-26
CUST_02504,Shweta Mishra,35,Other,Bengaluru,Karnataka,2025-11-29,Personal Care,9599.01,20,2.12,4.4,2026-09-03
CUST_02505,Preeti Saxena,36,Female,Chandigarh,Punjab,2026-08-05,Electronics,1719.15,10,8.82,3.8,2026-08-25
CUST_02506,Varun Menon,35,Female,Lucknow,Uttar Pradesh,2026-01-10,Beauty,2390.83,4,0.5,4.6,2026-08-22
CUST_02507,Pallavi Reddy,23,Female,Hyderabad,Telangana,2026-04-08,Gaming,2976.08,2,0.39,4.6,2026-08-18
CUST_02508,Pallavi Kulkarni,27,Other,Bengaluru,Karnataka,2024-10-12,Gaming,17047.49,4,0.17,4.5,2026-07-27
CUST_02509,Sunita Trivedi,47,Female,Ahmedabad,Gujarat,2025-12-05,Furniture,777.44,2,0.22,4.6,2026-09-07
CUST_02510,Sneha Deshmukh,24,Female,Bhopal,Madhya Pradesh,2024-07-21,Footwear,2548.81,5,0.19,4.9,2026-08-21
CUST_02511,Pallavi Malhotra,30,Other,Lucknow,Uttar Pradesh,2025-03-28,Laptops,7875.78,6,0.34,4.8,2026-08-16
CUST_02512,Karan Iyer,18,Female,Coimbatore,Tamil Nadu,2024-07-16,Footwear,6263.95,12,0.46,4.8,2026-08-30
CUST_02513,Deepak Malhotra,19,Male,Chennai,Tamil Nadu,2026-01-22,Fashion,1196.74,20,2.62,4.5,2026-07-02
CUST_02514,Akash Verma,18,Female,Nagpur,Maharashtra,2025-10-26,Mobiles,1132.49,1,0.09,4.3,2026-07-20
CUST_02515,Sanjay Kulkarni,24,Male,Pune,Maharashtra,2024-09-04,Fashion,5459.41,4,0.16,4.5,2026-06-26
CUST_02516,Tanvi Nair,35,Female,Patna,Bihar,2024-12-14,Sports,4197.52,7,0.33,3.6,2026-07-19
CUST_02517,Gaurav Malhotra,40,Female,Coimbatore,Tamil Nadu,2024-11-19,Electronics,6696.76,9,0.41,4.7,2026-06-27
CUST_02518,Sanjay Mehta,23,Other,Nagpur,Maharashtra,2025-12-15,Mobiles,5161.76,4,0.45,4.8,2026-06-20
CUST_02519,Nikhil Singh,35,Male,Indore,Madhya Pradesh,2026-04-19,Books,2847.5,1,0.21,3.7,2026-06-30
CUST_02520,Pooja Bose,30,Male,Indore,Madhya Pradesh,2025-07-05,Accessories,3069.14,3,0.21,3.7,2026-09-07
CUST_02521,Gaurav Rao,25,Female,Coimbatore,Tamil Nadu,2024-09-18,Electronics,717.23,17,0.71,4.1,2026-08-03
CUST_02522,Aakanksha Joshi,35,Female,Chandigarh,Punjab,2024-07-11,Books,772.34,8,0.3,4.1,2026-07-06
CUST_02523,Sneha Reddy,32,Female,Bhopal,Madhya Pradesh,2025-11-11,Furniture,1869.96,5,0.5,3.7,2026-09-07
CUST_02524,Aakanksha Das,38,Female,Surat,Gujarat,2025-06-21,Kitchen,5574.51,9,0.61,4.6,2026-08-01
CUST_02525,Abhishek Patel,21,Female,Indore,Madhya Pradesh,2025-08-23,Electronics,10699.55,12,0.94,3.7,2026-07-28
CUST_02526,Sneha Saxena,31,Female,Lucknow,Uttar Pradesh,2025-11-26,Sports,2420.63,2,0.21,4.4,2026-07-04
CUST_02527,Akash Trivedi,27,Female,Mumbai,Maharashtra,2026-03-25,Home,3073.53,6,1.08,4.3,2026-08-13
CUST_02528,Pranav Bose,48,Male,Surat,Gujarat,2025-12-24,Furniture,7285.05,9,1.05,4.8,2026-07-09
CUST_02529,Vikram Das,29,Male,Ahmedabad,Gujarat,2025-06-27,Home,826.31,3,0.21,4.8,2026-09-02
CUST_02530,Deepika Pillai,41,Female,Chennai,Tamil Nadu,2026-01-14,Home,715.9,11,1.39,3.8,2026-08-31
CUST_02531,Meera Choudhury,34,Male,Nagpur,Maharashtra,2024-12-01,Electronics,3542.73,7,0.33,5.0,2026-09-04
CUST_02532,Shweta Choudhury,36,Male,Pune,Maharashtra,2025-11-17,Home,6429.79,1,0.1,4.7,2026-06-25
CUST_02533,Vikram Mishra,26,Other,Visakhapatnam,Andhra Pradesh,2024-12-17,Accessories,5843.56,14,0.67,4.8,2026-06-26
CUST_02534,Amit Mishra,32,Female,Chandigarh,Punjab,2026-03-16,Accessories,993.26,8,1.36,3.9,2026-08-24
CUST_02535,Sanjay Bhatia,20,Female,Surat,Gujarat,2026-08-06,Accessories,2368.26,1,0.91,4.9,2026-08-18
CUST_02536,Isha Mehta,39,Female,Indore,Madhya Pradesh,2024-07-11,Kitchen,1885.27,10,0.38,5.0,2026-07-31
CUST_02537,Aarav Agarwal,32,Female,Visakhapatnam,Andhra Pradesh,2024-11-02,Laptops,1403.36,2,0.09,4.0,2026-06-26
CUST_02538,Aditi Saxena,34,Female,Patna,Bihar,2024-11-14,Laptops,2493.45,2,0.09,4.5,2026-08-21
CUST_02539,Swati Sharma,33,Male,Guwahati,Assam,2025-12-06,Personal Care,459.29,8,0.87,4.5,2026-08-20
CUST_02540,Rohan Pillai,41,Male,Bengaluru,Karnataka,2025-08-22,Electronics,1329.43,6,0.47,4.3,2026-07-27
CUST_02541,Preeti Mishra,39,Male,Coimbatore,Tamil Nadu,2026-02-05,Furniture,5751.32,11,1.53,3.7,2026-08-19
CUST_02542,Rahul Agarwal,28,Other,Coimbatore,Tamil Nadu,2024-10-08,Books,8185.22,15,0.64,4.0,2026-07-09
CUST_02543,Swati Das,33,Female,Guwahati,Assam,2025-08-10,Kitchen,4499.44,4,0.3,4.0,2026-06-15
CUST_02544,Deepak Saxena,32,Female,Jaipur,Rajasthan,2024-09-15,Personal Care,1977.21,8,0.33,3.6,2026-08-13
CUST_02545,Aakanksha Menon,22,Other,Chennai,Tamil Nadu,2024-12-07,Kitchen,6063.28,14,0.66,4.3,2026-06-17
CUST_02546,Tanvi Kulkarni,37,Other,Jaipur,Rajasthan,2026-05-03,Personal Care,1933.42,22,5.16,3.9,2026-08-18
CUST_02547,Suresh Kumar,29,Female,Mumbai,Maharashtra,2024-07-26,Grocery,1108.92,13,0.5,4.1,2026-06-29
CUST_02548,Preeti Menon,27,Female,Kolkata,West Bengal,2025-05-06,Gaming,1293.73,13,0.8,4.0,2026-07-08
CUST_02549,Aakanksha Mehta,46,Male,Coimbatore,Tamil Nadu,2026-02-03,Fashion,2876.76,4,0.55,4.2,2026-07-20
CUST_02550,Pallavi Mehta,26,Other,Bengaluru,Karnataka,2025-08-04,Accessories,3775.57,3,0.22,4.9,2026-07-02
CUST_02551,Neha Das,28,Other,Surat,Gujarat,2026-03-19,Fashion,3185.71,13,2.25,4.8,2026-08-20
CUST_02552,Ritu Mishra,36,Female,Patna,Bihar,2025-10-04,Home,2620.98,13,1.15,4.4,2026-06-20
CUST_02553,Aditi Trivedi,35,Female,Chennai,Tamil Nadu,2025-12-21,Kitchen,643.68,2,0.23,4.6,2026-07-11
CUST_02554,Suresh Sen,38,Female,Hyderabad,Telangana,2025-05-15,Home,3440.63,2,0.12,4.8,2026-08-19
CUST_02555,Suresh Chopra,22,Other,Patna,Bihar,2026-06-23,Fashion,4500.66,3,1.17,4.0,2026-07-15
CUST_02556,Shweta Pandey,20,Other,Nagpur,Maharashtra,2024-11-15,Electronics,3496.59,17,0.77,4.5,2026-08-31
CUST_02557,Sunita Reddy,22,Female,Coimbatore,Tamil Nadu,2025-01-02,Mobiles,4635.54,13,0.64,3.7,2026-08-05
CUST_02558,Nikhil Bose,18,Female,Chandigarh,Punjab,2025-10-02,Footwear,2369.11,8,0.7,4.3,2026-06-24
CUST_02559,Pranav Kapoor,36,Other,Delhi,Delhi,2025-05-13,Laptops,601.05,5,0.31,4.3,2026-07-10
CUST_02560,Abhishek Agarwal,28,Male,Chandigarh,Punjab,2025-04-01,Footwear,5852.31,3,0.17,4.4,2026-06-28
CUST_02561,Ritu Malhotra,30,Other,Indore,Madhya Pradesh,2026-03-01,Home,1455.32,17,2.67,3.9,2026-06-29
CUST_02562,Manish Kapoor,37,Other,Coimbatore,Tamil Nadu,2025-06-25,Mobiles,3957.87,3,0.2,3.6,2026-07-02
CUST_02563,Pooja Sharma,38,Other,Visakhapatnam,Andhra Pradesh,2025-07-07,Home,0.0,0,0.0,0.0,
CUST_02564,Pooja Shah,20,Other,Indore,Madhya Pradesh,2024-09-21,Footwear,1057.06,3,0.13,3.8,2026-08-15
CUST_02565,Vivek Sharma,24,Other,Chandigarh,Punjab,2024-07-25,Fashion,4324.81,5,0.19,4.8,2026-06-29
CUST_02566,Pranav Gupta,28,Male,Patna,Bihar,2024-10-26,Gaming,10227.88,10,0.44,4.7,2026-06-16
CUST_02567,Rahul Malhotra,24,Male,Mumbai,Maharashtra,2024-10-24,Footwear,1628.54,13,0.57,4.9,2026-09-07
CUST_02568,Sanjay Kulkarni,41,Other,Delhi,Delhi,2026-04-20,Fashion,5246.21,3,0.64,4.4,2026-07-11
CUST_02569,Suresh Chopra,27,Male,Patna,Bihar,2025-01-28,Gaming,16863.93,4,0.2,4.4,2026-07-20
CUST_02570,Suresh Shah,18,Female,Surat,Gujarat,2024-10-10,Gaming,6722.25,19,0.82,4.0,2026-06-15
CUST_02571,Isha Trivedi,39,Male,Ahmedabad,Gujarat,2024-08-19,Electronics,633.16,13,0.52,4.2,2026-09-02
CUST_02572,Gaurav Das,30,Other,Guwahati,Assam,2025-06-22,Laptops,2816.78,3,0.2,4.1,2026-08-14
CUST_02573,Nikhil Sharma,18,Female,Coimbatore,Tamil Nadu,2025-12-21,Furniture,1384.05,2,0.23,4.8,2026-08-17
CUST_02574,Kavita Gupta,37,Female,Chandigarh,Punjab,2025-09-05,Mobiles,2140.11,1,0.08,4.8,2026-06-12
CUST_02575,Gaurav Das,39,Other,Delhi,Delhi,2025-08-18,Electronics,6095.44,2,0.16,3.7,2026-06-17
CUST_02576,Akash Bhatia,23,Other,Ahmedabad,Gujarat,2025-03-09,Kitchen,12514.98,12,0.66,4.0,2026-08-03
CUST_02577,Deepika Rao,42,Other,Nagpur,Maharashtra,2026-01-17,Personal Care,0.0,0,0.0,0.0,
CUST_02578,Vikram Nair,40,Male,Lucknow,Uttar Pradesh,2025-04-12,Sports,431.12,6,0.35,4.9,2026-06-16
CUST_02579,Rahul Menon,18,Male,Ahmedabad,Gujarat,2024-10-25,Fashion,793.25,11,0.48,3.9,2026-09-01
CUST_02580,Pranav Das,47,Male,Chandigarh,Punjab,2024-11-15,Kitchen,9051.88,11,0.5,4.4,2026-07-01
CUST_02581,Rohan Agarwal,36,Other,Coimbatore,Tamil Nadu,2025-05-15,Gaming,1499.67,17,1.06,3.7,2026-07-01
CUST_02582,Pooja Shah,34,Other,Lucknow,Uttar Pradesh,2024-11-15,Accessories,4977.15,5,0.23,4.2,2026-07-24
CUST_02583,Rajesh Reddy,51,Female,Visakhapatnam,Andhra Pradesh,2025-01-08,Grocery,2151.13,8,0.39,4.9,2026-09-04
CUST_02584,Suresh Mishra,33,Female,Bhopal,Madhya Pradesh,2025-10-18,Sports,2384.85,1,0.09,4.2,2026-08-30
CUST_02585,Amit Bhatia,40,Female,Visakhapatnam,Andhra Pradesh,2026-01-08,Books,1192.87,15,1.85,4.5,2026-07-05
CUST_02586,Ananya Rao,48,Other,Visakhapatnam,Andhra Pradesh,2025-08-10,Books,1756.41,17,1.29,4.4,2026-08-18
CUST_02587,Pooja Deshmukh,25,Female,Ahmedabad,Gujarat,2026-05-05,Sports,3455.0,5,1.19,4.7,2026-06-28
CUST_02588,Kavita Kulkarni,34,Male,Chennai,Tamil Nadu,2025-01-18,Electronics,5700.97,5,0.25,4.4,2026-07-27
CUST_02589,Deepika Sen,28,Male,Ahmedabad,Gujarat,2025-12-30,Footwear,3025.89,2,0.24,3.7,2026-07-31
CUST_02590,Ritu Patel,19,Other,Kochi,Kerala,2024-11-16,Fashion,720.42,8,0.36,3.9,2026-07-01
CUST_02591,Swati Pillai,47,Female,Mumbai,Maharashtra,2025-04-29,Furniture,677.11,7,0.42,4.0,2026-07-31
CUST_02592,Sanjay Pandey,34,Female,Jaipur,Rajasthan,2025-07-17,Books,4032.52,9,0.65,4.1,2026-08-23
CUST_02593,Harsh Rao,41,Other,Lucknow,Uttar Pradesh,2024-10-23,Mobiles,3625.45,3,0.13,4.3,2026-06-19
CUST_02594,Preeti Gupta,39,Female,Bengaluru,Karnataka,2025-05-24,Fashion,0.0,0,0.0,0.0,
CUST_02595,Meera Sharma,23,Male,Kolkata,West Bengal,2026-06-02,Kitchen,6860.07,4,1.22,4.4,2026-07-18
CUST_02596,Vikram Sen,34,Female,Hyderabad,Telangana,2025-12-29,Gaming,1407.02,13,1.54,4.5,2026-08-03
CUST_02597,Sanjay Kulkarni,25,Male,Patna,Bihar,2025-12-01,Mobiles,8234.45,5,0.53,4.3,2026-06-11
CUST_02598,Nikhil Nair,18,Male,Chennai,Tamil Nadu,2024-12-22,Beauty,1495.62,4,0.19,4.2,2026-07-01
CUST_02599,Divya Mehta,18,Male,Chennai,Tamil Nadu,2025-06-11,Home,1077.38,11,0.73,4.4,2026-09-04
CUST_02600,Pallavi Joshi,39,Other,Kolkata,West Bengal,2026-04-22,Fashion,9544.21,2,0.43,4.1,2026-07-16
CUST_02601,Isha Gupta,45,Other,Indore,Madhya Pradesh,2025-06-20,Electronics,1852.78,15,1.01,4.9,2026-07-14
CUST_02602,Aarav Singh,36,Female,Indore,Madhya Pradesh,2025-12-16,Kitchen,4856.47,13,1.47,4.7,2026-08-16
CUST_02603,Rohan Singh,44,Male,Chennai,Tamil Nadu,2024-09-22,Mobiles,725.47,1,0.04,4.5,2026-08-04
CUST_02604,Pranav Verma,28,Male,Pune,Maharashtra,2024-08-07,Fashion,5987.73,8,0.31,4.4,2026-07-15
CUST_02605,Varun Chopra,23,Female,Guwahati,Assam,2024-07-22,Footwear,2431.91,1,0.04,4.3,2026-08-26
CUST_02606,Nikhil Bhatia,39,Male,Chandigarh,Punjab,2026-03-19,Books,4702.36,10,1.73,4.7,2026-08-03
CUST_02607,Ananya Reddy,18,Female,Mumbai,Maharashtra,2024-11-26,Home,1737.84,3,0.14,3.9,2026-08-11
CUST_02608,Abhishek Patel,28,Female,Lucknow,Uttar Pradesh,2025-07-11,Books,1288.7,4,0.28,4.8,2026-07-14
CUST_02609,Amit Pandey,29,Female,Delhi,Delhi,2026-04-29,Electronics,6582.49,15,3.41,4.3,2026-08-07
CUST_02610,Amit Joshi,21,Male,Bengaluru,Karnataka,2025-01-15,Grocery,1642.72,13,0.65,4.1,2026-06-17
CUST_02611,Preeti Sen,33,Female,Kochi,Kerala,2024-12-31,Laptops,839.09,5,0.24,3.9,2026-06-18
CUST_02612,Nikhil Joshi,40,Female,Bengaluru,Karnataka,2025-10-18,Kitchen,0.0,0,0.0,0.0,
CUST_02613,Aditi Mehta,21,Other,Chandigarh,Punjab,2026-08-17,Fashion,2809.85,10,10.0,4.1,2026-08-28
CUST_02614,Kavita Mishra,48,Female,Lucknow,Uttar Pradesh,2024-09-19,Footwear,489.68,8,0.33,4.2,2026-06-29
CUST_02615,Pooja Kumar,49,Other,Nagpur,Maharashtra,2025-12-28,Furniture,4302.87,2,0.24,4.3,2026-07-31
CUST_02616,Divya Shah,26,Male,Jaipur,Rajasthan,2025-08-15,Mobiles,2554.92,11,0.85,4.6,2026-07-21
CUST_02617,Neha Rao,45,Other,Visakhapatnam,Andhra Pradesh,2025-10-24,Sports,1607.58,4,0.38,4.1,2026-08-19
CUST_02618,Ananya Reddy,41,Other,Patna,Bihar,2025-05-08,Electronics,6696.74,12,0.74,4.8,2026-06-24
CUST_02619,Kavita Patel,27,Male,Mumbai,Maharashtra,2025-10-27,Electronics,964.22,2,0.19,4.1,2026-06-25
CUST_02620,Divya Das,38,Female,Bhopal,Madhya Pradesh,2025-06-10,Accessories,1798.86,2,0.13,3.9,2026-07-04
CUST_02621,Aakanksha Pillai,41,Female,Surat,Gujarat,2026-06-28,Grocery,1846.02,1,0.42,4.6,2026-08-26
CUST_02622,Pranav Chopra,32,Male,Bengaluru,Karnataka,2025-10-04,Personal Care,945.77,9,0.8,3.7,2026-06-25
CUST_02623,Neha Patel,30,Female,Ahmedabad,Gujarat,2025-06-02,Gaming,8130.65,16,1.04,4.2,2026-07-01
CUST_02624,Rahul Pillai,36,Male,Visakhapatnam,Andhra Pradesh,2025-02-04,Furniture,4542.93,2,0.1,4.2,2026-06-29
CUST_02625,Rohan Bhatia,41,Other,Indore,Madhya Pradesh,2024-11-11,Gaming,3095.07,10,0.45,4.0,2026-07-15
CUST_02626,Meera Menon,23,Female,Delhi,Delhi,2025-06-29,Gaming,0.0,0,0.0,0.0,
CUST_02627,Pooja Pandey,31,Female,Patna,Bihar,2024-10-16,Books,1113.69,3,0.13,4.9,2026-08-07
CUST_02628,Vikram Rao,24,Female,Kolkata,West Bengal,2024-08-26,Fashion,4026.66,6,0.24,4.2,2026-09-06
CUST_02629,Priya Kumar,23,Male,Delhi,Delhi,2026-02-11,Gaming,841.43,14,2.01,5.0,2026-07-27
CUST_02630,Meera Trivedi,39,Other,Mumbai,Maharashtra,2024-09-27,Laptops,3336.95,6,0.25,3.8,2026-08-21
CUST_02631,Rahul Gupta,18,Female,Chennai,Tamil Nadu,2026-07-23,Electronics,8069.39,11,7.02,4.3,2026-08-12
CUST_02632,Rahul Iyer,22,Male,Jaipur,Rajasthan,2025-09-26,Fashion,630.53,1,0.09,3.7,2026-09-05
CUST_02633,Tanvi Bose,19,Male,Pune,Maharashtra,2024-07-23,Footwear,2363.2,8,0.31,3.8,2026-08-22
CUST_02634,Amit Reddy,35,Male,Delhi,Delhi,2025-09-26,Personal Care,6923.05,7,0.61,3.8,2026-06-24
CUST_02635,Sneha Verma,24,Female,Indore,Madhya Pradesh,2026-03-29,Gaming,808.69,1,0.18,4.9,2026-08-26
CUST_02636,Preeti Menon,31,Male,Bengaluru,Karnataka,2026-04-25,Sports,1167.84,5,1.1,4.3,2026-08-06
CUST_02637,Kavita Shah,34,Other,Hyderabad,Telangana,2026-02-03,Grocery,611.37,4,0.55,3.8,2026-06-17
CUST_02638,Sneha Malhotra,18,Female,Hyderabad,Telangana,2026-01-12,Mobiles,6893.69,6,0.75,4.6,2026-08-07
CUST_02639,Manish Iyer,22,Female,Lucknow,Uttar Pradesh,2025-09-12,Footwear,1217.57,9,0.75,4.0,2026-08-11
CUST_02640,Deepak Joshi,34,Female,Lucknow,Uttar Pradesh,2024-12-03,Fashion,1484.48,8,0.37,4.7,2026-07-15
CUST_02641,Sneha Reddy,32,Other,Surat,Gujarat,2025-06-05,Home,560.12,14,0.91,4.0,2026-08-14
CUST_02642,Priya Choudhury,33,Other,Kochi,Kerala,2025-12-09,Books,887.15,8,0.88,4.5,2026-07-11
CUST_02643,Akash Sen,34,Male,Jaipur,Rajasthan,2024-10-11,Sports,5165.87,7,0.3,4.5,2026-08-16
CUST_02644,Suresh Rao,36,Female,Bengaluru,Karnataka,2025-09-11,Sports,2407.43,10,0.83,5.0,2026-07-20
CUST_02645,Tanvi Rao,33,Female,Patna,Bihar,2026-06-13,Personal Care,680.75,10,3.45,4.7,2026-07-07
CUST_02646,Sanjay Kumar,25,Female,Ahmedabad,Gujarat,2024-11-03,Gaming,0.0,0,0.0,0.0,
CUST_02647,Preeti Trivedi,18,Female,Bhopal,Madhya Pradesh,2025-10-16,Electronics,0.0,0,0.0,0.0,
CUST_02648,Shweta Chopra,35,Female,Ahmedabad,Gujarat,2025-12-07,Furniture,871.77,10,1.09,4.6,2026-06-25
CUST_02649,Karan Nair,23,Female,Jaipur,Rajasthan,2025-07-12,Books,5685.67,15,1.06,4.5,2026-07-29
CUST_02650,Meera Mehta,32,Other,Patna,Bihar,2024-09-03,Kitchen,7489.87,20,0.82,4.7,2026-08-22
CUST_02651,Harsh Kapoor,31,Female,Ahmedabad,Gujarat,2026-03-15,Laptops,2524.26,11,1.86,4.8,2026-08-13
CUST_02652,Sanjay Chopra,35,Other,Chennai,Tamil Nadu,2025-10-19,Accessories,3446.55,1,0.09,4.3,2026-07-26
CUST_02653,Karan Sen,25,Female,Bhopal,Madhya Pradesh,2026-01-30,Home,1904.27,9,1.22,4.0,2026-07-28
CUST_02654,Rajesh Bose,42,Other,Chandigarh,Punjab,2025-03-25,Electronics,4975.67,13,0.73,4.5,2026-08-07
CUST_02655,Aditi Bose,22,Male,Indore,Madhya Pradesh,2024-08-01,Mobiles,800.92,5,0.2,4.4,2026-08-01
CUST_02656,Pallavi Sen,32,Male,Guwahati,Assam,2024-12-04,Footwear,0.0,0,0.0,0.0,
CUST_02657,Varun Gupta,33,Female,Ahmedabad,Gujarat,2024-09-29,Accessories,5171.96,5,0.21,4.2,2026-08-26
CUST_02658,Deepak Sen,32,Male,Coimbatore,Tamil Nadu,2026-05-21,Laptops,0.0,0,0.0,0.0,
CUST_02659,Divya Sharma,44,Female,Pune,Maharashtra,2025-04-21,Accessories,1039.27,4,0.24,3.7,2026-07-21
CUST_02660,Karan Menon,21,Male,Hyderabad,Telangana,2025-11-12,Mobiles,1738.39,7,0.7,4.9,2026-07-08
CUST_02661,Aditi Kapoor,28,Male,Indore,Madhya Pradesh,2024-07-31,Fashion,2868.49,9,0.35,3.9,2026-06-26
CUST_02662,Amit Gupta,37,Female,Indore,Madhya Pradesh,2026-01-30,Furniture,5153.63,14,1.9,4.2,2026-07-13
CUST_02663,Gaurav Sen,46,Female,Chennai,Tamil Nadu,2024-07-14,Grocery,2707.98,5,0.19,4.8,2026-07-20
CUST_02664,Rajesh Rao,30,Female,Pune,Maharashtra,2026-02-05,Beauty,0.0,0,0.0,0.0,
CUST_02665,Isha Singh,31,Other,Patna,Bihar,2024-12-25,Laptops,2209.77,10,0.48,3.9,2026-09-06
CUST_02666,Harsh Reddy,18,Other,Bengaluru,Karnataka,2024-10-05,Footwear,405.83,2,0.09,4.5,2026-08-15
CUST_02667,Sanjay Kulkarni,24,Female,Patna,Bihar,2025-05-05,Personal Care,0.0,0,0.0,0.0,
CUST_02668,Preeti Bose,24,Female,Mumbai,Maharashtra,2025-06-24,Home,1701.77,11,0.75,4.1,2026-08-11
CUST_02669,Vivek Gupta,27,Male,Hyderabad,Telangana,2025-07-17,Home,1843.92,1,0.07,4.1,2026-08-17
CUST_02670,Harsh Sharma,26,Male,Indore,Madhya Pradesh,2024-08-14,Fashion,1267.08,9,0.36,4.4,2026-06-27
CUST_02671,Pallavi Verma,35,Male,Pune,Maharashtra,2025-12-31,Home,14587.3,6,0.72,5.0,2026-08-04
CUST_02672,Kavita Chopra,32,Other,Bhopal,Madhya Pradesh,2025-04-13,Books,2522.22,6,0.35,4.0,2026-06-12
CUST_02673,Rahul Nair,21,Male,Patna,Bihar,2025-02-07,Electronics,1597.81,4,0.21,4.6,2026-08-27
CUST_02674,Vikram Pandey,44,Female,Visakhapatnam,Andhra Pradesh,2024-12-13,Kitchen,8950.88,4,0.19,3.7,2026-09-03
CUST_02675,Manish Trivedi,46,Other,Bengaluru,Karnataka,2026-05-05,Kitchen,2136.54,15,3.57,5.0,2026-09-06
CUST_02676,Pallavi Sen,40,Other,Patna,Bihar,2024-10-10,Personal Care,2131.05,1,0.04,3.7,2026-09-04
CUST_02677,Deepika Sen,36,Male,Delhi,Delhi,2026-03-18,Books,1603.97,12,2.07,4.9,2026-07-16
CUST_02678,Tanvi Trivedi,36,Other,Delhi,Delhi,2024-07-15,Books,857.09,4,0.15,4.4,2026-06-20
CUST_02679,Divya Nair,54,Male,Hyderabad,Telangana,2026-01-26,Grocery,2048.83,7,0.93,4.9,2026-07-05
CUST_02680,Meera Nair,18,Other,Jaipur,Rajasthan,2026-03-13,Personal Care,2194.09,2,0.34,4.0,2026-08-12
CUST_02681,Vikram Bose,37,Male,Visakhapatnam,Andhra Pradesh,2025-01-17,Laptops,1137.11,3,0.15,4.8,2026-07-07
CUST_02682,Pallavi Gupta,28,Male,Nagpur,Maharashtra,2025-07-24,Fashion,4319.8,3,0.22,4.1,2026-08-28
CUST_02683,Akash Gupta,32,Other,Bengaluru,Karnataka,2025-03-30,Grocery,440.73,1,0.06,4.8,2026-08-12
CUST_02684,Rahul Agarwal,35,Other,Lucknow,Uttar Pradesh,2026-08-03,Sports,11074.1,9,7.5,4.9,2026-08-19
CUST_02685,Aarav Kumar,20,Other,Nagpur,Maharashtra,2024-10-18,Mobiles,0.0,0,0.0,0.0,
CUST_02686,Rajesh Patel,25,Male,Chennai,Tamil Nadu,2025-02-19,Footwear,2603.98,12,0.64,4.0,2026-06-19
CUST_02687,Amit Trivedi,47,Female,Bengaluru,Karnataka,2024-12-05,Books,10673.4,8,0.37,4.3,2026-07-14
CUST_02688,Deepak Rao,31,Female,Indore,Madhya Pradesh,2025-10-22,Electronics,14542.93,10,0.93,4.4,2026-08-14
CUST_02689,Divya Kapoor,61,Male,Delhi,Delhi,2024-11-05,Books,687.64,11,0.49,4.5,2026-07-31
CUST_02690,Ananya Deshmukh,25,Female,Hyderabad,Telangana,2025-01-05,Home,1868.22,7,0.34,3.9,2026-08-17
CUST_02691,Pooja Gupta,28,Female,Lucknow,Uttar Pradesh,2026-07-01,Fashion,2389.82,6,2.61,3.7,2026-08-08
CUST_02692,Meera Mehta,38,Female,Delhi,Delhi,2025-06-25,Fashion,838.61,12,0.82,3.9,2026-06-15
CUST_02693,Vikram Bose,43,Other,Jaipur,Rajasthan,2025-09-01,Laptops,1436.11,5,0.4,5.0,2026-08-17
CUST_02694,Sneha Menon,34,Other,Visakhapatnam,Andhra Pradesh,2024-07-23,Electronics,1519.83,10,0.39,3.6,2026-08-29
CUST_02695,Ritu Nair,18,Female,Bengaluru,Karnataka,2024-08-25,Kitchen,1595.18,11,0.44,4.4,2026-06-25
CUST_02696,Preeti Reddy,45,Other,Surat,Gujarat,2025-08-17,Home,1163.69,15,1.16,4.4,2026-07-20
CUST_02697,Deepak Agarwal,37,Other,Ahmedabad,Gujarat,2026-06-21,Laptops,2533.32,3,1.14,3.7,2026-07-22
CUST_02698,Meera Bose,39,Female,Kochi,Kerala,2024-10-09,Laptops,3963.7,13,0.56,4.1,2026-08-12
CUST_02699,Deepak Nair,36,Male,Kolkata,West Bengal,2025-05-17,Footwear,1766.65,3,0.19,3.8,2026-07-11
CUST_02700,Tanvi Singh,27,Other,Kochi,Kerala,2025-07-01,Laptops,4332.75,9,0.62,4.0,2026-09-04
CUST_02701,Aarav Chopra,19,Male,Delhi,Delhi,2026-05-27,Kitchen,2129.94,12,3.46,4.9,2026-06-16
CUST_02702,Ananya Mishra,21,Male,Mumbai,Maharashtra,2025-07-28,Electronics,1437.45,12,0.88,4.0,2026-08-15
CUST_02703,Deepak Das,41,Male,Mumbai,Maharashtra,2026-08-16,Home,5533.21,20,20.0,4.4,2026-08-25
CUST_02704,Priya Deshmukh,37,Female,Hyderabad,Telangana,2025-04-09,Accessories,2914.22,5,0.29,3.8,2026-07-01
CUST_02705,Akash Bose,31,Male,Pune,Maharashtra,2025-03-24,Personal Care,10433.09,2,0.11,4.1,2026-08-23
CUST_02706,Karan Singh,20,Male,Chennai,Tamil Nadu,2025-01-31,Mobiles,4011.72,1,0.05,3.8,2026-08-15
CUST_02707,Pooja Nair,21,Male,Nagpur,Maharashtra,2025-11-08,Gaming,1937.63,12,1.18,4.8,2026-07-28
CUST_02708,Aakanksha Mehta,36,Female,Guwahati,Assam,2024-12-22,Electronics,6428.9,15,0.72,3.6,2026-09-03
CUST_02709,Neha Verma,23,Other,Nagpur,Maharashtra,2025-11-18,Beauty,1977.79,13,1.33,4.7,2026-06-22
CUST_02710,Suresh Rao,28,Male,Hyderabad,Telangana,2025-12-10,Kitchen,1443.02,10,1.1,3.6,2026-06-14
CUST_02711,Gaurav Mehta,32,Female,Coimbatore,Tamil Nadu,2026-03-23,Kitchen,944.82,6,1.07,4.3,2026-06-17
CUST_02712,Amit Trivedi,20,Male,Bhopal,Madhya Pradesh,2025-10-27,Footwear,3884.43,1,0.09,4.6,2026-06-18
CUST_02713,Ritu Chopra,40,Other,Delhi,Delhi,2024-12-14,Kitchen,1180.81,12,0.57,3.9,2026-07-02
CUST_02714,Amit Trivedi,29,Other,Mumbai,Maharashtra,2026-06-06,Electronics,1368.04,1,0.32,3.7,2026-07-31
CUST_02715,Rajesh Trivedi,31,Other,Chandigarh,Punjab,2025-12-14,Kitchen,4386.76,7,0.78,4.5,2026-08-29
CUST_02716,Amit Pillai,31,Other,Hyderabad,Telangana,2024-10-17,Kitchen,1995.61,14,0.61,4.3,2026-08-02
CUST_02717,Varun Pillai,35,Female,Lucknow,Uttar Pradesh,2024-07-30,Kitchen,1076.53,2,0.08,3.7,2026-06-29
CUST_02718,Neha Sen,29,Other,Nagpur,Maharashtra,2024-12-03,Personal Care,5609.51,7,0.33,4.1,2026-09-05
CUST_02719,Abhishek Chopra,29,Other,Mumbai,Maharashtra,2024-09-29,Books,1435.14,5,0.21,4.4,2026-07-10
CUST_02720,Ananya Deshmukh,26,Male,Hyderabad,Telangana,2026-01-04,Mobiles,9598.76,13,1.58,4.9,2026-08-06
CUST_02721,Divya Mishra,18,Other,Indore,Madhya Pradesh,2024-12-17,Mobiles,7420.38,3,0.14,4.7,2026-07-29
CUST_02722,Sunita Iyer,20,Female,Visakhapatnam,Andhra Pradesh,2025-08-03,Personal Care,2843.09,7,0.52,4.7,2026-06-10
CUST_02723,Pranav Menon,29,Female,Kolkata,West Bengal,2025-01-07,Laptops,1729.43,2,0.1,4.4,2026-07-16
CUST_02724,Swati Agarwal,35,Other,Delhi,Delhi,2024-09-12,Home,1930.48,10,0.41,4.9,2026-07-24
CUST_02725,Aakanksha Bhatia,33,Other,Bhopal,Madhya Pradesh,2026-08-04,Electronics,1634.25,23,19.71,4.6,2026-09-03
CUST_02726,Sanjay Iyer,27,Female,Coimbatore,Tamil Nadu,2025-12-16,Personal Care,1284.24,5,0.56,4.7,2026-07-12
CUST_02727,Ritu Das,27,Male,Bengaluru,Karnataka,2025-07-07,Footwear,4159.71,6,0.42,4.2,2026-08-20
CUST_02728,Neha Trivedi,23,Male,Bhopal,Madhya Pradesh,2024-10-09,Books,4032.94,2,0.09,4.4,2026-07-31
CUST_02729,Sunita Verma,28,Male,Kochi,Kerala,2026-01-06,Accessories,2217.87,2,0.24,4.0,2026-07-04
CUST_02730,Akash Choudhury,23,Female,Guwahati,Assam,2024-11-29,Electronics,4267.59,3,0.14,4.5,2026-06-18
CUST_02731,Tanvi Nair,34,Female,Lucknow,Uttar Pradesh,2025-05-06,Mobiles,700.36,28,1.71,4.1,2026-08-15
CUST_02732,Aarav Kapoor,29,Female,Kolkata,West Bengal,2025-12-16,Books,2081.73,4,0.45,3.8,2026-08-06
CUST_02733,Deepika Malhotra,39,Male,Delhi,Delhi,2025-11-12,Kitchen,3063.97,2,0.2,4.6,2026-07-11
CUST_02734,Deepika Gupta,39,Other,Chandigarh,Punjab,2025-09-03,Furniture,2649.26,4,0.32,4.4,2026-07-19
CUST_02735,Gaurav Kapoor,23,Female,Chandigarh,Punjab,2025-05-07,Footwear,3218.68,11,0.67,4.9,2026-06-25
CUST_02736,Sanjay Kumar,40,Female,Patna,Bihar,2025-07-28,Home,0.0,0,0.0,0.0,
CUST_02737,Karan Reddy,34,Male,Kochi,Kerala,2025-05-13,Beauty,4091.66,1,0.06,5.0,2026-08-08
CUST_02738,Kavita Shah,32,Other,Chennai,Tamil Nadu,2024-11-22,Mobiles,521.73,11,0.5,4.4,2026-06-13
CUST_02739,Abhishek Kumar,18,Male,Bengaluru,Karnataka,2025-09-24,Mobiles,17182.48,6,0.52,4.1,2026-07-02
CUST_02740,Rohan Reddy,36,Male,Chennai,Tamil Nadu,2024-12-08,Personal Care,2595.51,17,0.8,3.9,2026-07-19
CUST_02741,Preeti Bhatia,36,Male,Coimbatore,Tamil Nadu,2026-03-11,Kitchen,7966.39,2,0.33,4.0,2026-07-07
CUST_02742,Karan Bhatia,56,Male,Chennai,Tamil Nadu,2026-07-23,Furniture,3740.19,9,5.74,4.2,2026-09-02
CUST_02743,Pranav Trivedi,36,Male,Hyderabad,Telangana,2025-08-17,Kitchen,557.43,6,0.47,3.8,2026-06-24
CUST_02744,Tanvi Joshi,41,Other,Pune,Maharashtra,2025-04-20,Personal Care,11594.58,1,0.06,3.9,2026-07-19
CUST_02745,Amit Mishra,30,Female,Delhi,Delhi,2026-01-11,Furniture,0.0,0,0.0,0.0,
CUST_02746,Suresh Agarwal,49,Male,Surat,Gujarat,2026-07-04,Furniture,8312.89,12,5.45,3.6,2026-07-24
CUST_02747,Pooja Verma,39,Female,Hyderabad,Telangana,2024-10-01,Kitchen,3626.7,1,0.04,4.4,2026-08-25
CUST_02748,Divya Mehta,27,Female,Guwahati,Assam,2025-12-31,Laptops,1003.98,13,1.55,4.3,2026-06-22
CUST_02749,Vivek Verma,36,Male,Delhi,Delhi,2024-10-27,Books,2168.69,3,0.13,4.6,2026-08-15
CUST_02750,Meera Bose,30,Male,Indore,Madhya Pradesh,2026-03-23,Home,2816.31,6,1.07,4.1,2026-07-26
CUST_02751,Shweta Kulkarni,30,Female,Bengaluru,Karnataka,2025-03-11,Personal Care,12721.57,11,0.6,5.0,2026-07-24
CUST_02752,Deepika Sharma,36,Other,Coimbatore,Tamil Nadu,2025-01-03,Furniture,2232.83,3,0.15,3.6,2026-08-09
CUST_02753,Abhishek Choudhury,29,Male,Chennai,Tamil Nadu,2024-07-20,Books,2858.07,4,0.15,4.9,2026-08-28
CUST_02754,Isha Das,20,Other,Bengaluru,Karnataka,2025-11-01,Beauty,3102.72,8,0.77,4.0,2026-07-21
CUST_02755,Rajesh Mishra,18,Male,Coimbatore,Tamil Nadu,2026-08-06,Sports,6209.92,5,4.55,4.9,2026-08-20
CUST_02756,Abhishek Mehta,32,Other,Guwahati,Assam,2024-09-02,Electronics,677.0,1,0.04,4.5,2026-08-28
CUST_02757,Simran Bose,48,Female,Bhopal,Madhya Pradesh,2025-09-05,Kitchen,1750.24,3,0.24,3.8,2026-07-25
CUST_02758,Akash Sen,34,Female,Bengaluru,Karnataka,2026-04-13,Beauty,672.19,1,0.2,3.8,2026-06-26
CUST_02759,Neha Mishra,37,Other,Chandigarh,Punjab,2025-04-18,Home,4766.24,1,0.06,4.5,2026-07-17
CUST_02760,Preeti Verma,52,Male,Chennai,Tamil Nadu,2025-12-11,Grocery,3507.73,1,0.11,3.8,2026-06-13
CUST_02761,Akash Sen,24,Other,Coimbatore,Tamil Nadu,2026-07-26,Mobiles,3049.71,17,11.59,4.8,2026-07-29
CUST_02762,Swati Mehta,21,Female,Ahmedabad,Gujarat,2026-04-03,Kitchen,3505.72,7,1.33,4.6,2026-08-13
CUST_02763,Ananya Kapoor,38,Female,Patna,Bihar,2026-03-13,Laptops,591.2,2,0.34,4.1,2026-08-21
CUST_02764,Aakanksha Choudhury,31,Female,Surat,Gujarat,2025-08-08,Gaming,11142.61,10,0.76,4.9,2026-08-10
CUST_02765,Neha Patel,22,Female,Chennai,Tamil Nadu,2024-12-07,Footwear,3900.31,7,0.33,3.6,2026-08-14
CUST_02766,Aditi Choudhury,40,Male,Coimbatore,Tamil Nadu,2025-09-09,Electronics,7833.41,4,0.33,4.7,2026-06-27
CUST_02767,Harsh Trivedi,37,Other,Chennai,Tamil Nadu,2025-12-13,Laptops,0.0,0,0.0,0.0,
CUST_02768,Kavita Singh,48,Female,Bhopal,Madhya Pradesh,2025-09-01,Books,2158.52,11,0.89,4.5,2026-07-21
CUST_02769,Amit Chopra,48,Other,Jaipur,Rajasthan,2026-05-06,Gaming,3448.19,18,4.32,4.4,2026-06-15
CUST_02770,Simran Bose,33,Female,Patna,Bihar,2026-06-07,Electronics,843.67,3,0.97,4.9,2026-08-12
CUST_02771,Amit Verma,31,Male,Hyderabad,Telangana,2025-11-11,Accessories,4377.44,5,0.5,4.7,2026-07-20
CUST_02772,Karan Kulkarni,30,Female,Indore,Madhya Pradesh,2025-10-24,Footwear,4975.29,8,0.75,4.2,2026-07-14
CUST_02773,Suresh Pandey,40,Female,Bengaluru,Karnataka,2026-03-25,Furniture,6034.91,11,1.98,5.0,2026-08-15
CUST_02774,Gaurav Rao,38,Male,Ahmedabad,Gujarat,2025-04-06,Books,2897.22,7,0.4,4.1,2026-06-13
CUST_02775,Sanjay Bhatia,30,Female,Bhopal,Madhya Pradesh,2025-11-26,Laptops,4954.12,9,0.94,4.0,2026-07-04
CUST_02776,Swati Kumar,26,Male,Jaipur,Rajasthan,2025-01-05,Fashion,2669.07,6,0.29,4.8,2026-07-22
CUST_02777,Aditi Nair,32,Female,Chennai,Tamil Nadu,2025-10-01,Home,0.0,0,0.0,0.0,
CUST_02778,Varun Agarwal,28,Male,Patna,Bihar,2025-06-17,Kitchen,6969.32,13,0.87,4.3,2026-07-20
CUST_02779,Meera Pandey,48,Male,Chennai,Tamil Nadu,2024-09-30,Accessories,1231.65,3,0.13,4.7,2026-07-16
CUST_02780,Nikhil Saxena,27,Female,Visakhapatnam,Andhra Pradesh,2026-02-17,Fashion,497.23,7,1.03,4.6,2026-07-29
CUST_02781,Preeti Das,28,Other,Pune,Maharashtra,2025-11-29,Books,6030.4,11,1.17,3.7,2026-08-21
CUST_02782,Harsh Gupta,28,Female,Bhopal,Madhya Pradesh,2024-10-16,Footwear,1064.87,15,0.65,3.9,2026-09-07
CUST_02783,Arjun Nair,31,Female,Coimbatore,Tamil Nadu,2025-02-02,Grocery,1205.01,2,0.1,4.9,2026-08-02
CUST_02784,Simran Choudhury,37,Other,Coimbatore,Tamil Nadu,2026-04-01,Home,8023.66,10,1.88,4.8,2026-08-24
CUST_02785,Rajesh Kulkarni,38,Other,Delhi,Delhi,2025-05-07,Fashion,998.49,1,0.06,3.9,2026-08-12
CUST_02786,Preeti Malhotra,44,Male,Bengaluru,Karnataka,2025-10-24,Home,2871.74,18,1.69,4.6,2026-06-28
CUST_02787,Pooja Menon,28,Male,Pune,Maharashtra,2025-05-21,Furniture,1284.73,6,0.38,3.7,2026-06-11
CUST_02788,Harsh Kulkarni,39,Other,Jaipur,Rajasthan,2025-09-29,Home,5711.65,3,0.26,4.3,2026-07-19
CUST_02789,Nikhil Sharma,24,Female,Pune,Maharashtra,2025-06-29,Fashion,2677.76,4,0.28,3.8,2026-06-14
CUST_02790,Aakanksha Bose,32,Male,Mumbai,Maharashtra,2026-04-26,Accessories,4101.45,4,0.89,4.8,2026-08-21
CUST_02791,Pooja Sharma,48,Male,Surat,Gujarat,2025-10-24,Furniture,3162.97,13,1.22,4.1,2026-08-22
CUST_02792,Manish Menon,32,Other,Pune,Maharashtra,2026-01-22,Sports,1554.31,2,0.26,4.8,2026-07-15
CUST_02793,Harsh Joshi,25,Male,Surat,Gujarat,2026-03-02,Gaming,869.62,12,1.89,4.6,2026-07-06
CUST_02794,Neha Kulkarni,30,Male,Indore,Madhya Pradesh,2026-08-11,Electronics,1410.29,7,7.0,4.5,2026-08-18
CUST_02795,Vivek Trivedi,18,Female,Bhopal,Madhya Pradesh,2024-12-14,Footwear,1301.55,3,0.14,4.4,2026-09-04
CUST_02796,Ritu Trivedi,31,Female,Jaipur,Rajasthan,2025-01-15,Furniture,3143.02,3,0.15,4.8,2026-08-24
CUST_02797,Pooja Reddy,28,Other,Kochi,Kerala,2026-05-16,Mobiles,685.91,5,1.3,3.7,2026-07-22
CUST_02798,Aarav Patel,26,Male,Chandigarh,Punjab,2025-10-25,Electronics,2340.85,13,1.23,4.3,2026-08-24
CUST_02799,Aakanksha Kulkarni,22,Other,Delhi,Delhi,2025-02-12,Gaming,0.0,0,0.0,0.0,
CUST_02800,Kavita Malhotra,46,Other,Surat,Gujarat,2025-01-06,Kitchen,1961.58,2,0.1,4.0,2026-08-02
CUST_02801,Vikram Verma,51,Female,Delhi,Delhi,2025-11-14,Books,2085.91,6,0.6,4.1,2026-08-30
CUST_02802,Sanjay Saxena,30,Other,Chandigarh,Punjab,2026-06-03,Accessories,3627.39,5,1.55,3.9,2026-07-27
CUST_02803,Rahul Reddy,36,Other,Pune,Maharashtra,2025-04-18,Sports,1758.59,15,0.89,4.0,2026-07-11
CUST_02804,Deepak Verma,23,Male,Delhi,Delhi,2024-11-18,Electronics,2176.83,3,0.14,4.9,2026-08-25
CUST_02805,Aakanksha Trivedi,30,Female,Indore,Madhya Pradesh,2025-11-04,Home,3621.99,21,2.05,4.3,2026-08-24
CUST_02806,Nikhil Kapoor,18,Female,Delhi,Delhi,2026-05-18,Gaming,524.79,2,0.53,4.8,2026-08-19
CUST_02807,Rahul Joshi,21,Other,Surat,Gujarat,2024-09-08,Gaming,1171.37,5,0.21,4.6,2026-07-08
CUST_02808,Swati Patel,31,Male,Kochi,Kerala,2025-03-09,Mobiles,3035.62,17,0.93,5.0,2026-07-15
CUST_02809,Aakanksha Bose,35,Male,Bengaluru,Karnataka,2025-01-14,Kitchen,941.5,12,0.6,4.2,2026-07-20
CUST_02810,Pallavi Choudhury,33,Other,Surat,Gujarat,2026-01-25,Books,7204.4,3,0.4,4.2,2026-08-18
CUST_02811,Akash Pandey,25,Male,Chandigarh,Punjab,2026-07-22,Mobiles,2429.8,8,5.0,3.9,2026-08-04
CUST_02812,Arjun Reddy,20,Female,Nagpur,Maharashtra,2026-06-12,Mobiles,2023.31,10,3.41,4.1,2026-07-15
CUST_02813,Pooja Kapoor,46,Female,Ahmedabad,Gujarat,2025-08-11,Kitchen,2179.45,3,0.23,4.4,2026-08-07
CUST_02814,Pallavi Menon,29,Other,Kolkata,West Bengal,2025-11-03,Books,1626.75,12,1.17,4.2,2026-07-20
CUST_02815,Pooja Gupta,18,Female,Visakhapatnam,Andhra Pradesh,2025-09-10,Fashion,2206.63,3,0.25,4.6,2026-08-30
CUST_02816,Pranav Mishra,44,Female,Bhopal,Madhya Pradesh,2025-06-07,Home,2593.3,12,0.79,4.8,2026-06-22
CUST_02817,Aarav Mishra,42,Male,Mumbai,Maharashtra,2026-03-17,Footwear,3779.6,7,1.2,3.8,2026-08-12
CUST_02818,Isha Kumar,19,Female,Indore,Madhya Pradesh,2025-06-05,Electronics,1619.71,8,0.52,4.0,2026-08-06
CUST_02819,Ritu Pillai,59,Other,Delhi,Delhi,2026-03-04,Kitchen,1372.13,9,1.44,4.8,2026-08-22
CUST_02820,Ritu Nair,41,Female,Hyderabad,Telangana,2025-12-18,Kitchen,662.97,4,0.45,4.3,2026-06-30
CUST_02821,Arjun Trivedi,28,Male,Nagpur,Maharashtra,2025-01-19,Fashion,3892.07,15,0.75,4.8,2026-08-22
CUST_02822,Aarav Sen,30,Female,Ahmedabad,Gujarat,2025-01-28,Laptops,1131.24,3,0.15,4.7,2026-07-08
CUST_02823,Akash Das,47,Other,Hyderabad,Telangana,2026-04-18,Books,4881.82,7,1.47,4.0,2026-08-21
CUST_02824,Akash Sen,38,Other,Indore,Madhya Pradesh,2026-01-28,Books,0.0,0,0.0,0.0,
CUST_02825,Vivek Verma,31,Male,Coimbatore,Tamil Nadu,2026-05-27,Laptops,3711.89,3,0.87,3.7,2026-08-29
CUST_02826,Pooja Kulkarni,18,Female,Chennai,Tamil Nadu,2026-02-02,Footwear,1435.31,9,1.24,4.0,2026-06-13
CUST_02827,Kavita Saxena,61,Other,Delhi,Delhi,2025-08-27,Home,1267.84,15,1.19,4.5,2026-06-11
CUST_02828,Akash Gupta,33,Other,Bhopal,Madhya Pradesh,2026-04-18,Home,4014.58,11,2.31,4.1,2026-08-25
CUST_02829,Preeti Bose,30,Female,Indore,Madhya Pradesh,2025-07-03,Electronics,2532.49,9,0.62,4.0,2026-07-17
CUST_02830,Vivek Bhatia,33,Other,Indore,Madhya Pradesh,2025-03-01,Personal Care,7220.33,4,0.22,4.0,2026-08-14
CUST_02831,Shweta Sharma,25,Male,Guwahati,Assam,2024-08-19,Footwear,1721.04,12,0.48,3.8,2026-08-19
CUST_02832,Rajesh Singh,22,Other,Indore,Madhya Pradesh,2024-09-20,Laptops,588.97,5,0.21,4.7,2026-08-13
CUST_02833,Preeti Mehta,33,Other,Kolkata,West Bengal,2026-04-11,Kitchen,2354.3,2,0.4,3.7,2026-06-25
CUST_02834,Manish Shah,60,Other,Mumbai,Maharashtra,2025-05-07,Kitchen,1077.63,5,0.31,4.6,2026-07-23
CUST_02835,Akash Deshmukh,30,Male,Bhopal,Madhya Pradesh,2026-06-29,Books,575.5,3,1.27,4.3,2026-07-27
CUST_02836,Pallavi Gupta,28,Male,Chandigarh,Punjab,2026-07-12,Beauty,1100.07,2,1.03,3.7,2026-09-05
CUST_02837,Pooja Bose,24,Male,Mumbai,Maharashtra,2025-03-21,Electronics,555.78,3,0.17,4.2,2026-08-21
CUST_02838,Sunita Agarwal,20,Other,Pune,Maharashtra,2024-10-03,Footwear,7159.48,10,0.43,4.9,2026-07-10
CUST_02839,Vivek Das,28,Other,Pune,Maharashtra,2026-01-06,Footwear,609.52,12,1.47,4.3,2026-08-02
CUST_02840,Kavita Rao,26,Female,Bengaluru,Karnataka,2024-12-13,Mobiles,2548.02,3,0.14,4.0,2026-08-25
CUST_02841,Tanvi Chopra,24,Other,Bengaluru,Karnataka,2025-12-04,Mobiles,8226.27,22,2.37,5.0,2026-08-07
CUST_02842,Deepak Trivedi,56,Female,Indore,Madhya Pradesh,2025-11-02,Kitchen,1971.7,2,0.19,3.6,2026-08-19
CUST_02843,Kavita Patel,23,Female,Chennai,Tamil Nadu,2024-10-15,Footwear,7033.82,11,0.48,4.1,2026-07-15
CUST_02844,Aakanksha Singh,41,Female,Indore,Madhya Pradesh,2025-02-14,Grocery,9521.09,10,0.53,4.8,2026-08-05
CUST_02845,Pallavi Saxena,35,Male,Visakhapatnam,Andhra Pradesh,2024-10-03,Books,2106.1,7,0.3,3.6,2026-08-01
CUST_02846,Rohan Kulkarni,47,Other,Chennai,Tamil Nadu,2026-07-29,Home,3090.39,14,10.24,3.7,2026-09-04
CUST_02847,Sanjay Pillai,29,Male,Chandigarh,Punjab,2026-05-23,Personal Care,3207.61,1,0.28,4.7,2026-06-28
CUST_02848,Shweta Mehta,34,Male,Visakhapatnam,Andhra Pradesh,2026-04-24,Personal Care,3190.82,20,4.38,3.9,2026-06-16
CUST_02849,Priya Saxena,18,Other,Pune,Maharashtra,2025-12-22,Beauty,2363.07,3,0.35,4.8,2026-07-16
CUST_02850,Kavita Joshi,28,Other,Pune,Maharashtra,2026-08-06,Fashion,6435.63,4,3.64,3.7,2026-09-04
CUST_02851,Rohan Agarwal,30,Male,Surat,Gujarat,2024-12-18,Fashion,833.79,5,0.24,4.4,2026-08-30
CUST_02852,Aakanksha Gupta,39,Other,Mumbai,Maharashtra,2025-10-06,Home,3087.34,3,0.27,4.3,2026-08-16
CUST_02853,Suresh Iyer,42,Other,Jaipur,Rajasthan,2026-06-14,Electronics,2505.49,5,1.74,4.8,2026-06-30
CUST_02854,Vivek Menon,34,Male,Guwahati,Assam,2024-09-19,Accessories,7783.46,4,0.17,4.6,2026-06-20
CUST_02855,Priya Trivedi,22,Female,Ahmedabad,Gujarat,2024-11-09,Kitchen,3954.11,13,0.58,4.2,2026-07-16
CUST_02856,Divya Menon,49,Female,Indore,Madhya Pradesh,2026-02-26,Grocery,1532.58,3,0.46,4.7,2026-07-04
CUST_02857,Neha Singh,49,Male,Bhopal,Madhya Pradesh,2025-03-05,Grocery,4704.64,5,0.27,4.8,2026-07-25
CUST_02858,Harsh Nair,18,Female,Jaipur,Rajasthan,2025-05-08,Footwear,1635.36,3,0.18,4.9,2026-07-25
CUST_02859,Suresh Patel,40,Male,Delhi,Delhi,2025-08-27,Personal Care,1592.71,4,0.32,4.7,2026-06-13
CUST_02860,Divya Sharma,33,Other,Bhopal,Madhya Pradesh,2025-03-28,Gaming,2207.19,6,0.34,4.2,2026-06-22
CUST_02861,Deepak Nair,44,Male,Hyderabad,Telangana,2025-01-25,Sports,1214.01,1,0.05,3.8,2026-07-30
CUST_02862,Swati Bhatia,20,Male,Visakhapatnam,Andhra Pradesh,2025-06-28,Home,10783.66,10,0.69,3.6,2026-06-17
CUST_02863,Rahul Joshi,47,Female,Bhopal,Madhya Pradesh,2025-04-16,Books,765.11,2,0.12,4.3,2026-07-04
CUST_02864,Tanvi Pandey,30,Male,Surat,Gujarat,2025-02-10,Home,915.04,7,0.37,4.9,2026-07-17
CUST_02865,Swati Kapoor,23,Other,Kochi,Kerala,2026-07-25,Mobiles,1122.97,2,1.33,4.2,2026-07-28
CUST_02866,Karan Das,30,Female,Kolkata,West Bengal,2024-12-21,Gaming,2955.18,7,0.34,4.2,2026-08-15
CUST_02867,Swati Das,18,Other,Surat,Gujarat,2026-08-08,Mobiles,823.49,4,3.87,4.5,2026-08-24
CUST_02868,Neha Joshi,34,Female,Kolkata,West Bengal,2026-02-09,Furniture,3326.22,2,0.28,4.0,2026-07-10
CUST_02869,Pallavi Shah,37,Female,Patna,Bihar,2025-02-17,Beauty,2651.86,2,0.11,4.1,2026-08-21
CUST_02870,Preeti Chopra,31,Female,Coimbatore,Tamil Nadu,2026-03-17,Footwear,416.85,14,2.4,5.0,2026-07-28
CUST_02871,Simran Joshi,38,Female,Mumbai,Maharashtra,2025-02-03,Books,1157.62,2,0.1,4.1,2026-06-28
CUST_02872,Pranav Sharma,22,Female,Mumbai,Maharashtra,2026-06-06,Gaming,4187.14,10,3.19,4.7,2026-08-23
CUST_02873,Rahul Saxena,35,Female,Chandigarh,Punjab,2025-04-12,Grocery,780.11,7,0.41,3.7,2026-06-26
CUST_02874,Amit Agarwal,21,Female,Indore,Madhya Pradesh,2025-08-25,Mobiles,0.0,0,0.0,0.0,
CUST_02875,Pranav Kapoor,24,Female,Bengaluru,Karnataka,2024-10-25,Mobiles,3824.03,2,0.09,4.3,2026-07-30
CUST_02876,Rohan Verma,32,Other,Kochi,Kerala,2026-07-06,Electronics,0.0,0,0.0,0.0,
CUST_02877,Vivek Kumar,30,Female,Jaipur,Rajasthan,2024-12-19,Electronics,5028.49,9,0.43,4.9,2026-07-03
CUST_02878,Sunita Mishra,25,Female,Kochi,Kerala,2024-11-03,Fashion,1356.08,18,0.8,4.5,2026-09-01
CUST_02879,Aditi Menon,21,Male,Patna,Bihar,2026-01-31,Mobiles,5325.71,3,0.41,3.7,2026-08-23
CUST_02880,Pooja Iyer,38,Other,Mumbai,Maharashtra,2026-06-15,Kitchen,2663.28,7,2.47,3.7,2026-06-19
CUST_02881,Shweta Kumar,20,Other,Mumbai,Maharashtra,2025-07-04,Footwear,12306.26,13,0.9,5.0,2026-08-19
CUST_02882,Karan Shah,25,Male,Bhopal,Madhya Pradesh,2024-12-08,Gaming,5999.83,3,0.14,4.5,2026-08-23
CUST_02883,Aditi Joshi,18,Male,Delhi,Delhi,2026-08-06,Footwear,2251.49,13,11.82,3.6,2026-08-26
CUST_02884,Amit Pillai,25,Female,Kolkata,West Bengal,2025-07-21,Furniture,1518.97,19,1.38,4.0,2026-08-21
CUST_02885,Harsh Das,37,Female,Ahmedabad,Gujarat,2025-04-26,Beauty,7304.88,11,0.66,4.6,2026-09-04
CUST_02886,Gaurav Chopra,31,Other,Bengaluru,Karnataka,2024-10-31,Home,6901.85,9,0.4,4.1,2026-07-30
CUST_02887,Vivek Rao,44,Female,Visakhapatnam,Andhra Pradesh,2025-12-01,Home,0.0,0,0.0,0.0,
CUST_02888,Sanjay Kapoor,18,Female,Pune,Maharashtra,2025-08-14,Footwear,1697.81,9,0.69,4.9,2026-08-06
CUST_02889,Suresh Reddy,37,Female,Bengaluru,Karnataka,2025-11-05,Electronics,2668.38,16,1.56,4.2,2026-06-16
CUST_02890,Sunita Kapoor,40,Other,Bhopal,Madhya Pradesh,2025-08-22,Laptops,4730.83,3,0.24,4.6,2026-06-14
CUST_02891,Shweta Malhotra,24,Male,Lucknow,Uttar Pradesh,2025-01-21,Fashion,2487.41,7,0.35,4.9,2026-06-15
CUST_02892,Abhishek Sen,37,Other,Bhopal,Madhya Pradesh,2024-11-12,Grocery,404.06,5,0.23,4.8,2026-07-16
CUST_02893,Kavita Bose,29,Female,Lucknow,Uttar Pradesh,2025-03-07,Electronics,2510.29,11,0.6,3.8,2026-08-08
CUST_02894,Isha Chopra,30,Female,Surat,Gujarat,2025-04-24,Sports,1929.22,3,0.18,4.9,2026-07-04
CUST_02895,Rajesh Shah,18,Male,Bhopal,Madhya Pradesh,2024-12-03,Books,5062.76,1,0.05,4.8,2026-06-15
CUST_02896,Manish Nair,39,Male,Bhopal,Madhya Pradesh,2024-12-16,Home,1048.48,10,0.48,3.6,2026-07-01
CUST_02897,Aditi Menon,42,Other,Lucknow,Uttar Pradesh,2025-09-27,Electronics,3181.08,2,0.17,5.0,2026-07-23
CUST_02898,Rohan Bhatia,29,Male,Nagpur,Maharashtra,2025-11-17,Laptops,700.23,15,1.53,3.8,2026-07-10
CUST_02899,Aarav Verma,49,Female,Pune,Maharashtra,2025-11-05,Books,1062.21,7,0.68,4.7,2026-06-22
CUST_02900,Harsh Verma,39,Other,Coimbatore,Tamil Nadu,2025-05-19,Fashion,4867.73,7,0.44,4.9,2026-07-07
CUST_02901,Pallavi Iyer,18,Female,Kochi,Kerala,2024-10-06,Sports,1474.04,2,0.09,4.4,2026-08-08
CUST_02902,Aditi Patel,26,Female,Chennai,Tamil Nadu,2025-09-10,Fashion,721.19,10,0.83,4.1,2026-08-24
CUST_02903,Amit Kulkarni,30,Other,Mumbai,Maharashtra,2025-10-16,Furniture,1864.98,9,0.83,4.5,2026-09-05
CUST_02904,Sunita Gupta,30,Female,Pune,Maharashtra,2025-09-02,Personal Care,554.35,7,0.57,3.8,2026-08-30
CUST_02905,Isha Bhatia,34,Female,Ahmedabad,Gujarat,2026-01-02,Furniture,4559.76,11,1.33,4.8,2026-06-20
CUST_02906,Meera Mehta,22,Male,Hyderabad,Telangana,2026-04-27,Accessories,1388.3,6,1.34,4.5,2026-08-08
CUST_02907,Harsh Sharma,22,Female,Kolkata,West Bengal,2025-07-05,Electronics,2399.14,12,0.84,4.8,2026-08-15
CUST_02908,Manish Singh,31,Other,Bhopal,Madhya Pradesh,2024-09-27,Home,11661.44,13,0.55,4.7,2026-08-15
CUST_02909,Abhishek Gupta,29,Other,Delhi,Delhi,2025-03-01,Home,910.02,15,0.81,3.9,2026-07-06
CUST_02910,Arjun Kapoor,28,Other,Kochi,Kerala,2025-08-28,Fashion,3646.1,10,0.8,4.9,2026-07-26
CUST_02911,Manish Sen,46,Female,Delhi,Delhi,2024-12-09,Accessories,3801.47,1,0.05,3.9,2026-06-25
CUST_02912,Rahul Patel,31,Female,Lucknow,Uttar Pradesh,2025-09-01,Personal Care,1708.31,8,0.65,4.7,2026-07-29
CUST_02913,Suresh Kulkarni,31,Female,Delhi,Delhi,2025-06-18,Personal Care,4339.64,5,0.34,3.9,2026-07-09
CUST_02914,Rahul Bose,43,Female,Pune,Maharashtra,2025-12-09,Books,2559.22,14,1.54,4.1,2026-08-06
CUST_02915,Amit Pandey,21,Male,Chandigarh,Punjab,2025-04-19,Fashion,6697.1,5,0.3,4.6,2026-07-15
CUST_02916,Karan Menon,35,Female,Jaipur,Rajasthan,2026-05-08,Laptops,1012.73,3,0.73,3.6,2026-07-15
CUST_02917,Manish Malhotra,21,Male,Surat,Gujarat,2024-10-18,Mobiles,4867.25,10,0.43,3.8,2026-07-19
CUST_02918,Pallavi Bhatia,34,Male,Bhopal,Madhya Pradesh,2025-01-12,Kitchen,856.21,5,0.25,4.4,2026-08-28
CUST_02919,Swati Shah,42,Male,Ahmedabad,Gujarat,2024-11-24,Mobiles,6714.12,8,0.37,4.2,2026-08-29
CUST_02920,Simran Verma,35,Female,Chandigarh,Punjab,2026-07-17,Kitchen,2042.74,10,5.66,4.5,2026-07-23
CUST_02921,Pallavi Kapoor,27,Male,Chennai,Tamil Nadu,2024-09-25,Electronics,1599.25,20,0.84,3.9,2026-07-13
CUST_02922,Rahul Kumar,42,Male,Jaipur,Rajasthan,2025-12-28,Laptops,6354.65,2,0.24,4.3,2026-07-30
CUST_02923,Neha Deshmukh,49,Female,Chennai,Tamil Nadu,2026-06-22,Kitchen,8666.81,2,0.77,4.5,2026-07-22
CUST_02924,Divya Joshi,22,Female,Kochi,Kerala,2026-07-03,Electronics,1676.66,6,2.69,4.7,2026-08-16
CUST_02925,Divya Gupta,19,Male,Jaipur,Rajasthan,2026-04-06,Fashion,1027.51,17,3.29,4.7,2026-07-23
CUST_02926,Nikhil Joshi,44,Female,Kolkata,West Bengal,2024-12-07,Gaming,1910.98,4,0.19,4.6,2026-08-24
CUST_02927,Rajesh Agarwal,41,Male,Lucknow,Uttar Pradesh,2024-11-14,Books,433.48,11,0.5,4.9,2026-08-14
CUST_02928,Aakanksha Pandey,34,Other,Pune,Maharashtra,2024-10-26,Sports,4379.07,10,0.44,4.2,2026-08-07
CUST_02929,Preeti Rao,49,Male,Bengaluru,Karnataka,2026-07-11,Kitchen,10445.62,7,3.56,5.0,2026-07-27
CUST_02930,Akash Chopra,27,Male,Hyderabad,Telangana,2025-09-25,Laptops,2587.45,1,0.09,3.8,2026-07-17
CUST_02931,Pallavi Gupta,26,Other,Coimbatore,Tamil Nadu,2024-12-08,Fashion,6873.53,5,0.23,4.9,2026-07-20
CUST_02932,Meera Pillai,45,Male,Coimbatore,Tamil Nadu,2026-01-13,Mobiles,4947.0,2,0.25,3.8,2026-07-04
CUST_02933,Swati Singh,37,Other,Guwahati,Assam,2026-05-26,Laptops,4507.86,4,1.14,4.3,2026-07-05
CUST_02934,Preeti Singh,32,Male,Hyderabad,Telangana,2024-12-20,Beauty,2111.6,5,0.24,4.4,2026-07-19
CUST_02935,Vikram Pillai,19,Female,Coimbatore,Tamil Nadu,2026-01-08,Laptops,12523.57,9,1.11,4.7,2026-07-14
CUST_02936,Ananya Menon,42,Male,Kochi,Kerala,2026-04-01,Fashion,438.05,14,2.62,3.6,2026-07-07
CUST_02937,Rajesh Rao,29,Other,Guwahati,Assam,2024-08-03,Grocery,0.0,0,0.0,0.0,
CUST_02938,Ritu Pandey,40,Male,Delhi,Delhi,2025-12-02,Mobiles,5251.91,5,0.54,3.7,2026-07-29
CUST_02939,Sneha Sharma,31,Male,Indore,Madhya Pradesh,2024-07-20,Laptops,2565.39,6,0.23,4.3,2026-06-28
CUST_02940,Preeti Verma,47,Male,Lucknow,Uttar Pradesh,2024-11-04,Personal Care,1942.56,7,0.31,3.8,2026-08-31
CUST_02941,Gaurav Malhotra,34,Female,Coimbatore,Tamil Nadu,2024-07-01,Laptops,3019.42,13,0.49,3.9,2026-09-01
CUST_02942,Priya Reddy,32,Male,Guwahati,Assam,2024-08-13,Books,1999.58,5,0.2,4.2,2026-08-04
CUST_02943,Isha Deshmukh,37,Female,Lucknow,Uttar Pradesh,2024-11-17,Books,2105.0,1,0.05,4.6,2026-07-01
CUST_02944,Pooja Shah,35,Female,Nagpur,Maharashtra,2025-03-20,Books,1565.53,1,0.06,3.7,2026-09-02
CUST_02945,Divya Mishra,20,Other,Chennai,Tamil Nadu,2025-05-19,Fashion,7865.66,7,0.44,3.7,2026-08-29
CUST_02946,Gaurav Gupta,23,Male,Ahmedabad,Gujarat,2025-11-05,Electronics,8720.59,17,1.66,3.7,2026-08-31
CUST_02947,Deepika Kumar,44,Male,Mumbai,Maharashtra,2026-05-11,Fashion,9703.3,9,2.25,4.5,2026-07-01
CUST_02948,Karan Rao,28,Male,Kolkata,West Bengal,2026-07-18,Grocery,5594.31,4,2.31,4.6,2026-07-26
CUST_02949,Sanjay Malhotra,21,Male,Bhopal,Madhya Pradesh,2026-01-04,Gaming,8903.77,8,0.97,3.9,2026-09-06
CUST_02950,Harsh Deshmukh,18,Other,Bengaluru,Karnataka,2024-10-24,Furniture,574.95,17,0.75,4.6,2026-08-07
CUST_02951,Vivek Sharma,31,Female,Surat,Gujarat,2024-12-21,Beauty,582.38,4,0.19,4.3,2026-06-17
CUST_02952,Akash Kumar,18,Male,Delhi,Delhi,2026-07-27,Fashion,665.9,11,7.67,3.7,2026-08-30
CUST_02953,Rahul Menon,28,Male,Visakhapatnam,Andhra Pradesh,2026-08-10,Fashion,6248.19,19,19.0,4.2,2026-09-04
CUST_02954,Shweta Kapoor,18,Female,Mumbai,Maharashtra,2024-10-19,Footwear,1423.83,6,0.26,3.9,2026-08-25
CUST_02955,Isha Sharma,28,Other,Kochi,Kerala,2026-05-29,Kitchen,2629.93,2,0.59,4.7,2026-06-25
CUST_02956,Preeti Reddy,26,Other,Lucknow,Uttar Pradesh,2025-08-14,Mobiles,604.88,6,0.46,4.2,2026-07-23
CUST_02957,Akash Singh,26,Other,Indore,Madhya Pradesh,2025-09-01,Home,3723.35,15,1.21,4.8,2026-07-20
CUST_02958,Vivek Kumar,18,Female,Bhopal,Madhya Pradesh,2025-03-27,Accessories,479.26,1,0.06,4.2,2026-08-08
CUST_02959,Ananya Kulkarni,35,Other,Surat,Gujarat,2025-03-25,Electronics,1404.78,18,1.02,4.8,2026-08-20
CUST_02960,Divya Agarwal,37,Female,Indore,Madhya Pradesh,2026-05-02,Gaming,5764.22,8,1.86,4.7,2026-07-18
CUST_02961,Sanjay Trivedi,18,Female,Nagpur,Maharashtra,2026-01-07,Footwear,0.0,0,0.0,0.0,
CUST_02962,Ritu Rao,31,Female,Pune,Maharashtra,2025-05-07,Electronics,5306.21,2,0.12,4.4,2026-08-13
CUST_02963,Aakanksha Chopra,30,Other,Lucknow,Uttar Pradesh,2026-07-03,Books,773.24,1,0.45,3.9,2026-08-21
CUST_02964,Rajesh Deshmukh,39,Female,Bengaluru,Karnataka,2025-10-14,Home,1154.57,7,0.64,4.8,2026-07-19
CUST_02965,Sneha Chopra,33,Female,Pune,Maharashtra,2024-08-05,Gaming,2347.08,4,0.16,4.0,2026-09-07
CUST_02966,Ananya Patel,26,Female,Bhopal,Madhya Pradesh,2026-05-12,Home,1218.34,8,2.02,4.5,2026-08-16
CUST_02967,Rahul Rao,28,Male,Lucknow,Uttar Pradesh,2025-03-14,Footwear,999.01,4,0.22,4.4,2026-08-24
CUST_02968,Pranav Choudhury,25,Female,Pune,Maharashtra,2025-06-20,Books,2005.52,10,0.67,3.6,2026-07-08
CUST_02969,Manish Joshi,25,Female,Indore,Madhya Pradesh,2025-02-14,Mobiles,1861.21,10,0.53,4.3,2026-06-24
CUST_02970,Akash Trivedi,29,Male,Pune,Maharashtra,2025-07-29,Gaming,4080.92,7,0.52,3.6,2026-09-07
CUST_02971,Pranav Shah,37,Female,Guwahati,Assam,2024-11-01,Laptops,7519.36,9,0.4,4.6,2026-07-18
CUST_02972,Neha Menon,18,Female,Patna,Bihar,2026-02-15,Mobiles,957.29,7,1.02,3.8,2026-06-23
CUST_02973,Karan Chopra,41,Male,Indore,Madhya Pradesh,2025-09-16,Home,4866.19,1,0.08,3.7,2026-08-03
CUST_02974,Manish Verma,38,Female,Chennai,Tamil Nadu,2025-01-04,Footwear,2333.76,1,0.05,4.4,2026-08-28
CUST_02975,Karan Singh,41,Other,Kolkata,West Bengal,2025-11-05,Home,1386.39,16,1.56,4.3,2026-08-23
CUST_02976,Aditi Patel,39,Other,Hyderabad,Telangana,2025-05-19,Electronics,5168.54,16,1.01,3.7,2026-06-16
CUST_02977,Akash Iyer,43,Other,Coimbatore,Tamil Nadu,2025-02-27,Personal Care,508.67,7,0.38,4.3,2026-06-26
CUST_02978,Rajesh Agarwal,34,Other,Coimbatore,Tamil Nadu,2024-11-18,Books,0.0,0,0.0,0.0,
CUST_02979,Gaurav Kumar,44,Male,Hyderabad,Telangana,2025-04-04,Books,0.0,0,0.0,0.0,
CUST_02980,Ananya Reddy,28,Other,Bhopal,Madhya Pradesh,2025-09-10,Fashion,10920.11,11,0.91,4.3,2026-07-24
CUST_02981,Rahul Kapoor,35,Other,Nagpur,Maharashtra,2024-10-10,Home,1313.77,4,0.17,4.2,2026-09-06
CUST_02982,Simran Mehta,18,Other,Chandigarh,Punjab,2025-06-29,Mobiles,678.18,3,0.21,5.0,2026-08-26
CUST_02983,Arjun Mishra,23,Male,Kolkata,West Bengal,2024-12-17,Footwear,8961.55,13,0.62,4.8,2026-07-23
CUST_02984,Nikhil Mishra,28,Male,Bhopal,Madhya Pradesh,2026-05-06,Books,1932.86,13,3.12,4.0,2026-06-23
CUST_02985,Varun Mehta,37,Female,Nagpur,Maharashtra,2025-03-18,Footwear,4566.68,2,0.11,4.4,2026-08-27
CUST_02986,Kavita Malhotra,28,Other,Patna,Bihar,2024-10-25,Laptops,639.15,4,0.18,4.3,2026-07-19
CUST_02987,Karan Kulkarni,28,Male,Hyderabad,Telangana,2026-01-19,Fashion,1210.42,1,0.13,3.7,2026-07-06
CUST_02988,Simran Rao,52,Male,Kolkata,West Bengal,2026-04-24,Beauty,2978.58,16,3.5,4.7,2026-08-10
CUST_02989,Arjun Bose,18,Male,Ahmedabad,Gujarat,2026-06-02,Kitchen,2086.78,18,5.51,4.8,2026-06-21
CUST_02990,Meera Reddy,39,Other,Delhi,Delhi,2024-07-08,Footwear,1559.53,2,0.08,4.6,2026-07-30
CUST_02991,Priya Shah,18,Female,Kolkata,West Bengal,2024-12-12,Mobiles,7932.73,10,0.47,4.1,2026-08-01
CUST_02992,Meera Malhotra,36,Male,Chandigarh,Punjab,2024-09-07,Personal Care,957.17,10,0.41,4.6,2026-08-08
CUST_02993,Pallavi Kapoor,45,Male,Chennai,Tamil Nadu,2025-04-13,Home,1977.96,6,0.35,4.4,2026-08-11
CUST_02994,Pooja Singh,52,Female,Chandigarh,Punjab,2026-05-03,Furniture,1523.9,17,3.98,3.7,2026-08-04
CUST_02995,Vivek Kulkarni,35,Other,Kolkata,West Bengal,2025-09-23,Laptops,1504.03,2,0.17,4.6,2026-06-19
CUST_02996,Manish Mishra,34,Female,Bhopal,Madhya Pradesh,2026-02-17,Home,1948.81,1,0.15,4.6,2026-08-15
CUST_02997,Tanvi Pillai,38,Male,Hyderabad,Telangana,2024-09-06,Personal Care,4356.88,7,0.29,4.4,2026-08-09
CUST_02998,Manish Rao,36,Female,Hyderabad,Telangana,2026-01-19,Kitchen,4169.83,9,1.16,3.9,2026-07-29
CUST_02999,Gaurav Joshi,21,Male,Delhi,Delhi,2024-12-10,Fashion,6529.55,7,0.33,4.9,2026-09-06
CUST_03000,Akash Bhatia,38,Female,Surat,Gujarat,2024-10-11,Sports,710.97,7,0.3,3.7,2026-06-20
