Product_ID,Product_Name,Category,Subcategory,Brand,Price,Discount,Final_Price,Rating,Review_Count,Stock,Popularity_Score,Product_Description,Product_Tags,Age_Group,Gender_Target,Color,Size,Created_Date,Image_URL,Status
PROD_00001,Sony Compact Bluetooth Speaker,Electronics,Audio,Sony,5690.0,40,3414.0,3.6,99,113,40.3,Portable waterproof outdoor bluetooth speaker. Designed with premium quality materials by Sony.,"speaker,portable,waterproof,audio,bluetooth,sony,electronics,crimson red",18-35,All,Crimson Red,128GB,2026-05-26,https://images.unsplash.com/photo-1500000000001?auto=format&fit=crop&w=600&q=80,Active
PROD_00002,Samsung 4K Ultra HD Smart TV 55-inch - Rose Gold,Electronics,Television,Samsung,32560.0,40,19536.0,4.1,556,119,69.1,Vibrant Dolby Vision smart display with voice assistant. Designed with premium quality materials by Samsung.,"tv,smart tv,4k,ultra hd,television,display,samsung,electronics,rose gold",All Ages,All,Rose Gold,16GB RAM,2026-08-23,https://images.unsplash.com/photo-1500000000002?auto=format&fit=crop&w=600&q=80,Active
PROD_00003,Boat Smart Fitness Watch,Electronics,Wearables,Boat,34640.0,5,32908.0,3.6,252,29,49.7,AMOLED fitness tracker with heart rate and SpO2 monitor. Designed with premium quality materials by Boat.,"smartwatch,fitness,heartrate,wearable,tracker,boat,electronics,silver",18-35,All,Silver,256GB,2025-09-11,https://images.unsplash.com/photo-1500000000003?auto=format&fit=crop&w=600&q=80,Active
PROD_00004,LG Smart Wi-Fi Security Camera - Midnight Black,Electronics,Smart Devices,LG,43820.0,30,30674.0,3.6,179,80,51.5,1080p full color night vision security camera with motion alert. Designed with premium quality materials by LG.,"security camera,cctv,smart home,wifi,lg,electronics,midnight black",Teens & Youth,All,Midnight Black,Standard,2024-12-04,https://images.unsplash.com/photo-1500000000004?auto=format&fit=crop&w=600&q=80,Active
PROD_00005,Samsung Digital Mirrorless Camera - Space Gray,Electronics,Cameras,Samsung,44350.0,15,37697.5,4.7,45,102,51.6,4K video recording with 24MP sensor and interchangeable lens. Designed with premium quality materials by Samsung.,"camera,photography,4k,video,lens,samsung,electronics,space gray",18-35,All,Space Gray,Default,2024-11-17,https://images.unsplash.com/photo-1500000000005?auto=format&fit=crop&w=600&q=80,Active
PROD_00006,JBL Digital Mirrorless Camera - Silver,Electronics,Cameras,JBL,31940.0,5,30343.0,4.4,45,48,51.1,4K video recording with 24MP sensor and interchangeable lens. Designed with premium quality materials by JBL.,"camera,photography,4k,video,lens,jbl,electronics,silver",18-35,All,Silver,256GB,2025-12-22,https://images.unsplash.com/photo-1500000000006?auto=format&fit=crop&w=600&q=80,Active
PROD_00007,Noise Smart Fitness Watch,Electronics,Wearables,Noise,15400.0,0,15400.0,3.8,25,13,47.1,AMOLED fitness tracker with heart rate and SpO2 monitor. Designed with premium quality materials by Noise.,"smartwatch,fitness,heartrate,wearable,tracker,noise,electronics,olive green",Adults,All,Olive Green,256GB,2025-07-15,https://images.unsplash.com/photo-1500000000007?auto=format&fit=crop&w=600&q=80,Active
PROD_00008,Bose Noise Cancelling Wireless Earbuds,Electronics,Audio,Bose,23070.0,35,14995.5,3.7,377,40,54.5,True wireless earbuds with active noise cancellation and low latency. Designed with premium quality materials by Bose.,"earbuds,tws,wireless,bluetooth,audio,anc,bose,electronics,navy blue",25-50,All,Navy Blue,16GB RAM,2025-02-01,https://images.unsplash.com/photo-1500000000008?auto=format&fit=crop&w=600&q=80,Active
PROD_00009,LG Action Camera 4K Waterproof,Electronics,Cameras,LG,10810.0,10,9729.0,4.2,180,28,56.8,Rugged 4K 60fps action cam with dual screens. Designed with premium quality materials by LG.,"action camera,waterproof,4k,sports,vlog,lg,electronics,classic beige",Adults,All,Classic Beige,512GB,2026-05-09,https://images.unsplash.com/photo-1500000000009?auto=format&fit=crop&w=600&q=80,Active
PROD_00010,JBL Smart Fitness Watch,Electronics,Wearables,JBL,27300.0,35,17745.0,4.2,236,146,60.0,AMOLED fitness tracker with heart rate and SpO2 monitor. Designed with premium quality materials by JBL.,"smartwatch,fitness,heartrate,wearable,tracker,jbl,electronics,olive green",All Ages,All,Olive Green,16GB RAM,2026-08-18,https://images.unsplash.com/photo-1500000000010?auto=format&fit=crop&w=600&q=80,Active
PROD_00011,LG Compact Bluetooth Speaker - Silver,Electronics,Audio,LG,21070.0,20,16856.0,4.9,18,200,51.5,Portable waterproof outdoor bluetooth speaker. Designed with premium quality materials by LG.,"speaker,portable,waterproof,audio,bluetooth,lg,electronics,silver",25-50,All,Silver,Default,2026-05-13,https://images.unsplash.com/photo-1500000000011?auto=format&fit=crop&w=600&q=80,Active
PROD_00012,Samsung Noise Cancelling Wireless Earbuds - Pearl White,Electronics,Audio,Samsung,35300.0,40,21180.0,4.8,645,158,77.0,True wireless earbuds with active noise cancellation and low latency. Designed with premium quality materials by Samsung.,"earbuds,tws,wireless,bluetooth,audio,anc,samsung,electronics,pearl white",18-35,All,Pearl White,256GB,2026-08-10,https://images.unsplash.com/photo-1500000000012?auto=format&fit=crop&w=600&q=80,Active
PROD_00013,Sennheiser Compact Bluetooth Speaker,Electronics,Audio,Sennheiser,26050.0,5,24747.5,3.6,336,129,57.6,Portable waterproof outdoor bluetooth speaker. Designed with premium quality materials by Sennheiser.,"speaker,portable,waterproof,audio,bluetooth,sennheiser,electronics,crimson red",All Ages,All,Crimson Red,128GB,2025-03-02,https://images.unsplash.com/photo-1500000000013?auto=format&fit=crop&w=600&q=80,Active
PROD_00014,JBL Smart Fitness Watch,Electronics,Wearables,JBL,39410.0,30,27587.0,4.9,57,242,56.7,AMOLED fitness tracker with heart rate and SpO2 monitor. Designed with premium quality materials by JBL.,"smartwatch,fitness,heartrate,wearable,tracker,jbl,electronics,charcoal",18-35,All,Charcoal,16GB RAM,2024-09-22,https://images.unsplash.com/photo-1500000000014?auto=format&fit=crop&w=600&q=80,Active
PROD_00015,LG 4K Ultra HD Smart TV 55-inch - Olive Green,Electronics,Television,LG,23870.0,5,22676.5,3.8,51,21,43.4,Vibrant Dolby Vision smart display with voice assistant. Designed with premium quality materials by LG.,"tv,smart tv,4k,ultra hd,television,display,lg,electronics,olive green",25-50,All,Olive Green,Standard,2025-01-04,https://images.unsplash.com/photo-1500000000015?auto=format&fit=crop&w=600&q=80,Active
PROD_00016,Samsung Action Camera 4K Waterproof,Electronics,Cameras,Samsung,28840.0,15,24514.0,3.6,51,13,46.6,Rugged 4K 60fps action cam with dual screens. Designed with premium quality materials by Samsung.,"action camera,waterproof,4k,sports,vlog,samsung,electronics,classic beige",All Ages,All,Classic Beige,128GB,2026-06-18,https://images.unsplash.com/photo-1500000000016?auto=format&fit=crop&w=600&q=80,Active
PROD_00017,Samsung Action Camera 4K Waterproof,Electronics,Cameras,Samsung,7000.0,50,3500.0,4.3,80,67,54.0,Rugged 4K 60fps action cam with dual screens. Designed with premium quality materials by Samsung.,"action camera,waterproof,4k,sports,vlog,samsung,electronics,crimson red",Teens & Youth,All,Crimson Red,Standard,2025-07-09,https://images.unsplash.com/photo-1500000000017?auto=format&fit=crop&w=600&q=80,Active
PROD_00018,Bose 4K Ultra HD Smart TV 55-inch,Electronics,Television,Bose,19210.0,0,19210.0,4.4,148,170,50.9,Vibrant Dolby Vision smart display with voice assistant. Designed with premium quality materials by Bose.,"tv,smart tv,4k,ultra hd,television,display,bose,electronics,space gray",Teens & Youth,All,Space Gray,Standard,2025-07-13,https://images.unsplash.com/photo-1500000000018?auto=format&fit=crop&w=600&q=80,Active
PROD_00019,Bose Digital Mirrorless Camera - Navy Blue,Electronics,Cameras,Bose,7340.0,10,6606.0,3.9,116,68,52.4,4K video recording with 24MP sensor and interchangeable lens. Designed with premium quality materials by Bose.,"camera,photography,4k,video,lens,bose,electronics,navy blue",18-35,All,Navy Blue,128GB,2026-06-13,https://images.unsplash.com/photo-1500000000019?auto=format&fit=crop&w=600&q=80,Active
PROD_00020,Bose Bass Soundbar with Subwoofer - Midnight Black,Electronics,Audio,Bose,43640.0,15,37094.0,3.7,76,129,44.9,2.1 channel cinematic soundbar for home theatre experience. Designed with premium quality materials by Bose.,"soundbar,audio,speaker,home theatre,subwoofer,bose,electronics,midnight black",Adults,All,Midnight Black,Standard,2025-07-15,https://images.unsplash.com/photo-1500000000020?auto=format&fit=crop&w=600&q=80,Active
PROD_00021,JBL Wireless Bluetooth Headphones,Electronics,Audio,JBL,35540.0,35,23101.0,3.9,185,183,56.0,Over-ear noise cancelling headphones with deep bass. Designed with premium quality materials by JBL.,"wireless,bluetooth,audio,headphones,anc,jbl,electronics,olive green",Teens & Youth,All,Olive Green,Default,2025-02-06,https://images.unsplash.com/photo-1500000000021?auto=format&fit=crop&w=600&q=80,Active
PROD_00022,JBL Bass Soundbar with Subwoofer - Navy Blue,Electronics,Audio,JBL,26570.0,40,15942.0,3.6,42,85,38.3,2.1 channel cinematic soundbar for home theatre experience. Designed with premium quality materials by JBL.,"soundbar,audio,speaker,home theatre,subwoofer,jbl,electronics,navy blue",18-35,All,Navy Blue,256GB,2025-01-08,https://images.unsplash.com/photo-1500000000022?auto=format&fit=crop&w=600&q=80,Active
PROD_00023,JBL Bass Soundbar with Subwoofer - Midnight Black,Electronics,Audio,JBL,4200.0,5,3990.0,4.4,77,65,51.1,2.1 channel cinematic soundbar for home theatre experience. Designed with premium quality materials by JBL.,"soundbar,audio,speaker,home theatre,subwoofer,jbl,electronics,midnight black",All Ages,All,Midnight Black,16GB RAM,2025-01-23,https://images.unsplash.com/photo-1500000000023?auto=format&fit=crop&w=600&q=80,Active
PROD_00024,Sony 4K Ultra HD Smart TV 55-inch - Classic Beige,Electronics,Television,Sony,25960.0,25,19470.0,4.8,97,57,58.6,Vibrant Dolby Vision smart display with voice assistant. Designed with premium quality materials by Sony.,"tv,smart tv,4k,ultra hd,television,display,sony,electronics,classic beige",Teens & Youth,All,Classic Beige,Default,2025-10-12,https://images.unsplash.com/photo-1500000000024?auto=format&fit=crop&w=600&q=80,Active
PROD_00025,LG 4K Ultra HD Smart TV 55-inch - Olive Green,Electronics,Television,LG,41890.0,5,39795.5,3.5,124,164,49.9,Vibrant Dolby Vision smart display with voice assistant. Designed with premium quality materials by LG.,"tv,smart tv,4k,ultra hd,television,display,lg,electronics,olive green",25-50,All,Olive Green,128GB,2026-05-19,https://images.unsplash.com/photo-1500000000025?auto=format&fit=crop&w=600&q=80,Active
PROD_00026,Samsung Compact Bluetooth Speaker - Rose Gold,Electronics,Audio,Samsung,39780.0,15,33813.0,4.0,291,45,56.0,Portable waterproof outdoor bluetooth speaker. Designed with premium quality materials by Samsung.,"speaker,portable,waterproof,audio,bluetooth,samsung,electronics,rose gold",18-35,All,Rose Gold,256GB,2025-02-19,https://images.unsplash.com/photo-1500000000026?auto=format&fit=crop&w=600&q=80,Active
PROD_00027,Sony Noise Cancelling Wireless Earbuds - Rose Gold,Electronics,Audio,Sony,7080.0,5,6726.0,4.7,55,195,54.7,True wireless earbuds with active noise cancellation and low latency. Designed with premium quality materials by Sony.,"earbuds,tws,wireless,bluetooth,audio,anc,sony,electronics,rose gold",All Ages,All,Rose Gold,256GB,2025-11-24,https://images.unsplash.com/photo-1500000000027?auto=format&fit=crop&w=600&q=80,Active
PROD_00028,Samsung Noise Cancelling Wireless Earbuds - Silver,Electronics,Audio,Samsung,12200.0,0,12200.0,3.6,144,113,50.1,True wireless earbuds with active noise cancellation and low latency. Designed with premium quality materials by Samsung.,"earbuds,tws,wireless,bluetooth,audio,anc,samsung,electronics,silver",25-50,All,Silver,128GB,2026-07-15,https://images.unsplash.com/photo-1500000000028?auto=format&fit=crop&w=600&q=80,Active
PROD_00029,Sennheiser Wireless Bluetooth Headphones,Electronics,Audio,Sennheiser,20550.0,30,14385.0,4.3,176,33,50.8,Over-ear noise cancelling headphones with deep bass. Designed with premium quality materials by Sennheiser.,"wireless,bluetooth,audio,headphones,anc,sennheiser,electronics,pearl white",25-50,All,Pearl White,Standard,2024-09-21,https://images.unsplash.com/photo-1500000000029?auto=format&fit=crop&w=600&q=80,Active
PROD_00030,Sony Smart Fitness Watch,Electronics,Wearables,Sony,6780.0,20,5424.0,4.0,23,243,48.9,AMOLED fitness tracker with heart rate and SpO2 monitor. Designed with premium quality materials by Sony.,"smartwatch,fitness,heartrate,wearable,tracker,sony,electronics,silver",Adults,All,Silver,16GB RAM,2026-07-20,https://images.unsplash.com/photo-1500000000030?auto=format&fit=crop&w=600&q=80,Active
PROD_00031,Samsung Digital Mirrorless Camera,Electronics,Cameras,Samsung,25720.0,30,18004.0,4.9,183,196,57.9,4K video recording with 24MP sensor and interchangeable lens. Designed with premium quality materials by Samsung.,"camera,photography,4k,video,lens,samsung,electronics,navy blue",All Ages,All,Navy Blue,Standard,2025-12-30,https://images.unsplash.com/photo-1500000000031?auto=format&fit=crop&w=600&q=80,Active
PROD_00032,JBL Smart Fitness Watch - Olive Green,Electronics,Wearables,JBL,15750.0,30,11025.0,4.6,48,226,55.3,AMOLED fitness tracker with heart rate and SpO2 monitor. Designed with premium quality materials by JBL.,"smartwatch,fitness,heartrate,wearable,tracker,jbl,electronics,olive green",18-35,All,Olive Green,Default,2025-12-18,https://images.unsplash.com/photo-1500000000032?auto=format&fit=crop&w=600&q=80,Active
PROD_00033,JBL Noise Cancelling Wireless Earbuds - Space Gray,Electronics,Audio,JBL,10940.0,35,7111.0,4.0,27,215,49.0,True wireless earbuds with active noise cancellation and low latency. Designed with premium quality materials by JBL.,"earbuds,tws,wireless,bluetooth,audio,anc,jbl,electronics,space gray",All Ages,All,Space Gray,512GB,2026-01-08,https://images.unsplash.com/photo-1500000000033?auto=format&fit=crop&w=600&q=80,Active
PROD_00034,Sony 4K Ultra HD Smart TV 55-inch,Electronics,Television,Sony,4240.0,20,3392.0,4.0,550,135,66.0,Vibrant Dolby Vision smart display with voice assistant. Designed with premium quality materials by Sony.,"tv,smart tv,4k,ultra hd,television,display,sony,electronics,navy blue",25-50,All,Navy Blue,512GB,2025-02-26,https://images.unsplash.com/photo-1500000000034?auto=format&fit=crop&w=600&q=80,Active
PROD_00035,Sony Digital Mirrorless Camera - Space Gray,Electronics,Cameras,Sony,44280.0,0,44280.0,3.7,621,116,65.3,4K video recording with 24MP sensor and interchangeable lens. Designed with premium quality materials by Sony.,"camera,photography,4k,video,lens,sony,electronics,space gray",18-35,All,Space Gray,256GB,2025-10-12,https://images.unsplash.com/photo-1500000000035?auto=format&fit=crop&w=600&q=80,Active
PROD_00036,Bose Smart Home Voice Hub,Electronics,Smart Devices,Bose,32240.0,0,32240.0,4.2,312,211,59.9,Voice-controlled assistant for automated home appliances. Designed with premium quality materials by Bose.,"smart home,voice assistant,hub,iot,bose,electronics,olive green",18-35,All,Olive Green,16GB RAM,2024-10-12,https://images.unsplash.com/photo-1500000000036?auto=format&fit=crop&w=600&q=80,Active
PROD_00037,Sennheiser 4K Ultra HD Smart TV 55-inch - Olive Green,Electronics,Television,Sennheiser,30260.0,5,28747.0,4.5,80,81,53.3,Vibrant Dolby Vision smart display with voice assistant. Designed with premium quality materials by Sennheiser.,"tv,smart tv,4k,ultra hd,television,display,sennheiser,electronics,olive green",25-50,All,Olive Green,Default,2024-10-16,https://images.unsplash.com/photo-1500000000037?auto=format&fit=crop&w=600&q=80,Active
PROD_00038,Sennheiser Smart Home Voice Hub - Olive Green,Electronics,Smart Devices,Sennheiser,9600.0,30,6720.0,4.4,33,236,47.1,Voice-controlled assistant for automated home appliances. Designed with premium quality materials by Sennheiser.,"smart home,voice assistant,hub,iot,sennheiser,electronics,olive green",25-50,All,Olive Green,Standard,2025-01-24,https://images.unsplash.com/photo-1500000000038?auto=format&fit=crop&w=600&q=80,Active
PROD_00039,Boat Noise Cancelling Wireless Earbuds,Electronics,Audio,Boat,20030.0,50,10015.0,4.3,222,87,56.5,True wireless earbuds with active noise cancellation and low latency. Designed with premium quality materials by Boat.,"earbuds,tws,wireless,bluetooth,audio,anc,boat,electronics,rose gold",25-50,All,Rose Gold,Default,2025-06-03,https://images.unsplash.com/photo-1500000000039?auto=format&fit=crop&w=600&q=80,Active
PROD_00040,Noise 4K Ultra HD Smart TV 55-inch,Electronics,Television,Noise,30280.0,50,15140.0,4.0,119,214,54.3,Vibrant Dolby Vision smart display with voice assistant. Designed with premium quality materials by Noise.,"tv,smart tv,4k,ultra hd,television,display,noise,electronics,pearl white",All Ages,All,Pearl White,Standard,2026-01-01,https://images.unsplash.com/photo-1500000000040?auto=format&fit=crop&w=600&q=80,Active
PROD_00041,Samsung Noise Cancelling Wireless Earbuds,Electronics,Audio,Samsung,44300.0,50,22150.0,4.7,38,23,53.1,True wireless earbuds with active noise cancellation and low latency. Designed with premium quality materials by Samsung.,"earbuds,tws,wireless,bluetooth,audio,anc,samsung,electronics,navy blue",All Ages,All,Navy Blue,128GB,2024-11-23,https://images.unsplash.com/photo-1500000000041?auto=format&fit=crop&w=600&q=80,Active
PROD_00042,Samsung Smart Wi-Fi Security Camera,Electronics,Smart Devices,Samsung,29940.0,0,29940.0,4.7,138,225,60.2,1080p full color night vision security camera with motion alert. Designed with premium quality materials by Samsung.,"security camera,cctv,smart home,wifi,samsung,electronics,olive green",Teens & Youth,All,Olive Green,512GB,2026-05-12,https://images.unsplash.com/photo-1500000000042?auto=format&fit=crop&w=600&q=80,Active
PROD_00043,Samsung Battery King Phone 6000mAh - Pearl White,Mobiles,Budget,Samsung,73220.0,5,69559.0,4.1,21,210,46.5,Long-lasting dual SIM smartphone with expandable memory. Designed with premium quality materials by Samsung.,"mobile,budget,long battery,smartphone,samsung,mobiles,pearl white",Adults,All,Pearl White,Standard,2025-03-04,https://images.unsplash.com/photo-1500000000043?auto=format&fit=crop&w=600&q=80,Active
PROD_00044,Google Pure Android Experience 5G - Silver,Mobiles,Mid-Range,Google,112370.0,30,78659.0,4.7,447,145,69.3,Clean software with best-in-class computational photography. Designed with premium quality materials by Google.,"google,android,camera phone,5g,google,mobiles,silver",Adults,All,Silver,512GB,2026-03-20,https://images.unsplash.com/photo-1500000000044?auto=format&fit=crop&w=600&q=80,Active
PROD_00045,Motorola Sleek Curve Screen 5G Phone - Charcoal,Mobiles,Mid-Range,Motorola,106260.0,20,85008.0,4.6,68,138,53.6,Ultra slim 3D curved display with 50MP portrait selfie. Designed with premium quality materials by Motorola.,"smartphone,curved display,selfie,5g,motorola,mobiles,charcoal",25-50,All,Charcoal,512GB,2025-12-28,https://images.unsplash.com/photo-1500000000045?auto=format&fit=crop&w=600&q=80,Active
PROD_00046,Xiaomi Smooth Display Mid-Range 5G,Mobiles,Mid-Range,Xiaomi,47290.0,40,28374.0,3.6,210,43,46.7,120Hz AMOLED 64MP OIS camera with 67W fast charging. Designed with premium quality materials by Xiaomi.,"mobile,5g,smartphone,amoled,fastcharge,xiaomi,mobiles,space gray",25-50,All,Space Gray,Standard,2024-09-18,https://images.unsplash.com/photo-1500000000046?auto=format&fit=crop&w=600&q=80,Active
PROD_00047,Realme NextGen Smartphone Pro Max - Navy Blue,Mobiles,Flagship,Realme,71490.0,30,50043.0,3.6,82,218,43.5,Titanium frame with OLED Super Retina display and A17 Pro. Designed with premium quality materials by Realme.,"smartphone,ios,apple,flagship,premium,realme,mobiles,navy blue",Teens & Youth,All,Navy Blue,Default,2025-01-08,https://images.unsplash.com/photo-1500000000047?auto=format&fit=crop&w=600&q=80,Active
PROD_00048,Apple Sleek Curve Screen 5G Phone,Mobiles,Mid-Range,Apple,49160.0,30,34412.0,4.7,147,249,61.2,Ultra slim 3D curved display with 50MP portrait selfie. Designed with premium quality materials by Apple.,"smartphone,curved display,selfie,5g,apple,mobiles,classic beige",Teens & Youth,All,Classic Beige,512GB,2025-02-24,https://images.unsplash.com/photo-1500000000048?auto=format&fit=crop&w=600&q=80,Active
PROD_00049,Realme Sleek Curve Screen 5G Phone - Rose Gold,Mobiles,Mid-Range,Realme,39930.0,35,25954.5,3.5,157,91,48.0,Ultra slim 3D curved display with 50MP portrait selfie. Designed with premium quality materials by Realme.,"smartphone,curved display,selfie,5g,realme,mobiles,rose gold",18-35,All,Rose Gold,16GB RAM,2025-07-11,https://images.unsplash.com/photo-1500000000049?auto=format&fit=crop&w=600&q=80,Active
PROD_00050,Samsung Sleek Curve Screen 5G Phone - Charcoal,Mobiles,Mid-Range,Samsung,114110.0,50,57055.0,4.3,51,11,45.9,Ultra slim 3D curved display with 50MP portrait selfie. Designed with premium quality materials by Samsung.,"smartphone,curved display,selfie,5g,samsung,mobiles,charcoal",Adults,All,Charcoal,128GB,2025-06-17,https://images.unsplash.com/photo-1500000000050?auto=format&fit=crop&w=600&q=80,Active
PROD_00051,Motorola NextGen Smartphone Pro Max,Mobiles,Flagship,Motorola,46300.0,35,30095.0,4.0,643,199,74.5,Titanium frame with OLED Super Retina display and A17 Pro. Designed with premium quality materials by Motorola.,"smartphone,ios,apple,flagship,premium,motorola,mobiles,charcoal",All Ages,All,Charcoal,128GB,2025-11-18,https://images.unsplash.com/photo-1500000000051?auto=format&fit=crop&w=600&q=80,Active
PROD_00052,OnePlus Battery King Phone 6000mAh - Space Gray,Mobiles,Budget,OnePlus,14090.0,25,10567.5,3.8,283,22,57.1,Long-lasting dual SIM smartphone with expandable memory. Designed with premium quality materials by OnePlus.,"mobile,budget,long battery,smartphone,oneplus,mobiles,space gray",All Ages,All,Space Gray,512GB,2024-10-31,https://images.unsplash.com/photo-1500000000052?auto=format&fit=crop&w=600&q=80,Active
PROD_00053,Motorola Smartphone Ultra 5G - Midnight Black,Mobiles,Flagship,Motorola,80700.0,15,68595.0,3.7,519,176,58.9,Snapdragon 8 Gen 3 flagship with 200MP camera system. Designed with premium quality materials by Motorola.,"smartphone,mobile,5g,flagship,android,motorola,mobiles,midnight black",18-35,All,Midnight Black,128GB,2026-01-18,https://images.unsplash.com/photo-1500000000053?auto=format&fit=crop&w=600&q=80,Active
PROD_00054,Realme Battery King Phone 6000mAh - Crimson Red,Mobiles,Budget,Realme,120760.0,5,114722.0,4.6,420,46,72.4,Long-lasting dual SIM smartphone with expandable memory. Designed with premium quality materials by Realme.,"mobile,budget,long battery,smartphone,realme,mobiles,crimson red",18-35,All,Crimson Red,256GB,2026-05-11,https://images.unsplash.com/photo-1500000000054?auto=format&fit=crop&w=600&q=80,Active
PROD_00055,Apple Pure Android Experience 5G,Mobiles,Mid-Range,Apple,91660.0,5,87077.0,4.3,178,217,56.4,Clean software with best-in-class computational photography. Designed with premium quality materials by Apple.,"google,android,camera phone,5g,apple,mobiles,crimson red",Teens & Youth,All,Crimson Red,16GB RAM,2026-05-17,https://images.unsplash.com/photo-1500000000055?auto=format&fit=crop&w=600&q=80,Active
PROD_00056,Motorola Sleek Curve Screen 5G Phone - Crimson Red,Mobiles,Mid-Range,Motorola,101160.0,50,50580.0,4.6,473,93,70.2,Ultra slim 3D curved display with 50MP portrait selfie. Designed with premium quality materials by Motorola.,"smartphone,curved display,selfie,5g,motorola,mobiles,crimson red",Adults,All,Crimson Red,Standard,2024-10-21,https://images.unsplash.com/photo-1500000000056?auto=format&fit=crop&w=600&q=80,Active
PROD_00057,Apple Smooth Display Mid-Range 5G,Mobiles,Mid-Range,Apple,57150.0,35,37147.5,3.6,31,250,40.9,120Hz AMOLED 64MP OIS camera with 67W fast charging. Designed with premium quality materials by Apple.,"mobile,5g,smartphone,amoled,fastcharge,apple,mobiles,rose gold",25-50,All,Rose Gold,Standard,2025-05-16,https://images.unsplash.com/photo-1500000000057?auto=format&fit=crop&w=600&q=80,Active
PROD_00058,Samsung Sleek Curve Screen 5G Phone - Olive Green,Mobiles,Mid-Range,Samsung,39600.0,40,23760.0,4.6,54,124,52.5,Ultra slim 3D curved display with 50MP portrait selfie. Designed with premium quality materials by Samsung.,"smartphone,curved display,selfie,5g,samsung,mobiles,olive green",Adults,All,Olive Green,128GB,2024-12-31,https://images.unsplash.com/photo-1500000000058?auto=format&fit=crop&w=600&q=80,Active
PROD_00059,OnePlus Smooth Display Mid-Range 5G - Navy Blue,Mobiles,Mid-Range,OnePlus,36530.0,35,23744.5,4.3,23,176,47.7,120Hz AMOLED 64MP OIS camera with 67W fast charging. Designed with premium quality materials by OnePlus.,"mobile,5g,smartphone,amoled,fastcharge,oneplus,mobiles,navy blue",25-50,All,Navy Blue,Default,2026-07-31,https://images.unsplash.com/photo-1500000000059?auto=format&fit=crop&w=600&q=80,Active
PROD_00060,Motorola Battery King Phone 6000mAh,Mobiles,Budget,Motorola,101350.0,25,76012.5,3.9,85,157,49.4,Long-lasting dual SIM smartphone with expandable memory. Designed with premium quality materials by Motorola.,"mobile,budget,long battery,smartphone,motorola,mobiles,silver",Teens & Youth,All,Silver,128GB,2025-11-20,https://images.unsplash.com/photo-1500000000060?auto=format&fit=crop&w=600&q=80,Active
PROD_00061,Apple Pure Android Experience 5G,Mobiles,Mid-Range,Apple,55550.0,40,33330.0,4.6,103,181,54.9,Clean software with best-in-class computational photography. Designed with premium quality materials by Apple.,"google,android,camera phone,5g,apple,mobiles,rose gold",All Ages,All,Rose Gold,128GB,2025-04-14,https://images.unsplash.com/photo-1500000000061?auto=format&fit=crop&w=600&q=80,Active
PROD_00062,Motorola Battery King Phone 6000mAh,Mobiles,Budget,Motorola,88940.0,20,71152.0,4.4,71,99,51.6,Long-lasting dual SIM smartphone with expandable memory. Designed with premium quality materials by Motorola.,"mobile,budget,long battery,smartphone,motorola,mobiles,midnight black",25-50,All,Midnight Black,Default,2025-03-04,https://images.unsplash.com/photo-1500000000062?auto=format&fit=crop&w=600&q=80,Active
PROD_00063,Xiaomi Smooth Display Mid-Range 5G - Rose Gold,Mobiles,Mid-Range,Xiaomi,39700.0,20,31760.0,3.8,332,189,53.2,120Hz AMOLED 64MP OIS camera with 67W fast charging. Designed with premium quality materials by Xiaomi.,"mobile,5g,smartphone,amoled,fastcharge,xiaomi,mobiles,rose gold",25-50,All,Rose Gold,256GB,2026-04-29,https://images.unsplash.com/photo-1500000000063?auto=format&fit=crop&w=600&q=80,Active
PROD_00064,Google Sleek Curve Screen 5G Phone - Pearl White,Mobiles,Mid-Range,Google,40350.0,50,20175.0,4.9,94,139,58.7,Ultra slim 3D curved display with 50MP portrait selfie. Designed with premium quality materials by Google.,"smartphone,curved display,selfie,5g,google,mobiles,pearl white",18-35,All,Pearl White,128GB,2026-05-19,https://images.unsplash.com/photo-1500000000064?auto=format&fit=crop&w=600&q=80,Active
PROD_00065,OnePlus NextGen Smartphone Pro Max,Mobiles,Flagship,OnePlus,90840.0,10,81756.0,3.9,74,18,47.5,Titanium frame with OLED Super Retina display and A17 Pro. Designed with premium quality materials by OnePlus.,"smartphone,ios,apple,flagship,premium,oneplus,mobiles,navy blue",18-35,All,Navy Blue,256GB,2024-09-14,https://images.unsplash.com/photo-1500000000065?auto=format&fit=crop&w=600&q=80,Active
PROD_00066,Realme NextGen Smartphone Pro Max - Charcoal,Mobiles,Flagship,Realme,62920.0,35,40898.0,4.0,155,18,48.7,Titanium frame with OLED Super Retina display and A17 Pro. Designed with premium quality materials by Realme.,"smartphone,ios,apple,flagship,premium,realme,mobiles,charcoal",All Ages,All,Charcoal,Default,2025-04-27,https://images.unsplash.com/photo-1500000000066?auto=format&fit=crop&w=600&q=80,Active
PROD_00067,Motorola Smartphone Ultra 5G,Mobiles,Flagship,Motorola,81650.0,0,81650.0,3.7,42,212,44.3,Snapdragon 8 Gen 3 flagship with 200MP camera system. Designed with premium quality materials by Motorola.,"smartphone,mobile,5g,flagship,android,motorola,mobiles,space gray",Teens & Youth,All,Space Gray,512GB,2025-10-22,https://images.unsplash.com/photo-1500000000067?auto=format&fit=crop&w=600&q=80,Active
PROD_00068,Samsung Smartphone Ultra 5G - Space Gray,Mobiles,Flagship,Samsung,100520.0,15,85442.0,4.6,306,102,62.7,Snapdragon 8 Gen 3 flagship with 200MP camera system. Designed with premium quality materials by Samsung.,"smartphone,mobile,5g,flagship,android,samsung,mobiles,space gray",Teens & Youth,All,Space Gray,16GB RAM,2025-06-02,https://images.unsplash.com/photo-1500000000068?auto=format&fit=crop&w=600&q=80,Active
PROD_00069,Motorola Smooth Display Mid-Range 5G - Classic Beige,Mobiles,Mid-Range,Motorola,15050.0,5,14297.5,4.8,28,58,55.4,120Hz AMOLED 64MP OIS camera with 67W fast charging. Designed with premium quality materials by Motorola.,"mobile,5g,smartphone,amoled,fastcharge,motorola,mobiles,classic beige",25-50,All,Classic Beige,512GB,2025-12-02,https://images.unsplash.com/photo-1500000000069?auto=format&fit=crop&w=600&q=80,Active
PROD_00070,Apple Sleek Curve Screen 5G Phone - Pearl White,Mobiles,Mid-Range,Apple,26310.0,30,18417.0,4.1,795,157,77.5,Ultra slim 3D curved display with 50MP portrait selfie. Designed with premium quality materials by Apple.,"smartphone,curved display,selfie,5g,apple,mobiles,pearl white",18-35,All,Pearl White,128GB,2026-07-27,https://images.unsplash.com/photo-1500000000070?auto=format&fit=crop&w=600&q=80,Active
PROD_00071,OnePlus NextGen Smartphone Pro Max,Mobiles,Flagship,OnePlus,35310.0,20,28248.0,4.6,281,165,63.1,Titanium frame with OLED Super Retina display and A17 Pro. Designed with premium quality materials by OnePlus.,"smartphone,ios,apple,flagship,premium,oneplus,mobiles,crimson red",Teens & Youth,All,Crimson Red,Standard,2026-02-08,https://images.unsplash.com/photo-1500000000071?auto=format&fit=crop&w=600&q=80,Active
PROD_00072,Apple Battery King Phone 6000mAh - Rose Gold,Mobiles,Budget,Apple,104720.0,5,99484.0,3.6,54,207,41.2,Long-lasting dual SIM smartphone with expandable memory. Designed with premium quality materials by Apple.,"mobile,budget,long battery,smartphone,apple,mobiles,rose gold",18-35,All,Rose Gold,128GB,2025-01-24,https://images.unsplash.com/photo-1500000000072?auto=format&fit=crop&w=600&q=80,Active
PROD_00073,Xiaomi Smooth Display Mid-Range 5G - Space Gray,Mobiles,Mid-Range,Xiaomi,118290.0,40,70974.0,4.3,15,117,44.4,120Hz AMOLED 64MP OIS camera with 67W fast charging. Designed with premium quality materials by Xiaomi.,"mobile,5g,smartphone,amoled,fastcharge,xiaomi,mobiles,space gray",25-50,All,Space Gray,512GB,2026-07-20,https://images.unsplash.com/photo-1500000000073?auto=format&fit=crop&w=600&q=80,Active
PROD_00074,Realme Battery King Phone 6000mAh,Mobiles,Budget,Realme,34780.0,50,17390.0,4.3,319,10,65.8,Long-lasting dual SIM smartphone with expandable memory. Designed with premium quality materials by Realme.,"mobile,budget,long battery,smartphone,realme,mobiles,silver",25-50,All,Silver,16GB RAM,2024-10-10,https://images.unsplash.com/photo-1500000000074?auto=format&fit=crop&w=600&q=80,Active
PROD_00075,Google Smooth Display Mid-Range 5G - Midnight Black,Mobiles,Mid-Range,Google,59740.0,20,47792.0,3.8,235,154,51.8,120Hz AMOLED 64MP OIS camera with 67W fast charging. Designed with premium quality materials by Google.,"mobile,5g,smartphone,amoled,fastcharge,google,mobiles,midnight black",Teens & Youth,All,Midnight Black,128GB,2025-04-13,https://images.unsplash.com/photo-1500000000075?auto=format&fit=crop&w=600&q=80,Active
PROD_00076,Xiaomi Smartphone Ultra 5G,Mobiles,Flagship,Xiaomi,20240.0,10,18216.0,4.0,250,182,55.0,Snapdragon 8 Gen 3 flagship with 200MP camera system. Designed with premium quality materials by Xiaomi.,"smartphone,mobile,5g,flagship,android,xiaomi,mobiles,silver",25-50,All,Silver,512GB,2024-10-20,https://images.unsplash.com/photo-1500000000076?auto=format&fit=crop&w=600&q=80,Active
PROD_00077,Motorola Battery King Phone 6000mAh,Mobiles,Budget,Motorola,37530.0,5,35653.5,4.9,280,108,68.8,Long-lasting dual SIM smartphone with expandable memory. Designed with premium quality materials by Motorola.,"mobile,budget,long battery,smartphone,motorola,mobiles,rose gold",Teens & Youth,All,Rose Gold,Default,2026-08-28,https://images.unsplash.com/photo-1500000000077?auto=format&fit=crop&w=600&q=80,Active
PROD_00078,Motorola Sleek Curve Screen 5G Phone,Mobiles,Mid-Range,Motorola,68660.0,50,34330.0,4.6,28,165,51.5,Ultra slim 3D curved display with 50MP portrait selfie. Designed with premium quality materials by Motorola.,"smartphone,curved display,selfie,5g,motorola,mobiles,rose gold",Teens & Youth,All,Rose Gold,512GB,2026-07-08,https://images.unsplash.com/photo-1500000000078?auto=format&fit=crop&w=600&q=80,Active
PROD_00079,OnePlus NextGen Smartphone Pro Max - Rose Gold,Mobiles,Flagship,OnePlus,89700.0,5,85215.0,3.5,94,166,44.8,Titanium frame with OLED Super Retina display and A17 Pro. Designed with premium quality materials by OnePlus.,"smartphone,ios,apple,flagship,premium,oneplus,mobiles,rose gold",25-50,All,Rose Gold,128GB,2025-12-27,https://images.unsplash.com/photo-1500000000079?auto=format&fit=crop&w=600&q=80,Active
PROD_00080,Samsung Sleek Curve Screen 5G Phone - Crimson Red,Mobiles,Mid-Range,Samsung,18910.0,5,17964.5,4.1,37,35,49.0,Ultra slim 3D curved display with 50MP portrait selfie. Designed with premium quality materials by Samsung.,"smartphone,curved display,selfie,5g,samsung,mobiles,crimson red",All Ages,All,Crimson Red,16GB RAM,2026-03-25,https://images.unsplash.com/photo-1500000000080?auto=format&fit=crop&w=600&q=80,Active
PROD_00081,Realme Battery King Phone 6000mAh - Crimson Red,Mobiles,Budget,Realme,64450.0,35,41892.5,3.8,372,146,54.3,Long-lasting dual SIM smartphone with expandable memory. Designed with premium quality materials by Realme.,"mobile,budget,long battery,smartphone,realme,mobiles,crimson red",25-50,All,Crimson Red,16GB RAM,2026-02-15,https://images.unsplash.com/photo-1500000000081?auto=format&fit=crop&w=600&q=80,Active
PROD_00082,Google Pure Android Experience 5G - Pearl White,Mobiles,Mid-Range,Google,107970.0,25,80977.5,4.8,190,134,58.3,Clean software with best-in-class computational photography. Designed with premium quality materials by Google.,"google,android,camera phone,5g,google,mobiles,pearl white",25-50,All,Pearl White,Default,2026-08-27,https://images.unsplash.com/photo-1500000000082?auto=format&fit=crop&w=600&q=80,Active
PROD_00083,Realme Smooth Display Mid-Range 5G - Crimson Red,Mobiles,Mid-Range,Realme,65290.0,10,58761.0,4.1,87,128,47.9,120Hz AMOLED 64MP OIS camera with 67W fast charging. Designed with premium quality materials by Realme.,"mobile,5g,smartphone,amoled,fastcharge,realme,mobiles,crimson red",Adults,All,Crimson Red,16GB RAM,2025-02-10,https://images.unsplash.com/photo-1500000000083?auto=format&fit=crop&w=600&q=80,Active
PROD_00084,Xiaomi Pure Android Experience 5G - Charcoal,Mobiles,Mid-Range,Xiaomi,35940.0,30,25158.0,3.8,26,203,43.1,Clean software with best-in-class computational photography. Designed with premium quality materials by Xiaomi.,"google,android,camera phone,5g,xiaomi,mobiles,charcoal",18-35,All,Charcoal,256GB,2025-10-08,https://images.unsplash.com/photo-1500000000084?auto=format&fit=crop&w=600&q=80,Active
PROD_00085,Acer Student Essential Laptop - Olive Green,Laptops,Student Laptops,Acer,33810.0,40,20286.0,4.9,82,89,61.0,Budget friendly 15.6-inch laptop with fast SSD storage. Designed with premium quality materials by Acer.,"laptop,student,budget,college,school,acer,laptops,olive green",18-35,All,Olive Green,512GB,2025-06-05,https://images.unsplash.com/photo-1500000000085?auto=format&fit=crop&w=600&q=80,Active
PROD_00086,Asus Pro Gaming Laptop RTX 4070 - Charcoal,Laptops,Gaming Laptops,Asus,130800.0,10,117720.0,3.6,85,205,49.1,Intel i7 14th Gen 16GB RAM 1TB SSD with high refresh rate screen. Designed with premium quality materials by Asus.,"laptop,gaming,rtx,intel,high performance,asus,laptops,charcoal",18-35,All,Charcoal,Default,2025-09-17,https://images.unsplash.com/photo-1500000000086?auto=format&fit=crop&w=600&q=80,Active
PROD_00087,Acer Creator Studio Laptop 4K OLED - Olive Green,Laptops,Ultrabooks,Acer,161820.0,40,97092.0,4.0,250,86,56.3,Color-calibrated 100% DCI-P3 display for video and graphic design. Designed with premium quality materials by Acer.,"laptop,creator,editing,oled,design,acer,laptops,olive green",All Ages,All,Olive Green,Standard,2025-04-17,https://images.unsplash.com/photo-1500000000087?auto=format&fit=crop&w=600&q=80,Active
PROD_00088,Apple Creator Studio Laptop 4K OLED - Classic Beige,Laptops,Ultrabooks,Apple,172590.0,15,146701.5,4.5,197,116,62.7,Color-calibrated 100% DCI-P3 display for video and graphic design. Designed with premium quality materials by Apple.,"laptop,creator,editing,oled,design,apple,laptops,classic beige",18-35,All,Classic Beige,Default,2024-11-19,https://images.unsplash.com/photo-1500000000088?auto=format&fit=crop&w=600&q=80,Active
PROD_00089,Lenovo Pro Gaming Laptop RTX 4070 - Pearl White,Laptops,Gaming Laptops,Lenovo,35220.0,0,35220.0,3.9,407,100,59.6,Intel i7 14th Gen 16GB RAM 1TB SSD with high refresh rate screen. Designed with premium quality materials by Lenovo.,"laptop,gaming,rtx,intel,high performance,lenovo,laptops,pearl white",25-50,All,Pearl White,Standard,2025-12-22,https://images.unsplash.com/photo-1500000000089?auto=format&fit=crop&w=600&q=80,Active
PROD_00090,Lenovo Creator Studio Laptop 4K OLED,Laptops,Ultrabooks,Lenovo,40400.0,30,28280.0,4.4,130,66,54.2,Color-calibrated 100% DCI-P3 display for video and graphic design. Designed with premium quality materials by Lenovo.,"laptop,creator,editing,oled,design,lenovo,laptops,classic beige",18-35,All,Classic Beige,Standard,2025-01-09,https://images.unsplash.com/photo-1500000000090?auto=format&fit=crop&w=600&q=80,Active
PROD_00091,Dell Ultra-Slim Metal Ultrabook - Charcoal,Laptops,Ultrabooks,Dell,132690.0,35,86248.5,4.8,37,178,54.9,Lightweight 1.2kg carbon chassis with all-day battery life. Designed with premium quality materials by Dell.,"laptop,ultrabook,lightweight,slim,work,dell,laptops,charcoal",25-50,All,Charcoal,Standard,2026-06-15,https://images.unsplash.com/photo-1500000000091?auto=format&fit=crop&w=600&q=80,Active
PROD_00092,HP Student Essential Laptop - Classic Beige,Laptops,Student Laptops,HP,99720.0,20,79776.0,3.8,239,103,56.1,Budget friendly 15.6-inch laptop with fast SSD storage. Designed with premium quality materials by HP.,"laptop,student,budget,college,school,hp,laptops,classic beige",Teens & Youth,All,Classic Beige,256GB,2026-05-12,https://images.unsplash.com/photo-1500000000092?auto=format&fit=crop&w=600&q=80,Active
PROD_00093,Lenovo Ultra-Slim Metal Ultrabook,Laptops,Ultrabooks,Lenovo,137790.0,0,137790.0,4.9,272,173,63.8,Lightweight 1.2kg carbon chassis with all-day battery life. Designed with premium quality materials by Lenovo.,"laptop,ultrabook,lightweight,slim,work,lenovo,laptops,classic beige",Adults,All,Classic Beige,256GB,2026-08-21,https://images.unsplash.com/photo-1500000000093?auto=format&fit=crop&w=600&q=80,Active
PROD_00094,MSI Creator Studio Laptop 4K OLED - Midnight Black,Laptops,Ultrabooks,MSI,169760.0,15,144296.0,4.3,163,95,51.7,Color-calibrated 100% DCI-P3 display for video and graphic design. Designed with premium quality materials by MSI.,"laptop,creator,editing,oled,design,msi,laptops,midnight black",Teens & Youth,All,Midnight Black,16GB RAM,2026-02-16,https://images.unsplash.com/photo-1500000000094?auto=format&fit=crop&w=600&q=80,Active
PROD_00095,HP Creator Studio Laptop 4K OLED - Pearl White,Laptops,Ultrabooks,HP,129480.0,20,103584.0,4.6,280,13,63.0,Color-calibrated 100% DCI-P3 display for video and graphic design. Designed with premium quality materials by HP.,"laptop,creator,editing,oled,design,hp,laptops,pearl white",All Ages,All,Pearl White,Standard,2026-04-17,https://images.unsplash.com/photo-1500000000095?auto=format&fit=crop&w=600&q=80,Active
PROD_00096,HP Pro Gaming Laptop RTX 4070,Laptops,Gaming Laptops,HP,48750.0,40,29250.0,4.7,137,98,57.8,Intel i7 14th Gen 16GB RAM 1TB SSD with high refresh rate screen. Designed with premium quality materials by HP.,"laptop,gaming,rtx,intel,high performance,hp,laptops,silver",Teens & Youth,All,Silver,Standard,2025-11-23,https://images.unsplash.com/photo-1500000000096?auto=format&fit=crop&w=600&q=80,Active
PROD_00097,HP Ultra-Slim Metal Ultrabook - Charcoal,Laptops,Ultrabooks,HP,101530.0,5,96453.5,3.7,148,62,51.5,Lightweight 1.2kg carbon chassis with all-day battery life. Designed with premium quality materials by HP.,"laptop,ultrabook,lightweight,slim,work,hp,laptops,charcoal",25-50,All,Charcoal,256GB,2024-10-08,https://images.unsplash.com/photo-1500000000097?auto=format&fit=crop&w=600&q=80,Active
PROD_00098,MSI Student Essential Laptop - Rose Gold,Laptops,Student Laptops,MSI,30190.0,40,18114.0,3.7,115,99,48.3,Budget friendly 15.6-inch laptop with fast SSD storage. Designed with premium quality materials by MSI.,"laptop,student,budget,college,school,msi,laptops,rose gold",All Ages,All,Rose Gold,256GB,2024-10-10,https://images.unsplash.com/photo-1500000000098?auto=format&fit=crop&w=600&q=80,Active
PROD_00099,Asus Business Productivity Notebook,Laptops,Business Laptops,Asus,64710.0,0,64710.0,4.4,19,246,50.4,Anti-glare screen with fingerprint reader and military-grade durability. Designed with premium quality materials by Asus.,"laptop,business,office,durability,asus,laptops,olive green",25-50,All,Olive Green,Standard,2024-12-13,https://images.unsplash.com/photo-1500000000099?auto=format&fit=crop&w=600&q=80,Active
PROD_00100,Acer Ultra-Slim Metal Ultrabook - Space Gray,Laptops,Ultrabooks,Acer,75440.0,30,52808.0,3.7,35,16,47.9,Lightweight 1.2kg carbon chassis with all-day battery life. Designed with premium quality materials by Acer.,"laptop,ultrabook,lightweight,slim,work,acer,laptops,space gray",Teens & Youth,All,Space Gray,Standard,2025-10-22,https://images.unsplash.com/photo-1500000000100?auto=format&fit=crop&w=600&q=80,Active
PROD_00101,Apple Student Essential Laptop,Laptops,Student Laptops,Apple,99220.0,40,59532.0,4.1,20,195,49.1,Budget friendly 15.6-inch laptop with fast SSD storage. Designed with premium quality materials by Apple.,"laptop,student,budget,college,school,apple,laptops,space gray",Adults,All,Space Gray,128GB,2025-07-01,https://images.unsplash.com/photo-1500000000101?auto=format&fit=crop&w=600&q=80,Active
PROD_00102,MSI Pro Gaming Laptop RTX 4070 - Charcoal,Laptops,Gaming Laptops,MSI,71920.0,25,53940.0,3.8,197,118,55.4,Intel i7 14th Gen 16GB RAM 1TB SSD with high refresh rate screen. Designed with premium quality materials by MSI.,"laptop,gaming,rtx,intel,high performance,msi,laptops,charcoal",Teens & Youth,All,Charcoal,16GB RAM,2025-08-23,https://images.unsplash.com/photo-1500000000102?auto=format&fit=crop&w=600&q=80,Active
PROD_00103,Acer Pro Gaming Laptop RTX 4070,Laptops,Gaming Laptops,Acer,71310.0,5,67744.5,4.8,82,215,55.8,Intel i7 14th Gen 16GB RAM 1TB SSD with high refresh rate screen. Designed with premium quality materials by Acer.,"laptop,gaming,rtx,intel,high performance,acer,laptops,silver",25-50,All,Silver,16GB RAM,2024-10-20,https://images.unsplash.com/photo-1500000000103?auto=format&fit=crop&w=600&q=80,Active
PROD_00104,Acer Ultra-Slim Metal Ultrabook - Classic Beige,Laptops,Ultrabooks,Acer,66240.0,10,59616.0,4.6,142,57,52.4,Lightweight 1.2kg carbon chassis with all-day battery life. Designed with premium quality materials by Acer.,"laptop,ultrabook,lightweight,slim,work,acer,laptops,classic beige",All Ages,All,Classic Beige,Default,2025-02-08,https://images.unsplash.com/photo-1500000000104?auto=format&fit=crop&w=600&q=80,Active
PROD_00105,Asus Ultra-Slim Metal Ultrabook - Navy Blue,Laptops,Ultrabooks,Asus,151820.0,50,75910.0,3.5,443,224,62.6,Lightweight 1.2kg carbon chassis with all-day battery life. Designed with premium quality materials by Asus.,"laptop,ultrabook,lightweight,slim,work,asus,laptops,navy blue",25-50,All,Navy Blue,128GB,2026-04-18,https://images.unsplash.com/photo-1500000000105?auto=format&fit=crop&w=600&q=80,Active
PROD_00106,HP Creator Studio Laptop 4K OLED,Laptops,Ultrabooks,HP,84240.0,15,71604.0,4.3,66,9,47.4,Color-calibrated 100% DCI-P3 display for video and graphic design. Designed with premium quality materials by HP.,"laptop,creator,editing,oled,design,hp,laptops,pearl white",All Ages,All,Pearl White,Default,2026-07-07,https://images.unsplash.com/photo-1500000000106?auto=format&fit=crop&w=600&q=80,Active
PROD_00107,Acer Ultra-Slim Metal Ultrabook - Olive Green,Laptops,Ultrabooks,Acer,102770.0,25,77077.5,4.2,110,32,50.9,Lightweight 1.2kg carbon chassis with all-day battery life. Designed with premium quality materials by Acer.,"laptop,ultrabook,lightweight,slim,work,acer,laptops,olive green",All Ages,All,Olive Green,16GB RAM,2026-01-15,https://images.unsplash.com/photo-1500000000107?auto=format&fit=crop&w=600&q=80,Active
PROD_00108,Apple Creator Studio Laptop 4K OLED - Rose Gold,Laptops,Ultrabooks,Apple,32890.0,35,21378.5,4.7,268,114,64.6,Color-calibrated 100% DCI-P3 display for video and graphic design. Designed with premium quality materials by Apple.,"laptop,creator,editing,oled,design,apple,laptops,rose gold",Teens & Youth,All,Rose Gold,256GB,2025-04-14,https://images.unsplash.com/photo-1500000000108?auto=format&fit=crop&w=600&q=80,Active
PROD_00109,Apple Student Essential Laptop,Laptops,Student Laptops,Apple,47810.0,50,23905.0,4.4,61,145,53.6,Budget friendly 15.6-inch laptop with fast SSD storage. Designed with premium quality materials by Apple.,"laptop,student,budget,college,school,apple,laptops,space gray",Adults,All,Space Gray,256GB,2025-08-04,https://images.unsplash.com/photo-1500000000109?auto=format&fit=crop&w=600&q=80,Active
PROD_00110,Asus Creator Studio Laptop 4K OLED - Crimson Red,Laptops,Ultrabooks,Asus,43570.0,5,41391.5,4.7,29,171,56.9,Color-calibrated 100% DCI-P3 display for video and graphic design. Designed with premium quality materials by Asus.,"laptop,creator,editing,oled,design,asus,laptops,crimson red",Adults,All,Crimson Red,512GB,2025-02-11,https://images.unsplash.com/photo-1500000000110?auto=format&fit=crop&w=600&q=80,Active
PROD_00111,Lenovo Ultra-Slim Metal Ultrabook,Laptops,Ultrabooks,Lenovo,99200.0,30,69440.0,4.5,76,85,52.3,Lightweight 1.2kg carbon chassis with all-day battery life. Designed with premium quality materials by Lenovo.,"laptop,ultrabook,lightweight,slim,work,lenovo,laptops,charcoal",Teens & Youth,All,Charcoal,128GB,2024-10-17,https://images.unsplash.com/photo-1500000000111?auto=format&fit=crop&w=600&q=80,Active
PROD_00112,HP Business Productivity Notebook,Laptops,Business Laptops,HP,158590.0,5,150660.5,4.1,46,195,50.2,Anti-glare screen with fingerprint reader and military-grade durability. Designed with premium quality materials by HP.,"laptop,business,office,durability,hp,laptops,pearl white",Teens & Youth,All,Pearl White,Standard,2026-04-18,https://images.unsplash.com/photo-1500000000112?auto=format&fit=crop&w=600&q=80,Active
PROD_00113,Apple Creator Studio Laptop 4K OLED,Laptops,Ultrabooks,Apple,47190.0,25,35392.5,4.7,492,245,74.2,Color-calibrated 100% DCI-P3 display for video and graphic design. Designed with premium quality materials by Apple.,"laptop,creator,editing,oled,design,apple,laptops,classic beige",Adults,All,Classic Beige,16GB RAM,2026-07-08,https://images.unsplash.com/photo-1500000000113?auto=format&fit=crop&w=600&q=80,Active
PROD_00114,Asus Business Productivity Notebook - Crimson Red,Laptops,Business Laptops,Asus,61400.0,35,39910.0,3.8,312,32,54.0,Anti-glare screen with fingerprint reader and military-grade durability. Designed with premium quality materials by Asus.,"laptop,business,office,durability,asus,laptops,crimson red",All Ages,All,Crimson Red,256GB,2025-02-06,https://images.unsplash.com/photo-1500000000114?auto=format&fit=crop&w=600&q=80,Active
PROD_00115,Apple Business Productivity Notebook - Crimson Red,Laptops,Business Laptops,Apple,160690.0,50,80345.0,4.4,195,169,57.4,Anti-glare screen with fingerprint reader and military-grade durability. Designed with premium quality materials by Apple.,"laptop,business,office,durability,apple,laptops,crimson red",18-35,All,Crimson Red,16GB RAM,2024-12-14,https://images.unsplash.com/photo-1500000000115?auto=format&fit=crop&w=600&q=80,Active
PROD_00116,Apple Business Productivity Notebook - Pearl White,Laptops,Business Laptops,Apple,83110.0,10,74799.0,4.7,384,149,68.9,Anti-glare screen with fingerprint reader and military-grade durability. Designed with premium quality materials by Apple.,"laptop,business,office,durability,apple,laptops,pearl white",25-50,All,Pearl White,256GB,2026-06-19,https://images.unsplash.com/photo-1500000000116?auto=format&fit=crop&w=600&q=80,Active
PROD_00117,Acer Ultra-Slim Metal Ultrabook,Laptops,Ultrabooks,Acer,93910.0,25,70432.5,3.7,308,84,56.5,Lightweight 1.2kg carbon chassis with all-day battery life. Designed with premium quality materials by Acer.,"laptop,ultrabook,lightweight,slim,work,acer,laptops,midnight black",Adults,All,Midnight Black,Default,2025-01-25,https://images.unsplash.com/photo-1500000000117?auto=format&fit=crop&w=600&q=80,Active
PROD_00118,Apple Creator Studio Laptop 4K OLED - Midnight Black,Laptops,Ultrabooks,Apple,35810.0,5,34019.5,3.9,52,174,45.3,Color-calibrated 100% DCI-P3 display for video and graphic design. Designed with premium quality materials by Apple.,"laptop,creator,editing,oled,design,apple,laptops,midnight black",18-35,All,Midnight Black,128GB,2024-12-16,https://images.unsplash.com/photo-1500000000118?auto=format&fit=crop&w=600&q=80,Active
PROD_00119,Lenovo Student Essential Laptop,Laptops,Student Laptops,Lenovo,95500.0,20,76400.0,4.4,416,156,65.5,Budget friendly 15.6-inch laptop with fast SSD storage. Designed with premium quality materials by Lenovo.,"laptop,student,budget,college,school,lenovo,laptops,crimson red",Adults,All,Crimson Red,128GB,2024-10-15,https://images.unsplash.com/photo-1500000000119?auto=format&fit=crop&w=600&q=80,Active
PROD_00120,Apple Business Productivity Notebook,Laptops,Business Laptops,Apple,60090.0,15,51076.5,4.6,154,200,54.7,Anti-glare screen with fingerprint reader and military-grade durability. Designed with premium quality materials by Apple.,"laptop,business,office,durability,apple,laptops,navy blue",Adults,All,Navy Blue,512GB,2025-09-28,https://images.unsplash.com/photo-1500000000120?auto=format&fit=crop&w=600&q=80,Active
PROD_00121,Apple Pro Gaming Laptop RTX 4070,Laptops,Gaming Laptops,Apple,87690.0,15,74536.5,4.2,311,218,61.1,Intel i7 14th Gen 16GB RAM 1TB SSD with high refresh rate screen. Designed with premium quality materials by Apple.,"laptop,gaming,rtx,intel,high performance,apple,laptops,charcoal",Teens & Youth,All,Charcoal,Standard,2025-09-01,https://images.unsplash.com/photo-1500000000121?auto=format&fit=crop&w=600&q=80,Active
PROD_00122,Lenovo Pro Gaming Laptop RTX 4070 - Midnight Black,Laptops,Gaming Laptops,Lenovo,40220.0,25,30165.0,4.3,422,151,63.9,Intel i7 14th Gen 16GB RAM 1TB SSD with high refresh rate screen. Designed with premium quality materials by Lenovo.,"laptop,gaming,rtx,intel,high performance,lenovo,laptops,midnight black",All Ages,All,Midnight Black,512GB,2024-11-12,https://images.unsplash.com/photo-1500000000122?auto=format&fit=crop&w=600&q=80,Active
PROD_00123,HP Student Essential Laptop - Space Gray,Laptops,Student Laptops,HP,54980.0,50,27490.0,4.1,83,181,53.5,Budget friendly 15.6-inch laptop with fast SSD storage. Designed with premium quality materials by HP.,"laptop,student,budget,college,school,hp,laptops,space gray",All Ages,All,Space Gray,512GB,2026-05-31,https://images.unsplash.com/photo-1500000000123?auto=format&fit=crop&w=600&q=80,Active
PROD_00124,MSI Student Essential Laptop - Space Gray,Laptops,Student Laptops,MSI,110260.0,30,77182.0,4.7,35,195,51.8,Budget friendly 15.6-inch laptop with fast SSD storage. Designed with premium quality materials by MSI.,"laptop,student,budget,college,school,msi,laptops,space gray",Teens & Youth,All,Space Gray,128GB,2025-09-22,https://images.unsplash.com/photo-1500000000124?auto=format&fit=crop&w=600&q=80,Active
PROD_00125,Apple Ultra-Slim Metal Ultrabook - Rose Gold,Laptops,Ultrabooks,Apple,58440.0,25,43830.0,4.0,61,250,50.6,Lightweight 1.2kg carbon chassis with all-day battery life. Designed with premium quality materials by Apple.,"laptop,ultrabook,lightweight,slim,work,apple,laptops,rose gold",All Ages,All,Rose Gold,Standard,2026-03-31,https://images.unsplash.com/photo-1500000000125?auto=format&fit=crop&w=600&q=80,Active
PROD_00126,Apple Ultra-Slim Metal Ultrabook,Laptops,Ultrabooks,Apple,52000.0,5,49400.0,3.7,115,202,47.9,Lightweight 1.2kg carbon chassis with all-day battery life. Designed with premium quality materials by Apple.,"laptop,ultrabook,lightweight,slim,work,apple,laptops,pearl white",18-35,All,Pearl White,256GB,2025-05-11,https://images.unsplash.com/photo-1500000000126?auto=format&fit=crop&w=600&q=80,Active
PROD_00127,Puma Denim Trucker Jacket - Silver,Fashion,Winterwear,Puma,4600.0,20,3680.0,4.3,321,95,60.9,Vintage rugged button-down denim outerwear jacket. Designed with premium quality materials by Puma.,"jacket,denim,outerwear,winter,fashion,puma,fashion,silver",All Ages,Men,Silver,M,2025-10-16,https://images.unsplash.com/photo-1500000000127?auto=format&fit=crop&w=600&q=80,Active
PROD_00128,FabIndia Denim Trucker Jacket,Fashion,Winterwear,FabIndia,6120.0,5,5814.0,4.4,369,134,62.6,Vintage rugged button-down denim outerwear jacket. Designed with premium quality materials by FabIndia.,"jacket,denim,outerwear,winter,fashion,fabindia,fashion,midnight black",25-50,Men,Midnight Black,Standard,2025-01-12,https://images.unsplash.com/photo-1500000000128?auto=format&fit=crop&w=600&q=80,Active
PROD_00129,FabIndia Classic Denim Slim Jeans - Classic Beige,Fashion,Men's Clothing,FabIndia,1480.0,0,1480.0,4.1,16,212,50.6,Durable stretch cotton denim jeans in deep indigo wash. Designed with premium quality materials by FabIndia.,"jeans,denim,men,fashion,clothing,fabindia,fashion,classic beige",Adults,Men,Classic Beige,L,2025-09-12,https://images.unsplash.com/photo-1500000000129?auto=format&fit=crop&w=600&q=80,Active
PROD_00130,Levis Solid Crew Neck Cotton T-Shirt - Midnight Black,Fashion,Men's Clothing,Levis,3910.0,50,1955.0,3.7,143,100,51.9,100% combed breathable cotton everyday tee. Designed with premium quality materials by Levis.,"tshirt,cotton,casual,men,fashion,levis,fashion,midnight black",Teens & Youth,Women,Midnight Black,L,2025-07-29,https://images.unsplash.com/photo-1500000000130?auto=format&fit=crop&w=600&q=80,Active
PROD_00131,Puma Casual Stretch Chino Trousers,Fashion,Men's Clothing,Puma,1110.0,30,777.0,3.9,112,190,52.0,Versatile casual smart-fit flat-front chinos. Designed with premium quality materials by Puma.,"chinos,trousers,pants,men,casual,puma,fashion,classic beige",25-50,Women,Classic Beige,Standard,2024-12-20,https://images.unsplash.com/photo-1500000000131?auto=format&fit=crop&w=600&q=80,Active
PROD_00132,Puma Floral Print Maxi Summer Dress - Space Gray,Fashion,Women's Clothing,Puma,5040.0,30,3528.0,3.7,60,186,48.8,Lightweight chiffon breezy bohemian dress for outings. Designed with premium quality materials by Puma.,"dress,women,floral,summer,fashion,puma,fashion,space gray",25-50,Men,Space Gray,M,2025-10-16,https://images.unsplash.com/photo-1500000000132?auto=format&fit=crop&w=600&q=80,Active
PROD_00133,Puma Casual Stretch Chino Trousers - Pearl White,Fashion,Men's Clothing,Puma,620.0,20,496.0,3.8,37,59,42.9,Versatile casual smart-fit flat-front chinos. Designed with premium quality materials by Puma.,"chinos,trousers,pants,men,casual,puma,fashion,pearl white",Teens & Youth,Unisex,Pearl White,Max,2025-04-19,https://images.unsplash.com/photo-1500000000133?auto=format&fit=crop&w=600&q=80,Active
PROD_00134,Nike Cozy Fleece Pullover Hoodie - Pearl White,Fashion,Winterwear,Nike,1160.0,40,696.0,4.7,89,231,55.8,Warm brushed fleece hoodie with kangaroo pocket. Designed with premium quality materials by Nike.,"hoodie,winter,sweater,casual,warm,nike,fashion,pearl white",25-50,Unisex,Pearl White,M,2024-10-21,https://images.unsplash.com/photo-1500000000134?auto=format&fit=crop&w=600&q=80,Active
PROD_00135,Levis Handcrafted Cotton Kurta,Fashion,Ethnic Wear,Levis,5000.0,50,2500.0,4.6,530,47,74.4,Traditional artisan embroidered ethnic festive kurta. Designed with premium quality materials by Levis.,"ethnic,kurta,traditional,indian,festival,levis,fashion,classic beige",18-35,Unisex,Classic Beige,Compact,2026-07-16,https://images.unsplash.com/photo-1500000000135?auto=format&fit=crop&w=600&q=80,Active
PROD_00136,Puma Casual Stretch Chino Trousers - Navy Blue,Fashion,Men's Clothing,Puma,5590.0,15,4751.5,4.2,85,84,55.1,Versatile casual smart-fit flat-front chinos. Designed with premium quality materials by Puma.,"chinos,trousers,pants,men,casual,puma,fashion,navy blue",25-50,Women,Navy Blue,Pro,2025-05-06,https://images.unsplash.com/photo-1500000000136?auto=format&fit=crop&w=600&q=80,Active
PROD_00137,Puma Cozy Fleece Pullover Hoodie - Classic Beige,Fashion,Winterwear,Puma,3770.0,30,2639.0,4.9,146,214,56.8,Warm brushed fleece hoodie with kangaroo pocket. Designed with premium quality materials by Puma.,"hoodie,winter,sweater,casual,warm,puma,fashion,classic beige",25-50,Men,Classic Beige,Pro,2024-12-18,https://images.unsplash.com/photo-1500000000137?auto=format&fit=crop&w=600&q=80,Active
PROD_00138,Adidas Floral Print Maxi Summer Dress - Midnight Black,Fashion,Women's Clothing,Adidas,5120.0,40,3072.0,4.7,233,77,57.2,Lightweight chiffon breezy bohemian dress for outings. Designed with premium quality materials by Adidas.,"dress,women,floral,summer,fashion,adidas,fashion,midnight black",Adults,Men,Midnight Black,Pro,2026-03-18,https://images.unsplash.com/photo-1500000000138?auto=format&fit=crop&w=600&q=80,Active
PROD_00139,FabIndia Tailored Formal Oxford Shirt - Rose Gold,Fashion,Men's Clothing,FabIndia,1940.0,35,1261.0,4.7,96,243,51.1,Crisp wrinkle-resistant 100% Egyptian cotton dress shirt. Designed with premium quality materials by FabIndia.,"shirt,formal,office,men,cotton,fabindia,fashion,rose gold",All Ages,Men,Rose Gold,M,2026-07-06,https://images.unsplash.com/photo-1500000000139?auto=format&fit=crop&w=600&q=80,Active
PROD_00140,Puma Casual Stretch Chino Trousers,Fashion,Men's Clothing,Puma,2570.0,5,2441.5,4.7,657,171,76.6,Versatile casual smart-fit flat-front chinos. Designed with premium quality materials by Puma.,"chinos,trousers,pants,men,casual,puma,fashion,navy blue",25-50,Unisex,Navy Blue,Compact,2026-04-02,https://images.unsplash.com/photo-1500000000140?auto=format&fit=crop&w=600&q=80,Active
PROD_00141,Zara Floral Print Maxi Summer Dress - Crimson Red,Fashion,Women's Clothing,Zara,3550.0,50,1775.0,3.5,605,25,59.4,Lightweight chiffon breezy bohemian dress for outings. Designed with premium quality materials by Zara.,"dress,women,floral,summer,fashion,zara,fashion,crimson red",18-35,Women,Crimson Red,Pro,2026-01-21,https://images.unsplash.com/photo-1500000000141?auto=format&fit=crop&w=600&q=80,Active
PROD_00142,Raymond Floral Print Maxi Summer Dress,Fashion,Women's Clothing,Raymond,2050.0,50,1025.0,4.1,67,33,52.0,Lightweight chiffon breezy bohemian dress for outings. Designed with premium quality materials by Raymond.,"dress,women,floral,summer,fashion,raymond,fashion,space gray",25-50,Unisex,Space Gray,XL,2025-04-05,https://images.unsplash.com/photo-1500000000142?auto=format&fit=crop&w=600&q=80,Active
PROD_00143,Nike Classic Denim Slim Jeans - Pearl White,Fashion,Men's Clothing,Nike,2060.0,30,1442.0,3.8,138,176,44.4,Durable stretch cotton denim jeans in deep indigo wash. Designed with premium quality materials by Nike.,"jeans,denim,men,fashion,clothing,nike,fashion,pearl white",All Ages,Men,Pearl White,XL,2025-08-25,https://images.unsplash.com/photo-1500000000143?auto=format&fit=crop&w=600&q=80,Active
PROD_00144,Zara Solid Crew Neck Cotton T-Shirt - Olive Green,Fashion,Men's Clothing,Zara,2150.0,0,2150.0,4.0,79,22,46.6,100% combed breathable cotton everyday tee. Designed with premium quality materials by Zara.,"tshirt,cotton,casual,men,fashion,zara,fashion,olive green",Teens & Youth,Unisex,Olive Green,Pro,2024-10-26,https://images.unsplash.com/photo-1500000000144?auto=format&fit=crop&w=600&q=80,Active
PROD_00145,Puma Solid Crew Neck Cotton T-Shirt,Fashion,Men's Clothing,Puma,4680.0,35,3042.0,4.9,75,127,58.3,100% combed breathable cotton everyday tee. Designed with premium quality materials by Puma.,"tshirt,cotton,casual,men,fashion,puma,fashion,pearl white",Adults,Men,Pearl White,Standard,2026-04-13,https://images.unsplash.com/photo-1500000000145?auto=format&fit=crop&w=600&q=80,Active
PROD_00146,FabIndia Solid Crew Neck Cotton T-Shirt - Midnight Black,Fashion,Men's Clothing,FabIndia,6260.0,25,4695.0,4.8,21,136,52.8,100% combed breathable cotton everyday tee. Designed with premium quality materials by FabIndia.,"tshirt,cotton,casual,men,fashion,fabindia,fashion,midnight black",All Ages,Unisex,Midnight Black,XL,2025-02-19,https://images.unsplash.com/photo-1500000000146?auto=format&fit=crop&w=600&q=80,Active
PROD_00147,Adidas Denim Trucker Jacket - Midnight Black,Fashion,Winterwear,Adidas,810.0,25,607.5,3.9,184,209,50.0,Vintage rugged button-down denim outerwear jacket. Designed with premium quality materials by Adidas.,"jacket,denim,outerwear,winter,fashion,adidas,fashion,midnight black",25-50,Men,Midnight Black,L,2025-07-16,https://images.unsplash.com/photo-1500000000147?auto=format&fit=crop&w=600&q=80,Active
PROD_00148,Raymond Denim Trucker Jacket,Fashion,Winterwear,Raymond,5680.0,20,4544.0,4.6,140,191,55.8,Vintage rugged button-down denim outerwear jacket. Designed with premium quality materials by Raymond.,"jacket,denim,outerwear,winter,fashion,raymond,fashion,silver",Teens & Youth,Men,Silver,M,2025-06-15,https://images.unsplash.com/photo-1500000000148?auto=format&fit=crop&w=600&q=80,Active
PROD_00149,Adidas Floral Print Maxi Summer Dress - Silver,Fashion,Women's Clothing,Adidas,2490.0,50,1245.0,4.5,24,47,52.9,Lightweight chiffon breezy bohemian dress for outings. Designed with premium quality materials by Adidas.,"dress,women,floral,summer,fashion,adidas,fashion,silver",25-50,Unisex,Silver,S,2025-09-04,https://images.unsplash.com/photo-1500000000149?auto=format&fit=crop&w=600&q=80,Active
PROD_00150,Zara Denim Trucker Jacket,Fashion,Winterwear,Zara,4640.0,25,3480.0,4.2,73,196,51.7,Vintage rugged button-down denim outerwear jacket. Designed with premium quality materials by Zara.,"jacket,denim,outerwear,winter,fashion,zara,fashion,silver",All Ages,Men,Silver,Compact,2026-07-29,https://images.unsplash.com/photo-1500000000150?auto=format&fit=crop&w=600&q=80,Active
PROD_00151,FabIndia Floral Print Maxi Summer Dress - Midnight Black,Fashion,Women's Clothing,FabIndia,2880.0,30,2016.0,4.8,444,13,71.8,Lightweight chiffon breezy bohemian dress for outings. Designed with premium quality materials by FabIndia.,"dress,women,floral,summer,fashion,fabindia,fashion,midnight black",18-35,Unisex,Midnight Black,M,2024-10-03,https://images.unsplash.com/photo-1500000000151?auto=format&fit=crop&w=600&q=80,Active
PROD_00152,Puma Denim Trucker Jacket,Fashion,Winterwear,Puma,2880.0,25,2160.0,4.4,64,68,56.2,Vintage rugged button-down denim outerwear jacket. Designed with premium quality materials by Puma.,"jacket,denim,outerwear,winter,fashion,puma,fashion,silver",Adults,Unisex,Silver,Pro,2026-08-03,https://images.unsplash.com/photo-1500000000152?auto=format&fit=crop&w=600&q=80,Active
PROD_00153,FabIndia Floral Print Maxi Summer Dress,Fashion,Women's Clothing,FabIndia,2190.0,35,1423.5,3.8,43,161,42.6,Lightweight chiffon breezy bohemian dress for outings. Designed with premium quality materials by FabIndia.,"dress,women,floral,summer,fashion,fabindia,fashion,rose gold",All Ages,Women,Rose Gold,Compact,2025-04-14,https://images.unsplash.com/photo-1500000000153?auto=format&fit=crop&w=600&q=80,Active
PROD_00154,H&M Cozy Fleece Pullover Hoodie - Pearl White,Fashion,Winterwear,H&M,3390.0,5,3220.5,4.6,136,221,61.3,Warm brushed fleece hoodie with kangaroo pocket. Designed with premium quality materials by H&M.,"hoodie,winter,sweater,casual,warm,h&m,fashion,pearl white",18-35,Men,Pearl White,S,2024-10-15,https://images.unsplash.com/photo-1500000000154?auto=format&fit=crop&w=600&q=80,Active
PROD_00155,H&M Handcrafted Cotton Kurta - Rose Gold,Fashion,Ethnic Wear,H&M,5130.0,10,4617.0,4.6,778,135,79.4,Traditional artisan embroidered ethnic festive kurta. Designed with premium quality materials by H&M.,"ethnic,kurta,traditional,indian,festival,h&m,fashion,rose gold",25-50,Men,Rose Gold,Max,2026-02-05,https://images.unsplash.com/photo-1500000000155?auto=format&fit=crop&w=600&q=80,Active
PROD_00156,Nike Floral Print Maxi Summer Dress - Charcoal,Fashion,Women's Clothing,Nike,3540.0,40,2124.0,3.7,64,231,40.4,Lightweight chiffon breezy bohemian dress for outings. Designed with premium quality materials by Nike.,"dress,women,floral,summer,fashion,nike,fashion,charcoal",Adults,Men,Charcoal,Standard,2025-10-17,https://images.unsplash.com/photo-1500000000156?auto=format&fit=crop&w=600&q=80,Active
PROD_00157,FabIndia Casual Stretch Chino Trousers,Fashion,Men's Clothing,FabIndia,6820.0,5,6479.0,4.1,215,179,54.8,Versatile casual smart-fit flat-front chinos. Designed with premium quality materials by FabIndia.,"chinos,trousers,pants,men,casual,fabindia,fashion,rose gold",Adults,Men,Rose Gold,Compact,2026-04-20,https://images.unsplash.com/photo-1500000000157?auto=format&fit=crop&w=600&q=80,Active
PROD_00158,Levis Floral Print Maxi Summer Dress - Olive Green,Fashion,Women's Clothing,Levis,2480.0,10,2232.0,4.0,273,186,53.2,Lightweight chiffon breezy bohemian dress for outings. Designed with premium quality materials by Levis.,"dress,women,floral,summer,fashion,levis,fashion,olive green",All Ages,Unisex,Olive Green,Max,2025-03-16,https://images.unsplash.com/photo-1500000000158?auto=format&fit=crop&w=600&q=80,Active
PROD_00159,H&M Tailored Formal Oxford Shirt,Fashion,Men's Clothing,H&M,4560.0,50,2280.0,4.2,63,133,50.9,Crisp wrinkle-resistant 100% Egyptian cotton dress shirt. Designed with premium quality materials by H&M.,"shirt,formal,office,men,cotton,h&m,fashion,crimson red",Adults,Women,Crimson Red,L,2024-12-31,https://images.unsplash.com/photo-1500000000159?auto=format&fit=crop&w=600&q=80,Active
PROD_00160,Levis Floral Print Maxi Summer Dress - Classic Beige,Fashion,Women's Clothing,Levis,680.0,0,680.0,4.8,249,202,63.7,Lightweight chiffon breezy bohemian dress for outings. Designed with premium quality materials by Levis.,"dress,women,floral,summer,fashion,levis,fashion,classic beige",All Ages,Women,Classic Beige,Free Size,2024-11-01,https://images.unsplash.com/photo-1500000000160?auto=format&fit=crop&w=600&q=80,Active
PROD_00161,Raymond Cozy Fleece Pullover Hoodie,Fashion,Winterwear,Raymond,6720.0,35,4368.0,3.8,97,211,48.7,Warm brushed fleece hoodie with kangaroo pocket. Designed with premium quality materials by Raymond.,"hoodie,winter,sweater,casual,warm,raymond,fashion,classic beige",Adults,Men,Classic Beige,Standard,2025-10-29,https://images.unsplash.com/photo-1500000000161?auto=format&fit=crop&w=600&q=80,Active
PROD_00162,H&M Denim Trucker Jacket - Midnight Black,Fashion,Winterwear,H&M,1830.0,50,915.0,3.7,195,225,52.0,Vintage rugged button-down denim outerwear jacket. Designed with premium quality materials by H&M.,"jacket,denim,outerwear,winter,fashion,h&m,fashion,midnight black",Teens & Youth,Men,Midnight Black,M,2025-09-10,https://images.unsplash.com/photo-1500000000162?auto=format&fit=crop&w=600&q=80,Active
PROD_00163,Levis Casual Stretch Chino Trousers,Fashion,Men's Clothing,Levis,3530.0,20,2824.0,4.1,195,41,49.8,Versatile casual smart-fit flat-front chinos. Designed with premium quality materials by Levis.,"chinos,trousers,pants,men,casual,levis,fashion,silver",All Ages,Women,Silver,Max,2025-11-05,https://images.unsplash.com/photo-1500000000163?auto=format&fit=crop&w=600&q=80,Active
PROD_00164,Raymond Casual Stretch Chino Trousers - Navy Blue,Fashion,Men's Clothing,Raymond,1730.0,10,1557.0,4.2,153,136,52.8,Versatile casual smart-fit flat-front chinos. Designed with premium quality materials by Raymond.,"chinos,trousers,pants,men,casual,raymond,fashion,navy blue",Adults,Men,Navy Blue,M,2025-10-18,https://images.unsplash.com/photo-1500000000164?auto=format&fit=crop&w=600&q=80,Active
PROD_00165,Zara Denim Trucker Jacket - Space Gray,Fashion,Winterwear,Zara,1900.0,25,1425.0,3.6,32,77,42.2,Vintage rugged button-down denim outerwear jacket. Designed with premium quality materials by Zara.,"jacket,denim,outerwear,winter,fashion,zara,fashion,space gray",Teens & Youth,Women,Space Gray,Compact,2024-10-29,https://images.unsplash.com/photo-1500000000165?auto=format&fit=crop&w=600&q=80,Active
PROD_00166,Adidas Denim Trucker Jacket,Fashion,Winterwear,Adidas,2220.0,25,1665.0,4.6,339,98,60.0,Vintage rugged button-down denim outerwear jacket. Designed with premium quality materials by Adidas.,"jacket,denim,outerwear,winter,fashion,adidas,fashion,rose gold",Teens & Youth,Unisex,Rose Gold,Standard,2026-07-08,https://images.unsplash.com/photo-1500000000166?auto=format&fit=crop&w=600&q=80,Active
PROD_00167,Puma Cozy Fleece Pullover Hoodie - Rose Gold,Fashion,Winterwear,Puma,5470.0,20,4376.0,4.7,84,164,57.2,Warm brushed fleece hoodie with kangaroo pocket. Designed with premium quality materials by Puma.,"hoodie,winter,sweater,casual,warm,puma,fashion,rose gold",Teens & Youth,Unisex,Rose Gold,XL,2026-04-30,https://images.unsplash.com/photo-1500000000167?auto=format&fit=crop&w=600&q=80,Active
PROD_00168,H&M Floral Print Maxi Summer Dress - Olive Green,Fashion,Women's Clothing,H&M,5410.0,15,4598.5,4.3,52,107,50.1,Lightweight chiffon breezy bohemian dress for outings. Designed with premium quality materials by H&M.,"dress,women,floral,summer,fashion,h&m,fashion,olive green",Adults,Men,Olive Green,Free Size,2026-07-14,https://images.unsplash.com/photo-1500000000168?auto=format&fit=crop&w=600&q=80,Active
PROD_00169,Adidas Cushioned Running Shoes - Silver,Footwear,Running Shoes,Adidas,8270.0,40,4962.0,3.7,22,243,44.0,Breathable mesh lightweight running shoes with responsive foam. Designed with premium quality materials by Adidas.,"shoes,running,sports,fitness,cushion,adidas,footwear,silver",Adults,All,Silver,Pro,2026-03-16,https://images.unsplash.com/photo-1500000000169?auto=format&fit=crop&w=600&q=80,Active
PROD_00170,Clarks Comfort Walking Slip-On Shoes - Crimson Red,Footwear,Running Shoes,Clarks,7390.0,50,3695.0,3.9,175,213,46.2,Orthopedic memory foam slip-on shoes for daily walking. Designed with premium quality materials by Clarks.,"shoes,walking,comfort,slip-on,foam,clarks,footwear,crimson red",Adults,All,Crimson Red,Free Size,2025-09-24,https://images.unsplash.com/photo-1500000000170?auto=format&fit=crop&w=600&q=80,Active
PROD_00171,Reebok Cushioned Running Shoes - Classic Beige,Footwear,Running Shoes,Reebok,4190.0,50,2095.0,4.3,218,189,52.2,Breathable mesh lightweight running shoes with responsive foam. Designed with premium quality materials by Reebok.,"shoes,running,sports,fitness,cushion,reebok,footwear,classic beige",All Ages,All,Classic Beige,XL,2025-04-25,https://images.unsplash.com/photo-1500000000171?auto=format&fit=crop&w=600&q=80,Active
PROD_00172,Clarks Classic Low-Top Canvas Sneakers - Classic Beige,Footwear,Sneakers,Clarks,3910.0,50,1955.0,4.8,18,33,50.6,Timeless casual streetwear sneakers with rubber sole. Designed with premium quality materials by Clarks.,"sneakers,casual,streetwear,shoes,canvas,clarks,footwear,classic beige",18-35,All,Classic Beige,Compact,2025-06-04,https://images.unsplash.com/photo-1500000000172?auto=format&fit=crop&w=600&q=80,Active
PROD_00173,Reebok Genuine Leather Oxford Shoes - Pearl White,Footwear,Formal Shoes,Reebok,10300.0,35,6695.0,4.7,144,193,60.0,Handcrafted premium full-grain leather formal dress shoes. Designed with premium quality materials by Reebok.,"shoes,formal,leather,oxford,office,reebok,footwear,pearl white",18-35,All,Pearl White,Compact,2026-04-10,https://images.unsplash.com/photo-1500000000173?auto=format&fit=crop&w=600&q=80,Active
PROD_00174,Adidas Waterproof Outdoor Hiking Boots - Rose Gold,Footwear,Running Shoes,Adidas,4760.0,10,4284.0,4.1,61,141,46.9,High-traction grip rugged all-terrain hiking shoes. Designed with premium quality materials by Adidas.,"boots,hiking,outdoor,adventure,shoes,adidas,footwear,rose gold",Teens & Youth,All,Rose Gold,Free Size,2025-09-01,https://images.unsplash.com/photo-1500000000174?auto=format&fit=crop&w=600&q=80,Active
PROD_00175,Clarks Genuine Leather Oxford Shoes,Footwear,Formal Shoes,Clarks,4580.0,20,3664.0,4.6,201,185,56.1,Handcrafted premium full-grain leather formal dress shoes. Designed with premium quality materials by Clarks.,"shoes,formal,leather,oxford,office,clarks,footwear,charcoal",18-35,All,Charcoal,L,2025-04-16,https://images.unsplash.com/photo-1500000000175?auto=format&fit=crop&w=600&q=80,Active
PROD_00176,Reebok Genuine Leather Oxford Shoes,Footwear,Formal Shoes,Reebok,7880.0,40,4728.0,4.0,49,106,50.1,Handcrafted premium full-grain leather formal dress shoes. Designed with premium quality materials by Reebok.,"shoes,formal,leather,oxford,office,reebok,footwear,silver",25-50,All,Silver,Max,2026-04-02,https://images.unsplash.com/photo-1500000000176?auto=format&fit=crop&w=600&q=80,Active
PROD_00177,Nike Genuine Leather Oxford Shoes - Crimson Red,Footwear,Formal Shoes,Nike,8870.0,35,5765.5,3.8,226,216,52.4,Handcrafted premium full-grain leather formal dress shoes. Designed with premium quality materials by Nike.,"shoes,formal,leather,oxford,office,nike,footwear,crimson red",25-50,All,Crimson Red,S,2025-01-31,https://images.unsplash.com/photo-1500000000177?auto=format&fit=crop&w=600&q=80,Active
PROD_00178,Adidas Genuine Leather Oxford Shoes,Footwear,Formal Shoes,Adidas,11860.0,15,10081.0,4.4,103,18,49.1,Handcrafted premium full-grain leather formal dress shoes. Designed with premium quality materials by Adidas.,"shoes,formal,leather,oxford,office,adidas,footwear,space gray",18-35,All,Space Gray,L,2025-09-25,https://images.unsplash.com/photo-1500000000178?auto=format&fit=crop&w=600&q=80,Active
PROD_00179,Nike Comfort Walking Slip-On Shoes - Pearl White,Footwear,Running Shoes,Nike,2890.0,35,1878.5,4.2,511,56,70.0,Orthopedic memory foam slip-on shoes for daily walking. Designed with premium quality materials by Nike.,"shoes,walking,comfort,slip-on,foam,nike,footwear,pearl white",Adults,All,Pearl White,Standard,2025-11-08,https://images.unsplash.com/photo-1500000000179?auto=format&fit=crop&w=600&q=80,Active
PROD_00180,Puma Genuine Leather Oxford Shoes,Footwear,Formal Shoes,Puma,9860.0,0,9860.0,4.8,41,49,53.8,Handcrafted premium full-grain leather formal dress shoes. Designed with premium quality materials by Puma.,"shoes,formal,leather,oxford,office,puma,footwear,midnight black",Adults,All,Midnight Black,S,2026-03-02,https://images.unsplash.com/photo-1500000000180?auto=format&fit=crop&w=600&q=80,Active
PROD_00181,Skechers Cushioned Running Shoes - Olive Green,Footwear,Running Shoes,Skechers,12540.0,20,10032.0,4.7,90,7,53.6,Breathable mesh lightweight running shoes with responsive foam. Designed with premium quality materials by Skechers.,"shoes,running,sports,fitness,cushion,skechers,footwear,olive green",18-35,All,Olive Green,Pro,2024-12-20,https://images.unsplash.com/photo-1500000000181?auto=format&fit=crop&w=600&q=80,Active
PROD_00182,Puma Cushioned Running Shoes - Crimson Red,Footwear,Running Shoes,Puma,11670.0,10,10503.0,4.7,36,124,51.2,Breathable mesh lightweight running shoes with responsive foam. Designed with premium quality materials by Puma.,"shoes,running,sports,fitness,cushion,puma,footwear,crimson red",Adults,All,Crimson Red,Pro,2026-05-06,https://images.unsplash.com/photo-1500000000182?auto=format&fit=crop&w=600&q=80,Active
PROD_00183,Adidas Genuine Leather Oxford Shoes,Footwear,Formal Shoes,Adidas,5040.0,20,4032.0,4.3,480,198,64.1,Handcrafted premium full-grain leather formal dress shoes. Designed with premium quality materials by Adidas.,"shoes,formal,leather,oxford,office,adidas,footwear,charcoal",18-35,All,Charcoal,XL,2024-12-12,https://images.unsplash.com/photo-1500000000183?auto=format&fit=crop&w=600&q=80,Active
PROD_00184,Skechers Comfort Walking Slip-On Shoes,Footwear,Running Shoes,Skechers,9030.0,10,8127.0,4.9,392,127,67.9,Orthopedic memory foam slip-on shoes for daily walking. Designed with premium quality materials by Skechers.,"shoes,walking,comfort,slip-on,foam,skechers,footwear,olive green",25-50,All,Olive Green,Max,2025-12-18,https://images.unsplash.com/photo-1500000000184?auto=format&fit=crop&w=600&q=80,Active
PROD_00185,Puma Cushioned Running Shoes - Olive Green,Footwear,Running Shoes,Puma,12450.0,20,9960.0,4.3,68,151,45.8,Breathable mesh lightweight running shoes with responsive foam. Designed with premium quality materials by Puma.,"shoes,running,sports,fitness,cushion,puma,footwear,olive green",Teens & Youth,All,Olive Green,L,2024-10-29,https://images.unsplash.com/photo-1500000000185?auto=format&fit=crop&w=600&q=80,Active
PROD_00186,Bata Genuine Leather Oxford Shoes - Navy Blue,Footwear,Formal Shoes,Bata,2920.0,40,1752.0,4.8,209,232,63.4,Handcrafted premium full-grain leather formal dress shoes. Designed with premium quality materials by Bata.,"shoes,formal,leather,oxford,office,bata,footwear,navy blue",All Ages,All,Navy Blue,Standard,2025-10-15,https://images.unsplash.com/photo-1500000000186?auto=format&fit=crop&w=600&q=80,Active
PROD_00187,Bata Cushioned Running Shoes,Footwear,Running Shoes,Bata,12490.0,35,8118.5,3.7,320,196,59.7,Breathable mesh lightweight running shoes with responsive foam. Designed with premium quality materials by Bata.,"shoes,running,sports,fitness,cushion,bata,footwear,crimson red",Adults,All,Crimson Red,Free Size,2025-08-12,https://images.unsplash.com/photo-1500000000187?auto=format&fit=crop&w=600&q=80,Active
PROD_00188,Bata Comfort Walking Slip-On Shoes - Rose Gold,Footwear,Running Shoes,Bata,10910.0,15,9273.5,4.5,160,157,60.1,Orthopedic memory foam slip-on shoes for daily walking. Designed with premium quality materials by Bata.,"shoes,walking,comfort,slip-on,foam,bata,footwear,rose gold",Adults,All,Rose Gold,Pro,2026-06-07,https://images.unsplash.com/photo-1500000000188?auto=format&fit=crop&w=600&q=80,Active
PROD_00189,Reebok Waterproof Outdoor Hiking Boots - Rose Gold,Footwear,Running Shoes,Reebok,2350.0,40,1410.0,4.8,150,56,59.7,High-traction grip rugged all-terrain hiking shoes. Designed with premium quality materials by Reebok.,"boots,hiking,outdoor,adventure,shoes,reebok,footwear,rose gold",All Ages,All,Rose Gold,Free Size,2026-03-29,https://images.unsplash.com/photo-1500000000189?auto=format&fit=crop&w=600&q=80,Active
PROD_00190,Puma Classic Low-Top Canvas Sneakers - Rose Gold,Footwear,Sneakers,Puma,9600.0,35,6240.0,3.6,64,135,43.0,Timeless casual streetwear sneakers with rubber sole. Designed with premium quality materials by Puma.,"sneakers,casual,streetwear,shoes,canvas,puma,footwear,rose gold",All Ages,All,Rose Gold,Pro,2026-07-04,https://images.unsplash.com/photo-1500000000190?auto=format&fit=crop&w=600&q=80,Active
PROD_00191,Adidas Comfort Walking Slip-On Shoes - Rose Gold,Footwear,Running Shoes,Adidas,7700.0,20,6160.0,4.5,32,106,48.8,Orthopedic memory foam slip-on shoes for daily walking. Designed with premium quality materials by Adidas.,"shoes,walking,comfort,slip-on,foam,adidas,footwear,rose gold",Teens & Youth,All,Rose Gold,Compact,2026-08-26,https://images.unsplash.com/photo-1500000000191?auto=format&fit=crop&w=600&q=80,Active
PROD_00192,Clarks Classic Low-Top Canvas Sneakers,Footwear,Sneakers,Clarks,1760.0,0,1760.0,4.8,424,22,74.8,Timeless casual streetwear sneakers with rubber sole. Designed with premium quality materials by Clarks.,"sneakers,casual,streetwear,shoes,canvas,clarks,footwear,space gray",Teens & Youth,All,Space Gray,Standard,2025-05-03,https://images.unsplash.com/photo-1500000000192?auto=format&fit=crop&w=600&q=80,Active
PROD_00193,Puma Cushioned Running Shoes - Olive Green,Footwear,Running Shoes,Puma,12740.0,30,8918.0,4.0,430,233,61.0,Breathable mesh lightweight running shoes with responsive foam. Designed with premium quality materials by Puma.,"shoes,running,sports,fitness,cushion,puma,footwear,olive green",18-35,All,Olive Green,M,2025-08-08,https://images.unsplash.com/photo-1500000000193?auto=format&fit=crop&w=600&q=80,Active
PROD_00194,Nike Comfort Walking Slip-On Shoes,Footwear,Running Shoes,Nike,12910.0,30,9037.0,4.2,195,191,59.6,Orthopedic memory foam slip-on shoes for daily walking. Designed with premium quality materials by Nike.,"shoes,walking,comfort,slip-on,foam,nike,footwear,rose gold",25-50,All,Rose Gold,M,2026-08-26,https://images.unsplash.com/photo-1500000000194?auto=format&fit=crop&w=600&q=80,Active
PROD_00195,Puma Cushioned Running Shoes - Charcoal,Footwear,Running Shoes,Puma,10880.0,15,9248.0,4.1,89,44,47.3,Breathable mesh lightweight running shoes with responsive foam. Designed with premium quality materials by Puma.,"shoes,running,sports,fitness,cushion,puma,footwear,charcoal",Teens & Youth,All,Charcoal,Max,2026-05-06,https://images.unsplash.com/photo-1500000000195?auto=format&fit=crop&w=600&q=80,Active
PROD_00196,Skechers Cushioned Running Shoes,Footwear,Running Shoes,Skechers,2210.0,0,2210.0,4.1,92,177,51.7,Breathable mesh lightweight running shoes with responsive foam. Designed with premium quality materials by Skechers.,"shoes,running,sports,fitness,cushion,skechers,footwear,olive green",18-35,All,Olive Green,Standard,2026-07-11,https://images.unsplash.com/photo-1500000000196?auto=format&fit=crop&w=600&q=80,Active
PROD_00197,Bata Classic Low-Top Canvas Sneakers,Footwear,Sneakers,Bata,3610.0,0,3610.0,3.7,248,79,49.3,Timeless casual streetwear sneakers with rubber sole. Designed with premium quality materials by Bata.,"sneakers,casual,streetwear,shoes,canvas,bata,footwear,midnight black",Teens & Youth,All,Midnight Black,Compact,2025-01-17,https://images.unsplash.com/photo-1500000000197?auto=format&fit=crop&w=600&q=80,Active
PROD_00198,Clarks Genuine Leather Oxford Shoes,Footwear,Formal Shoes,Clarks,2720.0,40,1632.0,3.8,424,81,57.7,Handcrafted premium full-grain leather formal dress shoes. Designed with premium quality materials by Clarks.,"shoes,formal,leather,oxford,office,clarks,footwear,classic beige",18-35,All,Classic Beige,Free Size,2025-02-05,https://images.unsplash.com/photo-1500000000198?auto=format&fit=crop&w=600&q=80,Active
PROD_00199,Bata Waterproof Outdoor Hiking Boots - Pearl White,Footwear,Running Shoes,Bata,12670.0,30,8869.0,4.6,407,86,69.2,High-traction grip rugged all-terrain hiking shoes. Designed with premium quality materials by Bata.,"boots,hiking,outdoor,adventure,shoes,bata,footwear,pearl white",Adults,All,Pearl White,Compact,2025-07-07,https://images.unsplash.com/photo-1500000000199?auto=format&fit=crop&w=600&q=80,Active
PROD_00200,Puma Classic Low-Top Canvas Sneakers - Olive Green,Footwear,Sneakers,Puma,11190.0,20,8952.0,4.7,287,41,66.5,Timeless casual streetwear sneakers with rubber sole. Designed with premium quality materials by Puma.,"sneakers,casual,streetwear,shoes,canvas,puma,footwear,olive green",Adults,All,Olive Green,M,2026-07-01,https://images.unsplash.com/photo-1500000000200?auto=format&fit=crop&w=600&q=80,Active
PROD_00201,Reebok Waterproof Outdoor Hiking Boots,Footwear,Running Shoes,Reebok,3910.0,15,3323.5,4.0,199,25,57.2,High-traction grip rugged all-terrain hiking shoes. Designed with premium quality materials by Reebok.,"boots,hiking,outdoor,adventure,shoes,reebok,footwear,olive green",Adults,All,Olive Green,Max,2025-08-15,https://images.unsplash.com/photo-1500000000201?auto=format&fit=crop&w=600&q=80,Active
PROD_00202,Clarks Cushioned Running Shoes,Footwear,Running Shoes,Clarks,8260.0,0,8260.0,4.7,30,53,56.2,Breathable mesh lightweight running shoes with responsive foam. Designed with premium quality materials by Clarks.,"shoes,running,sports,fitness,cushion,clarks,footwear,navy blue",25-50,All,Navy Blue,Standard,2025-01-05,https://images.unsplash.com/photo-1500000000202?auto=format&fit=crop&w=600&q=80,Active
PROD_00203,Adidas Waterproof Outdoor Hiking Boots,Footwear,Running Shoes,Adidas,11910.0,15,10123.5,4.8,46,194,51.0,High-traction grip rugged all-terrain hiking shoes. Designed with premium quality materials by Adidas.,"boots,hiking,outdoor,adventure,shoes,adidas,footwear,charcoal",25-50,All,Charcoal,L,2025-04-26,https://images.unsplash.com/photo-1500000000203?auto=format&fit=crop&w=600&q=80,Active
PROD_00204,Bata Classic Low-Top Canvas Sneakers - Classic Beige,Footwear,Sneakers,Bata,7620.0,20,6096.0,4.0,426,141,63.5,Timeless casual streetwear sneakers with rubber sole. Designed with premium quality materials by Bata.,"sneakers,casual,streetwear,shoes,canvas,bata,footwear,classic beige",Teens & Youth,All,Classic Beige,L,2025-10-18,https://images.unsplash.com/photo-1500000000204?auto=format&fit=crop&w=600&q=80,Active
PROD_00205,Puma Genuine Leather Oxford Shoes,Footwear,Formal Shoes,Puma,12770.0,35,8300.5,4.6,182,86,62.4,Handcrafted premium full-grain leather formal dress shoes. Designed with premium quality materials by Puma.,"shoes,formal,leather,oxford,office,puma,footwear,rose gold",Teens & Youth,All,Rose Gold,Pro,2025-08-15,https://images.unsplash.com/photo-1500000000205?auto=format&fit=crop&w=600&q=80,Active
PROD_00206,Reebok Genuine Leather Oxford Shoes,Footwear,Formal Shoes,Reebok,7640.0,50,3820.0,4.3,16,111,46.6,Handcrafted premium full-grain leather formal dress shoes. Designed with premium quality materials by Reebok.,"shoes,formal,leather,oxford,office,reebok,footwear,midnight black",18-35,All,Midnight Black,L,2026-02-10,https://images.unsplash.com/photo-1500000000206?auto=format&fit=crop&w=600&q=80,Active
PROD_00207,Adidas Genuine Leather Oxford Shoes - Olive Green,Footwear,Formal Shoes,Adidas,12320.0,25,9240.0,3.9,34,215,45.2,Handcrafted premium full-grain leather formal dress shoes. Designed with premium quality materials by Adidas.,"shoes,formal,leather,oxford,office,adidas,footwear,olive green",Teens & Youth,All,Olive Green,L,2024-11-10,https://images.unsplash.com/photo-1500000000207?auto=format&fit=crop&w=600&q=80,Active
PROD_00208,Reebok Comfort Walking Slip-On Shoes,Footwear,Running Shoes,Reebok,7560.0,10,6804.0,4.8,211,143,66.3,Orthopedic memory foam slip-on shoes for daily walking. Designed with premium quality materials by Reebok.,"shoes,walking,comfort,slip-on,foam,reebok,footwear,pearl white",18-35,All,Pearl White,Free Size,2026-06-30,https://images.unsplash.com/photo-1500000000208?auto=format&fit=crop&w=600&q=80,Active
PROD_00209,Nike Waterproof Outdoor Hiking Boots - Space Gray,Footwear,Running Shoes,Nike,11110.0,15,9443.5,3.6,15,43,36.7,High-traction grip rugged all-terrain hiking shoes. Designed with premium quality materials by Nike.,"boots,hiking,outdoor,adventure,shoes,nike,footwear,space gray",All Ages,All,Space Gray,Standard,2025-03-30,https://images.unsplash.com/photo-1500000000209?auto=format&fit=crop&w=600&q=80,Active
PROD_00210,Puma Comfort Walking Slip-On Shoes,Footwear,Running Shoes,Puma,7390.0,30,5173.0,3.5,46,140,44.1,Orthopedic memory foam slip-on shoes for daily walking. Designed with premium quality materials by Puma.,"shoes,walking,comfort,slip-on,foam,puma,footwear,midnight black",Teens & Youth,All,Midnight Black,Pro,2025-02-27,https://images.unsplash.com/photo-1500000000210?auto=format&fit=crop&w=600&q=80,Active
PROD_00211,L'Oreal Matte Liquid Longwear Foundation - Rose Gold,Beauty,Makeup,L'Oreal,4120.0,5,3914.0,4.8,158,139,55.8,24-hour oil-free flawless coverage lightweight foundation. Designed with premium quality materials by L'Oreal.,"makeup,foundation,matte,cosmetics,beauty,l'oreal,beauty,rose gold",Teens & Youth,Women,Rose Gold,Standard,2026-02-14,https://images.unsplash.com/photo-1500000000211?auto=format&fit=crop&w=600&q=80,Active
PROD_00212,Nivea Luxury Eau De Parfum 100ml,Beauty,Fragrances,Nivea,4330.0,35,2814.5,4.3,226,183,54.3,Long-lasting woody aromatic fragrance with amber and citrus notes. Designed with premium quality materials by Nivea.,"perfume,fragrance,scent,edp,luxury,nivea,beauty,crimson red",Teens & Youth,Men,Crimson Red,256GB,2024-09-28,https://images.unsplash.com/photo-1500000000212?auto=format&fit=crop&w=600&q=80,Active
PROD_00213,Minimalist Hydrating Hyaluronic Acid Serum,Beauty,Skincare,Minimalist,2300.0,0,2300.0,4.5,204,26,58.2,Deep moisture replenishing serum for glowing radiant skin. Designed with premium quality materials by Minimalist.,"serum,skincare,hyaluronic,hydration,glow,minimalist,beauty,midnight black",Teens & Youth,Men,Midnight Black,Default,2025-06-11,https://images.unsplash.com/photo-1500000000213?auto=format&fit=crop&w=600&q=80,Active
PROD_00214,Neutrogena Matte Velvet Long-Stay Lipstick,Beauty,Makeup,Neutrogena,4090.0,50,2045.0,4.2,60,16,53.6,Non-drying smudge-proof intensely pigmented lipstick. Designed with premium quality materials by Neutrogena.,"lipstick,makeup,matte,beauty,lips,neutrogena,beauty,classic beige",All Ages,Women,Classic Beige,Default,2024-09-28,https://images.unsplash.com/photo-1500000000214?auto=format&fit=crop&w=600&q=80,Active
PROD_00215,Nivea Matte Liquid Longwear Foundation - Classic Beige,Beauty,Makeup,Nivea,1620.0,15,1377.0,4.3,239,197,60.8,24-hour oil-free flawless coverage lightweight foundation. Designed with premium quality materials by Nivea.,"makeup,foundation,matte,cosmetics,beauty,nivea,beauty,classic beige",18-35,Unisex,Classic Beige,Standard,2025-07-18,https://images.unsplash.com/photo-1500000000215?auto=format&fit=crop&w=600&q=80,Active
PROD_00216,Neutrogena Hydrating Hyaluronic Acid Serum - Pearl White,Beauty,Skincare,Neutrogena,1930.0,40,1158.0,4.0,63,198,49.9,Deep moisture replenishing serum for glowing radiant skin. Designed with premium quality materials by Neutrogena.,"serum,skincare,hyaluronic,hydration,glow,neutrogena,beauty,pearl white",Adults,Unisex,Pearl White,16GB RAM,2024-09-23,https://images.unsplash.com/photo-1500000000216?auto=format&fit=crop&w=600&q=80,Active
PROD_00217,L'Oreal Matte Velvet Long-Stay Lipstick,Beauty,Makeup,L'Oreal,1270.0,5,1206.5,4.0,85,201,49.5,Non-drying smudge-proof intensely pigmented lipstick. Designed with premium quality materials by L'Oreal.,"lipstick,makeup,matte,beauty,lips,l'oreal,beauty,rose gold",All Ages,Men,Rose Gold,Standard,2024-12-28,https://images.unsplash.com/photo-1500000000217?auto=format&fit=crop&w=600&q=80,Active
PROD_00218,Neutrogena Keratin Smoothing Hair Mask - Midnight Black,Beauty,Haircare,Neutrogena,1790.0,30,1253.0,4.1,262,179,57.3,Intensive repair mask for dry frizzy and damaged hair. Designed with premium quality materials by Neutrogena.,"haircare,mask,keratin,repair,smooth,neutrogena,beauty,midnight black",Teens & Youth,Men,Midnight Black,Standard,2025-08-05,https://images.unsplash.com/photo-1500000000218?auto=format&fit=crop&w=600&q=80,Active
PROD_00219,Nivea Hydrating Hyaluronic Acid Serum,Beauty,Skincare,Nivea,950.0,10,855.0,4.5,203,86,56.7,Deep moisture replenishing serum for glowing radiant skin. Designed with premium quality materials by Nivea.,"serum,skincare,hyaluronic,hydration,glow,nivea,beauty,crimson red",All Ages,Women,Crimson Red,128GB,2026-05-28,https://images.unsplash.com/photo-1500000000219?auto=format&fit=crop&w=600&q=80,Active
PROD_00220,Neutrogena Hydrating Hyaluronic Acid Serum,Beauty,Skincare,Neutrogena,1090.0,35,708.5,4.3,355,136,61.3,Deep moisture replenishing serum for glowing radiant skin. Designed with premium quality materials by Neutrogena.,"serum,skincare,hyaluronic,hydration,glow,neutrogena,beauty,charcoal",All Ages,Men,Charcoal,256GB,2026-08-03,https://images.unsplash.com/photo-1500000000220?auto=format&fit=crop&w=600&q=80,Active
PROD_00221,Neutrogena Hydrating Hyaluronic Acid Serum - Rose Gold,Beauty,Skincare,Neutrogena,3930.0,0,3930.0,3.9,207,104,55.1,Deep moisture replenishing serum for glowing radiant skin. Designed with premium quality materials by Neutrogena.,"serum,skincare,hyaluronic,hydration,glow,neutrogena,beauty,rose gold",Adults,Women,Rose Gold,Default,2025-02-03,https://images.unsplash.com/photo-1500000000221?auto=format&fit=crop&w=600&q=80,Active
PROD_00222,Nivea Vitamin C Brightening Facial Cleanser,Beauty,Skincare,Nivea,1430.0,20,1144.0,4.2,166,21,50.3,Gentle foaming antioxidant face wash for clear complexion. Designed with premium quality materials by Nivea.,"face wash,cleanser,vitamin c,brightening,skin,nivea,beauty,rose gold",Teens & Youth,Women,Rose Gold,128GB,2025-11-20,https://images.unsplash.com/photo-1500000000222?auto=format&fit=crop&w=600&q=80,Active
PROD_00223,Neutrogena Keratin Smoothing Hair Mask - Charcoal,Beauty,Haircare,Neutrogena,3330.0,35,2164.5,4.3,32,55,48.9,Intensive repair mask for dry frizzy and damaged hair. Designed with premium quality materials by Neutrogena.,"haircare,mask,keratin,repair,smooth,neutrogena,beauty,charcoal",25-50,Men,Charcoal,Default,2026-04-13,https://images.unsplash.com/photo-1500000000223?auto=format&fit=crop&w=600&q=80,Active
PROD_00224,L'Oreal Matte Liquid Longwear Foundation - Olive Green,Beauty,Makeup,L'Oreal,1680.0,25,1260.0,4.1,97,215,53.5,24-hour oil-free flawless coverage lightweight foundation. Designed with premium quality materials by L'Oreal.,"makeup,foundation,matte,cosmetics,beauty,l'oreal,beauty,olive green",Teens & Youth,Women,Olive Green,256GB,2024-12-29,https://images.unsplash.com/photo-1500000000224?auto=format&fit=crop&w=600&q=80,Active
PROD_00225,Neutrogena Vitamin C Brightening Facial Cleanser - Silver,Beauty,Skincare,Neutrogena,1050.0,30,735.0,4.9,70,79,59.1,Gentle foaming antioxidant face wash for clear complexion. Designed with premium quality materials by Neutrogena.,"face wash,cleanser,vitamin c,brightening,skin,neutrogena,beauty,silver",18-35,Women,Silver,16GB RAM,2024-11-19,https://images.unsplash.com/photo-1500000000225?auto=format&fit=crop&w=600&q=80,Active
PROD_00226,Nivea Keratin Smoothing Hair Mask - Navy Blue,Beauty,Haircare,Nivea,1950.0,5,1852.5,4.8,65,56,56.5,Intensive repair mask for dry frizzy and damaged hair. Designed with premium quality materials by Nivea.,"haircare,mask,keratin,repair,smooth,nivea,beauty,navy blue",25-50,Men,Navy Blue,256GB,2025-02-17,https://images.unsplash.com/photo-1500000000226?auto=format&fit=crop&w=600&q=80,Active
PROD_00227,Minimalist Vitamin C Brightening Facial Cleanser - Rose Gold,Beauty,Skincare,Minimalist,1180.0,20,944.0,4.7,665,22,81.8,Gentle foaming antioxidant face wash for clear complexion. Designed with premium quality materials by Minimalist.,"face wash,cleanser,vitamin c,brightening,skin,minimalist,beauty,rose gold",Teens & Youth,Women,Rose Gold,Default,2025-07-07,https://images.unsplash.com/photo-1500000000227?auto=format&fit=crop&w=600&q=80,Active
PROD_00228,The Ordinary Matte Velvet Long-Stay Lipstick,Beauty,Makeup,The Ordinary,950.0,30,665.0,4.6,104,23,54.7,Non-drying smudge-proof intensely pigmented lipstick. Designed with premium quality materials by The Ordinary.,"lipstick,makeup,matte,beauty,lips,the ordinary,beauty,pearl white",18-35,Men,Pearl White,Standard,2024-12-25,https://images.unsplash.com/photo-1500000000228?auto=format&fit=crop&w=600&q=80,Active
PROD_00229,Nivea Keratin Smoothing Hair Mask - Olive Green,Beauty,Haircare,Nivea,3620.0,25,2715.0,4.5,415,212,67.0,Intensive repair mask for dry frizzy and damaged hair. Designed with premium quality materials by Nivea.,"haircare,mask,keratin,repair,smooth,nivea,beauty,olive green",Teens & Youth,Women,Olive Green,16GB RAM,2024-11-14,https://images.unsplash.com/photo-1500000000229?auto=format&fit=crop&w=600&q=80,Active
PROD_00230,L'Oreal Hydrating Hyaluronic Acid Serum,Beauty,Skincare,L'Oreal,2870.0,50,1435.0,4.9,194,178,63.2,Deep moisture replenishing serum for glowing radiant skin. Designed with premium quality materials by L'Oreal.,"serum,skincare,hyaluronic,hydration,glow,l'oreal,beauty,navy blue",25-50,Women,Navy Blue,Standard,2025-09-24,https://images.unsplash.com/photo-1500000000230?auto=format&fit=crop&w=600&q=80,Active
PROD_00231,L'Oreal Keratin Smoothing Hair Mask - Midnight Black,Beauty,Haircare,L'Oreal,2480.0,50,1240.0,4.5,300,61,61.5,Intensive repair mask for dry frizzy and damaged hair. Designed with premium quality materials by L'Oreal.,"haircare,mask,keratin,repair,smooth,l'oreal,beauty,midnight black",18-35,Men,Midnight Black,Default,2025-07-25,https://images.unsplash.com/photo-1500000000231?auto=format&fit=crop&w=600&q=80,Active
PROD_00232,Minimalist Keratin Smoothing Hair Mask,Beauty,Haircare,Minimalist,400.0,5,380.0,3.9,140,240,54.2,Intensive repair mask for dry frizzy and damaged hair. Designed with premium quality materials by Minimalist.,"haircare,mask,keratin,repair,smooth,minimalist,beauty,classic beige",18-35,Women,Classic Beige,Standard,2026-05-03,https://images.unsplash.com/photo-1500000000232?auto=format&fit=crop&w=600&q=80,Active
PROD_00233,Maybelline Matte Velvet Long-Stay Lipstick - Silver,Beauty,Makeup,Maybelline,2490.0,25,1867.5,4.2,169,117,56.0,Non-drying smudge-proof intensely pigmented lipstick. Designed with premium quality materials by Maybelline.,"lipstick,makeup,matte,beauty,lips,maybelline,beauty,silver",Teens & Youth,Men,Silver,256GB,2025-05-23,https://images.unsplash.com/photo-1500000000233?auto=format&fit=crop&w=600&q=80,Active
PROD_00234,L'Oreal Matte Liquid Longwear Foundation,Beauty,Makeup,L'Oreal,1740.0,5,1653.0,4.4,137,47,58.8,24-hour oil-free flawless coverage lightweight foundation. Designed with premium quality materials by L'Oreal.,"makeup,foundation,matte,cosmetics,beauty,l'oreal,beauty,crimson red",All Ages,Women,Crimson Red,Default,2025-12-23,https://images.unsplash.com/photo-1500000000234?auto=format&fit=crop&w=600&q=80,Active
PROD_00235,Maybelline Luxury Eau De Parfum 100ml - Rose Gold,Beauty,Fragrances,Maybelline,2240.0,30,1568.0,4.4,54,52,52.6,Long-lasting woody aromatic fragrance with amber and citrus notes. Designed with premium quality materials by Maybelline.,"perfume,fragrance,scent,edp,luxury,maybelline,beauty,rose gold",Adults,Men,Rose Gold,128GB,2025-06-13,https://images.unsplash.com/photo-1500000000235?auto=format&fit=crop&w=600&q=80,Active
PROD_00236,L'Oreal Keratin Smoothing Hair Mask - Classic Beige,Beauty,Haircare,L'Oreal,320.0,15,272.0,3.8,245,197,54.8,Intensive repair mask for dry frizzy and damaged hair. Designed with premium quality materials by L'Oreal.,"haircare,mask,keratin,repair,smooth,l'oreal,beauty,classic beige",Adults,Men,Classic Beige,128GB,2026-06-26,https://images.unsplash.com/photo-1500000000236?auto=format&fit=crop&w=600&q=80,Active
PROD_00237,L'Oreal Luxury Eau De Parfum 100ml,Beauty,Fragrances,L'Oreal,780.0,35,507.0,4.2,74,168,48.1,Long-lasting woody aromatic fragrance with amber and citrus notes. Designed with premium quality materials by L'Oreal.,"perfume,fragrance,scent,edp,luxury,l'oreal,beauty,rose gold",25-50,Men,Rose Gold,128GB,2025-07-28,https://images.unsplash.com/photo-1500000000237?auto=format&fit=crop&w=600&q=80,Active
PROD_00238,The Ordinary Luxury Eau De Parfum 100ml - Classic Beige,Beauty,Fragrances,The Ordinary,2890.0,20,2312.0,4.8,19,156,49.6,Long-lasting woody aromatic fragrance with amber and citrus notes. Designed with premium quality materials by The Ordinary.,"perfume,fragrance,scent,edp,luxury,the ordinary,beauty,classic beige",25-50,Men,Classic Beige,Default,2026-04-14,https://images.unsplash.com/photo-1500000000238?auto=format&fit=crop&w=600&q=80,Active
PROD_00239,L'Oreal Matte Liquid Longwear Foundation,Beauty,Makeup,L'Oreal,890.0,30,623.0,4.1,201,40,54.8,24-hour oil-free flawless coverage lightweight foundation. Designed with premium quality materials by L'Oreal.,"makeup,foundation,matte,cosmetics,beauty,l'oreal,beauty,navy blue",18-35,Unisex,Navy Blue,256GB,2025-06-22,https://images.unsplash.com/photo-1500000000239?auto=format&fit=crop&w=600&q=80,Active
PROD_00240,The Ordinary Vitamin C Brightening Facial Cleanser - Rose Gold,Beauty,Skincare,The Ordinary,2360.0,10,2124.0,3.8,50,220,44.5,Gentle foaming antioxidant face wash for clear complexion. Designed with premium quality materials by The Ordinary.,"face wash,cleanser,vitamin c,brightening,skin,the ordinary,beauty,rose gold",18-35,Women,Rose Gold,Standard,2026-07-06,https://images.unsplash.com/photo-1500000000240?auto=format&fit=crop&w=600&q=80,Active
PROD_00241,L'Oreal Matte Liquid Longwear Foundation - Charcoal,Beauty,Makeup,L'Oreal,2420.0,35,1573.0,4.1,522,130,66.0,24-hour oil-free flawless coverage lightweight foundation. Designed with premium quality materials by L'Oreal.,"makeup,foundation,matte,cosmetics,beauty,l'oreal,beauty,charcoal",Teens & Youth,Unisex,Charcoal,128GB,2025-06-01,https://images.unsplash.com/photo-1500000000241?auto=format&fit=crop&w=600&q=80,Active
PROD_00242,Maybelline Keratin Smoothing Hair Mask,Beauty,Haircare,Maybelline,1450.0,40,870.0,3.9,568,204,66.3,Intensive repair mask for dry frizzy and damaged hair. Designed with premium quality materials by Maybelline.,"haircare,mask,keratin,repair,smooth,maybelline,beauty,space gray",18-35,Unisex,Space Gray,16GB RAM,2025-04-09,https://images.unsplash.com/photo-1500000000242?auto=format&fit=crop&w=600&q=80,Active
PROD_00243,Nivea Luxury Eau De Parfum 100ml - Space Gray,Beauty,Fragrances,Nivea,3760.0,25,2820.0,4.3,458,198,61.7,Long-lasting woody aromatic fragrance with amber and citrus notes. Designed with premium quality materials by Nivea.,"perfume,fragrance,scent,edp,luxury,nivea,beauty,space gray",25-50,Unisex,Space Gray,16GB RAM,2025-06-04,https://images.unsplash.com/photo-1500000000243?auto=format&fit=crop&w=600&q=80,Active
PROD_00244,Maybelline Luxury Eau De Parfum 100ml,Beauty,Fragrances,Maybelline,4500.0,35,2925.0,3.9,98,225,51.1,Long-lasting woody aromatic fragrance with amber and citrus notes. Designed with premium quality materials by Maybelline.,"perfume,fragrance,scent,edp,luxury,maybelline,beauty,olive green",18-35,Women,Olive Green,Default,2025-06-06,https://images.unsplash.com/photo-1500000000244?auto=format&fit=crop&w=600&q=80,Active
PROD_00245,Maybelline Hydrating Hyaluronic Acid Serum - Navy Blue,Beauty,Skincare,Maybelline,2860.0,30,2002.0,3.7,17,40,45.5,Deep moisture replenishing serum for glowing radiant skin. Designed with premium quality materials by Maybelline.,"serum,skincare,hyaluronic,hydration,glow,maybelline,beauty,navy blue",25-50,Women,Navy Blue,Standard,2026-01-30,https://images.unsplash.com/photo-1500000000245?auto=format&fit=crop&w=600&q=80,Active
PROD_00246,Nivea Hydrating Hyaluronic Acid Serum - Silver,Beauty,Skincare,Nivea,1660.0,20,1328.0,3.9,489,73,68.1,Deep moisture replenishing serum for glowing radiant skin. Designed with premium quality materials by Nivea.,"serum,skincare,hyaluronic,hydration,glow,nivea,beauty,silver",Adults,Men,Silver,16GB RAM,2025-03-21,https://images.unsplash.com/photo-1500000000246?auto=format&fit=crop&w=600&q=80,Active
PROD_00247,L'Oreal Matte Velvet Long-Stay Lipstick - Pearl White,Beauty,Makeup,L'Oreal,830.0,10,747.0,3.8,115,187,45.8,Non-drying smudge-proof intensely pigmented lipstick. Designed with premium quality materials by L'Oreal.,"lipstick,makeup,matte,beauty,lips,l'oreal,beauty,pearl white",25-50,Unisex,Pearl White,512GB,2025-12-19,https://images.unsplash.com/photo-1500000000247?auto=format&fit=crop&w=600&q=80,Active
PROD_00248,The Ordinary Matte Velvet Long-Stay Lipstick - Charcoal,Beauty,Makeup,The Ordinary,1880.0,5,1786.0,4.4,627,230,76.8,Non-drying smudge-proof intensely pigmented lipstick. Designed with premium quality materials by The Ordinary.,"lipstick,makeup,matte,beauty,lips,the ordinary,beauty,charcoal",25-50,Women,Charcoal,128GB,2025-07-13,https://images.unsplash.com/photo-1500000000248?auto=format&fit=crop&w=600&q=80,Active
PROD_00249,Minimalist Luxury Eau De Parfum 100ml - Crimson Red,Beauty,Fragrances,Minimalist,1670.0,0,1670.0,4.7,611,221,78.8,Long-lasting woody aromatic fragrance with amber and citrus notes. Designed with premium quality materials by Minimalist.,"perfume,fragrance,scent,edp,luxury,minimalist,beauty,crimson red",Teens & Youth,Men,Crimson Red,Standard,2025-05-17,https://images.unsplash.com/photo-1500000000249?auto=format&fit=crop&w=600&q=80,Active
PROD_00250,Minimalist Matte Velvet Long-Stay Lipstick,Beauty,Makeup,Minimalist,2100.0,15,1785.0,4.2,360,87,64.7,Non-drying smudge-proof intensely pigmented lipstick. Designed with premium quality materials by Minimalist.,"lipstick,makeup,matte,beauty,lips,minimalist,beauty,silver",Teens & Youth,Women,Silver,Default,2025-09-18,https://images.unsplash.com/photo-1500000000250?auto=format&fit=crop&w=600&q=80,Active
PROD_00251,Nivea Luxury Eau De Parfum 100ml - Pearl White,Beauty,Fragrances,Nivea,3500.0,0,3500.0,3.6,77,205,47.4,Long-lasting woody aromatic fragrance with amber and citrus notes. Designed with premium quality materials by Nivea.,"perfume,fragrance,scent,edp,luxury,nivea,beauty,pearl white",25-50,Men,Pearl White,16GB RAM,2026-08-13,https://images.unsplash.com/photo-1500000000251?auto=format&fit=crop&w=600&q=80,Active
PROD_00252,Maybelline Hydrating Hyaluronic Acid Serum,Beauty,Skincare,Maybelline,3190.0,10,2871.0,4.7,102,82,52.7,Deep moisture replenishing serum for glowing radiant skin. Designed with premium quality materials by Maybelline.,"serum,skincare,hyaluronic,hydration,glow,maybelline,beauty,charcoal",Teens & Youth,Unisex,Charcoal,512GB,2025-11-22,https://images.unsplash.com/photo-1500000000252?auto=format&fit=crop&w=600&q=80,Active
PROD_00253,Solimo 100% Cotton 300TC Double Bed Sheet,Home,Bedding,Solimo,9080.0,10,8172.0,3.6,357,165,53.3,Super soft breathable bedsheet set with two matching pillow covers. Designed with premium quality materials by Solimo.,"bedsheet,bedding,cotton,home,decor,solimo,home,silver",All Ages,All,Silver,256GB,2024-09-12,https://images.unsplash.com/photo-1500000000253?auto=format&fit=crop&w=600&q=80,Active
PROD_00254,Philips Smart LED Color Ambient Bulb,Home,Lighting,Philips,4980.0,10,4482.0,4.3,83,137,53.1,App and voice controlled dimmable 16 million colors bulb. Designed with premium quality materials by Philips.,"lighting,smart bulb,led,home,philips,philips,home,space gray",All Ages,All,Space Gray,Standard,2026-08-20,https://images.unsplash.com/photo-1500000000254?auto=format&fit=crop&w=600&q=80,Active
PROD_00255,Solimo 100% Cotton 300TC Double Bed Sheet - Silver,Home,Bedding,Solimo,4980.0,15,4233.0,4.0,48,192,50.0,Super soft breathable bedsheet set with two matching pillow covers. Designed with premium quality materials by Solimo.,"bedsheet,bedding,cotton,home,decor,solimo,home,silver",Teens & Youth,All,Silver,Default,2026-05-16,https://images.unsplash.com/photo-1500000000255?auto=format&fit=crop&w=600&q=80,Active
PROD_00256,D'Decor Velvet Touch Blackout Window Curtains - Crimson Red,Home,Decor,D'Decor,7630.0,10,6867.0,4.4,161,178,51.9,Thermal insulated light blocking curtains for living room and bedroom. Designed with premium quality materials by D'Decor.,"curtains,decor,blackout,home,window,d'decor,home,crimson red",Teens & Youth,All,Crimson Red,128GB,2025-03-04,https://images.unsplash.com/photo-1500000000256?auto=format&fit=crop&w=600&q=80,Active
PROD_00257,IKEA Handwoven Boho Area Rug - Classic Beige,Home,Decor,IKEA,7330.0,10,6597.0,4.8,510,162,75.3,Intricate geometric pattern durable jute and cotton floor rug. Designed with premium quality materials by IKEA.,"rug,carpet,decor,floor,boho,ikea,home,classic beige",18-35,All,Classic Beige,Standard,2026-01-19,https://images.unsplash.com/photo-1500000000257?auto=format&fit=crop&w=600&q=80,Active
PROD_00258,IKEA 100% Cotton 300TC Double Bed Sheet - Pearl White,Home,Bedding,IKEA,3770.0,30,2639.0,3.9,229,40,50.6,Super soft breathable bedsheet set with two matching pillow covers. Designed with premium quality materials by IKEA.,"bedsheet,bedding,cotton,home,decor,ikea,home,pearl white",Adults,All,Pearl White,Default,2024-11-07,https://images.unsplash.com/photo-1500000000258?auto=format&fit=crop&w=600&q=80,Active
PROD_00259,Spaces 100% Cotton 300TC Double Bed Sheet - Rose Gold,Home,Bedding,Spaces,3130.0,0,3130.0,4.7,166,173,62.4,Super soft breathable bedsheet set with two matching pillow covers. Designed with premium quality materials by Spaces.,"bedsheet,bedding,cotton,home,decor,spaces,home,rose gold",Adults,All,Rose Gold,16GB RAM,2026-01-31,https://images.unsplash.com/photo-1500000000259?auto=format&fit=crop&w=600&q=80,Active
PROD_00260,Home Centre Handwoven Boho Area Rug,Home,Decor,Home Centre,920.0,15,782.0,4.2,33,33,45.7,Intricate geometric pattern durable jute and cotton floor rug. Designed with premium quality materials by Home Centre.,"rug,carpet,decor,floor,boho,home centre,home,rose gold",Teens & Youth,All,Rose Gold,128GB,2024-11-14,https://images.unsplash.com/photo-1500000000260?auto=format&fit=crop&w=600&q=80,Active
PROD_00261,IKEA Handwoven Boho Area Rug - Rose Gold,Home,Decor,IKEA,1670.0,50,835.0,4.1,186,144,55.3,Intricate geometric pattern durable jute and cotton floor rug. Designed with premium quality materials by IKEA.,"rug,carpet,decor,floor,boho,ikea,home,rose gold",25-50,All,Rose Gold,Default,2025-05-04,https://images.unsplash.com/photo-1500000000261?auto=format&fit=crop&w=600&q=80,Active
PROD_00262,IKEA 100% Cotton 300TC Double Bed Sheet,Home,Bedding,IKEA,780.0,0,780.0,4.8,844,106,86.8,Super soft breathable bedsheet set with two matching pillow covers. Designed with premium quality materials by IKEA.,"bedsheet,bedding,cotton,home,decor,ikea,home,classic beige",All Ages,All,Classic Beige,Default,2024-11-24,https://images.unsplash.com/photo-1500000000262?auto=format&fit=crop&w=600&q=80,Active
PROD_00263,Philips Handwoven Boho Area Rug,Home,Decor,Philips,5550.0,50,2775.0,3.7,42,26,41.8,Intricate geometric pattern durable jute and cotton floor rug. Designed with premium quality materials by Philips.,"rug,carpet,decor,floor,boho,philips,home,olive green",Teens & Youth,All,Olive Green,Standard,2025-03-24,https://images.unsplash.com/photo-1500000000263?auto=format&fit=crop&w=600&q=80,Active
PROD_00264,Spaces Smart LED Color Ambient Bulb - Rose Gold,Home,Lighting,Spaces,7730.0,5,7343.5,3.9,146,116,52.1,App and voice controlled dimmable 16 million colors bulb. Designed with premium quality materials by Spaces.,"lighting,smart bulb,led,home,philips,spaces,home,rose gold",Teens & Youth,All,Rose Gold,256GB,2025-12-28,https://images.unsplash.com/photo-1500000000264?auto=format&fit=crop&w=600&q=80,Active
PROD_00265,Spaces 100% Cotton 300TC Double Bed Sheet - Space Gray,Home,Bedding,Spaces,6240.0,20,4992.0,4.4,392,173,67.1,Super soft breathable bedsheet set with two matching pillow covers. Designed with premium quality materials by Spaces.,"bedsheet,bedding,cotton,home,decor,spaces,home,space gray",All Ages,All,Space Gray,512GB,2026-04-29,https://images.unsplash.com/photo-1500000000265?auto=format&fit=crop&w=600&q=80,Active
PROD_00266,Solimo 100% Cotton 300TC Double Bed Sheet,Home,Bedding,Solimo,9550.0,40,5730.0,4.2,258,215,59.5,Super soft breathable bedsheet set with two matching pillow covers. Designed with premium quality materials by Solimo.,"bedsheet,bedding,cotton,home,decor,solimo,home,pearl white",All Ages,All,Pearl White,Standard,2026-03-12,https://images.unsplash.com/photo-1500000000266?auto=format&fit=crop&w=600&q=80,Active
PROD_00267,Spaces Velvet Touch Blackout Window Curtains - Crimson Red,Home,Decor,Spaces,680.0,30,476.0,3.9,229,21,50.8,Thermal insulated light blocking curtains for living room and bedroom. Designed with premium quality materials by Spaces.,"curtains,decor,blackout,home,window,spaces,home,crimson red",All Ages,All,Crimson Red,Standard,2025-01-16,https://images.unsplash.com/photo-1500000000267?auto=format&fit=crop&w=600&q=80,Active
PROD_00268,Philips 100% Cotton 300TC Double Bed Sheet,Home,Bedding,Philips,8650.0,10,7785.0,4.0,233,70,57.1,Super soft breathable bedsheet set with two matching pillow covers. Designed with premium quality materials by Philips.,"bedsheet,bedding,cotton,home,decor,philips,home,charcoal",25-50,All,Charcoal,16GB RAM,2025-01-19,https://images.unsplash.com/photo-1500000000268?auto=format&fit=crop&w=600&q=80,Active
PROD_00269,Spaces 100% Cotton 300TC Double Bed Sheet - Rose Gold,Home,Bedding,Spaces,520.0,0,520.0,4.2,95,103,55.0,Super soft breathable bedsheet set with two matching pillow covers. Designed with premium quality materials by Spaces.,"bedsheet,bedding,cotton,home,decor,spaces,home,rose gold",All Ages,All,Rose Gold,Default,2026-02-27,https://images.unsplash.com/photo-1500000000269?auto=format&fit=crop&w=600&q=80,Active
PROD_00270,Home Centre 100% Cotton 300TC Double Bed Sheet,Home,Bedding,Home Centre,9190.0,25,6892.5,3.9,77,24,47.8,Super soft breathable bedsheet set with two matching pillow covers. Designed with premium quality materials by Home Centre.,"bedsheet,bedding,cotton,home,decor,home centre,home,olive green",25-50,All,Olive Green,128GB,2026-04-29,https://images.unsplash.com/photo-1500000000270?auto=format&fit=crop&w=600&q=80,Active
PROD_00271,Solimo Handwoven Boho Area Rug - Midnight Black,Home,Decor,Solimo,9820.0,30,6874.0,3.6,313,124,57.2,Intricate geometric pattern durable jute and cotton floor rug. Designed with premium quality materials by Solimo.,"rug,carpet,decor,floor,boho,solimo,home,midnight black",18-35,All,Midnight Black,128GB,2025-10-15,https://images.unsplash.com/photo-1500000000271?auto=format&fit=crop&w=600&q=80,Active
PROD_00272,IKEA Velvet Touch Blackout Window Curtains,Home,Decor,IKEA,3200.0,20,2560.0,4.5,314,67,62.2,Thermal insulated light blocking curtains for living room and bedroom. Designed with premium quality materials by IKEA.,"curtains,decor,blackout,home,window,ikea,home,rose gold",All Ages,All,Rose Gold,512GB,2025-01-01,https://images.unsplash.com/photo-1500000000272?auto=format&fit=crop&w=600&q=80,Active
PROD_00273,Spaces Collapsible Fabric Storage Organizers,Home,Storage,Spaces,4340.0,15,3689.0,4.3,378,167,66.5,Multi-pack sturdy wardrobe closet organizers for clothes. Designed with premium quality materials by Spaces.,"storage,organizer,wardrobe,home,box,spaces,home,rose gold",18-35,All,Rose Gold,128GB,2026-08-20,https://images.unsplash.com/photo-1500000000273?auto=format&fit=crop&w=600&q=80,Active
PROD_00274,IKEA Velvet Touch Blackout Window Curtains,Home,Decor,IKEA,5490.0,15,4666.5,4.1,455,20,68.9,Thermal insulated light blocking curtains for living room and bedroom. Designed with premium quality materials by IKEA.,"curtains,decor,blackout,home,window,ikea,home,olive green",25-50,All,Olive Green,Standard,2026-04-06,https://images.unsplash.com/photo-1500000000274?auto=format&fit=crop&w=600&q=80,Active
PROD_00275,IKEA Velvet Touch Blackout Window Curtains - Midnight Black,Home,Decor,IKEA,9000.0,35,5850.0,4.9,143,26,60.5,Thermal insulated light blocking curtains for living room and bedroom. Designed with premium quality materials by IKEA.,"curtains,decor,blackout,home,window,ikea,home,midnight black",Adults,All,Midnight Black,128GB,2025-03-30,https://images.unsplash.com/photo-1500000000275?auto=format&fit=crop&w=600&q=80,Active
PROD_00276,Solimo Smart LED Color Ambient Bulb - Olive Green,Home,Lighting,Solimo,4570.0,10,4113.0,3.8,140,71,52.1,App and voice controlled dimmable 16 million colors bulb. Designed with premium quality materials by Solimo.,"lighting,smart bulb,led,home,philips,solimo,home,olive green",Adults,All,Olive Green,Default,2025-07-23,https://images.unsplash.com/photo-1500000000276?auto=format&fit=crop&w=600&q=80,Active
PROD_00277,D'Decor Velvet Touch Blackout Window Curtains,Home,Decor,D'Decor,2350.0,50,1175.0,3.7,303,32,50.8,Thermal insulated light blocking curtains for living room and bedroom. Designed with premium quality materials by D'Decor.,"curtains,decor,blackout,home,window,d'decor,home,charcoal",18-35,All,Charcoal,256GB,2025-05-09,https://images.unsplash.com/photo-1500000000277?auto=format&fit=crop&w=600&q=80,Active
PROD_00278,Philips Velvet Touch Blackout Window Curtains - Space Gray,Home,Decor,Philips,2390.0,20,1912.0,4.1,203,223,50.3,Thermal insulated light blocking curtains for living room and bedroom. Designed with premium quality materials by Philips.,"curtains,decor,blackout,home,window,philips,home,space gray",25-50,All,Space Gray,16GB RAM,2026-03-21,https://images.unsplash.com/photo-1500000000278?auto=format&fit=crop&w=600&q=80,Active
PROD_00279,Solimo Velvet Touch Blackout Window Curtains - Classic Beige,Home,Decor,Solimo,3550.0,5,3372.5,4.5,232,96,58.2,Thermal insulated light blocking curtains for living room and bedroom. Designed with premium quality materials by Solimo.,"curtains,decor,blackout,home,window,solimo,home,classic beige",18-35,All,Classic Beige,Default,2026-07-10,https://images.unsplash.com/photo-1500000000279?auto=format&fit=crop&w=600&q=80,Active
PROD_00280,D'Decor Velvet Touch Blackout Window Curtains - Pearl White,Home,Decor,D'Decor,5740.0,40,3444.0,3.8,300,123,51.0,Thermal insulated light blocking curtains for living room and bedroom. Designed with premium quality materials by D'Decor.,"curtains,decor,blackout,home,window,d'decor,home,pearl white",Teens & Youth,All,Pearl White,Default,2026-04-08,https://images.unsplash.com/photo-1500000000280?auto=format&fit=crop&w=600&q=80,Active
PROD_00281,IKEA 100% Cotton 300TC Double Bed Sheet,Home,Bedding,IKEA,4240.0,5,4028.0,4.3,412,71,68.7,Super soft breathable bedsheet set with two matching pillow covers. Designed with premium quality materials by IKEA.,"bedsheet,bedding,cotton,home,decor,ikea,home,midnight black",18-35,All,Midnight Black,128GB,2026-06-14,https://images.unsplash.com/photo-1500000000281?auto=format&fit=crop&w=600&q=80,Active
PROD_00282,IKEA 100% Cotton 300TC Double Bed Sheet - Navy Blue,Home,Bedding,IKEA,1280.0,25,960.0,3.7,89,246,45.2,Super soft breathable bedsheet set with two matching pillow covers. Designed with premium quality materials by IKEA.,"bedsheet,bedding,cotton,home,decor,ikea,home,navy blue",Teens & Youth,All,Navy Blue,Standard,2026-03-10,https://images.unsplash.com/photo-1500000000282?auto=format&fit=crop&w=600&q=80,Active
PROD_00283,Philips Handwoven Boho Area Rug,Home,Decor,Philips,4490.0,25,3367.5,3.8,99,52,44.7,Intricate geometric pattern durable jute and cotton floor rug. Designed with premium quality materials by Philips.,"rug,carpet,decor,floor,boho,philips,home,olive green",All Ages,All,Olive Green,512GB,2025-05-30,https://images.unsplash.com/photo-1500000000283?auto=format&fit=crop&w=600&q=80,Active
PROD_00284,IKEA Smart LED Color Ambient Bulb,Home,Lighting,IKEA,3230.0,30,2261.0,4.7,32,127,48.9,App and voice controlled dimmable 16 million colors bulb. Designed with premium quality materials by IKEA.,"lighting,smart bulb,led,home,philips,ikea,home,classic beige",Adults,All,Classic Beige,16GB RAM,2025-11-16,https://images.unsplash.com/photo-1500000000284?auto=format&fit=crop&w=600&q=80,Active
PROD_00285,Spaces Collapsible Fabric Storage Organizers,Home,Storage,Spaces,9940.0,40,5964.0,4.6,170,102,60.6,Multi-pack sturdy wardrobe closet organizers for clothes. Designed with premium quality materials by Spaces.,"storage,organizer,wardrobe,home,box,spaces,home,olive green",Adults,All,Olive Green,128GB,2025-08-27,https://images.unsplash.com/photo-1500000000285?auto=format&fit=crop&w=600&q=80,Active
PROD_00286,Home Centre Collapsible Fabric Storage Organizers - Charcoal,Home,Storage,Home Centre,4130.0,10,3717.0,3.5,21,157,38.0,Multi-pack sturdy wardrobe closet organizers for clothes. Designed with premium quality materials by Home Centre.,"storage,organizer,wardrobe,home,box,home centre,home,charcoal",Adults,All,Charcoal,256GB,2025-11-15,https://images.unsplash.com/photo-1500000000286?auto=format&fit=crop&w=600&q=80,Active
PROD_00287,Philips 100% Cotton 300TC Double Bed Sheet - Rose Gold,Home,Bedding,Philips,9750.0,5,9262.5,3.8,127,66,45.7,Super soft breathable bedsheet set with two matching pillow covers. Designed with premium quality materials by Philips.,"bedsheet,bedding,cotton,home,decor,philips,home,rose gold",Adults,All,Rose Gold,256GB,2026-07-03,https://images.unsplash.com/photo-1500000000287?auto=format&fit=crop&w=600&q=80,Active
PROD_00288,Home Centre Smart LED Color Ambient Bulb,Home,Lighting,Home Centre,6090.0,25,4567.5,4.8,155,12,61.2,App and voice controlled dimmable 16 million colors bulb. Designed with premium quality materials by Home Centre.,"lighting,smart bulb,led,home,philips,home centre,home,olive green",18-35,All,Olive Green,256GB,2025-09-03,https://images.unsplash.com/photo-1500000000288?auto=format&fit=crop&w=600&q=80,Active
PROD_00289,Home Centre Handwoven Boho Area Rug - Pearl White,Home,Decor,Home Centre,8180.0,35,5317.0,4.3,75,49,50.9,Intricate geometric pattern durable jute and cotton floor rug. Designed with premium quality materials by Home Centre.,"rug,carpet,decor,floor,boho,home centre,home,pearl white",18-35,All,Pearl White,16GB RAM,2026-05-29,https://images.unsplash.com/photo-1500000000289?auto=format&fit=crop&w=600&q=80,Active
PROD_00290,Spaces 100% Cotton 300TC Double Bed Sheet - Classic Beige,Home,Bedding,Spaces,410.0,50,205.0,3.8,175,38,48.4,Super soft breathable bedsheet set with two matching pillow covers. Designed with premium quality materials by Spaces.,"bedsheet,bedding,cotton,home,decor,spaces,home,classic beige",All Ages,All,Classic Beige,128GB,2026-03-01,https://images.unsplash.com/photo-1500000000290?auto=format&fit=crop&w=600&q=80,Active
PROD_00291,IKEA Velvet Touch Blackout Window Curtains - Midnight Black,Home,Decor,IKEA,1760.0,5,1672.0,4.7,20,225,51.4,Thermal insulated light blocking curtains for living room and bedroom. Designed with premium quality materials by IKEA.,"curtains,decor,blackout,home,window,ikea,home,midnight black",Adults,All,Midnight Black,128GB,2026-06-16,https://images.unsplash.com/photo-1500000000291?auto=format&fit=crop&w=600&q=80,Active
PROD_00292,Solimo Velvet Touch Blackout Window Curtains,Home,Decor,Solimo,3500.0,10,3150.0,4.5,21,116,53.8,Thermal insulated light blocking curtains for living room and bedroom. Designed with premium quality materials by Solimo.,"curtains,decor,blackout,home,window,solimo,home,olive green",All Ages,All,Olive Green,16GB RAM,2025-04-18,https://images.unsplash.com/photo-1500000000292?auto=format&fit=crop&w=600&q=80,Active
PROD_00293,Spaces Velvet Touch Blackout Window Curtains - Rose Gold,Home,Decor,Spaces,2540.0,50,1270.0,4.6,326,101,62.1,Thermal insulated light blocking curtains for living room and bedroom. Designed with premium quality materials by Spaces.,"curtains,decor,blackout,home,window,spaces,home,rose gold",Adults,All,Rose Gold,Standard,2024-09-23,https://images.unsplash.com/photo-1500000000293?auto=format&fit=crop&w=600&q=80,Active
PROD_00294,Spaces Velvet Touch Blackout Window Curtains - Pearl White,Home,Decor,Spaces,9510.0,30,6657.0,4.7,95,202,60.5,Thermal insulated light blocking curtains for living room and bedroom. Designed with premium quality materials by Spaces.,"curtains,decor,blackout,home,window,spaces,home,pearl white",All Ages,All,Pearl White,Standard,2026-07-27,https://images.unsplash.com/photo-1500000000294?auto=format&fit=crop&w=600&q=80,Active
PROD_00295,Pigeon Electric Rapid Air Fryer 4.5L - Silver,Kitchen,Small Appliances,Pigeon,2010.0,35,1306.5,3.7,39,195,39.3,"Oil-free healthy frying, baking, grilling and roasting appliance. Designed with premium quality materials by Pigeon.","air fryer,appliance,healthy,kitchen,cooking,pigeon,kitchen,silver",18-35,All,Silver,16GB RAM,2025-09-08,https://images.unsplash.com/photo-1500000000295?auto=format&fit=crop&w=600&q=80,Active
PROD_00296,Hawkins Heavy-Duty 750W Mixer Grinder - Space Gray,Kitchen,Small Appliances,Hawkins,4340.0,15,3689.0,4.5,147,94,53.4,High torque copper motor with 3 stainless steel multi-use jars. Designed with premium quality materials by Hawkins.,"mixer grinder,blender,kitchen,appliance,cook,hawkins,kitchen,space gray",25-50,All,Space Gray,Standard,2026-05-11,https://images.unsplash.com/photo-1500000000296?auto=format&fit=crop&w=600&q=80,Active
PROD_00297,Prestige Hard Anodized Non-Stick Cookware Set - Olive Green,Kitchen,Cookware,Prestige,13330.0,35,8664.5,4.7,279,94,63.6,"Durable scratch-resistant frying pan, kadai and sauce pan with glass lids. Designed with premium quality materials by Prestige.","cookware,kitchen,pan,non-stick,cooking,prestige,kitchen,olive green",Teens & Youth,All,Olive Green,512GB,2026-05-18,https://images.unsplash.com/photo-1500000000297?auto=format&fit=crop&w=600&q=80,Active
PROD_00298,Pigeon Airtight Glass Food Storage Jars,Kitchen,Storage & Containers,Pigeon,12760.0,20,10208.0,3.5,58,71,46.8,Leak-proof borosilicate glass food containers with bamboo lids. Designed with premium quality materials by Pigeon.,"glass jars,containers,kitchen,storage,airtight,pigeon,kitchen,navy blue",Teens & Youth,All,Navy Blue,128GB,2026-06-15,https://images.unsplash.com/photo-1500000000298?auto=format&fit=crop&w=600&q=80,Active
PROD_00299,Hawkins Heavy-Duty 750W Mixer Grinder - Olive Green,Kitchen,Small Appliances,Hawkins,13520.0,5,12844.0,4.0,190,162,56.5,High torque copper motor with 3 stainless steel multi-use jars. Designed with premium quality materials by Hawkins.,"mixer grinder,blender,kitchen,appliance,cook,hawkins,kitchen,olive green",All Ages,All,Olive Green,128GB,2026-07-29,https://images.unsplash.com/photo-1500000000299?auto=format&fit=crop&w=600&q=80,Active
PROD_00300,Milton Airtight Glass Food Storage Jars,Kitchen,Storage & Containers,Milton,1970.0,15,1674.5,4.9,31,109,57.2,Leak-proof borosilicate glass food containers with bamboo lids. Designed with premium quality materials by Milton.,"glass jars,containers,kitchen,storage,airtight,milton,kitchen,pearl white",Teens & Youth,All,Pearl White,16GB RAM,2025-02-22,https://images.unsplash.com/photo-1500000000300?auto=format&fit=crop&w=600&q=80,Active
PROD_00301,Milton Heavy-Duty 750W Mixer Grinder,Kitchen,Small Appliances,Milton,6200.0,40,3720.0,4.7,24,44,48.5,High torque copper motor with 3 stainless steel multi-use jars. Designed with premium quality materials by Milton.,"mixer grinder,blender,kitchen,appliance,cook,milton,kitchen,crimson red",18-35,All,Crimson Red,256GB,2026-08-26,https://images.unsplash.com/photo-1500000000301?auto=format&fit=crop&w=600&q=80,Active
PROD_00302,Prestige Airtight Glass Food Storage Jars - Crimson Red,Kitchen,Storage & Containers,Prestige,1910.0,15,1623.5,3.7,151,79,52.8,Leak-proof borosilicate glass food containers with bamboo lids. Designed with premium quality materials by Prestige.,"glass jars,containers,kitchen,storage,airtight,prestige,kitchen,crimson red",Adults,All,Crimson Red,Standard,2025-05-02,https://images.unsplash.com/photo-1500000000302?auto=format&fit=crop&w=600&q=80,Active
PROD_00303,Wonderchef Hard Anodized Non-Stick Cookware Set - Olive Green,Kitchen,Cookware,Wonderchef,4340.0,40,2604.0,4.0,155,99,55.1,"Durable scratch-resistant frying pan, kadai and sauce pan with glass lids. Designed with premium quality materials by Wonderchef.","cookware,kitchen,pan,non-stick,cooking,wonderchef,kitchen,olive green",Teens & Youth,All,Olive Green,512GB,2025-08-16,https://images.unsplash.com/photo-1500000000303?auto=format&fit=crop&w=600&q=80,Active
PROD_00304,Philips Electric Rapid Air Fryer 4.5L - Midnight Black,Kitchen,Small Appliances,Philips,3780.0,20,3024.0,4.3,197,43,58.4,"Oil-free healthy frying, baking, grilling and roasting appliance. Designed with premium quality materials by Philips.","air fryer,appliance,healthy,kitchen,cooking,philips,kitchen,midnight black",Teens & Youth,All,Midnight Black,256GB,2024-10-15,https://images.unsplash.com/photo-1500000000304?auto=format&fit=crop&w=600&q=80,Active
PROD_00305,Prestige Hard Anodized Non-Stick Cookware Set - Silver,Kitchen,Cookware,Prestige,9050.0,40,5430.0,3.6,248,104,54.1,"Durable scratch-resistant frying pan, kadai and sauce pan with glass lids. Designed with premium quality materials by Prestige.","cookware,kitchen,pan,non-stick,cooking,prestige,kitchen,silver",Teens & Youth,All,Silver,16GB RAM,2025-06-27,https://images.unsplash.com/photo-1500000000305?auto=format&fit=crop&w=600&q=80,Active
PROD_00306,Milton Stainless Steel Chef Knife Set - Charcoal,Kitchen,Kitchen Tools,Milton,1640.0,0,1640.0,4.2,685,235,74.6,Ultra-sharp precision forged Japanese stainless steel knife block. Designed with premium quality materials by Milton.,"knife,chef knife,kitchen,cutlery,tools,milton,kitchen,charcoal",18-35,All,Charcoal,16GB RAM,2025-01-21,https://images.unsplash.com/photo-1500000000306?auto=format&fit=crop&w=600&q=80,Active
PROD_00307,Hawkins Stainless Steel Chef Knife Set - Space Gray,Kitchen,Kitchen Tools,Hawkins,2920.0,15,2482.0,4.6,145,37,52.2,Ultra-sharp precision forged Japanese stainless steel knife block. Designed with premium quality materials by Hawkins.,"knife,chef knife,kitchen,cutlery,tools,hawkins,kitchen,space gray",18-35,All,Space Gray,512GB,2026-06-10,https://images.unsplash.com/photo-1500000000307?auto=format&fit=crop&w=600&q=80,Active
PROD_00308,Hawkins Airtight Glass Food Storage Jars,Kitchen,Storage & Containers,Hawkins,11040.0,5,10488.0,3.6,85,147,43.4,Leak-proof borosilicate glass food containers with bamboo lids. Designed with premium quality materials by Hawkins.,"glass jars,containers,kitchen,storage,airtight,hawkins,kitchen,pearl white",25-50,All,Pearl White,16GB RAM,2025-09-30,https://images.unsplash.com/photo-1500000000308?auto=format&fit=crop&w=600&q=80,Active
PROD_00309,Pigeon Heavy-Duty 750W Mixer Grinder - Charcoal,Kitchen,Small Appliances,Pigeon,11830.0,5,11238.5,4.1,300,42,58.7,High torque copper motor with 3 stainless steel multi-use jars. Designed with premium quality materials by Pigeon.,"mixer grinder,blender,kitchen,appliance,cook,pigeon,kitchen,charcoal",Adults,All,Charcoal,Default,2025-01-10,https://images.unsplash.com/photo-1500000000309?auto=format&fit=crop&w=600&q=80,Active
PROD_00310,Prestige Hard Anodized Non-Stick Cookware Set - Classic Beige,Kitchen,Cookware,Prestige,13260.0,30,9282.0,3.9,71,172,46.7,"Durable scratch-resistant frying pan, kadai and sauce pan with glass lids. Designed with premium quality materials by Prestige.","cookware,kitchen,pan,non-stick,cooking,prestige,kitchen,classic beige",25-50,All,Classic Beige,Default,2024-12-14,https://images.unsplash.com/photo-1500000000310?auto=format&fit=crop&w=600&q=80,Active
PROD_00311,Prestige Airtight Glass Food Storage Jars,Kitchen,Storage & Containers,Prestige,9320.0,30,6524.0,3.6,119,232,49.5,Leak-proof borosilicate glass food containers with bamboo lids. Designed with premium quality materials by Prestige.,"glass jars,containers,kitchen,storage,airtight,prestige,kitchen,pearl white",Teens & Youth,All,Pearl White,256GB,2024-09-21,https://images.unsplash.com/photo-1500000000311?auto=format&fit=crop&w=600&q=80,Active
PROD_00312,Prestige Electric Rapid Air Fryer 4.5L,Kitchen,Small Appliances,Prestige,12350.0,20,9880.0,3.9,29,220,45.1,"Oil-free healthy frying, baking, grilling and roasting appliance. Designed with premium quality materials by Prestige.","air fryer,appliance,healthy,kitchen,cooking,prestige,kitchen,charcoal",25-50,All,Charcoal,256GB,2024-09-16,https://images.unsplash.com/photo-1500000000312?auto=format&fit=crop&w=600&q=80,Active
PROD_00313,Hawkins Hard Anodized Non-Stick Cookware Set - Pearl White,Kitchen,Cookware,Hawkins,5150.0,30,3605.0,4.3,19,27,45.6,"Durable scratch-resistant frying pan, kadai and sauce pan with glass lids. Designed with premium quality materials by Hawkins.","cookware,kitchen,pan,non-stick,cooking,hawkins,kitchen,pearl white",Teens & Youth,All,Pearl White,256GB,2026-01-25,https://images.unsplash.com/photo-1500000000313?auto=format&fit=crop&w=600&q=80,Active
PROD_00314,Milton Airtight Glass Food Storage Jars - Charcoal,Kitchen,Storage & Containers,Milton,7970.0,10,7173.0,3.6,606,186,65.3,Leak-proof borosilicate glass food containers with bamboo lids. Designed with premium quality materials by Milton.,"glass jars,containers,kitchen,storage,airtight,milton,kitchen,charcoal",25-50,All,Charcoal,16GB RAM,2026-04-13,https://images.unsplash.com/photo-1500000000314?auto=format&fit=crop&w=600&q=80,Active
PROD_00315,Pigeon Stainless Steel Chef Knife Set - Midnight Black,Kitchen,Kitchen Tools,Pigeon,3410.0,0,3410.0,3.8,340,121,52.1,Ultra-sharp precision forged Japanese stainless steel knife block. Designed with premium quality materials by Pigeon.,"knife,chef knife,kitchen,cutlery,tools,pigeon,kitchen,midnight black",18-35,All,Midnight Black,128GB,2025-08-25,https://images.unsplash.com/photo-1500000000315?auto=format&fit=crop&w=600&q=80,Active
PROD_00316,Wonderchef Electric Rapid Air Fryer 4.5L,Kitchen,Small Appliances,Wonderchef,13880.0,0,13880.0,3.8,229,130,53.1,"Oil-free healthy frying, baking, grilling and roasting appliance. Designed with premium quality materials by Wonderchef.","air fryer,appliance,healthy,kitchen,cooking,wonderchef,kitchen,silver",Adults,All,Silver,512GB,2026-03-01,https://images.unsplash.com/photo-1500000000316?auto=format&fit=crop&w=600&q=80,Active
PROD_00317,Pigeon Airtight Glass Food Storage Jars,Kitchen,Storage & Containers,Pigeon,13470.0,5,12796.5,3.9,109,103,43.9,Leak-proof borosilicate glass food containers with bamboo lids. Designed with premium quality materials by Pigeon.,"glass jars,containers,kitchen,storage,airtight,pigeon,kitchen,rose gold",25-50,All,Rose Gold,256GB,2025-01-21,https://images.unsplash.com/photo-1500000000317?auto=format&fit=crop&w=600&q=80,Active
PROD_00318,Hawkins Electric Rapid Air Fryer 4.5L,Kitchen,Small Appliances,Hawkins,6440.0,0,6440.0,4.7,49,201,55.8,"Oil-free healthy frying, baking, grilling and roasting appliance. Designed with premium quality materials by Hawkins.","air fryer,appliance,healthy,kitchen,cooking,hawkins,kitchen,navy blue",18-35,All,Navy Blue,Standard,2025-05-01,https://images.unsplash.com/photo-1500000000318?auto=format&fit=crop&w=600&q=80,Active
PROD_00319,Milton Electric Rapid Air Fryer 4.5L,Kitchen,Small Appliances,Milton,9320.0,20,7456.0,4.5,45,186,53.2,"Oil-free healthy frying, baking, grilling and roasting appliance. Designed with premium quality materials by Milton.","air fryer,appliance,healthy,kitchen,cooking,milton,kitchen,pearl white",All Ages,All,Pearl White,16GB RAM,2025-06-22,https://images.unsplash.com/photo-1500000000319?auto=format&fit=crop&w=600&q=80,Active
PROD_00320,Wonderchef Airtight Glass Food Storage Jars - Charcoal,Kitchen,Storage & Containers,Wonderchef,10320.0,50,5160.0,4.1,66,31,43.7,Leak-proof borosilicate glass food containers with bamboo lids. Designed with premium quality materials by Wonderchef.,"glass jars,containers,kitchen,storage,airtight,wonderchef,kitchen,charcoal",18-35,All,Charcoal,256GB,2024-10-20,https://images.unsplash.com/photo-1500000000320?auto=format&fit=crop&w=600&q=80,Active
PROD_00321,Pigeon Heavy-Duty 750W Mixer Grinder,Kitchen,Small Appliances,Pigeon,2070.0,5,1966.5,4.0,158,75,52.7,High torque copper motor with 3 stainless steel multi-use jars. Designed with premium quality materials by Pigeon.,"mixer grinder,blender,kitchen,appliance,cook,pigeon,kitchen,classic beige",25-50,All,Classic Beige,16GB RAM,2025-11-19,https://images.unsplash.com/photo-1500000000321?auto=format&fit=crop&w=600&q=80,Active
PROD_00322,Milton Heavy-Duty 750W Mixer Grinder - Crimson Red,Kitchen,Small Appliances,Milton,3980.0,0,3980.0,4.6,240,210,63.7,High torque copper motor with 3 stainless steel multi-use jars. Designed with premium quality materials by Milton.,"mixer grinder,blender,kitchen,appliance,cook,milton,kitchen,crimson red",18-35,All,Crimson Red,128GB,2025-07-12,https://images.unsplash.com/photo-1500000000322?auto=format&fit=crop&w=600&q=80,Active
PROD_00323,Milton Heavy-Duty 750W Mixer Grinder - Pearl White,Kitchen,Small Appliances,Milton,14960.0,20,11968.0,4.8,209,108,60.2,High torque copper motor with 3 stainless steel multi-use jars. Designed with premium quality materials by Milton.,"mixer grinder,blender,kitchen,appliance,cook,milton,kitchen,pearl white",All Ages,All,Pearl White,Standard,2026-07-24,https://images.unsplash.com/photo-1500000000323?auto=format&fit=crop&w=600&q=80,Active
PROD_00324,Milton Stainless Steel Chef Knife Set - Classic Beige,Kitchen,Kitchen Tools,Milton,3720.0,40,2232.0,4.4,74,126,56.0,Ultra-sharp precision forged Japanese stainless steel knife block. Designed with premium quality materials by Milton.,"knife,chef knife,kitchen,cutlery,tools,milton,kitchen,classic beige",25-50,All,Classic Beige,128GB,2024-10-11,https://images.unsplash.com/photo-1500000000324?auto=format&fit=crop&w=600&q=80,Active
PROD_00325,Pigeon Heavy-Duty 750W Mixer Grinder,Kitchen,Small Appliances,Pigeon,1910.0,10,1719.0,4.5,572,190,76.0,High torque copper motor with 3 stainless steel multi-use jars. Designed with premium quality materials by Pigeon.,"mixer grinder,blender,kitchen,appliance,cook,pigeon,kitchen,crimson red",Adults,All,Crimson Red,128GB,2026-02-23,https://images.unsplash.com/photo-1500000000325?auto=format&fit=crop&w=600&q=80,Active
PROD_00326,Milton Heavy-Duty 750W Mixer Grinder,Kitchen,Small Appliances,Milton,13130.0,30,9191.0,4.6,256,89,60.0,High torque copper motor with 3 stainless steel multi-use jars. Designed with premium quality materials by Milton.,"mixer grinder,blender,kitchen,appliance,cook,milton,kitchen,space gray",25-50,All,Space Gray,128GB,2025-01-07,https://images.unsplash.com/photo-1500000000326?auto=format&fit=crop&w=600&q=80,Active
PROD_00327,Philips Heavy-Duty 750W Mixer Grinder - Space Gray,Kitchen,Small Appliances,Philips,8960.0,50,4480.0,3.6,160,232,44.3,High torque copper motor with 3 stainless steel multi-use jars. Designed with premium quality materials by Philips.,"mixer grinder,blender,kitchen,appliance,cook,philips,kitchen,space gray",All Ages,All,Space Gray,512GB,2026-04-29,https://images.unsplash.com/photo-1500000000327?auto=format&fit=crop&w=600&q=80,Active
PROD_00328,Pigeon Airtight Glass Food Storage Jars - Crimson Red,Kitchen,Storage & Containers,Pigeon,2690.0,15,2286.5,4.0,185,150,56.3,Leak-proof borosilicate glass food containers with bamboo lids. Designed with premium quality materials by Pigeon.,"glass jars,containers,kitchen,storage,airtight,pigeon,kitchen,crimson red",All Ages,All,Crimson Red,512GB,2025-05-18,https://images.unsplash.com/photo-1500000000328?auto=format&fit=crop&w=600&q=80,Active
PROD_00329,Wonderchef Electric Rapid Air Fryer 4.5L,Kitchen,Small Appliances,Wonderchef,14810.0,25,11107.5,4.4,112,6,53.0,"Oil-free healthy frying, baking, grilling and roasting appliance. Designed with premium quality materials by Wonderchef.","air fryer,appliance,healthy,kitchen,cooking,wonderchef,kitchen,pearl white",Teens & Youth,All,Pearl White,Default,2026-01-27,https://images.unsplash.com/photo-1500000000329?auto=format&fit=crop&w=600&q=80,Active
PROD_00330,Pigeon Electric Rapid Air Fryer 4.5L,Kitchen,Small Appliances,Pigeon,6790.0,30,4753.0,4.1,66,127,47.5,"Oil-free healthy frying, baking, grilling and roasting appliance. Designed with premium quality materials by Pigeon.","air fryer,appliance,healthy,kitchen,cooking,pigeon,kitchen,pearl white",All Ages,All,Pearl White,512GB,2026-07-22,https://images.unsplash.com/photo-1500000000330?auto=format&fit=crop&w=600&q=80,Active
PROD_00331,Hawkins Stainless Steel Chef Knife Set - Silver,Kitchen,Kitchen Tools,Hawkins,8200.0,0,8200.0,4.4,94,165,55.1,Ultra-sharp precision forged Japanese stainless steel knife block. Designed with premium quality materials by Hawkins.,"knife,chef knife,kitchen,cutlery,tools,hawkins,kitchen,silver",25-50,All,Silver,Default,2026-01-10,https://images.unsplash.com/photo-1500000000331?auto=format&fit=crop&w=600&q=80,Active
PROD_00332,Wonderchef Heavy-Duty 750W Mixer Grinder - Pearl White,Kitchen,Small Appliances,Wonderchef,4940.0,5,4693.0,4.7,270,81,67.3,High torque copper motor with 3 stainless steel multi-use jars. Designed with premium quality materials by Wonderchef.,"mixer grinder,blender,kitchen,appliance,cook,wonderchef,kitchen,pearl white",Teens & Youth,All,Pearl White,Default,2025-05-20,https://images.unsplash.com/photo-1500000000332?auto=format&fit=crop&w=600&q=80,Active
PROD_00333,Pigeon Stainless Steel Chef Knife Set - Rose Gold,Kitchen,Kitchen Tools,Pigeon,14930.0,25,11197.5,4.9,17,130,53.3,Ultra-sharp precision forged Japanese stainless steel knife block. Designed with premium quality materials by Pigeon.,"knife,chef knife,kitchen,cutlery,tools,pigeon,kitchen,rose gold",Teens & Youth,All,Rose Gold,256GB,2026-02-18,https://images.unsplash.com/photo-1500000000333?auto=format&fit=crop&w=600&q=80,Active
PROD_00334,Philips Electric Rapid Air Fryer 4.5L - Midnight Black,Kitchen,Small Appliances,Philips,2400.0,0,2400.0,4.3,37,48,45.7,"Oil-free healthy frying, baking, grilling and roasting appliance. Designed with premium quality materials by Philips.","air fryer,appliance,healthy,kitchen,cooking,philips,kitchen,midnight black",18-35,All,Midnight Black,128GB,2024-11-01,https://images.unsplash.com/photo-1500000000334?auto=format&fit=crop&w=600&q=80,Active
PROD_00335,Philips Hard Anodized Non-Stick Cookware Set,Kitchen,Cookware,Philips,14920.0,5,14174.0,4.4,23,10,45.4,"Durable scratch-resistant frying pan, kadai and sauce pan with glass lids. Designed with premium quality materials by Philips.","cookware,kitchen,pan,non-stick,cooking,philips,kitchen,crimson red",Adults,All,Crimson Red,16GB RAM,2026-05-03,https://images.unsplash.com/photo-1500000000335?auto=format&fit=crop&w=600&q=80,Active
PROD_00336,Philips Airtight Glass Food Storage Jars,Kitchen,Storage & Containers,Philips,10680.0,15,9078.0,4.5,22,166,46.0,Leak-proof borosilicate glass food containers with bamboo lids. Designed with premium quality materials by Philips.,"glass jars,containers,kitchen,storage,airtight,philips,kitchen,olive green",Adults,All,Olive Green,Default,2025-06-25,https://images.unsplash.com/photo-1500000000336?auto=format&fit=crop&w=600&q=80,Active
PROD_00337,Godrej Interio Ergonomic Mesh High-Back Office Chair - Crimson Red,Furniture,Office,Godrej Interio,18500.0,5,17575.0,4.2,363,163,57.7,Adjustable lumbar support and 3D armrests for long sitting hours. Designed with premium quality materials by Godrej Interio.,"office chair,ergonomic,furniture,desk chair,mesh,godrej interio,furniture,crimson red",Adults,All,Crimson Red,16GB RAM,2026-05-05,https://images.unsplash.com/photo-1500000000337?auto=format&fit=crop&w=600&q=80,Active
PROD_00338,Sleepyhead Ergonomic Mesh High-Back Office Chair - Navy Blue,Furniture,Office,Sleepyhead,33760.0,15,28696.0,4.0,233,109,52.3,Adjustable lumbar support and 3D armrests for long sitting hours. Designed with premium quality materials by Sleepyhead.,"office chair,ergonomic,furniture,desk chair,mesh,sleepyhead,furniture,navy blue",18-35,All,Navy Blue,16GB RAM,2026-07-20,https://images.unsplash.com/photo-1500000000338?auto=format&fit=crop&w=600&q=80,Active
PROD_00339,Sleepyhead Minimalist Nesting Coffee Tables,Furniture,Living Room,Sleepyhead,3100.0,5,2945.0,4.8,130,218,58.9,Set of 2 Scandinavian round metal and oak wood accent tables. Designed with premium quality materials by Sleepyhead.,"coffee table,living room,furniture,table,decor,sleepyhead,furniture,navy blue",Teens & Youth,All,Navy Blue,Standard,2025-04-11,https://images.unsplash.com/photo-1500000000339?auto=format&fit=crop&w=600&q=80,Active
PROD_00340,IKEA Modern Engineered Wood Computer Desk - Rose Gold,Furniture,Office,IKEA,26840.0,35,17446.0,4.9,33,80,53.0,Spacious study table with cable management grommet and side drawers. Designed with premium quality materials by IKEA.,"desk,table,office,furniture,study,ikea,furniture,rose gold",All Ages,All,Rose Gold,Default,2026-07-09,https://images.unsplash.com/photo-1500000000340?auto=format&fit=crop&w=600&q=80,Active
PROD_00341,Wakefit Ergonomic Mesh High-Back Office Chair - Midnight Black,Furniture,Office,Wakefit,14570.0,5,13841.5,3.6,136,199,50.3,Adjustable lumbar support and 3D armrests for long sitting hours. Designed with premium quality materials by Wakefit.,"office chair,ergonomic,furniture,desk chair,mesh,wakefit,furniture,midnight black",25-50,All,Midnight Black,256GB,2026-08-20,https://images.unsplash.com/photo-1500000000341?auto=format&fit=crop&w=600&q=80,Active
PROD_00342,Wakefit Modern Engineered Wood Computer Desk - Silver,Furniture,Office,Wakefit,12930.0,5,12283.5,4.0,130,92,47.0,Spacious study table with cable management grommet and side drawers. Designed with premium quality materials by Wakefit.,"desk,table,office,furniture,study,wakefit,furniture,silver",Teens & Youth,All,Silver,256GB,2025-07-15,https://images.unsplash.com/photo-1500000000342?auto=format&fit=crop&w=600&q=80,Active
PROD_00343,Sleepyhead Contemporary 3-Seater Fabric Sofa - Crimson Red,Furniture,Living Room,Sleepyhead,27010.0,10,24309.0,3.7,49,183,46.2,High-density cushioned lounge sofa with solid wood frame. Designed with premium quality materials by Sleepyhead.,"sofa,living room,couch,furniture,home,sleepyhead,furniture,crimson red",Teens & Youth,All,Crimson Red,512GB,2026-03-19,https://images.unsplash.com/photo-1500000000343?auto=format&fit=crop&w=600&q=80,Active
PROD_00344,Sleepyhead Ergonomic Mesh High-Back Office Chair - Classic Beige,Furniture,Office,Sleepyhead,9710.0,30,6797.0,4.6,117,161,51.0,Adjustable lumbar support and 3D armrests for long sitting hours. Designed with premium quality materials by Sleepyhead.,"office chair,ergonomic,furniture,desk chair,mesh,sleepyhead,furniture,classic beige",Adults,All,Classic Beige,512GB,2024-09-28,https://images.unsplash.com/photo-1500000000344?auto=format&fit=crop&w=600&q=80,Active
PROD_00345,Sleepyhead Modern Engineered Wood Computer Desk - Charcoal,Furniture,Office,Sleepyhead,5340.0,25,4005.0,3.5,106,227,46.0,Spacious study table with cable management grommet and side drawers. Designed with premium quality materials by Sleepyhead.,"desk,table,office,furniture,study,sleepyhead,furniture,charcoal",Teens & Youth,All,Charcoal,Default,2025-01-16,https://images.unsplash.com/photo-1500000000345?auto=format&fit=crop&w=600&q=80,Active
PROD_00346,Wakefit Minimalist Nesting Coffee Tables - Silver,Furniture,Living Room,Wakefit,25870.0,30,18109.0,4.4,187,68,56.3,Set of 2 Scandinavian round metal and oak wood accent tables. Designed with premium quality materials by Wakefit.,"coffee table,living room,furniture,table,decor,wakefit,furniture,silver",Adults,All,Silver,16GB RAM,2024-10-19,https://images.unsplash.com/photo-1500000000346?auto=format&fit=crop&w=600&q=80,Active
PROD_00347,Wakefit Contemporary 3-Seater Fabric Sofa,Furniture,Living Room,Wakefit,37570.0,40,22542.0,4.7,196,223,59.8,High-density cushioned lounge sofa with solid wood frame. Designed with premium quality materials by Wakefit.,"sofa,living room,couch,furniture,home,wakefit,furniture,rose gold",All Ages,All,Rose Gold,16GB RAM,2026-03-13,https://images.unsplash.com/photo-1500000000347?auto=format&fit=crop&w=600&q=80,Active
PROD_00348,Sleepyhead Ergonomic Mesh High-Back Office Chair - Silver,Furniture,Office,Sleepyhead,4860.0,15,4131.0,4.3,23,101,48.0,Adjustable lumbar support and 3D armrests for long sitting hours. Designed with premium quality materials by Sleepyhead.,"office chair,ergonomic,furniture,desk chair,mesh,sleepyhead,furniture,silver",25-50,All,Silver,128GB,2026-01-01,https://images.unsplash.com/photo-1500000000348?auto=format&fit=crop&w=600&q=80,Active
PROD_00349,Sleepyhead Ergonomic Mesh High-Back Office Chair,Furniture,Office,Sleepyhead,21440.0,25,16080.0,3.7,99,132,48.4,Adjustable lumbar support and 3D armrests for long sitting hours. Designed with premium quality materials by Sleepyhead.,"office chair,ergonomic,furniture,desk chair,mesh,sleepyhead,furniture,charcoal",Teens & Youth,All,Charcoal,16GB RAM,2026-08-11,https://images.unsplash.com/photo-1500000000349?auto=format&fit=crop&w=600&q=80,Active
PROD_00350,Sleepyhead Ergonomic Mesh High-Back Office Chair - Olive Green,Furniture,Office,Sleepyhead,33560.0,50,16780.0,4.8,191,168,58.7,Adjustable lumbar support and 3D armrests for long sitting hours. Designed with premium quality materials by Sleepyhead.,"office chair,ergonomic,furniture,desk chair,mesh,sleepyhead,furniture,olive green",Adults,All,Olive Green,Default,2025-03-27,https://images.unsplash.com/photo-1500000000350?auto=format&fit=crop&w=600&q=80,Active
PROD_00351,Wakefit Minimalist Nesting Coffee Tables - Charcoal,Furniture,Living Room,Wakefit,33210.0,35,21586.5,4.0,140,201,51.8,Set of 2 Scandinavian round metal and oak wood accent tables. Designed with premium quality materials by Wakefit.,"coffee table,living room,furniture,table,decor,wakefit,furniture,charcoal",25-50,All,Charcoal,256GB,2025-05-02,https://images.unsplash.com/photo-1500000000351?auto=format&fit=crop&w=600&q=80,Active
PROD_00352,Sleepyhead Orthopedic Memory Foam Mattress 6-inch,Furniture,Bedroom,Sleepyhead,16140.0,20,12912.0,4.3,364,100,64.6,Zero partner disturbance dual-comfort orthopedic sleeping mattress. Designed with premium quality materials by Sleepyhead.,"mattress,bed,bedroom,memory foam,sleep,sleepyhead,furniture,space gray",18-35,All,Space Gray,Default,2026-07-14,https://images.unsplash.com/photo-1500000000352?auto=format&fit=crop&w=600&q=80,Active
PROD_00353,Sleepyhead Modern Engineered Wood Computer Desk,Furniture,Office,Sleepyhead,25600.0,15,21760.0,3.7,208,223,49.2,Spacious study table with cable management grommet and side drawers. Designed with premium quality materials by Sleepyhead.,"desk,table,office,furniture,study,sleepyhead,furniture,pearl white",Teens & Youth,All,Pearl White,Standard,2025-05-18,https://images.unsplash.com/photo-1500000000353?auto=format&fit=crop&w=600&q=80,Active
PROD_00354,Urban Ladder Modern Engineered Wood Computer Desk - Space Gray,Furniture,Office,Urban Ladder,33990.0,50,16995.0,3.7,47,233,43.4,Spacious study table with cable management grommet and side drawers. Designed with premium quality materials by Urban Ladder.,"desk,table,office,furniture,study,urban ladder,furniture,space gray",All Ages,All,Space Gray,512GB,2024-10-24,https://images.unsplash.com/photo-1500000000354?auto=format&fit=crop&w=600&q=80,Active
PROD_00355,Godrej Interio Minimalist Nesting Coffee Tables - Pearl White,Furniture,Living Room,Godrej Interio,4800.0,30,3360.0,4.7,28,128,57.4,Set of 2 Scandinavian round metal and oak wood accent tables. Designed with premium quality materials by Godrej Interio.,"coffee table,living room,furniture,table,decor,godrej interio,furniture,pearl white",All Ages,All,Pearl White,512GB,2026-03-01,https://images.unsplash.com/photo-1500000000355?auto=format&fit=crop&w=600&q=80,Active
PROD_00356,Wakefit Minimalist Nesting Coffee Tables - Pearl White,Furniture,Living Room,Wakefit,25430.0,25,19072.5,4.2,200,103,54.2,Set of 2 Scandinavian round metal and oak wood accent tables. Designed with premium quality materials by Wakefit.,"coffee table,living room,furniture,table,decor,wakefit,furniture,pearl white",Teens & Youth,All,Pearl White,Default,2024-12-14,https://images.unsplash.com/photo-1500000000356?auto=format&fit=crop&w=600&q=80,Active
PROD_00357,Urban Ladder Modern Engineered Wood Computer Desk - Olive Green,Furniture,Office,Urban Ladder,7930.0,30,5551.0,4.3,19,231,51.2,Spacious study table with cable management grommet and side drawers. Designed with premium quality materials by Urban Ladder.,"desk,table,office,furniture,study,urban ladder,furniture,olive green",25-50,All,Olive Green,256GB,2025-10-27,https://images.unsplash.com/photo-1500000000357?auto=format&fit=crop&w=600&q=80,Active
PROD_00358,Urban Ladder Minimalist Nesting Coffee Tables,Furniture,Living Room,Urban Ladder,26090.0,20,20872.0,4.5,173,240,58.6,Set of 2 Scandinavian round metal and oak wood accent tables. Designed with premium quality materials by Urban Ladder.,"coffee table,living room,furniture,table,decor,urban ladder,furniture,rose gold",18-35,All,Rose Gold,Standard,2024-11-02,https://images.unsplash.com/photo-1500000000358?auto=format&fit=crop&w=600&q=80,Active
PROD_00359,Godrej Interio Modern Engineered Wood Computer Desk - Rose Gold,Furniture,Office,Godrej Interio,31150.0,40,18690.0,4.2,522,151,72.3,Spacious study table with cable management grommet and side drawers. Designed with premium quality materials by Godrej Interio.,"desk,table,office,furniture,study,godrej interio,furniture,rose gold",25-50,All,Rose Gold,Standard,2025-06-28,https://images.unsplash.com/photo-1500000000359?auto=format&fit=crop&w=600&q=80,Active
PROD_00360,Urban Ladder Minimalist Nesting Coffee Tables,Furniture,Living Room,Urban Ladder,17090.0,0,17090.0,4.4,169,56,53.4,Set of 2 Scandinavian round metal and oak wood accent tables. Designed with premium quality materials by Urban Ladder.,"coffee table,living room,furniture,table,decor,urban ladder,furniture,olive green",Adults,All,Olive Green,Default,2026-03-18,https://images.unsplash.com/photo-1500000000360?auto=format&fit=crop&w=600&q=80,Active
PROD_00361,Urban Ladder Orthopedic Memory Foam Mattress 6-inch,Furniture,Bedroom,Urban Ladder,23020.0,25,17265.0,4.6,103,31,56.3,Zero partner disturbance dual-comfort orthopedic sleeping mattress. Designed with premium quality materials by Urban Ladder.,"mattress,bed,bedroom,memory foam,sleep,urban ladder,furniture,pearl white",25-50,All,Pearl White,Default,2024-10-07,https://images.unsplash.com/photo-1500000000361?auto=format&fit=crop&w=600&q=80,Active
PROD_00362,Wakefit Minimalist Nesting Coffee Tables - Rose Gold,Furniture,Living Room,Wakefit,32480.0,20,25984.0,4.5,200,17,62.3,Set of 2 Scandinavian round metal and oak wood accent tables. Designed with premium quality materials by Wakefit.,"coffee table,living room,furniture,table,decor,wakefit,furniture,rose gold",18-35,All,Rose Gold,512GB,2025-07-29,https://images.unsplash.com/photo-1500000000362?auto=format&fit=crop&w=600&q=80,Active
PROD_00363,Urban Ladder Contemporary 3-Seater Fabric Sofa - Rose Gold,Furniture,Living Room,Urban Ladder,10510.0,35,6831.5,4.7,125,238,58.3,High-density cushioned lounge sofa with solid wood frame. Designed with premium quality materials by Urban Ladder.,"sofa,living room,couch,furniture,home,urban ladder,furniture,rose gold",All Ages,All,Rose Gold,Default,2024-11-04,https://images.unsplash.com/photo-1500000000363?auto=format&fit=crop&w=600&q=80,Active
PROD_00364,Godrej Interio Orthopedic Memory Foam Mattress 6-inch,Furniture,Bedroom,Godrej Interio,29820.0,15,25347.0,3.9,156,50,55.1,Zero partner disturbance dual-comfort orthopedic sleeping mattress. Designed with premium quality materials by Godrej Interio.,"mattress,bed,bedroom,memory foam,sleep,godrej interio,furniture,rose gold",Adults,All,Rose Gold,Standard,2026-06-14,https://images.unsplash.com/photo-1500000000364?auto=format&fit=crop&w=600&q=80,Active
PROD_00365,Wakefit Modern Engineered Wood Computer Desk,Furniture,Office,Wakefit,13330.0,20,10664.0,3.7,525,154,66.5,Spacious study table with cable management grommet and side drawers. Designed with premium quality materials by Wakefit.,"desk,table,office,furniture,study,wakefit,furniture,rose gold",Teens & Youth,All,Rose Gold,Default,2026-08-24,https://images.unsplash.com/photo-1500000000365?auto=format&fit=crop&w=600&q=80,Active
PROD_00366,Sleepyhead Orthopedic Memory Foam Mattress 6-inch - Pearl White,Furniture,Bedroom,Sleepyhead,25080.0,50,12540.0,4.7,102,82,56.0,Zero partner disturbance dual-comfort orthopedic sleeping mattress. Designed with premium quality materials by Sleepyhead.,"mattress,bed,bedroom,memory foam,sleep,sleepyhead,furniture,pearl white",18-35,All,Pearl White,Default,2025-01-20,https://images.unsplash.com/photo-1500000000366?auto=format&fit=crop&w=600&q=80,Active
PROD_00367,Urban Ladder Minimalist Nesting Coffee Tables - Space Gray,Furniture,Living Room,Urban Ladder,38410.0,40,23046.0,3.6,599,134,61.6,Set of 2 Scandinavian round metal and oak wood accent tables. Designed with premium quality materials by Urban Ladder.,"coffee table,living room,furniture,table,decor,urban ladder,furniture,space gray",25-50,All,Space Gray,Standard,2025-02-19,https://images.unsplash.com/photo-1500000000367?auto=format&fit=crop&w=600&q=80,Active
PROD_00368,Sleepyhead Minimalist Nesting Coffee Tables - Space Gray,Furniture,Living Room,Sleepyhead,27540.0,25,20655.0,4.0,439,60,67.1,Set of 2 Scandinavian round metal and oak wood accent tables. Designed with premium quality materials by Sleepyhead.,"coffee table,living room,furniture,table,decor,sleepyhead,furniture,space gray",18-35,All,Space Gray,256GB,2024-12-04,https://images.unsplash.com/photo-1500000000368?auto=format&fit=crop&w=600&q=80,Active
PROD_00369,Sleepyhead Minimalist Nesting Coffee Tables,Furniture,Living Room,Sleepyhead,15800.0,15,13430.0,4.8,54,162,59.3,Set of 2 Scandinavian round metal and oak wood accent tables. Designed with premium quality materials by Sleepyhead.,"coffee table,living room,furniture,table,decor,sleepyhead,furniture,rose gold",All Ages,All,Rose Gold,Standard,2025-12-23,https://images.unsplash.com/photo-1500000000369?auto=format&fit=crop&w=600&q=80,Active
PROD_00370,Urban Ladder Ergonomic Mesh High-Back Office Chair,Furniture,Office,Urban Ladder,29790.0,0,29790.0,4.8,27,215,56.8,Adjustable lumbar support and 3D armrests for long sitting hours. Designed with premium quality materials by Urban Ladder.,"office chair,ergonomic,furniture,desk chair,mesh,urban ladder,furniture,olive green",Teens & Youth,All,Olive Green,Default,2025-03-21,https://images.unsplash.com/photo-1500000000370?auto=format&fit=crop&w=600&q=80,Active
PROD_00371,Sleepyhead Minimalist Nesting Coffee Tables - Charcoal,Furniture,Living Room,Sleepyhead,10120.0,40,6072.0,3.6,34,29,39.0,Set of 2 Scandinavian round metal and oak wood accent tables. Designed with premium quality materials by Sleepyhead.,"coffee table,living room,furniture,table,decor,sleepyhead,furniture,charcoal",25-50,All,Charcoal,Default,2025-02-25,https://images.unsplash.com/photo-1500000000371?auto=format&fit=crop&w=600&q=80,Active
PROD_00372,IKEA Minimalist Nesting Coffee Tables - Space Gray,Furniture,Living Room,IKEA,18690.0,5,17755.5,3.8,18,217,45.7,Set of 2 Scandinavian round metal and oak wood accent tables. Designed with premium quality materials by IKEA.,"coffee table,living room,furniture,table,decor,ikea,furniture,space gray",18-35,All,Space Gray,128GB,2025-06-10,https://images.unsplash.com/photo-1500000000372?auto=format&fit=crop&w=600&q=80,Active
PROD_00373,Wakefit Ergonomic Mesh High-Back Office Chair,Furniture,Office,Wakefit,5710.0,10,5139.0,4.6,32,147,48.0,Adjustable lumbar support and 3D armrests for long sitting hours. Designed with premium quality materials by Wakefit.,"office chair,ergonomic,furniture,desk chair,mesh,wakefit,furniture,midnight black",25-50,All,Midnight Black,512GB,2026-01-08,https://images.unsplash.com/photo-1500000000373?auto=format&fit=crop&w=600&q=80,Active
PROD_00374,Sleepyhead Orthopedic Memory Foam Mattress 6-inch - Olive Green,Furniture,Bedroom,Sleepyhead,3620.0,5,3439.0,4.2,221,169,58.0,Zero partner disturbance dual-comfort orthopedic sleeping mattress. Designed with premium quality materials by Sleepyhead.,"mattress,bed,bedroom,memory foam,sleep,sleepyhead,furniture,olive green",Teens & Youth,All,Olive Green,512GB,2026-06-26,https://images.unsplash.com/photo-1500000000374?auto=format&fit=crop&w=600&q=80,Active
PROD_00375,IKEA Minimalist Nesting Coffee Tables,Furniture,Living Room,IKEA,32110.0,20,25688.0,4.3,28,77,51.8,Set of 2 Scandinavian round metal and oak wood accent tables. Designed with premium quality materials by IKEA.,"coffee table,living room,furniture,table,decor,ikea,furniture,space gray",Adults,All,Space Gray,256GB,2025-06-07,https://images.unsplash.com/photo-1500000000375?auto=format&fit=crop&w=600&q=80,Active
PROD_00376,Sleepyhead Contemporary 3-Seater Fabric Sofa - Midnight Black,Furniture,Living Room,Sleepyhead,8050.0,30,5635.0,4.6,84,222,54.8,High-density cushioned lounge sofa with solid wood frame. Designed with premium quality materials by Sleepyhead.,"sofa,living room,couch,furniture,home,sleepyhead,furniture,midnight black",18-35,All,Midnight Black,512GB,2024-11-18,https://images.unsplash.com/photo-1500000000376?auto=format&fit=crop&w=600&q=80,Active
PROD_00377,Urban Ladder Modern Engineered Wood Computer Desk - Silver,Furniture,Office,Urban Ladder,8230.0,0,8230.0,3.5,350,157,52.9,Spacious study table with cable management grommet and side drawers. Designed with premium quality materials by Urban Ladder.,"desk,table,office,furniture,study,urban ladder,furniture,silver",Adults,All,Silver,Default,2025-02-15,https://images.unsplash.com/photo-1500000000377?auto=format&fit=crop&w=600&q=80,Active
PROD_00378,Urban Ladder Ergonomic Mesh High-Back Office Chair,Furniture,Office,Urban Ladder,36510.0,40,21906.0,3.7,19,52,40.0,Adjustable lumbar support and 3D armrests for long sitting hours. Designed with premium quality materials by Urban Ladder.,"office chair,ergonomic,furniture,desk chair,mesh,urban ladder,furniture,navy blue",25-50,All,Navy Blue,Standard,2025-12-14,https://images.unsplash.com/photo-1500000000378?auto=format&fit=crop&w=600&q=80,Active
PROD_00379,Decathlon Extra Thick Non-Slip Eco Yoga Mat - Pearl White,Sports,Yoga,Decathlon,13670.0,40,8202.0,4.1,318,145,54.5,6mm TPE high-density alignment yoga mat with carry strap. Designed with premium quality materials by Decathlon.,"yoga mat,fitness,exercise,wellness,yoga,decathlon,sports,pearl white",Adults,All,Pearl White,Standard,2024-10-11,https://images.unsplash.com/photo-1500000000379?auto=format&fit=crop&w=600&q=80,Active
PROD_00380,Yonex Anti-Burst Gym Exercise Ball with Pump - Space Gray,Sports,Fitness Equipment,Yonex,5530.0,10,4977.0,4.4,74,65,48.0,Core strengthening and pilates stability swiss ball. Designed with premium quality materials by Yonex.,"fitness,gym,exercise,workout,ball,yonex,sports,space gray",Adults,All,Space Gray,128GB,2024-12-03,https://images.unsplash.com/photo-1500000000380?auto=format&fit=crop&w=600&q=80,Active
PROD_00381,Nivia Anti-Burst Gym Exercise Ball with Pump,Sports,Fitness Equipment,Nivia,10670.0,50,5335.0,3.7,37,150,42.1,Core strengthening and pilates stability swiss ball. Designed with premium quality materials by Nivia.,"fitness,gym,exercise,workout,ball,nivia,sports,silver",Teens & Youth,All,Silver,512GB,2025-10-10,https://images.unsplash.com/photo-1500000000381?auto=format&fit=crop&w=600&q=80,Active
PROD_00382,Nivia Carbon Fiber Badminton Racket - Midnight Black,Sports,Outdoor Sports,Nivia,11490.0,30,8043.0,3.9,229,97,49.5,High tension lightweight isometric tournament badminton racket. Designed with premium quality materials by Nivia.,"badminton,racket,sports,outdoor,games,nivia,sports,midnight black",18-35,All,Midnight Black,256GB,2025-09-24,https://images.unsplash.com/photo-1500000000382?auto=format&fit=crop&w=600&q=80,Active
PROD_00383,Cosco Carbon Fiber Badminton Racket - Charcoal,Sports,Outdoor Sports,Cosco,2050.0,50,1025.0,3.6,193,76,52.3,High tension lightweight isometric tournament badminton racket. Designed with premium quality materials by Cosco.,"badminton,racket,sports,outdoor,games,cosco,sports,charcoal",25-50,All,Charcoal,256GB,2026-04-08,https://images.unsplash.com/photo-1500000000383?auto=format&fit=crop&w=600&q=80,Active
PROD_00384,Nivia Quick Dry Athletic Training Shorts - Crimson Red,Sports,Sportswear,Nivia,14310.0,40,8586.0,4.4,392,213,65.5,Moisture wicking running gym shorts with zippered pockets. Designed with premium quality materials by Nivia.,"shorts,sportswear,gym,training,running,nivia,sports,crimson red",All Ages,All,Crimson Red,Standard,2025-07-11,https://images.unsplash.com/photo-1500000000384?auto=format&fit=crop&w=600&q=80,Active
PROD_00385,Nivia Quick Dry Athletic Training Shorts - Midnight Black,Sports,Sportswear,Nivia,15980.0,35,10387.0,4.4,254,43,57.8,Moisture wicking running gym shorts with zippered pockets. Designed with premium quality materials by Nivia.,"shorts,sportswear,gym,training,running,nivia,sports,midnight black",25-50,All,Midnight Black,16GB RAM,2026-01-13,https://images.unsplash.com/photo-1500000000385?auto=format&fit=crop&w=600&q=80,Active
PROD_00386,Boldfit Quick Dry Athletic Training Shorts - Crimson Red,Sports,Sportswear,Boldfit,1770.0,25,1327.5,4.2,307,174,56.7,Moisture wicking running gym shorts with zippered pockets. Designed with premium quality materials by Boldfit.,"shorts,sportswear,gym,training,running,boldfit,sports,crimson red",Teens & Youth,All,Crimson Red,128GB,2024-12-09,https://images.unsplash.com/photo-1500000000386?auto=format&fit=crop&w=600&q=80,Active
PROD_00387,Puma Extra Thick Non-Slip Eco Yoga Mat,Sports,Yoga,Puma,15200.0,10,13680.0,4.5,74,128,57.4,6mm TPE high-density alignment yoga mat with carry strap. Designed with premium quality materials by Puma.,"yoga mat,fitness,exercise,wellness,yoga,puma,sports,pearl white",18-35,All,Pearl White,512GB,2026-07-19,https://images.unsplash.com/photo-1500000000387?auto=format&fit=crop&w=600&q=80,Active
PROD_00388,Cosco Extra Thick Non-Slip Eco Yoga Mat,Sports,Yoga,Cosco,1020.0,15,867.0,4.2,50,207,47.6,6mm TPE high-density alignment yoga mat with carry strap. Designed with premium quality materials by Cosco.,"yoga mat,fitness,exercise,wellness,yoga,cosco,sports,navy blue",25-50,All,Navy Blue,Default,2025-05-06,https://images.unsplash.com/photo-1500000000388?auto=format&fit=crop&w=600&q=80,Active
PROD_00389,Decathlon Carbon Fiber Badminton Racket,Sports,Outdoor Sports,Decathlon,15510.0,20,12408.0,4.7,264,72,63.3,High tension lightweight isometric tournament badminton racket. Designed with premium quality materials by Decathlon.,"badminton,racket,sports,outdoor,games,decathlon,sports,midnight black",25-50,All,Midnight Black,Standard,2025-01-23,https://images.unsplash.com/photo-1500000000389?auto=format&fit=crop&w=600&q=80,Active
PROD_00390,Cosco Extra Thick Non-Slip Eco Yoga Mat - Olive Green,Sports,Yoga,Cosco,13420.0,40,8052.0,3.9,310,237,53.6,6mm TPE high-density alignment yoga mat with carry strap. Designed with premium quality materials by Cosco.,"yoga mat,fitness,exercise,wellness,yoga,cosco,sports,olive green",Adults,All,Olive Green,256GB,2025-07-10,https://images.unsplash.com/photo-1500000000390?auto=format&fit=crop&w=600&q=80,Active
PROD_00391,Yonex Adjustable Hex Dumbbells Pair,Sports,Fitness Equipment,Yonex,14150.0,35,9197.5,3.7,853,24,76.3,Cast iron rubber-encased heavy weights for home gym workouts. Designed with premium quality materials by Yonex.,"dumbbells,weights,gym,fitness,bodybuilding,yonex,sports,charcoal",Adults,All,Charcoal,512GB,2025-11-15,https://images.unsplash.com/photo-1500000000391?auto=format&fit=crop&w=600&q=80,Active
PROD_00392,Nivia Extra Thick Non-Slip Eco Yoga Mat - Pearl White,Sports,Yoga,Nivia,13130.0,15,11160.5,4.1,110,89,52.6,6mm TPE high-density alignment yoga mat with carry strap. Designed with premium quality materials by Nivia.,"yoga mat,fitness,exercise,wellness,yoga,nivia,sports,pearl white",25-50,All,Pearl White,128GB,2025-04-23,https://images.unsplash.com/photo-1500000000392?auto=format&fit=crop&w=600&q=80,Active
PROD_00393,Cosco Carbon Fiber Badminton Racket - Navy Blue,Sports,Outdoor Sports,Cosco,6780.0,15,5763.0,3.6,98,151,45.8,High tension lightweight isometric tournament badminton racket. Designed with premium quality materials by Cosco.,"badminton,racket,sports,outdoor,games,cosco,sports,navy blue",18-35,All,Navy Blue,16GB RAM,2026-04-14,https://images.unsplash.com/photo-1500000000393?auto=format&fit=crop&w=600&q=80,Active
PROD_00394,Decathlon Quick Dry Athletic Training Shorts,Sports,Sportswear,Decathlon,14790.0,40,8874.0,4.8,284,158,69.1,Moisture wicking running gym shorts with zippered pockets. Designed with premium quality materials by Decathlon.,"shorts,sportswear,gym,training,running,decathlon,sports,classic beige",All Ages,All,Classic Beige,128GB,2024-11-15,https://images.unsplash.com/photo-1500000000394?auto=format&fit=crop&w=600&q=80,Active
PROD_00395,Boldfit Anti-Burst Gym Exercise Ball with Pump - Crimson Red,Sports,Fitness Equipment,Boldfit,15890.0,35,10328.5,3.7,90,217,44.7,Core strengthening and pilates stability swiss ball. Designed with premium quality materials by Boldfit.,"fitness,gym,exercise,workout,ball,boldfit,sports,crimson red",18-35,All,Crimson Red,Default,2026-04-05,https://images.unsplash.com/photo-1500000000395?auto=format&fit=crop&w=600&q=80,Active
PROD_00396,Nivia Quick Dry Athletic Training Shorts,Sports,Sportswear,Nivia,11680.0,25,8760.0,4.8,495,157,73.7,Moisture wicking running gym shorts with zippered pockets. Designed with premium quality materials by Nivia.,"shorts,sportswear,gym,training,running,nivia,sports,classic beige",Adults,All,Classic Beige,Standard,2026-01-06,https://images.unsplash.com/photo-1500000000396?auto=format&fit=crop&w=600&q=80,Active
PROD_00397,Cosco Carbon Fiber Badminton Racket,Sports,Outdoor Sports,Cosco,13800.0,40,8280.0,4.5,366,216,61.1,High tension lightweight isometric tournament badminton racket. Designed with premium quality materials by Cosco.,"badminton,racket,sports,outdoor,games,cosco,sports,pearl white",All Ages,All,Pearl White,Default,2026-05-23,https://images.unsplash.com/photo-1500000000397?auto=format&fit=crop&w=600&q=80,Active
PROD_00398,Cosco Extra Thick Non-Slip Eco Yoga Mat - Classic Beige,Sports,Yoga,Cosco,8670.0,5,8236.5,3.6,115,173,41.9,6mm TPE high-density alignment yoga mat with carry strap. Designed with premium quality materials by Cosco.,"yoga mat,fitness,exercise,wellness,yoga,cosco,sports,classic beige",All Ages,All,Classic Beige,16GB RAM,2024-12-20,https://images.unsplash.com/photo-1500000000398?auto=format&fit=crop&w=600&q=80,Active
PROD_00399,Decathlon Quick Dry Athletic Training Shorts,Sports,Sportswear,Decathlon,1030.0,40,618.0,4.1,265,245,59.6,Moisture wicking running gym shorts with zippered pockets. Designed with premium quality materials by Decathlon.,"shorts,sportswear,gym,training,running,decathlon,sports,olive green",Teens & Youth,All,Olive Green,16GB RAM,2025-08-04,https://images.unsplash.com/photo-1500000000399?auto=format&fit=crop&w=600&q=80,Active
PROD_00400,Puma Adjustable Hex Dumbbells Pair,Sports,Fitness Equipment,Puma,7820.0,15,6647.0,4.8,267,26,61.5,Cast iron rubber-encased heavy weights for home gym workouts. Designed with premium quality materials by Puma.,"dumbbells,weights,gym,fitness,bodybuilding,puma,sports,classic beige",Teens & Youth,All,Classic Beige,Default,2025-02-19,https://images.unsplash.com/photo-1500000000400?auto=format&fit=crop&w=600&q=80,Active
PROD_00401,Yonex Carbon Fiber Badminton Racket - Navy Blue,Sports,Outdoor Sports,Yonex,2190.0,0,2190.0,4.0,34,57,48.2,High tension lightweight isometric tournament badminton racket. Designed with premium quality materials by Yonex.,"badminton,racket,sports,outdoor,games,yonex,sports,navy blue",All Ages,All,Navy Blue,Default,2025-10-10,https://images.unsplash.com/photo-1500000000401?auto=format&fit=crop&w=600&q=80,Active
PROD_00402,Yonex Carbon Fiber Badminton Racket - Space Gray,Sports,Outdoor Sports,Yonex,4320.0,40,2592.0,4.1,434,98,64.5,High tension lightweight isometric tournament badminton racket. Designed with premium quality materials by Yonex.,"badminton,racket,sports,outdoor,games,yonex,sports,space gray",Teens & Youth,All,Space Gray,128GB,2024-10-02,https://images.unsplash.com/photo-1500000000402?auto=format&fit=crop&w=600&q=80,Active
PROD_00403,Nivia Carbon Fiber Badminton Racket - Olive Green,Sports,Outdoor Sports,Nivia,6140.0,40,3684.0,4.2,141,83,53.4,High tension lightweight isometric tournament badminton racket. Designed with premium quality materials by Nivia.,"badminton,racket,sports,outdoor,games,nivia,sports,olive green",Adults,All,Olive Green,16GB RAM,2025-07-18,https://images.unsplash.com/photo-1500000000403?auto=format&fit=crop&w=600&q=80,Active
PROD_00404,Boldfit Extra Thick Non-Slip Eco Yoga Mat - Space Gray,Sports,Yoga,Boldfit,11290.0,10,10161.0,3.6,330,135,53.2,6mm TPE high-density alignment yoga mat with carry strap. Designed with premium quality materials by Boldfit.,"yoga mat,fitness,exercise,wellness,yoga,boldfit,sports,space gray",18-35,All,Space Gray,Standard,2025-09-17,https://images.unsplash.com/photo-1500000000404?auto=format&fit=crop&w=600&q=80,Active
PROD_00405,Puma Quick Dry Athletic Training Shorts - Midnight Black,Sports,Sportswear,Puma,430.0,5,408.5,4.7,84,125,59.6,Moisture wicking running gym shorts with zippered pockets. Designed with premium quality materials by Puma.,"shorts,sportswear,gym,training,running,puma,sports,midnight black",Teens & Youth,All,Midnight Black,128GB,2025-06-10,https://images.unsplash.com/photo-1500000000405?auto=format&fit=crop&w=600&q=80,Active
PROD_00406,Decathlon Anti-Burst Gym Exercise Ball with Pump,Sports,Fitness Equipment,Decathlon,940.0,30,658.0,4.8,421,107,71.0,Core strengthening and pilates stability swiss ball. Designed with premium quality materials by Decathlon.,"fitness,gym,exercise,workout,ball,decathlon,sports,crimson red",25-50,All,Crimson Red,128GB,2025-03-14,https://images.unsplash.com/photo-1500000000406?auto=format&fit=crop&w=600&q=80,Active
PROD_00407,Boldfit Adjustable Hex Dumbbells Pair - Classic Beige,Sports,Fitness Equipment,Boldfit,7220.0,15,6137.0,4.7,103,243,59.2,Cast iron rubber-encased heavy weights for home gym workouts. Designed with premium quality materials by Boldfit.,"dumbbells,weights,gym,fitness,bodybuilding,boldfit,sports,classic beige",18-35,All,Classic Beige,Default,2025-11-10,https://images.unsplash.com/photo-1500000000407?auto=format&fit=crop&w=600&q=80,Active
PROD_00408,Decathlon Extra Thick Non-Slip Eco Yoga Mat - Classic Beige,Sports,Yoga,Decathlon,9980.0,0,9980.0,4.0,16,172,40.6,6mm TPE high-density alignment yoga mat with carry strap. Designed with premium quality materials by Decathlon.,"yoga mat,fitness,exercise,wellness,yoga,decathlon,sports,classic beige",Adults,All,Classic Beige,16GB RAM,2026-03-21,https://images.unsplash.com/photo-1500000000408?auto=format&fit=crop&w=600&q=80,Active
PROD_00409,Yonex Anti-Burst Gym Exercise Ball with Pump - Olive Green,Sports,Fitness Equipment,Yonex,3480.0,0,3480.0,4.5,439,22,71.8,Core strengthening and pilates stability swiss ball. Designed with premium quality materials by Yonex.,"fitness,gym,exercise,workout,ball,yonex,sports,olive green",Teens & Youth,All,Olive Green,256GB,2025-02-13,https://images.unsplash.com/photo-1500000000409?auto=format&fit=crop&w=600&q=80,Active
PROD_00410,Boldfit Adjustable Hex Dumbbells Pair,Sports,Fitness Equipment,Boldfit,13110.0,15,11143.5,4.3,32,54,48.8,Cast iron rubber-encased heavy weights for home gym workouts. Designed with premium quality materials by Boldfit.,"dumbbells,weights,gym,fitness,bodybuilding,boldfit,sports,rose gold",25-50,All,Rose Gold,16GB RAM,2025-07-12,https://images.unsplash.com/photo-1500000000410?auto=format&fit=crop&w=600&q=80,Active
PROD_00411,Decathlon Quick Dry Athletic Training Shorts - Crimson Red,Sports,Sportswear,Decathlon,9090.0,40,5454.0,3.9,84,247,43.5,Moisture wicking running gym shorts with zippered pockets. Designed with premium quality materials by Decathlon.,"shorts,sportswear,gym,training,running,decathlon,sports,crimson red",Teens & Youth,All,Crimson Red,128GB,2025-03-22,https://images.unsplash.com/photo-1500000000411?auto=format&fit=crop&w=600&q=80,Active
PROD_00412,Puma Adjustable Hex Dumbbells Pair - Classic Beige,Sports,Fitness Equipment,Puma,9160.0,15,7786.0,4.6,554,203,72.7,Cast iron rubber-encased heavy weights for home gym workouts. Designed with premium quality materials by Puma.,"dumbbells,weights,gym,fitness,bodybuilding,puma,sports,classic beige",Teens & Youth,All,Classic Beige,256GB,2025-05-15,https://images.unsplash.com/photo-1500000000412?auto=format&fit=crop&w=600&q=80,Active
PROD_00413,Decathlon Quick Dry Athletic Training Shorts,Sports,Sportswear,Decathlon,10270.0,15,8729.5,4.4,556,63,74.2,Moisture wicking running gym shorts with zippered pockets. Designed with premium quality materials by Decathlon.,"shorts,sportswear,gym,training,running,decathlon,sports,charcoal",25-50,All,Charcoal,Default,2025-07-03,https://images.unsplash.com/photo-1500000000413?auto=format&fit=crop&w=600&q=80,Active
PROD_00414,Puma Adjustable Hex Dumbbells Pair,Sports,Fitness Equipment,Puma,1800.0,25,1350.0,3.6,168,243,44.5,Cast iron rubber-encased heavy weights for home gym workouts. Designed with premium quality materials by Puma.,"dumbbells,weights,gym,fitness,bodybuilding,puma,sports,rose gold",25-50,All,Rose Gold,Default,2025-10-12,https://images.unsplash.com/photo-1500000000414?auto=format&fit=crop&w=600&q=80,Active
PROD_00415,Nivia Adjustable Hex Dumbbells Pair - Classic Beige,Sports,Fitness Equipment,Nivia,11040.0,15,9384.0,4.2,194,56,52.1,Cast iron rubber-encased heavy weights for home gym workouts. Designed with premium quality materials by Nivia.,"dumbbells,weights,gym,fitness,bodybuilding,nivia,sports,classic beige",18-35,All,Classic Beige,256GB,2025-12-25,https://images.unsplash.com/photo-1500000000415?auto=format&fit=crop&w=600&q=80,Active
PROD_00416,Nivia Adjustable Hex Dumbbells Pair - Navy Blue,Sports,Fitness Equipment,Nivia,5920.0,5,5624.0,3.7,122,25,48.6,Cast iron rubber-encased heavy weights for home gym workouts. Designed with premium quality materials by Nivia.,"dumbbells,weights,gym,fitness,bodybuilding,nivia,sports,navy blue",18-35,All,Navy Blue,128GB,2024-10-19,https://images.unsplash.com/photo-1500000000416?auto=format&fit=crop&w=600&q=80,Active
PROD_00417,Puma Carbon Fiber Badminton Racket - Midnight Black,Sports,Outdoor Sports,Puma,6160.0,25,4620.0,4.2,77,230,54.0,High tension lightweight isometric tournament badminton racket. Designed with premium quality materials by Puma.,"badminton,racket,sports,outdoor,games,puma,sports,midnight black",All Ages,All,Midnight Black,16GB RAM,2025-11-21,https://images.unsplash.com/photo-1500000000417?auto=format&fit=crop&w=600&q=80,Active
PROD_00418,Nivia Carbon Fiber Badminton Racket,Sports,Outdoor Sports,Nivia,9370.0,0,9370.0,4.2,86,113,50.2,High tension lightweight isometric tournament badminton racket. Designed with premium quality materials by Nivia.,"badminton,racket,sports,outdoor,games,nivia,sports,rose gold",Teens & Youth,All,Rose Gold,256GB,2025-02-22,https://images.unsplash.com/photo-1500000000418?auto=format&fit=crop&w=600&q=80,Active
PROD_00419,Puma Anti-Burst Gym Exercise Ball with Pump - Silver,Sports,Fitness Equipment,Puma,2230.0,40,1338.0,4.1,215,181,49.7,Core strengthening and pilates stability swiss ball. Designed with premium quality materials by Puma.,"fitness,gym,exercise,workout,ball,puma,sports,silver",18-35,All,Silver,512GB,2024-10-08,https://images.unsplash.com/photo-1500000000419?auto=format&fit=crop&w=600&q=80,Active
PROD_00420,Cosco Extra Thick Non-Slip Eco Yoga Mat,Sports,Yoga,Cosco,13840.0,10,12456.0,4.3,266,65,56.3,6mm TPE high-density alignment yoga mat with carry strap. Designed with premium quality materials by Cosco.,"yoga mat,fitness,exercise,wellness,yoga,cosco,sports,classic beige",25-50,All,Classic Beige,Default,2024-12-10,https://images.unsplash.com/photo-1500000000420?auto=format&fit=crop&w=600&q=80,Active
PROD_00421,O'Reilly The Psychology of Money,Books,Business & Finance,O'Reilly,2160.0,25,1620.0,4.0,297,107,54.7,"Timeless lessons on wealth, greed, and happiness by Morgan Housel. Designed with premium quality materials by O'Reilly.","book,finance,money,investing,reading,o'reilly,books,pearl white",Teens & Youth,All,Pearl White,512GB,2026-02-26,https://images.unsplash.com/photo-1500000000421?auto=format&fit=crop&w=600&q=80,Active
PROD_00422,HarperCollins Python Machine Learning & AI Mastery - Classic Beige,Books,Technology,HarperCollins,2220.0,15,1887.0,4.3,295,224,58.6,Comprehensive hands-on guide from algorithms to production deployment. Designed with premium quality materials by HarperCollins.,"book,python,ai,machine learning,tech,harpercollins,books,classic beige",18-35,All,Classic Beige,Standard,2026-04-02,https://images.unsplash.com/photo-1500000000422?auto=format&fit=crop&w=600&q=80,Active
PROD_00423,Random House Designing Data-Intensive Applications - Midnight Black,Books,Technology,Random House,2990.0,40,1794.0,4.2,32,85,51.1,The definitive guide to distributed data systems and architecture. Designed with premium quality materials by Random House.,"book,tech,programming,data,engineering,random house,books,midnight black",Teens & Youth,All,Midnight Black,128GB,2025-10-26,https://images.unsplash.com/photo-1500000000423?auto=format&fit=crop&w=600&q=80,Active
PROD_00424,Bloomsbury The Psychology of Money,Books,Business & Finance,Bloomsbury,660.0,15,561.0,4.6,137,126,59.9,"Timeless lessons on wealth, greed, and happiness by Morgan Housel. Designed with premium quality materials by Bloomsbury.","book,finance,money,investing,reading,bloomsbury,books,classic beige",Teens & Youth,All,Classic Beige,Default,2026-05-23,https://images.unsplash.com/photo-1500000000424?auto=format&fit=crop&w=600&q=80,Active
PROD_00425,O'Reilly Deep Work: Focused Success in a Distracted World - Crimson Red,Books,Self-Help,O'Reilly,2810.0,20,2248.0,4.0,25,110,42.2,Rules for focused success in a distracted world by Cal Newport. Designed with premium quality materials by O'Reilly.,"book,productivity,work,focus,career,o'reilly,books,crimson red",25-50,All,Crimson Red,256GB,2024-10-03,https://images.unsplash.com/photo-1500000000425?auto=format&fit=crop&w=600&q=80,Active
PROD_00426,HarperCollins Python Machine Learning & AI Mastery,Books,Technology,HarperCollins,2380.0,25,1785.0,4.0,158,135,51.2,Comprehensive hands-on guide from algorithms to production deployment. Designed with premium quality materials by HarperCollins.,"book,python,ai,machine learning,tech,harpercollins,books,classic beige",Adults,All,Classic Beige,16GB RAM,2025-05-29,https://images.unsplash.com/photo-1500000000426?auto=format&fit=crop&w=600&q=80,Active
PROD_00427,Random House Atomic Habits: Build Good Habits - Classic Beige,Books,Self-Help,Random House,600.0,10,540.0,4.4,119,242,52.1,Proven framework for improving every day by James Clear. Designed with premium quality materials by Random House.,"book,self-help,habits,bestseller,reading,random house,books,classic beige",Teens & Youth,All,Classic Beige,256GB,2024-11-21,https://images.unsplash.com/photo-1500000000427?auto=format&fit=crop&w=600&q=80,Active
PROD_00428,Bloomsbury Python Machine Learning & AI Mastery,Books,Technology,Bloomsbury,840.0,25,630.0,4.4,408,186,63.0,Comprehensive hands-on guide from algorithms to production deployment. Designed with premium quality materials by Bloomsbury.,"book,python,ai,machine learning,tech,bloomsbury,books,olive green",All Ages,All,Olive Green,Default,2024-11-07,https://images.unsplash.com/photo-1500000000428?auto=format&fit=crop&w=600&q=80,Active
PROD_00429,O'Reilly Deep Work: Focused Success in a Distracted World - Charcoal,Books,Self-Help,O'Reilly,1460.0,10,1314.0,3.8,92,10,42.9,Rules for focused success in a distracted world by Cal Newport. Designed with premium quality materials by O'Reilly.,"book,productivity,work,focus,career,o'reilly,books,charcoal",Adults,All,Charcoal,256GB,2026-01-01,https://images.unsplash.com/photo-1500000000429?auto=format&fit=crop&w=600&q=80,Active
PROD_00430,Penguin The Psychology of Money,Books,Business & Finance,Penguin,380.0,35,247.0,4.3,37,11,52.2,"Timeless lessons on wealth, greed, and happiness by Morgan Housel. Designed with premium quality materials by Penguin.","book,finance,money,investing,reading,penguin,books,navy blue",Teens & Youth,All,Navy Blue,128GB,2025-03-11,https://images.unsplash.com/photo-1500000000430?auto=format&fit=crop&w=600&q=80,Active
PROD_00431,Penguin Atomic Habits: Build Good Habits,Books,Self-Help,Penguin,2810.0,30,1967.0,3.9,42,68,48.1,Proven framework for improving every day by James Clear. Designed with premium quality materials by Penguin.,"book,self-help,habits,bestseller,reading,penguin,books,crimson red",18-35,All,Crimson Red,16GB RAM,2025-06-02,https://images.unsplash.com/photo-1500000000431?auto=format&fit=crop&w=600&q=80,Active
PROD_00432,HarperCollins Designing Data-Intensive Applications,Books,Technology,HarperCollins,1200.0,25,900.0,4.7,273,124,67.7,The definitive guide to distributed data systems and architecture. Designed with premium quality materials by HarperCollins.,"book,tech,programming,data,engineering,harpercollins,books,rose gold",All Ages,All,Rose Gold,128GB,2025-02-22,https://images.unsplash.com/photo-1500000000432?auto=format&fit=crop&w=600&q=80,Active
PROD_00433,Bloomsbury The Psychology of Money,Books,Business & Finance,Bloomsbury,1870.0,50,935.0,4.1,188,168,54.9,"Timeless lessons on wealth, greed, and happiness by Morgan Housel. Designed with premium quality materials by Bloomsbury.","book,finance,money,investing,reading,bloomsbury,books,charcoal",Adults,All,Charcoal,128GB,2025-10-16,https://images.unsplash.com/photo-1500000000433?auto=format&fit=crop&w=600&q=80,Active
PROD_00434,Random House The Psychology of Money - Rose Gold,Books,Business & Finance,Random House,1220.0,20,976.0,3.7,34,7,38.4,"Timeless lessons on wealth, greed, and happiness by Morgan Housel. Designed with premium quality materials by Random House.","book,finance,money,investing,reading,random house,books,rose gold",All Ages,All,Rose Gold,128GB,2026-04-12,https://images.unsplash.com/photo-1500000000434?auto=format&fit=crop&w=600&q=80,Active
PROD_00435,O'Reilly The Psychology of Money - Charcoal,Books,Business & Finance,O'Reilly,1580.0,35,1027.0,3.9,30,201,44.5,"Timeless lessons on wealth, greed, and happiness by Morgan Housel. Designed with premium quality materials by O'Reilly.","book,finance,money,investing,reading,o'reilly,books,charcoal",All Ages,All,Charcoal,16GB RAM,2025-11-03,https://images.unsplash.com/photo-1500000000435?auto=format&fit=crop&w=600&q=80,Active
PROD_00436,HarperCollins Python Machine Learning & AI Mastery,Books,Technology,HarperCollins,2670.0,30,1869.0,4.1,232,46,57.4,Comprehensive hands-on guide from algorithms to production deployment. Designed with premium quality materials by HarperCollins.,"book,python,ai,machine learning,tech,harpercollins,books,midnight black",25-50,All,Midnight Black,16GB RAM,2024-11-06,https://images.unsplash.com/photo-1500000000436?auto=format&fit=crop&w=600&q=80,Active
PROD_00437,Random House Deep Work: Focused Success in a Distracted World - Navy Blue,Books,Self-Help,Random House,870.0,50,435.0,4.6,28,180,49.8,Rules for focused success in a distracted world by Cal Newport. Designed with premium quality materials by Random House.,"book,productivity,work,focus,career,random house,books,navy blue",All Ages,All,Navy Blue,256GB,2024-11-03,https://images.unsplash.com/photo-1500000000437?auto=format&fit=crop&w=600&q=80,Active
PROD_00438,O'Reilly Python Machine Learning & AI Mastery,Books,Technology,O'Reilly,1010.0,35,656.5,4.4,325,74,64.0,Comprehensive hands-on guide from algorithms to production deployment. Designed with premium quality materials by O'Reilly.,"book,python,ai,machine learning,tech,o'reilly,books,olive green",All Ages,All,Olive Green,128GB,2025-04-13,https://images.unsplash.com/photo-1500000000438?auto=format&fit=crop&w=600&q=80,Active
PROD_00439,O'Reilly Designing Data-Intensive Applications - Midnight Black,Books,Technology,O'Reilly,260.0,5,247.0,3.9,235,37,55.6,The definitive guide to distributed data systems and architecture. Designed with premium quality materials by O'Reilly.,"book,tech,programming,data,engineering,o'reilly,books,midnight black",All Ages,All,Midnight Black,128GB,2026-08-21,https://images.unsplash.com/photo-1500000000439?auto=format&fit=crop&w=600&q=80,Active
PROD_00440,Penguin Designing Data-Intensive Applications,Books,Technology,Penguin,1380.0,35,897.0,4.9,30,123,57.2,The definitive guide to distributed data systems and architecture. Designed with premium quality materials by Penguin.,"book,tech,programming,data,engineering,penguin,books,pearl white",Teens & Youth,All,Pearl White,Default,2026-07-28,https://images.unsplash.com/photo-1500000000440?auto=format&fit=crop&w=600&q=80,Active
PROD_00441,Penguin The Psychology of Money - Pearl White,Books,Business & Finance,Penguin,400.0,35,260.0,3.8,30,234,47.6,"Timeless lessons on wealth, greed, and happiness by Morgan Housel. Designed with premium quality materials by Penguin.","book,finance,money,investing,reading,penguin,books,pearl white",25-50,All,Pearl White,Default,2025-08-04,https://images.unsplash.com/photo-1500000000441?auto=format&fit=crop&w=600&q=80,Active
PROD_00442,Penguin Atomic Habits: Build Good Habits,Books,Self-Help,Penguin,2980.0,15,2533.0,4.1,791,202,73.6,Proven framework for improving every day by James Clear. Designed with premium quality materials by Penguin.,"book,self-help,habits,bestseller,reading,penguin,books,navy blue",Teens & Youth,All,Navy Blue,512GB,2024-10-17,https://images.unsplash.com/photo-1500000000442?auto=format&fit=crop&w=600&q=80,Active
PROD_00443,Random House Designing Data-Intensive Applications - Olive Green,Books,Technology,Random House,640.0,0,640.0,4.5,99,145,54.2,The definitive guide to distributed data systems and architecture. Designed with premium quality materials by Random House.,"book,tech,programming,data,engineering,random house,books,olive green",25-50,All,Olive Green,Standard,2025-12-13,https://images.unsplash.com/photo-1500000000443?auto=format&fit=crop&w=600&q=80,Active
PROD_00444,O'Reilly Deep Work: Focused Success in a Distracted World - Navy Blue,Books,Self-Help,O'Reilly,810.0,5,769.5,3.8,98,116,45.2,Rules for focused success in a distracted world by Cal Newport. Designed with premium quality materials by O'Reilly.,"book,productivity,work,focus,career,o'reilly,books,navy blue",All Ages,All,Navy Blue,256GB,2026-03-11,https://images.unsplash.com/photo-1500000000444?auto=format&fit=crop&w=600&q=80,Active
PROD_00445,Bloomsbury The Psychology of Money,Books,Business & Finance,Bloomsbury,320.0,35,208.0,4.5,316,44,61.4,"Timeless lessons on wealth, greed, and happiness by Morgan Housel. Designed with premium quality materials by Bloomsbury.","book,finance,money,investing,reading,bloomsbury,books,space gray",18-35,All,Space Gray,512GB,2026-05-30,https://images.unsplash.com/photo-1500000000445?auto=format&fit=crop&w=600&q=80,Active
PROD_00446,HarperCollins Designing Data-Intensive Applications,Books,Technology,HarperCollins,2910.0,0,2910.0,3.6,544,170,59.3,The definitive guide to distributed data systems and architecture. Designed with premium quality materials by HarperCollins.,"book,tech,programming,data,engineering,harpercollins,books,charcoal",Adults,All,Charcoal,Default,2025-02-26,https://images.unsplash.com/photo-1500000000446?auto=format&fit=crop&w=600&q=80,Active
PROD_00447,HarperCollins Atomic Habits: Build Good Habits - Charcoal,Books,Self-Help,HarperCollins,2410.0,25,1807.5,4.6,783,117,84.7,Proven framework for improving every day by James Clear. Designed with premium quality materials by HarperCollins.,"book,self-help,habits,bestseller,reading,harpercollins,books,charcoal",25-50,All,Charcoal,128GB,2026-08-08,https://images.unsplash.com/photo-1500000000447?auto=format&fit=crop&w=600&q=80,Active
PROD_00448,O'Reilly Deep Work: Focused Success in a Distracted World - Pearl White,Books,Self-Help,O'Reilly,1420.0,20,1136.0,4.3,266,130,55.5,Rules for focused success in a distracted world by Cal Newport. Designed with premium quality materials by O'Reilly.,"book,productivity,work,focus,career,o'reilly,books,pearl white",All Ages,All,Pearl White,256GB,2026-02-19,https://images.unsplash.com/photo-1500000000448?auto=format&fit=crop&w=600&q=80,Active
PROD_00449,O'Reilly Python Machine Learning & AI Mastery,Books,Technology,O'Reilly,2530.0,40,1518.0,3.7,99,140,42.5,Comprehensive hands-on guide from algorithms to production deployment. Designed with premium quality materials by O'Reilly.,"book,python,ai,machine learning,tech,o'reilly,books,silver",Teens & Youth,All,Silver,Standard,2025-10-31,https://images.unsplash.com/photo-1500000000449?auto=format&fit=crop&w=600&q=80,Active
PROD_00450,Bloomsbury The Psychology of Money - Silver,Books,Business & Finance,Bloomsbury,1620.0,10,1458.0,4.7,30,163,56.8,"Timeless lessons on wealth, greed, and happiness by Morgan Housel. Designed with premium quality materials by Bloomsbury.","book,finance,money,investing,reading,bloomsbury,books,silver",All Ages,All,Silver,512GB,2024-12-02,https://images.unsplash.com/photo-1500000000450?auto=format&fit=crop&w=600&q=80,Active
PROD_00451,O'Reilly Designing Data-Intensive Applications - Space Gray,Books,Technology,O'Reilly,730.0,35,474.5,4.6,285,44,63.5,The definitive guide to distributed data systems and architecture. Designed with premium quality materials by O'Reilly.,"book,tech,programming,data,engineering,o'reilly,books,space gray",Adults,All,Space Gray,Standard,2025-10-03,https://images.unsplash.com/photo-1500000000451?auto=format&fit=crop&w=600&q=80,Active
PROD_00452,O'Reilly Deep Work: Focused Success in a Distracted World - Space Gray,Books,Self-Help,O'Reilly,320.0,10,288.0,3.8,162,13,46.5,Rules for focused success in a distracted world by Cal Newport. Designed with premium quality materials by O'Reilly.,"book,productivity,work,focus,career,o'reilly,books,space gray",Adults,All,Space Gray,Default,2025-04-19,https://images.unsplash.com/photo-1500000000452?auto=format&fit=crop&w=600&q=80,Active
PROD_00453,Penguin Designing Data-Intensive Applications - Midnight Black,Books,Technology,Penguin,1670.0,50,835.0,3.9,114,98,45.8,The definitive guide to distributed data systems and architecture. Designed with premium quality materials by Penguin.,"book,tech,programming,data,engineering,penguin,books,midnight black",Teens & Youth,All,Midnight Black,16GB RAM,2026-06-18,https://images.unsplash.com/photo-1500000000453?auto=format&fit=crop&w=600&q=80,Active
PROD_00454,HarperCollins Atomic Habits: Build Good Habits - Charcoal,Books,Self-Help,HarperCollins,370.0,40,222.0,4.5,441,232,66.8,Proven framework for improving every day by James Clear. Designed with premium quality materials by HarperCollins.,"book,self-help,habits,bestseller,reading,harpercollins,books,charcoal",Teens & Youth,All,Charcoal,Default,2025-08-17,https://images.unsplash.com/photo-1500000000454?auto=format&fit=crop&w=600&q=80,Active
PROD_00455,Bloomsbury Atomic Habits: Build Good Habits - Crimson Red,Books,Self-Help,Bloomsbury,2540.0,5,2413.0,4.8,36,250,54.6,Proven framework for improving every day by James Clear. Designed with premium quality materials by Bloomsbury.,"book,self-help,habits,bestseller,reading,bloomsbury,books,crimson red",All Ages,All,Crimson Red,16GB RAM,2026-05-18,https://images.unsplash.com/photo-1500000000455?auto=format&fit=crop&w=600&q=80,Active
PROD_00456,Bloomsbury Designing Data-Intensive Applications - Olive Green,Books,Technology,Bloomsbury,900.0,10,810.0,4.3,137,147,52.6,The definitive guide to distributed data systems and architecture. Designed with premium quality materials by Bloomsbury.,"book,tech,programming,data,engineering,bloomsbury,books,olive green",18-35,All,Olive Green,128GB,2026-05-13,https://images.unsplash.com/photo-1500000000456?auto=format&fit=crop&w=600&q=80,Active
PROD_00457,O'Reilly Python Machine Learning & AI Mastery - Charcoal,Books,Technology,O'Reilly,670.0,10,603.0,4.3,17,134,47.1,Comprehensive hands-on guide from algorithms to production deployment. Designed with premium quality materials by O'Reilly.,"book,python,ai,machine learning,tech,o'reilly,books,charcoal",Teens & Youth,All,Charcoal,Standard,2026-03-21,https://images.unsplash.com/photo-1500000000457?auto=format&fit=crop&w=600&q=80,Active
PROD_00458,Bloomsbury Python Machine Learning & AI Mastery - Charcoal,Books,Technology,Bloomsbury,2990.0,25,2242.5,4.1,128,167,50.4,Comprehensive hands-on guide from algorithms to production deployment. Designed with premium quality materials by Bloomsbury.,"book,python,ai,machine learning,tech,bloomsbury,books,charcoal",25-50,All,Charcoal,256GB,2025-10-02,https://images.unsplash.com/photo-1500000000458?auto=format&fit=crop&w=600&q=80,Active
PROD_00459,HarperCollins Python Machine Learning & AI Mastery,Books,Technology,HarperCollins,1740.0,20,1392.0,4.0,25,120,45.5,Comprehensive hands-on guide from algorithms to production deployment. Designed with premium quality materials by HarperCollins.,"book,python,ai,machine learning,tech,harpercollins,books,classic beige",18-35,All,Classic Beige,16GB RAM,2025-07-19,https://images.unsplash.com/photo-1500000000459?auto=format&fit=crop&w=600&q=80,Active
PROD_00460,Penguin Atomic Habits: Build Good Habits - Crimson Red,Books,Self-Help,Penguin,2980.0,20,2384.0,3.5,37,61,38.6,Proven framework for improving every day by James Clear. Designed with premium quality materials by Penguin.,"book,self-help,habits,bestseller,reading,penguin,books,crimson red",All Ages,All,Crimson Red,16GB RAM,2025-10-11,https://images.unsplash.com/photo-1500000000460?auto=format&fit=crop&w=600&q=80,Active
PROD_00461,O'Reilly Atomic Habits: Build Good Habits - Rose Gold,Books,Self-Help,O'Reilly,1800.0,5,1710.0,3.6,37,96,39.0,Proven framework for improving every day by James Clear. Designed with premium quality materials by O'Reilly.,"book,self-help,habits,bestseller,reading,o'reilly,books,rose gold",Adults,All,Rose Gold,16GB RAM,2025-12-01,https://images.unsplash.com/photo-1500000000461?auto=format&fit=crop&w=600&q=80,Active
PROD_00462,Bloomsbury The Psychology of Money - Navy Blue,Books,Business & Finance,Bloomsbury,460.0,30,322.0,4.3,203,60,58.5,"Timeless lessons on wealth, greed, and happiness by Morgan Housel. Designed with premium quality materials by Bloomsbury.","book,finance,money,investing,reading,bloomsbury,books,navy blue",25-50,All,Navy Blue,128GB,2025-10-01,https://images.unsplash.com/photo-1500000000462?auto=format&fit=crop&w=600&q=80,Active
PROD_00463,Xbox Surround Sound Gaming Headset with Mic - Charcoal,Gaming,Accessories,Xbox,6150.0,20,4920.0,3.6,261,211,52.2,50mm drivers with detachable noise-cancelling boom mic. Designed with premium quality materials by Xbox.,"headset,gaming,audio,mic,discord,xbox,gaming,charcoal",Adults,All,Charcoal,Standard,2026-06-10,https://images.unsplash.com/photo-1500000000463?auto=format&fit=crop&w=600&q=80,Active
PROD_00464,Razer Wireless Haptic Feedback Gaming Controller - Silver,Gaming,Controllers,Razer,7510.0,15,6383.5,4.5,172,222,57.9,Customizable triggers with ultra-low latency wireless dongle. Designed with premium quality materials by Razer.,"controller,gamepad,gaming,wireless,pc,razer,gaming,silver",Teens & Youth,All,Silver,512GB,2026-08-18,https://images.unsplash.com/photo-1500000000464?auto=format&fit=crop&w=600&q=80,Active
PROD_00465,PlayStation Surround Sound Gaming Headset with Mic,Gaming,Accessories,PlayStation,31500.0,25,23625.0,4.2,604,61,67.7,50mm drivers with detachable noise-cancelling boom mic. Designed with premium quality materials by PlayStation.,"headset,gaming,audio,mic,discord,playstation,gaming,crimson red",All Ages,All,Crimson Red,16GB RAM,2024-10-09,https://images.unsplash.com/photo-1500000000465?auto=format&fit=crop&w=600&q=80,Active
PROD_00466,Logitech G Surround Sound Gaming Headset with Mic,Gaming,Accessories,Logitech G,24320.0,30,17024.0,3.7,99,91,41.8,50mm drivers with detachable noise-cancelling boom mic. Designed with premium quality materials by Logitech G.,"headset,gaming,audio,mic,discord,logitech g,gaming,classic beige",Adults,All,Classic Beige,16GB RAM,2025-01-21,https://images.unsplash.com/photo-1500000000466?auto=format&fit=crop&w=600&q=80,Active
PROD_00467,Corsair Wireless Haptic Feedback Gaming Controller,Gaming,Controllers,Corsair,24460.0,10,22014.0,4.6,75,128,54.6,Customizable triggers with ultra-low latency wireless dongle. Designed with premium quality materials by Corsair.,"controller,gamepad,gaming,wireless,pc,corsair,gaming,olive green",All Ages,All,Olive Green,256GB,2025-04-17,https://images.unsplash.com/photo-1500000000467?auto=format&fit=crop&w=600&q=80,Active
PROD_00468,SteelSeries Surround Sound Gaming Headset with Mic - Classic Beige,Gaming,Accessories,SteelSeries,40730.0,15,34620.5,3.8,380,73,61.0,50mm drivers with detachable noise-cancelling boom mic. Designed with premium quality materials by SteelSeries.,"headset,gaming,audio,mic,discord,steelseries,gaming,classic beige",Adults,All,Classic Beige,128GB,2025-10-02,https://images.unsplash.com/photo-1500000000468?auto=format&fit=crop&w=600&q=80,Active
PROD_00469,PlayStation Next-Gen Home Gaming Console 1TB - Space Gray,Gaming,Consoles,PlayStation,19810.0,25,14857.5,4.0,60,172,42.6,High-speed custom SSD 4K 120fps ray tracing next-generation console. Designed with premium quality materials by PlayStation.,"console,gaming,4k,playstation,xbox,playstation,gaming,space gray",Teens & Youth,All,Space Gray,Standard,2025-10-21,https://images.unsplash.com/photo-1500000000469?auto=format&fit=crop&w=600&q=80,Active
PROD_00470,Razer RGB Mechanical Gaming Keyboard,Gaming,Gaming Mice & Keyboards,Razer,3420.0,15,2907.0,3.8,609,100,63.9,Hot-swappable tactile switches with per-key customizable RGB lighting. Designed with premium quality materials by Razer.,"keyboard,mechanical,gaming,rgb,pc,razer,gaming,classic beige",Adults,All,Classic Beige,512GB,2026-06-03,https://images.unsplash.com/photo-1500000000470?auto=format&fit=crop&w=600&q=80,Active
PROD_00471,SteelSeries Wireless Haptic Feedback Gaming Controller - Midnight Black,Gaming,Controllers,SteelSeries,47910.0,20,38328.0,3.5,17,182,43.7,Customizable triggers with ultra-low latency wireless dongle. Designed with premium quality materials by SteelSeries.,"controller,gamepad,gaming,wireless,pc,steelseries,gaming,midnight black",Adults,All,Midnight Black,128GB,2025-10-21,https://images.unsplash.com/photo-1500000000471?auto=format&fit=crop&w=600&q=80,Active
PROD_00472,Logitech G Surround Sound Gaming Headset with Mic - Midnight Black,Gaming,Accessories,Logitech G,12440.0,40,7464.0,4.2,645,71,73.3,50mm drivers with detachable noise-cancelling boom mic. Designed with premium quality materials by Logitech G.,"headset,gaming,audio,mic,discord,logitech g,gaming,midnight black",18-35,All,Midnight Black,256GB,2024-11-30,https://images.unsplash.com/photo-1500000000472?auto=format&fit=crop&w=600&q=80,Active
PROD_00473,SteelSeries RGB Mechanical Gaming Keyboard - Midnight Black,Gaming,Gaming Mice & Keyboards,SteelSeries,29450.0,20,23560.0,3.7,22,77,39.9,Hot-swappable tactile switches with per-key customizable RGB lighting. Designed with premium quality materials by SteelSeries.,"keyboard,mechanical,gaming,rgb,pc,steelseries,gaming,midnight black",Adults,All,Midnight Black,512GB,2024-09-15,https://images.unsplash.com/photo-1500000000473?auto=format&fit=crop&w=600&q=80,Active
PROD_00474,Razer Next-Gen Home Gaming Console 1TB,Gaming,Consoles,Razer,36660.0,25,27495.0,4.7,414,9,66.5,High-speed custom SSD 4K 120fps ray tracing next-generation console. Designed with premium quality materials by Razer.,"console,gaming,4k,playstation,xbox,razer,gaming,midnight black",All Ages,All,Midnight Black,512GB,2024-11-03,https://images.unsplash.com/photo-1500000000474?auto=format&fit=crop&w=600&q=80,Active
PROD_00475,Xbox Surround Sound Gaming Headset with Mic - Olive Green,Gaming,Accessories,Xbox,27170.0,50,13585.0,4.2,150,52,50.0,50mm drivers with detachable noise-cancelling boom mic. Designed with premium quality materials by Xbox.,"headset,gaming,audio,mic,discord,xbox,gaming,olive green",All Ages,All,Olive Green,16GB RAM,2025-05-18,https://images.unsplash.com/photo-1500000000475?auto=format&fit=crop&w=600&q=80,Active
PROD_00476,SteelSeries Next-Gen Home Gaming Console 1TB - Midnight Black,Gaming,Consoles,SteelSeries,17470.0,35,11355.5,4.1,907,45,77.5,High-speed custom SSD 4K 120fps ray tracing next-generation console. Designed with premium quality materials by SteelSeries.,"console,gaming,4k,playstation,xbox,steelseries,gaming,midnight black",18-35,All,Midnight Black,Default,2024-09-28,https://images.unsplash.com/photo-1500000000476?auto=format&fit=crop&w=600&q=80,Active
PROD_00477,Razer Ultra-Lightweight 8KHz Optical Gaming Mouse,Gaming,Gaming Mice & Keyboards,Razer,4350.0,20,3480.0,4.7,28,232,58.1,Sensor with 26000 DPI and optical switches for competitive esports. Designed with premium quality materials by Razer.,"mouse,gaming mouse,esports,rgb,pc,razer,gaming,crimson red",Adults,All,Crimson Red,128GB,2026-07-30,https://images.unsplash.com/photo-1500000000477?auto=format&fit=crop&w=600&q=80,Active
PROD_00478,Razer Next-Gen Home Gaming Console 1TB - Navy Blue,Gaming,Consoles,Razer,36470.0,5,34646.5,4.5,160,138,61.0,High-speed custom SSD 4K 120fps ray tracing next-generation console. Designed with premium quality materials by Razer.,"console,gaming,4k,playstation,xbox,razer,gaming,navy blue",25-50,All,Navy Blue,128GB,2024-12-10,https://images.unsplash.com/photo-1500000000478?auto=format&fit=crop&w=600&q=80,Active
PROD_00479,Logitech G RGB Mechanical Gaming Keyboard - Navy Blue,Gaming,Gaming Mice & Keyboards,Logitech G,17870.0,50,8935.0,4.0,642,143,67.0,Hot-swappable tactile switches with per-key customizable RGB lighting. Designed with premium quality materials by Logitech G.,"keyboard,mechanical,gaming,rgb,pc,logitech g,gaming,navy blue",18-35,All,Navy Blue,16GB RAM,2024-10-30,https://images.unsplash.com/photo-1500000000479?auto=format&fit=crop&w=600&q=80,Active
PROD_00480,Corsair RGB Mechanical Gaming Keyboard - Rose Gold,Gaming,Gaming Mice & Keyboards,Corsair,17680.0,40,10608.0,4.8,148,115,63.9,Hot-swappable tactile switches with per-key customizable RGB lighting. Designed with premium quality materials by Corsair.,"keyboard,mechanical,gaming,rgb,pc,corsair,gaming,rose gold",18-35,All,Rose Gold,Standard,2026-04-03,https://images.unsplash.com/photo-1500000000480?auto=format&fit=crop&w=600&q=80,Active
PROD_00481,Xbox Next-Gen Home Gaming Console 1TB - Silver,Gaming,Consoles,Xbox,39850.0,10,35865.0,3.9,193,230,48.2,High-speed custom SSD 4K 120fps ray tracing next-generation console. Designed with premium quality materials by Xbox.,"console,gaming,4k,playstation,xbox,xbox,gaming,silver",Adults,All,Silver,Default,2026-07-30,https://images.unsplash.com/photo-1500000000481?auto=format&fit=crop&w=600&q=80,Active
PROD_00482,Logitech G Ultra-Lightweight 8KHz Optical Gaming Mouse - Olive Green,Gaming,Gaming Mice & Keyboards,Logitech G,45370.0,20,36296.0,3.7,229,53,47.2,Sensor with 26000 DPI and optical switches for competitive esports. Designed with premium quality materials by Logitech G.,"mouse,gaming mouse,esports,rgb,pc,logitech g,gaming,olive green",Teens & Youth,All,Olive Green,256GB,2026-02-21,https://images.unsplash.com/photo-1500000000482?auto=format&fit=crop&w=600&q=80,Active
PROD_00483,Corsair Wireless Haptic Feedback Gaming Controller - Classic Beige,Gaming,Controllers,Corsair,13470.0,15,11449.5,3.8,124,11,46.6,Customizable triggers with ultra-low latency wireless dongle. Designed with premium quality materials by Corsair.,"controller,gamepad,gaming,wireless,pc,corsair,gaming,classic beige",Adults,All,Classic Beige,256GB,2024-09-24,https://images.unsplash.com/photo-1500000000483?auto=format&fit=crop&w=600&q=80,Active
PROD_00484,Xbox Surround Sound Gaming Headset with Mic - Rose Gold,Gaming,Accessories,Xbox,21190.0,30,14833.0,4.2,192,40,51.3,50mm drivers with detachable noise-cancelling boom mic. Designed with premium quality materials by Xbox.,"headset,gaming,audio,mic,discord,xbox,gaming,rose gold",Teens & Youth,All,Rose Gold,16GB RAM,2026-01-10,https://images.unsplash.com/photo-1500000000484?auto=format&fit=crop&w=600&q=80,Active
PROD_00485,Logitech G Wireless Haptic Feedback Gaming Controller,Gaming,Controllers,Logitech G,37250.0,15,31662.5,4.6,173,21,54.7,Customizable triggers with ultra-low latency wireless dongle. Designed with premium quality materials by Logitech G.,"controller,gamepad,gaming,wireless,pc,logitech g,gaming,midnight black",Teens & Youth,All,Midnight Black,256GB,2025-06-06,https://images.unsplash.com/photo-1500000000485?auto=format&fit=crop&w=600&q=80,Active
PROD_00486,Logitech G Next-Gen Home Gaming Console 1TB - Silver,Gaming,Consoles,Logitech G,42910.0,50,21455.0,4.5,431,102,69.4,High-speed custom SSD 4K 120fps ray tracing next-generation console. Designed with premium quality materials by Logitech G.,"console,gaming,4k,playstation,xbox,logitech g,gaming,silver",18-35,All,Silver,512GB,2025-07-22,https://images.unsplash.com/photo-1500000000486?auto=format&fit=crop&w=600&q=80,Active
PROD_00487,SteelSeries Next-Gen Home Gaming Console 1TB - Classic Beige,Gaming,Consoles,SteelSeries,48290.0,0,48290.0,4.2,23,120,47.5,High-speed custom SSD 4K 120fps ray tracing next-generation console. Designed with premium quality materials by SteelSeries.,"console,gaming,4k,playstation,xbox,steelseries,gaming,classic beige",Adults,All,Classic Beige,16GB RAM,2026-07-17,https://images.unsplash.com/photo-1500000000487?auto=format&fit=crop&w=600&q=80,Active
PROD_00488,Corsair RGB Mechanical Gaming Keyboard - Rose Gold,Gaming,Gaming Mice & Keyboards,Corsair,28870.0,0,28870.0,3.8,74,117,44.9,Hot-swappable tactile switches with per-key customizable RGB lighting. Designed with premium quality materials by Corsair.,"keyboard,mechanical,gaming,rgb,pc,corsair,gaming,rose gold",All Ages,All,Rose Gold,512GB,2025-10-22,https://images.unsplash.com/photo-1500000000488?auto=format&fit=crop&w=600&q=80,Active
PROD_00489,Logitech G Ultra-Lightweight 8KHz Optical Gaming Mouse - Pearl White,Gaming,Gaming Mice & Keyboards,Logitech G,3940.0,40,2364.0,4.8,555,123,78.5,Sensor with 26000 DPI and optical switches for competitive esports. Designed with premium quality materials by Logitech G.,"mouse,gaming mouse,esports,rgb,pc,logitech g,gaming,pearl white",25-50,All,Pearl White,512GB,2025-05-24,https://images.unsplash.com/photo-1500000000489?auto=format&fit=crop&w=600&q=80,Active
PROD_00490,SteelSeries Wireless Haptic Feedback Gaming Controller - Rose Gold,Gaming,Controllers,SteelSeries,51640.0,40,30984.0,3.7,412,110,56.7,Customizable triggers with ultra-low latency wireless dongle. Designed with premium quality materials by SteelSeries.,"controller,gamepad,gaming,wireless,pc,steelseries,gaming,rose gold",18-35,All,Rose Gold,Default,2026-08-04,https://images.unsplash.com/photo-1500000000490?auto=format&fit=crop&w=600&q=80,Active
PROD_00491,Logitech G RGB Mechanical Gaming Keyboard - Classic Beige,Gaming,Gaming Mice & Keyboards,Logitech G,5870.0,25,4402.5,4.5,124,237,57.1,Hot-swappable tactile switches with per-key customizable RGB lighting. Designed with premium quality materials by Logitech G.,"keyboard,mechanical,gaming,rgb,pc,logitech g,gaming,classic beige",18-35,All,Classic Beige,Standard,2026-03-15,https://images.unsplash.com/photo-1500000000491?auto=format&fit=crop&w=600&q=80,Active
PROD_00492,PlayStation Wireless Haptic Feedback Gaming Controller - Space Gray,Gaming,Controllers,PlayStation,5610.0,30,3927.0,4.5,189,135,58.7,Customizable triggers with ultra-low latency wireless dongle. Designed with premium quality materials by PlayStation.,"controller,gamepad,gaming,wireless,pc,playstation,gaming,space gray",Teens & Youth,All,Space Gray,Standard,2026-03-19,https://images.unsplash.com/photo-1500000000492?auto=format&fit=crop&w=600&q=80,Active
PROD_00493,Corsair Surround Sound Gaming Headset with Mic - Olive Green,Gaming,Accessories,Corsair,31540.0,10,28386.0,3.7,73,42,41.7,50mm drivers with detachable noise-cancelling boom mic. Designed with premium quality materials by Corsair.,"headset,gaming,audio,mic,discord,corsair,gaming,olive green",18-35,All,Olive Green,Default,2026-07-08,https://images.unsplash.com/photo-1500000000493?auto=format&fit=crop&w=600&q=80,Active
PROD_00494,Razer Surround Sound Gaming Headset with Mic,Gaming,Accessories,Razer,10760.0,10,9684.0,4.8,52,5,56.3,50mm drivers with detachable noise-cancelling boom mic. Designed with premium quality materials by Razer.,"headset,gaming,audio,mic,discord,razer,gaming,crimson red",Teens & Youth,All,Crimson Red,Standard,2025-12-13,https://images.unsplash.com/photo-1500000000494?auto=format&fit=crop&w=600&q=80,Active
PROD_00495,Logitech G Wireless Haptic Feedback Gaming Controller - Charcoal,Gaming,Controllers,Logitech G,33830.0,35,21989.5,3.8,127,155,49.7,Customizable triggers with ultra-low latency wireless dongle. Designed with premium quality materials by Logitech G.,"controller,gamepad,gaming,wireless,pc,logitech g,gaming,charcoal",Adults,All,Charcoal,512GB,2025-05-22,https://images.unsplash.com/photo-1500000000495?auto=format&fit=crop&w=600&q=80,Active
PROD_00496,Logitech G Surround Sound Gaming Headset with Mic,Gaming,Accessories,Logitech G,48640.0,20,38912.0,4.4,93,147,55.9,50mm drivers with detachable noise-cancelling boom mic. Designed with premium quality materials by Logitech G.,"headset,gaming,audio,mic,discord,logitech g,gaming,space gray",Adults,All,Space Gray,16GB RAM,2026-01-29,https://images.unsplash.com/photo-1500000000496?auto=format&fit=crop&w=600&q=80,Active
PROD_00497,Xbox Wireless Haptic Feedback Gaming Controller,Gaming,Controllers,Xbox,47110.0,50,23555.0,4.7,172,81,57.2,Customizable triggers with ultra-low latency wireless dongle. Designed with premium quality materials by Xbox.,"controller,gamepad,gaming,wireless,pc,xbox,gaming,pearl white",25-50,All,Pearl White,Default,2026-06-01,https://images.unsplash.com/photo-1500000000497?auto=format&fit=crop&w=600&q=80,Active
PROD_00498,PlayStation Wireless Haptic Feedback Gaming Controller - Olive Green,Gaming,Controllers,PlayStation,34000.0,50,17000.0,4.3,29,148,45.9,Customizable triggers with ultra-low latency wireless dongle. Designed with premium quality materials by PlayStation.,"controller,gamepad,gaming,wireless,pc,playstation,gaming,olive green",18-35,All,Olive Green,128GB,2025-05-20,https://images.unsplash.com/photo-1500000000498?auto=format&fit=crop&w=600&q=80,Active
PROD_00499,Razer Next-Gen Home Gaming Console 1TB,Gaming,Consoles,Razer,49470.0,5,46996.5,4.6,674,220,78.5,High-speed custom SSD 4K 120fps ray tracing next-generation console. Designed with premium quality materials by Razer.,"console,gaming,4k,playstation,xbox,razer,gaming,midnight black",25-50,All,Midnight Black,Default,2025-11-03,https://images.unsplash.com/photo-1500000000499?auto=format&fit=crop&w=600&q=80,Active
PROD_00500,Xbox Surround Sound Gaming Headset with Mic,Gaming,Accessories,Xbox,23340.0,15,19839.0,4.5,786,161,77.0,50mm drivers with detachable noise-cancelling boom mic. Designed with premium quality materials by Xbox.,"headset,gaming,audio,mic,discord,xbox,gaming,space gray",25-50,All,Space Gray,Standard,2025-01-21,https://images.unsplash.com/photo-1500000000500?auto=format&fit=crop&w=600&q=80,Active
PROD_00501,PlayStation Next-Gen Home Gaming Console 1TB - Charcoal,Gaming,Consoles,PlayStation,54260.0,20,43408.0,4.1,230,222,53.4,High-speed custom SSD 4K 120fps ray tracing next-generation console. Designed with premium quality materials by PlayStation.,"console,gaming,4k,playstation,xbox,playstation,gaming,charcoal",Adults,All,Charcoal,Standard,2025-03-09,https://images.unsplash.com/photo-1500000000501?auto=format&fit=crop&w=600&q=80,Active
PROD_00502,Corsair Next-Gen Home Gaming Console 1TB - Silver,Gaming,Consoles,Corsair,29060.0,35,18889.0,4.2,153,51,57.0,High-speed custom SSD 4K 120fps ray tracing next-generation console. Designed with premium quality materials by Corsair.,"console,gaming,4k,playstation,xbox,corsair,gaming,silver",Adults,All,Silver,128GB,2026-01-03,https://images.unsplash.com/photo-1500000000502?auto=format&fit=crop&w=600&q=80,Active
PROD_00503,Xbox Ultra-Lightweight 8KHz Optical Gaming Mouse - Midnight Black,Gaming,Gaming Mice & Keyboards,Xbox,44020.0,15,37417.0,4.6,81,111,53.4,Sensor with 26000 DPI and optical switches for competitive esports. Designed with premium quality materials by Xbox.,"mouse,gaming mouse,esports,rgb,pc,xbox,gaming,midnight black",All Ages,All,Midnight Black,Default,2025-09-22,https://images.unsplash.com/photo-1500000000503?auto=format&fit=crop&w=600&q=80,Active
PROD_00504,Corsair Ultra-Lightweight 8KHz Optical Gaming Mouse - Navy Blue,Gaming,Gaming Mice & Keyboards,Corsair,14740.0,5,14003.0,3.9,317,134,57.2,Sensor with 26000 DPI and optical switches for competitive esports. Designed with premium quality materials by Corsair.,"mouse,gaming mouse,esports,rgb,pc,corsair,gaming,navy blue",18-35,All,Navy Blue,Default,2026-08-23,https://images.unsplash.com/photo-1500000000504?auto=format&fit=crop&w=600&q=80,Active
PROD_00505,Anker Water-Resistant Laptop Backpack 15.6-inch - Silver,Accessories,Bags & Backpacks,Anker,490.0,10,441.0,3.8,222,218,50.3,Ergonomic multi-compartment travel laptop bag with USB charging port. Designed with premium quality materials by Anker.,"bag,backpack,laptop bag,travel,office,anker,accessories,silver",Adults,All,Silver,512GB,2024-10-10,https://images.unsplash.com/photo-1500000000505?auto=format&fit=crop&w=600&q=80,Active
PROD_00506,Spigen Magnetic Qi Fast Wireless Charger Stand - Midnight Black,Accessories,Mobile Accessories,Spigen,4500.0,40,2700.0,4.8,46,123,57.7,15W fast induction charging station for phones and wireless earbuds. Designed with premium quality materials by Spigen.,"charger,wireless charger,mobile,charging,spigen,accessories,midnight black",18-35,All,Midnight Black,Standard,2025-07-02,https://images.unsplash.com/photo-1500000000506?auto=format&fit=crop&w=600&q=80,Active
PROD_00507,American Tourister 9H Tempered Glass Screen Protector (2-Pack) - Rose Gold,Accessories,Mobile Accessories,American Tourister,2410.0,40,1446.0,3.5,450,152,59.9,Scratch-resistant ultra-clear tempered glass with alignment frame. Designed with premium quality materials by American Tourister.,"screen protector,tempered glass,mobile,screen,american tourister,accessories,rose gold",Adults,All,Rose Gold,256GB,2025-09-01,https://images.unsplash.com/photo-1500000000507?auto=format&fit=crop&w=600&q=80,Active
PROD_00508,Logitech Water-Resistant Laptop Backpack 15.6-inch - Crimson Red,Accessories,Bags & Backpacks,Logitech,4500.0,10,4050.0,4.3,326,104,57.9,Ergonomic multi-compartment travel laptop bag with USB charging port. Designed with premium quality materials by Logitech.,"bag,backpack,laptop bag,travel,office,logitech,accessories,crimson red",25-50,All,Crimson Red,Default,2026-05-02,https://images.unsplash.com/photo-1500000000508?auto=format&fit=crop&w=600&q=80,Active
PROD_00509,Anker Multi-Port 7-in-1 USB-C Hub Adapter,Accessories,Computer Accessories,Anker,6180.0,25,4635.0,4.1,553,248,66.1,4K HDMI 100W Power Delivery USB 3.0 and SD card reader. Designed with premium quality materials by Anker.,"usb hub,adapter,usb-c,laptop,monitor,anker,accessories,midnight black",Teens & Youth,All,Midnight Black,256GB,2025-03-10,https://images.unsplash.com/photo-1500000000509?auto=format&fit=crop&w=600&q=80,Active
PROD_00510,Logitech Multi-Port 7-in-1 USB-C Hub Adapter - Space Gray,Accessories,Computer Accessories,Logitech,6420.0,35,4173.0,4.2,247,209,56.7,4K HDMI 100W Power Delivery USB 3.0 and SD card reader. Designed with premium quality materials by Logitech.,"usb hub,adapter,usb-c,laptop,monitor,logitech,accessories,space gray",All Ages,All,Space Gray,256GB,2025-04-04,https://images.unsplash.com/photo-1500000000510?auto=format&fit=crop&w=600&q=80,Active
PROD_00511,Logitech Ergonomic Silent Wireless Mouse,Accessories,Computer Accessories,Logitech,2490.0,5,2365.5,4.7,186,245,59.6,Comfortable contoured shape with whisper quiet clicks and long battery. Designed with premium quality materials by Logitech.,"mouse,wireless mouse,office,computer,laptop,logitech,accessories,silver",Adults,All,Silver,512GB,2026-04-16,https://images.unsplash.com/photo-1500000000511?auto=format&fit=crop&w=600&q=80,Active
PROD_00512,American Tourister Ergonomic Silent Wireless Mouse,Accessories,Computer Accessories,American Tourister,2380.0,0,2380.0,4.5,112,157,58.2,Comfortable contoured shape with whisper quiet clicks and long battery. Designed with premium quality materials by American Tourister.,"mouse,wireless mouse,office,computer,laptop,american tourister,accessories,charcoal",Adults,All,Charcoal,512GB,2025-09-22,https://images.unsplash.com/photo-1500000000512?auto=format&fit=crop&w=600&q=80,Active
PROD_00513,American Tourister Magnetic Qi Fast Wireless Charger Stand,Accessories,Mobile Accessories,American Tourister,5380.0,15,4573.0,3.9,500,54,61.9,15W fast induction charging station for phones and wireless earbuds. Designed with premium quality materials by American Tourister.,"charger,wireless charger,mobile,charging,american tourister,accessories,space gray",25-50,All,Space Gray,16GB RAM,2025-03-02,https://images.unsplash.com/photo-1500000000513?auto=format&fit=crop&w=600&q=80,Active
PROD_00514,Spigen Multi-Port 7-in-1 USB-C Hub Adapter,Accessories,Computer Accessories,Spigen,1070.0,50,535.0,4.3,376,31,60.1,4K HDMI 100W Power Delivery USB 3.0 and SD card reader. Designed with premium quality materials by Spigen.,"usb hub,adapter,usb-c,laptop,monitor,spigen,accessories,space gray",18-35,All,Space Gray,256GB,2025-09-05,https://images.unsplash.com/photo-1500000000514?auto=format&fit=crop&w=600&q=80,Active
PROD_00515,Anker Shockproof Clear Phone Case - Crimson Red,Accessories,Mobile Accessories,Anker,1450.0,20,1160.0,4.4,23,91,50.3,Military grade drop protection slim clear bumper case. Designed with premium quality materials by Anker.,"phone case,cover,protection,mobile,anker,accessories,crimson red",25-50,All,Crimson Red,128GB,2026-07-09,https://images.unsplash.com/photo-1500000000515?auto=format&fit=crop&w=600&q=80,Active
PROD_00516,American Tourister Ergonomic Silent Wireless Mouse,Accessories,Computer Accessories,American Tourister,660.0,30,462.0,4.0,19,185,46.7,Comfortable contoured shape with whisper quiet clicks and long battery. Designed with premium quality materials by American Tourister.,"mouse,wireless mouse,office,computer,laptop,american tourister,accessories,charcoal",All Ages,All,Charcoal,Standard,2024-12-31,https://images.unsplash.com/photo-1500000000516?auto=format&fit=crop&w=600&q=80,Active
PROD_00517,Spigen 9H Tempered Glass Screen Protector (2-Pack),Accessories,Mobile Accessories,Spigen,1630.0,40,978.0,3.6,100,241,47.6,Scratch-resistant ultra-clear tempered glass with alignment frame. Designed with premium quality materials by Spigen.,"screen protector,tempered glass,mobile,screen,spigen,accessories,classic beige",25-50,All,Classic Beige,256GB,2025-05-10,https://images.unsplash.com/photo-1500000000517?auto=format&fit=crop&w=600&q=80,Active
PROD_00518,Logitech Shockproof Clear Phone Case,Accessories,Mobile Accessories,Logitech,2380.0,35,1547.0,4.2,314,247,56.8,Military grade drop protection slim clear bumper case. Designed with premium quality materials by Logitech.,"phone case,cover,protection,mobile,logitech,accessories,space gray",Teens & Youth,All,Space Gray,Standard,2024-12-06,https://images.unsplash.com/photo-1500000000518?auto=format&fit=crop&w=600&q=80,Active
PROD_00519,Anker Multi-Port 7-in-1 USB-C Hub Adapter - Olive Green,Accessories,Computer Accessories,Anker,6210.0,35,4036.5,4.2,800,21,78.8,4K HDMI 100W Power Delivery USB 3.0 and SD card reader. Designed with premium quality materials by Anker.,"usb hub,adapter,usb-c,laptop,monitor,anker,accessories,olive green",25-50,All,Olive Green,128GB,2025-09-04,https://images.unsplash.com/photo-1500000000519?auto=format&fit=crop&w=600&q=80,Active
PROD_00520,Spigen Magnetic Qi Fast Wireless Charger Stand - Pearl White,Accessories,Mobile Accessories,Spigen,1150.0,5,1092.5,4.1,44,187,50.7,15W fast induction charging station for phones and wireless earbuds. Designed with premium quality materials by Spigen.,"charger,wireless charger,mobile,charging,spigen,accessories,pearl white",25-50,All,Pearl White,256GB,2025-09-30,https://images.unsplash.com/photo-1500000000520?auto=format&fit=crop&w=600&q=80,Active
PROD_00521,American Tourister Shockproof Clear Phone Case - Crimson Red,Accessories,Mobile Accessories,American Tourister,3070.0,50,1535.0,3.8,177,45,54.8,Military grade drop protection slim clear bumper case. Designed with premium quality materials by American Tourister.,"phone case,cover,protection,mobile,american tourister,accessories,crimson red",Teens & Youth,All,Crimson Red,16GB RAM,2025-08-01,https://images.unsplash.com/photo-1500000000521?auto=format&fit=crop&w=600&q=80,Active
PROD_00522,Anker Water-Resistant Laptop Backpack 15.6-inch - Navy Blue,Accessories,Bags & Backpacks,Anker,6870.0,50,3435.0,4.6,101,144,57.0,Ergonomic multi-compartment travel laptop bag with USB charging port. Designed with premium quality materials by Anker.,"bag,backpack,laptop bag,travel,office,anker,accessories,navy blue",Adults,All,Navy Blue,Standard,2026-03-05,https://images.unsplash.com/photo-1500000000522?auto=format&fit=crop&w=600&q=80,Active
PROD_00523,American Tourister 9H Tempered Glass Screen Protector (2-Pack) - Classic Beige,Accessories,Mobile Accessories,American Tourister,3400.0,40,2040.0,3.6,645,118,63.6,Scratch-resistant ultra-clear tempered glass with alignment frame. Designed with premium quality materials by American Tourister.,"screen protector,tempered glass,mobile,screen,american tourister,accessories,classic beige",All Ages,All,Classic Beige,512GB,2025-07-10,https://images.unsplash.com/photo-1500000000523?auto=format&fit=crop&w=600&q=80,Active
PROD_00524,Portronics Water-Resistant Laptop Backpack 15.6-inch - Space Gray,Accessories,Bags & Backpacks,Portronics,2840.0,35,1846.0,4.4,347,20,58.8,Ergonomic multi-compartment travel laptop bag with USB charging port. Designed with premium quality materials by Portronics.,"bag,backpack,laptop bag,travel,office,portronics,accessories,space gray",Adults,All,Space Gray,Standard,2026-04-09,https://images.unsplash.com/photo-1500000000524?auto=format&fit=crop&w=600&q=80,Active
PROD_00525,American Tourister Shockproof Clear Phone Case - Pearl White,Accessories,Mobile Accessories,American Tourister,2250.0,50,1125.0,4.3,342,55,58.7,Military grade drop protection slim clear bumper case. Designed with premium quality materials by American Tourister.,"phone case,cover,protection,mobile,american tourister,accessories,pearl white",18-35,All,Pearl White,Standard,2025-10-09,https://images.unsplash.com/photo-1500000000525?auto=format&fit=crop&w=600&q=80,Active
PROD_00526,Portronics Multi-Port 7-in-1 USB-C Hub Adapter - Crimson Red,Accessories,Computer Accessories,Portronics,4200.0,50,2100.0,4.9,128,108,62.6,4K HDMI 100W Power Delivery USB 3.0 and SD card reader. Designed with premium quality materials by Portronics.,"usb hub,adapter,usb-c,laptop,monitor,portronics,accessories,crimson red",25-50,All,Crimson Red,512GB,2025-11-01,https://images.unsplash.com/photo-1500000000526?auto=format&fit=crop&w=600&q=80,Active
PROD_00527,Anker Water-Resistant Laptop Backpack 15.6-inch - Rose Gold,Accessories,Bags & Backpacks,Anker,5800.0,25,4350.0,3.7,111,77,50.1,Ergonomic multi-compartment travel laptop bag with USB charging port. Designed with premium quality materials by Anker.,"bag,backpack,laptop bag,travel,office,anker,accessories,rose gold",All Ages,All,Rose Gold,Default,2026-01-01,https://images.unsplash.com/photo-1500000000527?auto=format&fit=crop&w=600&q=80,Active
PROD_00528,Portronics Magnetic Qi Fast Wireless Charger Stand - Olive Green,Accessories,Mobile Accessories,Portronics,3020.0,30,2114.0,4.3,72,174,47.6,15W fast induction charging station for phones and wireless earbuds. Designed with premium quality materials by Portronics.,"charger,wireless charger,mobile,charging,portronics,accessories,olive green",25-50,All,Olive Green,Standard,2026-04-09,https://images.unsplash.com/photo-1500000000528?auto=format&fit=crop&w=600&q=80,Active
PROD_00529,Portronics Ergonomic Silent Wireless Mouse,Accessories,Computer Accessories,Portronics,6980.0,10,6282.0,3.7,25,23,44.5,Comfortable contoured shape with whisper quiet clicks and long battery. Designed with premium quality materials by Portronics.,"mouse,wireless mouse,office,computer,laptop,portronics,accessories,olive green",Teens & Youth,All,Olive Green,256GB,2026-04-04,https://images.unsplash.com/photo-1500000000529?auto=format&fit=crop&w=600&q=80,Active
PROD_00530,Spigen 9H Tempered Glass Screen Protector (2-Pack),Accessories,Mobile Accessories,Spigen,5700.0,35,3705.0,4.8,375,183,69.0,Scratch-resistant ultra-clear tempered glass with alignment frame. Designed with premium quality materials by Spigen.,"screen protector,tempered glass,mobile,screen,spigen,accessories,olive green",All Ages,All,Olive Green,128GB,2025-06-20,https://images.unsplash.com/photo-1500000000530?auto=format&fit=crop&w=600&q=80,Active
PROD_00531,Logitech Shockproof Clear Phone Case - Charcoal,Accessories,Mobile Accessories,Logitech,3310.0,25,2482.5,3.8,316,113,56.7,Military grade drop protection slim clear bumper case. Designed with premium quality materials by Logitech.,"phone case,cover,protection,mobile,logitech,accessories,charcoal",Teens & Youth,All,Charcoal,16GB RAM,2025-01-15,https://images.unsplash.com/photo-1500000000531?auto=format&fit=crop&w=600&q=80,Active
PROD_00532,Logitech Magnetic Qi Fast Wireless Charger Stand - Rose Gold,Accessories,Mobile Accessories,Logitech,4160.0,0,4160.0,4.9,1486,150,93.8,15W fast induction charging station for phones and wireless earbuds. Designed with premium quality materials by Logitech.,"charger,wireless charger,mobile,charging,logitech,accessories,rose gold",Teens & Youth,All,Rose Gold,256GB,2025-08-17,https://images.unsplash.com/photo-1500000000532?auto=format&fit=crop&w=600&q=80,Active
PROD_00533,Portronics Water-Resistant Laptop Backpack 15.6-inch,Accessories,Bags & Backpacks,Portronics,5200.0,20,4160.0,4.2,1040,25,87.2,Ergonomic multi-compartment travel laptop bag with USB charging port. Designed with premium quality materials by Portronics.,"bag,backpack,laptop bag,travel,office,portronics,accessories,charcoal",All Ages,All,Charcoal,Standard,2024-12-13,https://images.unsplash.com/photo-1500000000533?auto=format&fit=crop&w=600&q=80,Active
PROD_00534,Logitech Water-Resistant Laptop Backpack 15.6-inch - Charcoal,Accessories,Bags & Backpacks,Logitech,3910.0,50,1955.0,3.9,160,18,54.4,Ergonomic multi-compartment travel laptop bag with USB charging port. Designed with premium quality materials by Logitech.,"bag,backpack,laptop bag,travel,office,logitech,accessories,charcoal",All Ages,All,Charcoal,Standard,2025-02-28,https://images.unsplash.com/photo-1500000000534?auto=format&fit=crop&w=600&q=80,Active
PROD_00535,Spigen Water-Resistant Laptop Backpack 15.6-inch - Charcoal,Accessories,Bags & Backpacks,Spigen,2520.0,25,1890.0,4.8,278,209,62.1,Ergonomic multi-compartment travel laptop bag with USB charging port. Designed with premium quality materials by Spigen.,"bag,backpack,laptop bag,travel,office,spigen,accessories,charcoal",Teens & Youth,All,Charcoal,16GB RAM,2026-03-11,https://images.unsplash.com/photo-1500000000535?auto=format&fit=crop&w=600&q=80,Active
PROD_00536,Portronics Water-Resistant Laptop Backpack 15.6-inch,Accessories,Bags & Backpacks,Portronics,4520.0,50,2260.0,3.7,536,18,65.0,Ergonomic multi-compartment travel laptop bag with USB charging port. Designed with premium quality materials by Portronics.,"bag,backpack,laptop bag,travel,office,portronics,accessories,crimson red",Adults,All,Crimson Red,Standard,2025-11-04,https://images.unsplash.com/photo-1500000000536?auto=format&fit=crop&w=600&q=80,Active
PROD_00537,Portronics 9H Tempered Glass Screen Protector (2-Pack),Accessories,Mobile Accessories,Portronics,3690.0,20,2952.0,3.9,356,162,56.0,Scratch-resistant ultra-clear tempered glass with alignment frame. Designed with premium quality materials by Portronics.,"screen protector,tempered glass,mobile,screen,portronics,accessories,midnight black",Teens & Youth,All,Midnight Black,256GB,2025-12-09,https://images.unsplash.com/photo-1500000000537?auto=format&fit=crop&w=600&q=80,Active
PROD_00538,American Tourister Water-Resistant Laptop Backpack 15.6-inch - Classic Beige,Accessories,Bags & Backpacks,American Tourister,4720.0,25,3540.0,4.6,66,71,56.5,Ergonomic multi-compartment travel laptop bag with USB charging port. Designed with premium quality materials by American Tourister.,"bag,backpack,laptop bag,travel,office,american tourister,accessories,classic beige",Adults,All,Classic Beige,128GB,2025-12-31,https://images.unsplash.com/photo-1500000000538?auto=format&fit=crop&w=600&q=80,Active
PROD_00539,Logitech Magnetic Qi Fast Wireless Charger Stand - Rose Gold,Accessories,Mobile Accessories,Logitech,6780.0,50,3390.0,4.8,122,44,61.3,15W fast induction charging station for phones and wireless earbuds. Designed with premium quality materials by Logitech.,"charger,wireless charger,mobile,charging,logitech,accessories,rose gold",25-50,All,Rose Gold,Default,2025-07-03,https://images.unsplash.com/photo-1500000000539?auto=format&fit=crop&w=600&q=80,Active
PROD_00540,Logitech Magnetic Qi Fast Wireless Charger Stand,Accessories,Mobile Accessories,Logitech,5220.0,25,3915.0,3.6,39,72,45.1,15W fast induction charging station for phones and wireless earbuds. Designed with premium quality materials by Logitech.,"charger,wireless charger,mobile,charging,logitech,accessories,charcoal",18-35,All,Charcoal,Standard,2026-05-03,https://images.unsplash.com/photo-1500000000540?auto=format&fit=crop&w=600&q=80,Active
PROD_00541,Logitech Water-Resistant Laptop Backpack 15.6-inch,Accessories,Bags & Backpacks,Logitech,5300.0,40,3180.0,3.8,569,179,67.8,Ergonomic multi-compartment travel laptop bag with USB charging port. Designed with premium quality materials by Logitech.,"bag,backpack,laptop bag,travel,office,logitech,accessories,charcoal",Teens & Youth,All,Charcoal,512GB,2025-05-01,https://images.unsplash.com/photo-1500000000541?auto=format&fit=crop&w=600&q=80,Active
PROD_00542,Logitech Multi-Port 7-in-1 USB-C Hub Adapter,Accessories,Computer Accessories,Logitech,5640.0,30,3948.0,4.4,182,140,58.1,4K HDMI 100W Power Delivery USB 3.0 and SD card reader. Designed with premium quality materials by Logitech.,"usb hub,adapter,usb-c,laptop,monitor,logitech,accessories,rose gold",All Ages,All,Rose Gold,512GB,2026-07-18,https://images.unsplash.com/photo-1500000000542?auto=format&fit=crop&w=600&q=80,Active
PROD_00543,Portronics Water-Resistant Laptop Backpack 15.6-inch - Silver,Accessories,Bags & Backpacks,Portronics,6050.0,25,4537.5,3.9,61,210,42.4,Ergonomic multi-compartment travel laptop bag with USB charging port. Designed with premium quality materials by Portronics.,"bag,backpack,laptop bag,travel,office,portronics,accessories,silver",Adults,All,Silver,512GB,2024-10-28,https://images.unsplash.com/photo-1500000000543?auto=format&fit=crop&w=600&q=80,Active
PROD_00544,Spigen Shockproof Clear Phone Case - Charcoal,Accessories,Mobile Accessories,Spigen,4240.0,15,3604.0,4.2,215,178,57.5,Military grade drop protection slim clear bumper case. Designed with premium quality materials by Spigen.,"phone case,cover,protection,mobile,spigen,accessories,charcoal",18-35,All,Charcoal,Standard,2026-02-26,https://images.unsplash.com/photo-1500000000544?auto=format&fit=crop&w=600&q=80,Active
PROD_00545,Portronics Multi-Port 7-in-1 USB-C Hub Adapter - Midnight Black,Accessories,Computer Accessories,Portronics,380.0,5,361.0,4.2,188,180,54.0,4K HDMI 100W Power Delivery USB 3.0 and SD card reader. Designed with premium quality materials by Portronics.,"usb hub,adapter,usb-c,laptop,monitor,portronics,accessories,midnight black",All Ages,All,Midnight Black,Standard,2026-01-17,https://images.unsplash.com/photo-1500000000545?auto=format&fit=crop&w=600&q=80,Active
PROD_00546,Anker 9H Tempered Glass Screen Protector (2-Pack),Accessories,Mobile Accessories,Anker,920.0,50,460.0,4.4,94,218,49.9,Scratch-resistant ultra-clear tempered glass with alignment frame. Designed with premium quality materials by Anker.,"screen protector,tempered glass,mobile,screen,anker,accessories,crimson red",All Ages,All,Crimson Red,128GB,2024-12-24,https://images.unsplash.com/photo-1500000000546?auto=format&fit=crop&w=600&q=80,Active
PROD_00547,Tata Organic Green Tea Herbal Infusion 100 Bags,Grocery,Beverages,Tata,1560.0,50,780.0,4.6,36,52,56.4,Antioxidant-rich whole leaf soothing detox green tea. Designed with premium quality materials by Tata.,"tea,green tea,organic,beverage,detox,tata,grocery,space gray",18-35,All,Space Gray,16GB RAM,2024-09-16,https://images.unsplash.com/photo-1500000000547?auto=format&fit=crop&w=600&q=80,Active
PROD_00548,Organic India Roasted California Almonds 500g - Crimson Red,Grocery,Snacks,Organic India,1860.0,20,1488.0,4.6,215,182,63.6,Crunchy vacuum-packed premium salted California almonds. Designed with premium quality materials by Organic India.,"almonds,nuts,healthy,snack,dry fruits,organic india,grocery,crimson red",All Ages,All,Crimson Red,512GB,2025-10-02,https://images.unsplash.com/photo-1500000000548?auto=format&fit=crop&w=600&q=80,Active
PROD_00549,Nestle Cold-Pressed Extra Virgin Olive Oil 1L,Grocery,Cooking Essentials,Nestle,760.0,0,760.0,3.9,147,213,47.5,Unrefined cold-extracted Mediterranean olive oil for salads and cooking. Designed with premium quality materials by Nestle.,"olive oil,cooking,healthy,organic,grocery,nestle,grocery,space gray",All Ages,All,Space Gray,256GB,2025-06-04,https://images.unsplash.com/photo-1500000000549?auto=format&fit=crop&w=600&q=80,Active
PROD_00550,Saffola Organic Green Tea Herbal Infusion 100 Bags,Grocery,Beverages,Saffola,1060.0,10,954.0,4.3,281,115,56.4,Antioxidant-rich whole leaf soothing detox green tea. Designed with premium quality materials by Saffola.,"tea,green tea,organic,beverage,detox,saffola,grocery,navy blue",Teens & Youth,All,Navy Blue,16GB RAM,2024-11-09,https://images.unsplash.com/photo-1500000000550?auto=format&fit=crop&w=600&q=80,Active
PROD_00551,Saffola Organic Green Tea Herbal Infusion 100 Bags,Grocery,Beverages,Saffola,1210.0,20,968.0,4.6,147,9,60.8,Antioxidant-rich whole leaf soothing detox green tea. Designed with premium quality materials by Saffola.,"tea,green tea,organic,beverage,detox,saffola,grocery,crimson red",All Ages,All,Crimson Red,Default,2026-03-30,https://images.unsplash.com/photo-1500000000551?auto=format&fit=crop&w=600&q=80,Active
PROD_00552,Tata Organic Green Tea Herbal Infusion 100 Bags - Olive Green,Grocery,Beverages,Tata,1820.0,50,910.0,3.5,359,186,58.8,Antioxidant-rich whole leaf soothing detox green tea. Designed with premium quality materials by Tata.,"tea,green tea,organic,beverage,detox,tata,grocery,olive green",18-35,All,Olive Green,256GB,2025-04-14,https://images.unsplash.com/photo-1500000000552?auto=format&fit=crop&w=600&q=80,Active
PROD_00553,Saffola Organic Raw Honey 500g - Olive Green,Grocery,Organic Foods,Saffola,160.0,35,104.0,3.7,159,142,52.7,100% pure unfiltered natural forest wildflower honey. Designed with premium quality materials by Saffola.,"honey,organic,raw,sweetener,grocery,saffola,grocery,olive green",All Ages,All,Olive Green,Standard,2025-08-27,https://images.unsplash.com/photo-1500000000553?auto=format&fit=crop&w=600&q=80,Active
PROD_00554,Organic India Cold-Pressed Extra Virgin Olive Oil 1L,Grocery,Cooking Essentials,Organic India,1730.0,25,1297.5,3.6,163,122,50.1,Unrefined cold-extracted Mediterranean olive oil for salads and cooking. Designed with premium quality materials by Organic India.,"olive oil,cooking,healthy,organic,grocery,organic india,grocery,olive green",All Ages,All,Olive Green,Default,2025-11-06,https://images.unsplash.com/photo-1500000000554?auto=format&fit=crop&w=600&q=80,Active
PROD_00555,Nestle Roasted California Almonds 500g - Rose Gold,Grocery,Snacks,Nestle,700.0,30,490.0,4.8,391,166,70.5,Crunchy vacuum-packed premium salted California almonds. Designed with premium quality materials by Nestle.,"almonds,nuts,healthy,snack,dry fruits,nestle,grocery,rose gold",Teens & Youth,All,Rose Gold,Default,2025-04-18,https://images.unsplash.com/photo-1500000000555?auto=format&fit=crop&w=600&q=80,Active
PROD_00556,Saffola Organic Green Tea Herbal Infusion 100 Bags,Grocery,Beverages,Saffola,1480.0,50,740.0,3.8,107,104,42.9,Antioxidant-rich whole leaf soothing detox green tea. Designed with premium quality materials by Saffola.,"tea,green tea,organic,beverage,detox,saffola,grocery,navy blue",All Ages,All,Navy Blue,128GB,2025-02-22,https://images.unsplash.com/photo-1500000000556?auto=format&fit=crop&w=600&q=80,Active
PROD_00557,Saffola Cold-Pressed Extra Virgin Olive Oil 1L,Grocery,Cooking Essentials,Saffola,250.0,0,250.0,4.1,40,59,50.7,Unrefined cold-extracted Mediterranean olive oil for salads and cooking. Designed with premium quality materials by Saffola.,"olive oil,cooking,healthy,organic,grocery,saffola,grocery,rose gold",All Ages,All,Rose Gold,512GB,2024-10-15,https://images.unsplash.com/photo-1500000000557?auto=format&fit=crop&w=600&q=80,Active
PROD_00558,Saffola Artisan Dark Roasted Arabica Coffee Beans 250g,Grocery,Beverages,Saffola,280.0,10,252.0,4.2,20,9,47.5,Single-origin aromatic medium dark roast whole coffee beans. Designed with premium quality materials by Saffola.,"coffee,espresso,beverage,arabica,beans,saffola,grocery,rose gold",Adults,All,Rose Gold,128GB,2024-12-04,https://images.unsplash.com/photo-1500000000558?auto=format&fit=crop&w=600&q=80,Active
PROD_00559,Nestle Organic Green Tea Herbal Infusion 100 Bags - Pearl White,Grocery,Beverages,Nestle,1820.0,5,1729.0,4.1,268,48,60.1,Antioxidant-rich whole leaf soothing detox green tea. Designed with premium quality materials by Nestle.,"tea,green tea,organic,beverage,detox,nestle,grocery,pearl white",18-35,All,Pearl White,Default,2026-06-25,https://images.unsplash.com/photo-1500000000559?auto=format&fit=crop&w=600&q=80,Active
PROD_00560,Tata Organic Green Tea Herbal Infusion 100 Bags,Grocery,Beverages,Tata,1640.0,30,1148.0,4.0,189,218,57.4,Antioxidant-rich whole leaf soothing detox green tea. Designed with premium quality materials by Tata.,"tea,green tea,organic,beverage,detox,tata,grocery,charcoal",Adults,All,Charcoal,16GB RAM,2024-10-04,https://images.unsplash.com/photo-1500000000560?auto=format&fit=crop&w=600&q=80,Active
PROD_00561,Organic India Organic Raw Honey 500g - Space Gray,Grocery,Organic Foods,Organic India,740.0,15,629.0,4.6,234,156,57.1,100% pure unfiltered natural forest wildflower honey. Designed with premium quality materials by Organic India.,"honey,organic,raw,sweetener,grocery,organic india,grocery,space gray",Adults,All,Space Gray,Standard,2026-06-26,https://images.unsplash.com/photo-1500000000561?auto=format&fit=crop&w=600&q=80,Active
PROD_00562,Organic India Organic Green Tea Herbal Infusion 100 Bags - Pearl White,Grocery,Beverages,Organic India,1170.0,35,760.5,3.8,58,153,40.7,Antioxidant-rich whole leaf soothing detox green tea. Designed with premium quality materials by Organic India.,"tea,green tea,organic,beverage,detox,organic india,grocery,pearl white",18-35,All,Pearl White,512GB,2026-05-19,https://images.unsplash.com/photo-1500000000562?auto=format&fit=crop&w=600&q=80,Active
PROD_00563,Saffola Artisan Dark Roasted Arabica Coffee Beans 250g,Grocery,Beverages,Saffola,160.0,5,152.0,4.5,41,156,55.5,Single-origin aromatic medium dark roast whole coffee beans. Designed with premium quality materials by Saffola.,"coffee,espresso,beverage,arabica,beans,saffola,grocery,pearl white",Teens & Youth,All,Pearl White,Default,2025-06-29,https://images.unsplash.com/photo-1500000000563?auto=format&fit=crop&w=600&q=80,Active
PROD_00564,Nestle Organic Raw Honey 500g - Navy Blue,Grocery,Organic Foods,Nestle,910.0,10,819.0,4.4,17,14,50.6,100% pure unfiltered natural forest wildflower honey. Designed with premium quality materials by Nestle.,"honey,organic,raw,sweetener,grocery,nestle,grocery,navy blue",25-50,All,Navy Blue,128GB,2025-04-05,https://images.unsplash.com/photo-1500000000564?auto=format&fit=crop&w=600&q=80,Active
PROD_00565,Tata Artisan Dark Roasted Arabica Coffee Beans 250g,Grocery,Beverages,Tata,580.0,5,551.0,4.9,92,29,58.9,Single-origin aromatic medium dark roast whole coffee beans. Designed with premium quality materials by Tata.,"coffee,espresso,beverage,arabica,beans,tata,grocery,crimson red",Teens & Youth,All,Crimson Red,256GB,2025-02-23,https://images.unsplash.com/photo-1500000000565?auto=format&fit=crop&w=600&q=80,Active
PROD_00566,Nestle Artisan Dark Roasted Arabica Coffee Beans 250g,Grocery,Beverages,Nestle,510.0,10,459.0,4.5,175,238,56.7,Single-origin aromatic medium dark roast whole coffee beans. Designed with premium quality materials by Nestle.,"coffee,espresso,beverage,arabica,beans,nestle,grocery,charcoal",18-35,All,Charcoal,Standard,2026-03-02,https://images.unsplash.com/photo-1500000000566?auto=format&fit=crop&w=600&q=80,Active
PROD_00567,Tata Roasted California Almonds 500g,Grocery,Snacks,Tata,950.0,25,712.5,4.4,104,232,55.7,Crunchy vacuum-packed premium salted California almonds. Designed with premium quality materials by Tata.,"almonds,nuts,healthy,snack,dry fruits,tata,grocery,midnight black",25-50,All,Midnight Black,Standard,2026-07-16,https://images.unsplash.com/photo-1500000000567?auto=format&fit=crop&w=600&q=80,Active
PROD_00568,Tata Organic Green Tea Herbal Infusion 100 Bags - Rose Gold,Grocery,Beverages,Tata,1050.0,5,997.5,3.6,118,65,47.9,Antioxidant-rich whole leaf soothing detox green tea. Designed with premium quality materials by Tata.,"tea,green tea,organic,beverage,detox,tata,grocery,rose gold",18-35,All,Rose Gold,128GB,2024-12-31,https://images.unsplash.com/photo-1500000000568?auto=format&fit=crop&w=600&q=80,Active
PROD_00569,Organic India Artisan Dark Roasted Arabica Coffee Beans 250g,Grocery,Beverages,Organic India,350.0,15,297.5,3.6,437,193,57.6,Single-origin aromatic medium dark roast whole coffee beans. Designed with premium quality materials by Organic India.,"coffee,espresso,beverage,arabica,beans,organic india,grocery,olive green",25-50,All,Olive Green,128GB,2026-02-06,https://images.unsplash.com/photo-1500000000569?auto=format&fit=crop&w=600&q=80,Active
PROD_00570,Nestle Organic Raw Honey 500g - Space Gray,Grocery,Organic Foods,Nestle,1800.0,10,1620.0,3.8,92,161,46.2,100% pure unfiltered natural forest wildflower honey. Designed with premium quality materials by Nestle.,"honey,organic,raw,sweetener,grocery,nestle,grocery,space gray",Adults,All,Space Gray,512GB,2025-07-29,https://images.unsplash.com/photo-1500000000570?auto=format&fit=crop&w=600&q=80,Active
PROD_00571,Nestle Cold-Pressed Extra Virgin Olive Oil 1L - Charcoal,Grocery,Cooking Essentials,Nestle,1950.0,15,1657.5,4.0,144,13,52.7,Unrefined cold-extracted Mediterranean olive oil for salads and cooking. Designed with premium quality materials by Nestle.,"olive oil,cooking,healthy,organic,grocery,nestle,grocery,charcoal",18-35,All,Charcoal,Standard,2026-06-29,https://images.unsplash.com/photo-1500000000571?auto=format&fit=crop&w=600&q=80,Active
PROD_00572,Nestle Cold-Pressed Extra Virgin Olive Oil 1L - Space Gray,Grocery,Cooking Essentials,Nestle,1560.0,15,1326.0,4.7,290,159,60.2,Unrefined cold-extracted Mediterranean olive oil for salads and cooking. Designed with premium quality materials by Nestle.,"olive oil,cooking,healthy,organic,grocery,nestle,grocery,space gray",Teens & Youth,All,Space Gray,512GB,2024-11-14,https://images.unsplash.com/photo-1500000000572?auto=format&fit=crop&w=600&q=80,Active
PROD_00573,Nestle Artisan Dark Roasted Arabica Coffee Beans 250g,Grocery,Beverages,Nestle,1730.0,35,1124.5,4.7,105,60,57.1,Single-origin aromatic medium dark roast whole coffee beans. Designed with premium quality materials by Nestle.,"coffee,espresso,beverage,arabica,beans,nestle,grocery,classic beige",18-35,All,Classic Beige,16GB RAM,2025-05-13,https://images.unsplash.com/photo-1500000000573?auto=format&fit=crop&w=600&q=80,Active
PROD_00574,Tata Cold-Pressed Extra Virgin Olive Oil 1L,Grocery,Cooking Essentials,Tata,950.0,15,807.5,4.7,190,156,64.1,Unrefined cold-extracted Mediterranean olive oil for salads and cooking. Designed with premium quality materials by Tata.,"olive oil,cooking,healthy,organic,grocery,tata,grocery,olive green",18-35,All,Olive Green,Standard,2025-01-19,https://images.unsplash.com/photo-1500000000574?auto=format&fit=crop&w=600&q=80,Active
PROD_00575,Saffola Organic Green Tea Herbal Infusion 100 Bags - Midnight Black,Grocery,Beverages,Saffola,1080.0,30,756.0,4.2,371,127,64.9,Antioxidant-rich whole leaf soothing detox green tea. Designed with premium quality materials by Saffola.,"tea,green tea,organic,beverage,detox,saffola,grocery,midnight black",Teens & Youth,All,Midnight Black,Default,2024-09-15,https://images.unsplash.com/photo-1500000000575?auto=format&fit=crop&w=600&q=80,Active
PROD_00576,Saffola Organic Green Tea Herbal Infusion 100 Bags - Charcoal,Grocery,Beverages,Saffola,170.0,30,119.0,4.8,552,38,73.7,Antioxidant-rich whole leaf soothing detox green tea. Designed with premium quality materials by Saffola.,"tea,green tea,organic,beverage,detox,saffola,grocery,charcoal",All Ages,All,Charcoal,128GB,2025-12-28,https://images.unsplash.com/photo-1500000000576?auto=format&fit=crop&w=600&q=80,Active
PROD_00577,Tata Organic Green Tea Herbal Infusion 100 Bags,Grocery,Beverages,Tata,1000.0,50,500.0,4.5,43,11,56.5,Antioxidant-rich whole leaf soothing detox green tea. Designed with premium quality materials by Tata.,"tea,green tea,organic,beverage,detox,tata,grocery,charcoal",25-50,All,Charcoal,Standard,2025-05-12,https://images.unsplash.com/photo-1500000000577?auto=format&fit=crop&w=600&q=80,Active
PROD_00578,Saffola Roasted California Almonds 500g - Pearl White,Grocery,Snacks,Saffola,150.0,5,142.5,4.0,485,181,62.7,Crunchy vacuum-packed premium salted California almonds. Designed with premium quality materials by Saffola.,"almonds,nuts,healthy,snack,dry fruits,saffola,grocery,pearl white",Teens & Youth,All,Pearl White,256GB,2026-07-27,https://images.unsplash.com/photo-1500000000578?auto=format&fit=crop&w=600&q=80,Active
PROD_00579,Saffola Cold-Pressed Extra Virgin Olive Oil 1L - Crimson Red,Grocery,Cooking Essentials,Saffola,1620.0,5,1539.0,4.4,136,90,56.8,Unrefined cold-extracted Mediterranean olive oil for salads and cooking. Designed with premium quality materials by Saffola.,"olive oil,cooking,healthy,organic,grocery,saffola,grocery,crimson red",Adults,All,Crimson Red,Standard,2026-07-04,https://images.unsplash.com/photo-1500000000579?auto=format&fit=crop&w=600&q=80,Active
PROD_00580,Organic India Artisan Dark Roasted Arabica Coffee Beans 250g,Grocery,Beverages,Organic India,1290.0,25,967.5,4.0,68,170,48.3,Single-origin aromatic medium dark roast whole coffee beans. Designed with premium quality materials by Organic India.,"coffee,espresso,beverage,arabica,beans,organic india,grocery,midnight black",Teens & Youth,All,Midnight Black,Default,2026-06-22,https://images.unsplash.com/photo-1500000000580?auto=format&fit=crop&w=600&q=80,Active
PROD_00581,Nestle Artisan Dark Roasted Arabica Coffee Beans 250g - Pearl White,Grocery,Beverages,Nestle,1350.0,50,675.0,4.7,125,184,54.1,Single-origin aromatic medium dark roast whole coffee beans. Designed with premium quality materials by Nestle.,"coffee,espresso,beverage,arabica,beans,nestle,grocery,pearl white",18-35,All,Pearl White,256GB,2026-01-11,https://images.unsplash.com/photo-1500000000581?auto=format&fit=crop&w=600&q=80,Active
PROD_00582,Organic India Cold-Pressed Extra Virgin Olive Oil 1L,Grocery,Cooking Essentials,Organic India,270.0,25,202.5,4.1,719,133,75.0,Unrefined cold-extracted Mediterranean olive oil for salads and cooking. Designed with premium quality materials by Organic India.,"olive oil,cooking,healthy,organic,grocery,organic india,grocery,crimson red",Teens & Youth,All,Crimson Red,16GB RAM,2026-04-26,https://images.unsplash.com/photo-1500000000582?auto=format&fit=crop&w=600&q=80,Active
PROD_00583,Dabur Organic Raw Honey 500g - Rose Gold,Grocery,Organic Foods,Dabur,1630.0,5,1548.5,3.8,137,231,48.1,100% pure unfiltered natural forest wildflower honey. Designed with premium quality materials by Dabur.,"honey,organic,raw,sweetener,grocery,dabur,grocery,rose gold",Teens & Youth,All,Rose Gold,256GB,2026-06-08,https://images.unsplash.com/photo-1500000000583?auto=format&fit=crop&w=600&q=80,Active
PROD_00584,Nestle Organic Raw Honey 500g,Grocery,Organic Foods,Nestle,360.0,10,324.0,4.2,86,228,47.5,100% pure unfiltered natural forest wildflower honey. Designed with premium quality materials by Nestle.,"honey,organic,raw,sweetener,grocery,nestle,grocery,crimson red",All Ages,All,Crimson Red,Default,2024-11-25,https://images.unsplash.com/photo-1500000000584?auto=format&fit=crop&w=600&q=80,Active
PROD_00585,Organic India Organic Green Tea Herbal Infusion 100 Bags - Olive Green,Grocery,Beverages,Organic India,1030.0,30,721.0,4.1,195,170,49.0,Antioxidant-rich whole leaf soothing detox green tea. Designed with premium quality materials by Organic India.,"tea,green tea,organic,beverage,detox,organic india,grocery,olive green",Adults,All,Olive Green,Standard,2026-02-17,https://images.unsplash.com/photo-1500000000585?auto=format&fit=crop&w=600&q=80,Active
PROD_00586,Tata Organic Green Tea Herbal Infusion 100 Bags - Navy Blue,Grocery,Beverages,Tata,780.0,25,585.0,4.2,64,175,51.5,Antioxidant-rich whole leaf soothing detox green tea. Designed with premium quality materials by Tata.,"tea,green tea,organic,beverage,detox,tata,grocery,navy blue",25-50,All,Navy Blue,16GB RAM,2025-02-14,https://images.unsplash.com/photo-1500000000586?auto=format&fit=crop&w=600&q=80,Active
PROD_00587,Saffola Organic Raw Honey 500g - Crimson Red,Grocery,Organic Foods,Saffola,720.0,20,576.0,3.8,29,100,48.9,100% pure unfiltered natural forest wildflower honey. Designed with premium quality materials by Saffola.,"honey,organic,raw,sweetener,grocery,saffola,grocery,crimson red",18-35,All,Crimson Red,16GB RAM,2026-07-12,https://images.unsplash.com/photo-1500000000587?auto=format&fit=crop&w=600&q=80,Active
PROD_00588,Organic India Roasted California Almonds 500g - Crimson Red,Grocery,Snacks,Organic India,450.0,40,270.0,3.9,39,49,49.0,Crunchy vacuum-packed premium salted California almonds. Designed with premium quality materials by Organic India.,"almonds,nuts,healthy,snack,dry fruits,organic india,grocery,crimson red",18-35,All,Crimson Red,512GB,2024-09-19,https://images.unsplash.com/photo-1500000000588?auto=format&fit=crop&w=600&q=80,Active
PROD_00589,Oral-B Cordless Rechargeable Beard Trimmer - Navy Blue,Personal Care,Shaving & Grooming,Oral-B,3530.0,35,2294.5,3.9,39,52,42.6,Stainless steel self-sharpening blades with 20 length settings. Designed with premium quality materials by Oral-B.,"trimmer,beard,grooming,shaver,mens,oral-b,personal care,navy blue",All Ages,All,Navy Blue,Default,2026-07-25,https://images.unsplash.com/photo-1500000000589?auto=format&fit=crop&w=600&q=80,Active
PROD_00590,Philips Deep Cleansing Charcoal Body Wash 500ml - Pearl White,Personal Care,Bath & Body,Philips,1140.0,20,912.0,3.7,44,11,42.8,Refreshing activated charcoal body shower gel with invigorating mint. Designed with premium quality materials by Philips.,"body wash,shower gel,bath,hygiene,soap,philips,personal care,pearl white",Teens & Youth,All,Pearl White,256GB,2025-04-05,https://images.unsplash.com/photo-1500000000590?auto=format&fit=crop&w=600&q=80,Active
PROD_00591,Gillette Cordless Rechargeable Beard Trimmer - Silver,Personal Care,Shaving & Grooming,Gillette,3370.0,40,2022.0,4.0,41,185,44.6,Stainless steel self-sharpening blades with 20 length settings. Designed with premium quality materials by Gillette.,"trimmer,beard,grooming,shaver,mens,gillette,personal care,silver",All Ages,All,Silver,128GB,2025-11-06,https://images.unsplash.com/photo-1500000000591?auto=format&fit=crop&w=600&q=80,Active
PROD_00592,Dettol Cordless Rechargeable Beard Trimmer - Charcoal,Personal Care,Shaving & Grooming,Dettol,5420.0,10,4878.0,4.4,199,34,55.0,Stainless steel self-sharpening blades with 20 length settings. Designed with premium quality materials by Dettol.,"trimmer,beard,grooming,shaver,mens,dettol,personal care,charcoal",All Ages,All,Charcoal,256GB,2025-07-14,https://images.unsplash.com/photo-1500000000592?auto=format&fit=crop&w=600&q=80,Active
PROD_00593,Gillette Cordless Rechargeable Beard Trimmer,Personal Care,Shaving & Grooming,Gillette,3920.0,50,1960.0,4.2,51,205,53.4,Stainless steel self-sharpening blades with 20 length settings. Designed with premium quality materials by Gillette.,"trimmer,beard,grooming,shaver,mens,gillette,personal care,silver",25-50,All,Silver,Default,2025-11-18,https://images.unsplash.com/photo-1500000000593?auto=format&fit=crop&w=600&q=80,Active
PROD_00594,Colgate Cordless Rechargeable Beard Trimmer - Space Gray,Personal Care,Shaving & Grooming,Colgate,5750.0,40,3450.0,4.1,91,130,47.8,Stainless steel self-sharpening blades with 20 length settings. Designed with premium quality materials by Colgate.,"trimmer,beard,grooming,shaver,mens,colgate,personal care,space gray",Teens & Youth,All,Space Gray,16GB RAM,2024-12-18,https://images.unsplash.com/photo-1500000000594?auto=format&fit=crop&w=600&q=80,Active
PROD_00595,Dove Sonic Electric Toothbrush with Timer - Silver,Personal Care,Oral Care,Dove,2680.0,30,1876.0,4.0,423,77,60.4,40000 vibrations/min with 3 cleaning modes and 4 brush heads. Designed with premium quality materials by Dove.,"toothbrush,electric,oral care,hygiene,sonic,dove,personal care,silver",18-35,All,Silver,512GB,2025-10-18,https://images.unsplash.com/photo-1500000000595?auto=format&fit=crop&w=600&q=80,Active
PROD_00596,Dettol Gentle Sulfate-Free Moisturizing Body Lotion - Space Gray,Personal Care,Bath & Body,Dettol,2610.0,35,1696.5,3.9,130,211,51.5,Enriched with shea butter and cocoa butter for 48h hydration. Designed with premium quality materials by Dettol.,"lotion,moisturizer,skincare,body lotion,bath,dettol,personal care,space gray",Teens & Youth,All,Space Gray,128GB,2025-06-21,https://images.unsplash.com/photo-1500000000596?auto=format&fit=crop&w=600&q=80,Active
PROD_00597,Oral-B Gentle Sulfate-Free Moisturizing Body Lotion,Personal Care,Bath & Body,Oral-B,1960.0,40,1176.0,4.9,213,21,66.9,Enriched with shea butter and cocoa butter for 48h hydration. Designed with premium quality materials by Oral-B.,"lotion,moisturizer,skincare,body lotion,bath,oral-b,personal care,classic beige",All Ages,All,Classic Beige,16GB RAM,2025-01-02,https://images.unsplash.com/photo-1500000000597?auto=format&fit=crop&w=600&q=80,Active
PROD_00598,Colgate Gentle Sulfate-Free Moisturizing Body Lotion - Midnight Black,Personal Care,Bath & Body,Colgate,3420.0,50,1710.0,4.6,49,40,50.0,Enriched with shea butter and cocoa butter for 48h hydration. Designed with premium quality materials by Colgate.,"lotion,moisturizer,skincare,body lotion,bath,colgate,personal care,midnight black",25-50,All,Midnight Black,512GB,2025-08-04,https://images.unsplash.com/photo-1500000000598?auto=format&fit=crop&w=600&q=80,Active
PROD_00599,Dettol Deep Cleansing Charcoal Body Wash 500ml - Charcoal,Personal Care,Bath & Body,Dettol,1960.0,40,1176.0,4.5,53,62,47.4,Refreshing activated charcoal body shower gel with invigorating mint. Designed with premium quality materials by Dettol.,"body wash,shower gel,bath,hygiene,soap,dettol,personal care,charcoal",25-50,All,Charcoal,Default,2026-08-27,https://images.unsplash.com/photo-1500000000599?auto=format&fit=crop&w=600&q=80,Active
PROD_00600,Philips Cordless Rechargeable Beard Trimmer,Personal Care,Shaving & Grooming,Philips,4060.0,20,3248.0,4.1,22,130,50.9,Stainless steel self-sharpening blades with 20 length settings. Designed with premium quality materials by Philips.,"trimmer,beard,grooming,shaver,mens,philips,personal care,crimson red",Teens & Youth,All,Crimson Red,Standard,2024-11-07,https://images.unsplash.com/photo-1500000000600?auto=format&fit=crop&w=600&q=80,Active
PROD_00601,Colgate Cordless Rechargeable Beard Trimmer - Space Gray,Personal Care,Shaving & Grooming,Colgate,590.0,25,442.5,4.3,48,149,49.3,Stainless steel self-sharpening blades with 20 length settings. Designed with premium quality materials by Colgate.,"trimmer,beard,grooming,shaver,mens,colgate,personal care,space gray",Teens & Youth,All,Space Gray,256GB,2025-12-08,https://images.unsplash.com/photo-1500000000601?auto=format&fit=crop&w=600&q=80,Active
PROD_00602,Dove Gentle Sulfate-Free Moisturizing Body Lotion - Space Gray,Personal Care,Bath & Body,Dove,300.0,20,240.0,3.7,73,19,41.4,Enriched with shea butter and cocoa butter for 48h hydration. Designed with premium quality materials by Dove.,"lotion,moisturizer,skincare,body lotion,bath,dove,personal care,space gray",Adults,All,Space Gray,256GB,2025-05-14,https://images.unsplash.com/photo-1500000000602?auto=format&fit=crop&w=600&q=80,Active
PROD_00603,Philips Cordless Rechargeable Beard Trimmer,Personal Care,Shaving & Grooming,Philips,3890.0,25,2917.5,3.6,50,79,43.3,Stainless steel self-sharpening blades with 20 length settings. Designed with premium quality materials by Philips.,"trimmer,beard,grooming,shaver,mens,philips,personal care,pearl white",25-50,All,Pearl White,Default,2026-06-12,https://images.unsplash.com/photo-1500000000603?auto=format&fit=crop&w=600&q=80,Active
PROD_00604,Dove Cordless Rechargeable Beard Trimmer - Pearl White,Personal Care,Shaving & Grooming,Dove,3350.0,25,2512.5,4.7,31,180,56.2,Stainless steel self-sharpening blades with 20 length settings. Designed with premium quality materials by Dove.,"trimmer,beard,grooming,shaver,mens,dove,personal care,pearl white",Adults,All,Pearl White,Default,2025-11-25,https://images.unsplash.com/photo-1500000000604?auto=format&fit=crop&w=600&q=80,Active
PROD_00605,Colgate Deep Cleansing Charcoal Body Wash 500ml - Rose Gold,Personal Care,Bath & Body,Colgate,270.0,40,162.0,3.9,38,204,45.4,Refreshing activated charcoal body shower gel with invigorating mint. Designed with premium quality materials by Colgate.,"body wash,shower gel,bath,hygiene,soap,colgate,personal care,rose gold",25-50,All,Rose Gold,16GB RAM,2025-09-15,https://images.unsplash.com/photo-1500000000605?auto=format&fit=crop&w=600&q=80,Active
PROD_00606,Colgate Cordless Rechargeable Beard Trimmer,Personal Care,Shaving & Grooming,Colgate,1290.0,40,774.0,4.4,126,217,58.6,Stainless steel self-sharpening blades with 20 length settings. Designed with premium quality materials by Colgate.,"trimmer,beard,grooming,shaver,mens,colgate,personal care,navy blue",Adults,All,Navy Blue,128GB,2025-03-03,https://images.unsplash.com/photo-1500000000606?auto=format&fit=crop&w=600&q=80,Active
PROD_00607,Gillette Sonic Electric Toothbrush with Timer - Charcoal,Personal Care,Oral Care,Gillette,5550.0,35,3607.5,4.0,56,181,45.9,40000 vibrations/min with 3 cleaning modes and 4 brush heads. Designed with premium quality materials by Gillette.,"toothbrush,electric,oral care,hygiene,sonic,gillette,personal care,charcoal",All Ages,All,Charcoal,Default,2025-06-03,https://images.unsplash.com/photo-1500000000607?auto=format&fit=crop&w=600&q=80,Active
PROD_00608,Oral-B Deep Cleansing Charcoal Body Wash 500ml,Personal Care,Bath & Body,Oral-B,5170.0,10,4653.0,4.5,96,83,50.1,Refreshing activated charcoal body shower gel with invigorating mint. Designed with premium quality materials by Oral-B.,"body wash,shower gel,bath,hygiene,soap,oral-b,personal care,crimson red",All Ages,All,Crimson Red,Default,2026-04-18,https://images.unsplash.com/photo-1500000000608?auto=format&fit=crop&w=600&q=80,Active
PROD_00609,Gillette Sonic Electric Toothbrush with Timer - Space Gray,Personal Care,Oral Care,Gillette,4590.0,0,4590.0,3.8,141,13,51.6,40000 vibrations/min with 3 cleaning modes and 4 brush heads. Designed with premium quality materials by Gillette.,"toothbrush,electric,oral care,hygiene,sonic,gillette,personal care,space gray",All Ages,All,Space Gray,Default,2025-03-22,https://images.unsplash.com/photo-1500000000609?auto=format&fit=crop&w=600&q=80,Active
PROD_00610,Gillette Sonic Electric Toothbrush with Timer,Personal Care,Oral Care,Gillette,4070.0,5,3866.5,4.6,226,240,61.1,40000 vibrations/min with 3 cleaning modes and 4 brush heads. Designed with premium quality materials by Gillette.,"toothbrush,electric,oral care,hygiene,sonic,gillette,personal care,space gray",All Ages,All,Space Gray,256GB,2025-01-05,https://images.unsplash.com/photo-1500000000610?auto=format&fit=crop&w=600&q=80,Active
PROD_00611,Oral-B Cordless Rechargeable Beard Trimmer,Personal Care,Shaving & Grooming,Oral-B,4530.0,20,3624.0,4.8,22,94,52.4,Stainless steel self-sharpening blades with 20 length settings. Designed with premium quality materials by Oral-B.,"trimmer,beard,grooming,shaver,mens,oral-b,personal care,silver",All Ages,All,Silver,Default,2025-04-04,https://images.unsplash.com/photo-1500000000611?auto=format&fit=crop&w=600&q=80,Active
PROD_00612,Dettol Cordless Rechargeable Beard Trimmer - Classic Beige,Personal Care,Shaving & Grooming,Dettol,4630.0,40,2778.0,3.8,304,54,59.8,Stainless steel self-sharpening blades with 20 length settings. Designed with premium quality materials by Dettol.,"trimmer,beard,grooming,shaver,mens,dettol,personal care,classic beige",All Ages,All,Classic Beige,Default,2026-03-07,https://images.unsplash.com/photo-1500000000612?auto=format&fit=crop&w=600&q=80,Active
PROD_00613,Dove Sonic Electric Toothbrush with Timer - Space Gray,Personal Care,Oral Care,Dove,2950.0,50,1475.0,3.8,192,177,55.3,40000 vibrations/min with 3 cleaning modes and 4 brush heads. Designed with premium quality materials by Dove.,"toothbrush,electric,oral care,hygiene,sonic,dove,personal care,space gray",Adults,All,Space Gray,128GB,2026-02-25,https://images.unsplash.com/photo-1500000000613?auto=format&fit=crop&w=600&q=80,Active
PROD_00614,Gillette Deep Cleansing Charcoal Body Wash 500ml,Personal Care,Bath & Body,Gillette,850.0,25,637.5,3.7,30,33,43.4,Refreshing activated charcoal body shower gel with invigorating mint. Designed with premium quality materials by Gillette.,"body wash,shower gel,bath,hygiene,soap,gillette,personal care,olive green",Adults,All,Olive Green,128GB,2025-04-09,https://images.unsplash.com/photo-1500000000614?auto=format&fit=crop&w=600&q=80,Active
PROD_00615,Dove Deep Cleansing Charcoal Body Wash 500ml,Personal Care,Bath & Body,Dove,3060.0,30,2142.0,3.9,387,158,61.8,Refreshing activated charcoal body shower gel with invigorating mint. Designed with premium quality materials by Dove.,"body wash,shower gel,bath,hygiene,soap,dove,personal care,crimson red",All Ages,All,Crimson Red,16GB RAM,2024-09-25,https://images.unsplash.com/photo-1500000000615?auto=format&fit=crop&w=600&q=80,Active
PROD_00616,Oral-B Gentle Sulfate-Free Moisturizing Body Lotion - Rose Gold,Personal Care,Bath & Body,Oral-B,2680.0,5,2546.0,4.8,471,210,71.6,Enriched with shea butter and cocoa butter for 48h hydration. Designed with premium quality materials by Oral-B.,"lotion,moisturizer,skincare,body lotion,bath,oral-b,personal care,rose gold",25-50,All,Rose Gold,512GB,2024-10-03,https://images.unsplash.com/photo-1500000000616?auto=format&fit=crop&w=600&q=80,Active
PROD_00617,Oral-B Deep Cleansing Charcoal Body Wash 500ml - Midnight Black,Personal Care,Bath & Body,Oral-B,2500.0,40,1500.0,4.4,26,26,46.2,Refreshing activated charcoal body shower gel with invigorating mint. Designed with premium quality materials by Oral-B.,"body wash,shower gel,bath,hygiene,soap,oral-b,personal care,midnight black",Teens & Youth,All,Midnight Black,Standard,2025-07-21,https://images.unsplash.com/photo-1500000000617?auto=format&fit=crop&w=600&q=80,Active
PROD_00618,Dove Gentle Sulfate-Free Moisturizing Body Lotion,Personal Care,Bath & Body,Dove,5860.0,25,4395.0,3.8,73,221,50.8,Enriched with shea butter and cocoa butter for 48h hydration. Designed with premium quality materials by Dove.,"lotion,moisturizer,skincare,body lotion,bath,dove,personal care,classic beige",18-35,All,Classic Beige,Default,2026-04-26,https://images.unsplash.com/photo-1500000000618?auto=format&fit=crop&w=600&q=80,Active
PROD_00619,Gillette Cordless Rechargeable Beard Trimmer - Charcoal,Personal Care,Shaving & Grooming,Gillette,4590.0,30,3213.0,4.0,310,175,58.4,Stainless steel self-sharpening blades with 20 length settings. Designed with premium quality materials by Gillette.,"trimmer,beard,grooming,shaver,mens,gillette,personal care,charcoal",Adults,All,Charcoal,256GB,2025-07-11,https://images.unsplash.com/photo-1500000000619?auto=format&fit=crop&w=600&q=80,Active
PROD_00620,Dettol Gentle Sulfate-Free Moisturizing Body Lotion,Personal Care,Bath & Body,Dettol,1650.0,35,1072.5,3.8,263,246,49.9,Enriched with shea butter and cocoa butter for 48h hydration. Designed with premium quality materials by Dettol.,"lotion,moisturizer,skincare,body lotion,bath,dettol,personal care,crimson red",Teens & Youth,All,Crimson Red,128GB,2026-05-20,https://images.unsplash.com/photo-1500000000620?auto=format&fit=crop&w=600&q=80,Active
PROD_00621,Colgate Sonic Electric Toothbrush with Timer - Charcoal,Personal Care,Oral Care,Colgate,2420.0,25,1815.0,3.7,51,164,45.3,40000 vibrations/min with 3 cleaning modes and 4 brush heads. Designed with premium quality materials by Colgate.,"toothbrush,electric,oral care,hygiene,sonic,colgate,personal care,charcoal",All Ages,All,Charcoal,Standard,2026-06-12,https://images.unsplash.com/photo-1500000000621?auto=format&fit=crop&w=600&q=80,Active
PROD_00622,Gillette Gentle Sulfate-Free Moisturizing Body Lotion - Navy Blue,Personal Care,Bath & Body,Gillette,1720.0,25,1290.0,4.6,57,143,53.7,Enriched with shea butter and cocoa butter for 48h hydration. Designed with premium quality materials by Gillette.,"lotion,moisturizer,skincare,body lotion,bath,gillette,personal care,navy blue",Teens & Youth,All,Navy Blue,256GB,2026-07-28,https://images.unsplash.com/photo-1500000000622?auto=format&fit=crop&w=600&q=80,Active
PROD_00623,Colgate Gentle Sulfate-Free Moisturizing Body Lotion - Olive Green,Personal Care,Bath & Body,Colgate,2770.0,0,2770.0,3.5,98,147,45.5,Enriched with shea butter and cocoa butter for 48h hydration. Designed with premium quality materials by Colgate.,"lotion,moisturizer,skincare,body lotion,bath,colgate,personal care,olive green",25-50,All,Olive Green,512GB,2025-10-23,https://images.unsplash.com/photo-1500000000623?auto=format&fit=crop&w=600&q=80,Active
PROD_00624,Gillette Cordless Rechargeable Beard Trimmer - Olive Green,Personal Care,Shaving & Grooming,Gillette,3030.0,5,2878.5,4.3,134,130,55.0,Stainless steel self-sharpening blades with 20 length settings. Designed with premium quality materials by Gillette.,"trimmer,beard,grooming,shaver,mens,gillette,personal care,olive green",25-50,All,Olive Green,128GB,2024-09-27,https://images.unsplash.com/photo-1500000000624?auto=format&fit=crop&w=600&q=80,Active
PROD_00625,Gillette Gentle Sulfate-Free Moisturizing Body Lotion,Personal Care,Bath & Body,Gillette,1730.0,50,865.0,4.9,188,162,63.3,Enriched with shea butter and cocoa butter for 48h hydration. Designed with premium quality materials by Gillette.,"lotion,moisturizer,skincare,body lotion,bath,gillette,personal care,rose gold",Adults,All,Rose Gold,128GB,2025-11-11,https://images.unsplash.com/photo-1500000000625?auto=format&fit=crop&w=600&q=80,Active
PROD_00626,Colgate Deep Cleansing Charcoal Body Wash 500ml,Personal Care,Bath & Body,Colgate,2320.0,50,1160.0,3.5,97,233,45.1,Refreshing activated charcoal body shower gel with invigorating mint. Designed with premium quality materials by Colgate.,"body wash,shower gel,bath,hygiene,soap,colgate,personal care,midnight black",All Ages,All,Midnight Black,16GB RAM,2025-08-05,https://images.unsplash.com/photo-1500000000626?auto=format&fit=crop&w=600&q=80,Active
PROD_00627,Gillette Sonic Electric Toothbrush with Timer,Personal Care,Oral Care,Gillette,4030.0,15,3425.5,3.8,126,84,49.0,40000 vibrations/min with 3 cleaning modes and 4 brush heads. Designed with premium quality materials by Gillette.,"toothbrush,electric,oral care,hygiene,sonic,gillette,personal care,silver",Teens & Youth,All,Silver,256GB,2024-09-24,https://images.unsplash.com/photo-1500000000627?auto=format&fit=crop&w=600&q=80,Active
PROD_00628,Philips Sonic Electric Toothbrush with Timer,Personal Care,Oral Care,Philips,2090.0,35,1358.5,4.4,262,113,60.2,40000 vibrations/min with 3 cleaning modes and 4 brush heads. Designed with premium quality materials by Philips.,"toothbrush,electric,oral care,hygiene,sonic,philips,personal care,space gray",18-35,All,Space Gray,256GB,2025-06-24,https://images.unsplash.com/photo-1500000000628?auto=format&fit=crop&w=600&q=80,Active
PROD_00629,Colgate Deep Cleansing Charcoal Body Wash 500ml - Charcoal,Personal Care,Bath & Body,Colgate,2390.0,30,1673.0,4.0,21,30,48.9,Refreshing activated charcoal body shower gel with invigorating mint. Designed with premium quality materials by Colgate.,"body wash,shower gel,bath,hygiene,soap,colgate,personal care,charcoal",All Ages,All,Charcoal,16GB RAM,2026-05-19,https://images.unsplash.com/photo-1500000000629?auto=format&fit=crop&w=600&q=80,Active
PROD_00630,Philips Cordless Rechargeable Beard Trimmer,Personal Care,Shaving & Grooming,Philips,1940.0,30,1358.0,3.8,67,167,49.2,Stainless steel self-sharpening blades with 20 length settings. Designed with premium quality materials by Philips.,"trimmer,beard,grooming,shaver,mens,philips,personal care,charcoal",25-50,All,Charcoal,16GB RAM,2026-06-13,https://images.unsplash.com/photo-1500000000630?auto=format&fit=crop&w=600&q=80,Active
