Purchase_ID,Customer_ID,Product_ID,Order_ID,Purchase_Date,Quantity,Unit_Price,Discount,Total_Amount,Payment_Method,Category,Device
PUR_000001,CUST_02894,PROD_00405,SC-2026-001001,2026-08-04 20:23:55,1,430.0,5,408.5,Credit Card,Sports,Mobile Web
PUR_000002,CUST_02220,PROD_00514,SC-2026-001002,2026-03-18 18:06:48,2,1070.0,50,1070.0,UPI,Accessories,Mobile Web
PUR_000003,CUST_01043,PROD_00109,SC-2026-001003,2026-05-19 06:12:39,1,47810.0,50,23905.0,UPI,Laptops,Mobile App
PUR_000004,CUST_01043,PROD_00501,SC-2026-001003,2026-05-19 06:12:39,1,54260.0,20,43408.0,UPI,Gaming,Mobile App
PUR_000005,CUST_00884,PROD_00016,SC-2026-001004,2026-03-17 08:57:23,1,28840.0,15,24514.0,Net Banking,Electronics,Desktop
PUR_000006,CUST_00884,PROD_00015,SC-2026-001005,2026-03-17 08:58:49,1,23870.0,5,22676.5,Net Banking,Electronics,Desktop
PUR_000007,CUST_01261,PROD_00468,SC-2026-001006,2026-05-23 15:57:06,1,40730.0,15,34620.5,Net Banking,Gaming,Desktop
PUR_000008,CUST_01571,PROD_00486,SC-2026-001007,2026-04-03 18:03:55,1,42910.0,50,21455.0,Net Banking,Gaming,Mobile Web
PUR_000009,CUST_00638,PROD_00029,SC-2026-001008,2026-08-24 06:31:55,1,20550.0,30,14385.0,Wallet,Electronics,Mobile App
PUR_000010,CUST_02958,PROD_00524,SC-2026-001009,2026-05-01 02:11:11,1,2840.0,35,1846.0,Credit Card,Accessories,Mobile Web
PUR_000011,CUST_00711,PROD_00145,SC-2026-001010,2026-06-19 13:18:47,1,4680.0,35,3042.0,UPI,Fashion,Mobile App
PUR_000012,CUST_00043,PROD_00544,SC-2026-001011,2026-04-24 15:36:45,1,4240.0,15,3604.0,Cash on Delivery,Accessories,Tablet
PUR_000013,CUST_00422,PROD_00424,SC-2026-001012,2026-08-11 18:53:19,2,660.0,15,1122.0,Credit Card,Books,Mobile App
PUR_000014,CUST_01358,PROD_00148,SC-2026-001013,2026-03-23 05:13:52,1,5680.0,20,4544.0,Credit Card,Fashion,Mobile Web
PUR_000015,CUST_02202,PROD_00431,SC-2026-001014,2026-08-15 19:09:35,1,2810.0,30,1967.0,Debit Card,Books,Tablet
PUR_000016,CUST_02159,PROD_00233,SC-2026-001015,2026-05-06 15:01:07,2,2490.0,25,3735.0,Debit Card,Beauty,Tablet
PUR_000017,CUST_01675,PROD_00443,SC-2026-001016,2026-03-30 19:17:52,1,640.0,0,640.0,Debit Card,Books,Tablet
PUR_000018,CUST_01583,PROD_00211,SC-2026-001017,2026-07-03 11:15:26,1,4120.0,5,3914.0,Net Banking,Beauty,Mobile Web
PUR_000019,CUST_01995,PROD_00232,SC-2026-001018,2026-07-08 08:28:52,2,400.0,5,760.0,Wallet,Beauty,Tablet
PUR_000020,CUST_01006,PROD_00410,SC-2026-001019,2026-04-18 06:39:40,1,13110.0,15,11143.5,Cash on Delivery,Sports,Desktop
PUR_000021,CUST_00592,PROD_00020,SC-2026-001020,2026-04-18 20:30:48,1,43640.0,15,37094.0,UPI,Electronics,Mobile App
PUR_000022,CUST_01618,PROD_00035,SC-2026-001021,2026-05-07 17:00:05,1,44280.0,0,44280.0,Net Banking,Electronics,Desktop
PUR_000023,CUST_00184,PROD_00353,SC-2026-001022,2026-03-20 13:03:21,1,25600.0,15,21760.0,Wallet,Furniture,Mobile Web
PUR_000024,CUST_00184,PROD_00366,SC-2026-001023,2026-03-20 13:08:48,1,25080.0,50,12540.0,UPI,Furniture,Mobile Web
PUR_000025,CUST_01903,PROD_00530,SC-2026-001024,2026-06-29 12:37:52,2,5700.0,35,7410.0,Cash on Delivery,Accessories,Mobile App
PUR_000026,CUST_02107,PROD_00040,SC-2026-001025,2026-04-06 10:41:19,1,30280.0,50,15140.0,Credit Card,Electronics,Mobile App
PUR_000027,CUST_01991,PROD_00143,SC-2026-001026,2026-08-30 06:52:08,2,2060.0,30,2884.0,UPI,Fashion,Mobile App
PUR_000028,CUST_02676,PROD_00628,SC-2026-001027,2026-07-18 13:02:47,1,2090.0,35,1358.5,Debit Card,Personal Care,Mobile Web
PUR_000029,CUST_01634,PROD_00417,SC-2026-001028,2026-08-05 12:03:28,1,6160.0,25,4620.0,Net Banking,Sports,Desktop
PUR_000030,CUST_01496,PROD_00068,SC-2026-001029,2026-08-31 02:12:28,1,100520.0,15,85442.0,UPI,Mobiles,Desktop
PUR_000031,CUST_02538,PROD_00105,SC-2026-001030,2026-03-13 16:17:05,1,151820.0,50,75910.0,Wallet,Laptops,Mobile Web
PUR_000032,CUST_02538,PROD_00517,SC-2026-001030,2026-03-13 16:17:05,1,1630.0,40,978.0,Wallet,Accessories,Mobile Web
PUR_000033,CUST_02347,PROD_00490,SC-2026-001031,2026-05-04 13:43:17,1,51640.0,40,30984.0,Net Banking,Gaming,Desktop
PUR_000034,CUST_02049,PROD_00333,SC-2026-001032,2026-03-29 02:51:53,1,14930.0,25,11197.5,Credit Card,Kitchen,Mobile App
PUR_000035,CUST_02588,PROD_00011,SC-2026-001033,2026-08-07 16:02:21,1,21070.0,20,16856.0,Cash on Delivery,Electronics,Desktop
PUR_000036,CUST_00514,PROD_00421,SC-2026-001034,2026-04-12 04:17:52,2,2160.0,25,3240.0,Credit Card,Books,Desktop
PUR_000037,CUST_01118,PROD_00199,SC-2026-001035,2026-06-21 13:02:52,1,12670.0,30,8869.0,Credit Card,Footwear,Tablet
PUR_000038,CUST_01118,PROD_00163,SC-2026-001035,2026-06-21 13:02:52,1,3530.0,20,2824.0,Credit Card,Fashion,Tablet
PUR_000039,CUST_02881,PROD_00201,SC-2026-001036,2026-06-23 03:09:01,1,3910.0,15,3323.5,Credit Card,Footwear,Mobile App
PUR_000040,CUST_02881,PROD_00154,SC-2026-001036,2026-06-23 03:09:01,1,3390.0,5,3220.5,Credit Card,Fashion,Mobile App
PUR_000041,CUST_02783,PROD_00548,SC-2026-001037,2026-07-23 10:49:09,1,1860.0,20,1488.0,UPI,Grocery,Mobile Web
PUR_000042,CUST_02987,PROD_00149,SC-2026-001038,2026-07-04 16:15:48,1,2490.0,50,1245.0,Net Banking,Fashion,Desktop
PUR_000043,CUST_02987,PROD_00134,SC-2026-001039,2026-07-04 16:20:55,1,1160.0,40,696.0,UPI,Fashion,Desktop
PUR_000044,CUST_02702,PROD_00020,SC-2026-001040,2026-06-07 19:46:53,1,43640.0,15,37094.0,Cash on Delivery,Electronics,Tablet
PUR_000045,CUST_01601,PROD_00023,SC-2026-001041,2026-07-06 23:43:46,2,4200.0,5,7980.0,Credit Card,Electronics,Mobile App
PUR_000046,CUST_01527,PROD_00081,SC-2026-001042,2026-06-13 01:51:02,1,64450.0,35,41892.5,Cash on Delivery,Mobiles,Mobile App
PUR_000047,CUST_01527,PROD_00520,SC-2026-001042,2026-06-13 01:51:02,1,1150.0,5,1092.5,Cash on Delivery,Accessories,Mobile App
PUR_000048,CUST_01527,PROD_00066,SC-2026-001043,2026-06-13 01:53:34,1,62920.0,35,40898.0,Net Banking,Mobiles,Mobile App
PUR_000049,CUST_01527,PROD_00531,SC-2026-001043,2026-06-13 01:53:34,1,3310.0,25,2482.5,Net Banking,Accessories,Mobile App
PUR_000050,CUST_01212,PROD_00026,SC-2026-001044,2026-08-28 19:52:18,1,39780.0,15,33813.0,UPI,Electronics,Mobile App
PUR_000051,CUST_01212,PROD_00030,SC-2026-001045,2026-08-28 19:54:45,1,6780.0,20,5424.0,Debit Card,Electronics,Mobile App
PUR_000052,CUST_00419,PROD_00413,SC-2026-001046,2026-05-01 18:09:34,1,10270.0,15,8729.5,Debit Card,Sports,Mobile Web
PUR_000053,CUST_00138,PROD_00398,SC-2026-001047,2026-07-20 04:25:16,1,8670.0,5,8236.5,UPI,Sports,Tablet
PUR_000054,CUST_00513,PROD_00257,SC-2026-001048,2026-06-02 20:12:16,1,7330.0,10,6597.0,Net Banking,Home,Desktop
PUR_000055,CUST_01697,PROD_00618,SC-2026-001049,2026-06-29 16:58:59,2,5860.0,25,8790.0,Credit Card,Personal Care,Mobile App
PUR_000056,CUST_01697,PROD_00622,SC-2026-001050,2026-06-29 17:01:29,2,1720.0,25,2580.0,Credit Card,Personal Care,Mobile App
PUR_000057,CUST_02152,PROD_00300,SC-2026-001051,2026-04-06 10:44:48,1,1970.0,15,1674.5,Net Banking,Kitchen,Tablet
PUR_000058,CUST_02638,PROD_00046,SC-2026-001052,2026-05-26 15:26:42,1,47290.0,40,28374.0,Net Banking,Mobiles,Desktop
PUR_000059,CUST_02638,PROD_00506,SC-2026-001052,2026-05-26 15:26:42,1,4500.0,40,2700.0,Net Banking,Accessories,Desktop
PUR_000060,CUST_00150,PROD_00190,SC-2026-001053,2026-09-01 12:46:59,1,9600.0,35,6240.0,Cash on Delivery,Footwear,Desktop
PUR_000061,CUST_00150,PROD_00157,SC-2026-001053,2026-09-01 12:46:59,1,6820.0,5,6479.0,Cash on Delivery,Fashion,Desktop
PUR_000062,CUST_02391,PROD_00166,SC-2026-001054,2026-03-31 04:48:07,1,2220.0,25,1665.0,Cash on Delivery,Fashion,Mobile Web
PUR_000063,CUST_01701,PROD_00177,SC-2026-001055,2026-04-11 02:52:27,1,8870.0,35,5765.5,Credit Card,Footwear,Mobile App
PUR_000064,CUST_01538,PROD_00593,SC-2026-001056,2026-03-16 19:13:30,1,3920.0,50,1960.0,UPI,Personal Care,Mobile App
PUR_000065,CUST_00271,PROD_00205,SC-2026-001057,2026-05-12 03:45:03,1,12770.0,35,8300.5,Wallet,Footwear,Tablet
PUR_000066,CUST_01868,PROD_00616,SC-2026-001058,2026-04-25 04:04:27,1,2680.0,5,2546.0,UPI,Personal Care,Mobile App
PUR_000067,CUST_01049,PROD_00597,SC-2026-001059,2026-05-21 12:42:03,1,1960.0,40,1176.0,Credit Card,Personal Care,Mobile Web
PUR_000068,CUST_02906,PROD_00520,SC-2026-001060,2026-08-07 04:11:28,1,1150.0,5,1092.5,Wallet,Accessories,Tablet
PUR_000069,CUST_01868,PROD_00620,SC-2026-001061,2026-06-22 10:33:32,1,1650.0,35,1072.5,UPI,Personal Care,Tablet
PUR_000070,CUST_02186,PROD_00390,SC-2026-001062,2026-04-09 02:32:04,1,13420.0,40,8052.0,Net Banking,Sports,Mobile App
PUR_000071,CUST_02701,PROD_00327,SC-2026-001063,2026-08-09 11:37:59,1,8960.0,50,4480.0,UPI,Kitchen,Mobile Web
PUR_000072,CUST_01927,PROD_00231,SC-2026-001064,2026-04-10 08:52:09,1,2480.0,50,1240.0,Cash on Delivery,Beauty,Mobile Web
PUR_000073,CUST_01927,PROD_00252,SC-2026-001065,2026-04-10 08:56:33,1,3190.0,10,2871.0,Cash on Delivery,Beauty,Mobile Web
PUR_000074,CUST_00059,PROD_00084,SC-2026-001066,2026-08-31 03:37:11,1,35940.0,30,25158.0,UPI,Mobiles,Tablet
PUR_000075,CUST_00059,PROD_00531,SC-2026-001066,2026-08-31 03:37:11,1,3310.0,25,2482.5,UPI,Accessories,Tablet
PUR_000076,CUST_01382,PROD_00005,SC-2026-001067,2026-08-12 02:57:32,1,44350.0,15,37697.5,Cash on Delivery,Electronics,Mobile App
PUR_000077,CUST_00919,PROD_00453,SC-2026-001068,2026-08-17 13:09:20,2,1670.0,50,1670.0,Cash on Delivery,Books,Mobile App
PUR_000078,CUST_00793,PROD_00405,SC-2026-001069,2026-03-13 20:03:26,1,430.0,5,408.5,Cash on Delivery,Sports,Mobile Web
PUR_000079,CUST_01117,PROD_00159,SC-2026-001070,2026-05-08 02:40:02,2,4560.0,50,4560.0,Credit Card,Fashion,Tablet
PUR_000080,CUST_01107,PROD_00170,SC-2026-001071,2026-05-28 18:01:09,1,7390.0,50,3695.0,Net Banking,Footwear,Mobile App
PUR_000081,CUST_01107,PROD_00382,SC-2026-001071,2026-05-28 18:01:09,1,11490.0,30,8043.0,Net Banking,Sports,Mobile App
PUR_000082,CUST_00210,PROD_00276,SC-2026-001072,2026-08-11 01:37:17,1,4570.0,10,4113.0,Wallet,Home,Tablet
PUR_000083,CUST_00720,PROD_00316,SC-2026-001073,2026-09-03 19:38:16,1,13880.0,0,13880.0,UPI,Kitchen,Mobile App
PUR_000084,CUST_01300,PROD_00202,SC-2026-001074,2026-04-09 14:51:40,1,8260.0,0,8260.0,Wallet,Footwear,Mobile Web
PUR_000085,CUST_01300,PROD_00417,SC-2026-001074,2026-04-09 14:51:40,1,6160.0,25,4620.0,Wallet,Sports,Mobile Web
PUR_000086,CUST_00680,PROD_00559,SC-2026-001075,2026-06-07 22:52:07,2,1820.0,5,3458.0,Debit Card,Grocery,Mobile App
PUR_000087,CUST_01928,PROD_00144,SC-2026-001076,2026-06-28 07:19:34,1,2150.0,0,2150.0,UPI,Fashion,Desktop
PUR_000088,CUST_01928,PROD_00127,SC-2026-001077,2026-06-28 07:20:20,1,4600.0,20,3680.0,UPI,Fashion,Desktop
PUR_000089,CUST_02889,PROD_00526,SC-2026-001078,2026-07-08 16:26:12,2,4200.0,50,4200.0,Credit Card,Accessories,Mobile Web
PUR_000090,CUST_01886,PROD_00597,SC-2026-001079,2026-07-27 11:30:11,1,1960.0,40,1176.0,Credit Card,Personal Care,Mobile App
PUR_000091,CUST_01925,PROD_00548,SC-2026-001080,2026-08-06 02:48:55,1,1860.0,20,1488.0,Wallet,Grocery,Mobile Web
PUR_000092,CUST_01443,PROD_00206,SC-2026-001081,2026-05-18 17:35:21,1,7640.0,50,3820.0,Wallet,Footwear,Tablet
PUR_000093,CUST_01443,PROD_00134,SC-2026-001081,2026-05-18 17:35:21,1,1160.0,40,696.0,Wallet,Fashion,Tablet
PUR_000094,CUST_02013,PROD_00283,SC-2026-001082,2026-06-24 07:40:43,1,4490.0,25,3367.5,Wallet,Home,Desktop
PUR_000095,CUST_00363,PROD_00246,SC-2026-001083,2026-03-24 10:29:27,1,1660.0,20,1328.0,Cash on Delivery,Beauty,Mobile Web
PUR_000096,CUST_02468,PROD_00234,SC-2026-001084,2026-04-20 20:34:13,1,1740.0,5,1653.0,Cash on Delivery,Beauty,Mobile App
PUR_000097,CUST_00378,PROD_00515,SC-2026-001085,2026-05-08 08:39:08,1,1450.0,20,1160.0,Net Banking,Accessories,Mobile App
PUR_000098,CUST_00378,PROD_00506,SC-2026-001086,2026-05-08 08:41:39,1,4500.0,40,2700.0,Wallet,Accessories,Mobile App
PUR_000099,CUST_00248,PROD_00291,SC-2026-001087,2026-05-12 17:48:08,1,1760.0,5,1672.0,Wallet,Home,Tablet
PUR_000100,CUST_00248,PROD_00268,SC-2026-001088,2026-05-12 17:50:24,1,8650.0,10,7785.0,Credit Card,Home,Tablet
PUR_000101,CUST_02841,PROD_00063,SC-2026-001089,2026-03-25 12:50:35,1,39700.0,20,31760.0,Cash on Delivery,Mobiles,Mobile Web
PUR_000102,CUST_02841,PROD_00013,SC-2026-001089,2026-03-25 12:50:35,1,26050.0,5,24747.5,Cash on Delivery,Electronics,Mobile Web
PUR_000103,CUST_00362,PROD_00115,SC-2026-001090,2026-05-28 10:48:11,1,160690.0,50,80345.0,Debit Card,Laptops,Mobile Web
PUR_000104,CUST_00362,PROD_00539,SC-2026-001090,2026-05-28 10:48:11,1,6780.0,50,3390.0,Debit Card,Accessories,Mobile Web
PUR_000105,CUST_00362,PROD_00087,SC-2026-001091,2026-05-28 10:50:48,1,161820.0,40,97092.0,UPI,Laptops,Mobile Web
PUR_000106,CUST_00362,PROD_00464,SC-2026-001091,2026-05-28 10:50:48,1,7510.0,15,6383.5,UPI,Gaming,Mobile Web
PUR_000107,CUST_00380,PROD_00451,SC-2026-001092,2026-08-03 13:24:53,1,730.0,35,474.5,Debit Card,Books,Tablet
PUR_000108,CUST_01478,PROD_00328,SC-2026-001093,2026-08-09 16:14:40,1,2690.0,15,2286.5,Net Banking,Kitchen,Mobile App
PUR_000109,CUST_00218,PROD_00190,SC-2026-001094,2026-09-04 02:47:24,1,9600.0,35,6240.0,Wallet,Footwear,Mobile App
PUR_000110,CUST_01998,PROD_00132,SC-2026-001095,2026-05-24 14:33:01,1,5040.0,30,3528.0,Wallet,Fashion,Mobile App
PUR_000111,CUST_00856,PROD_00347,SC-2026-001096,2026-05-04 03:46:30,1,37570.0,40,22542.0,Credit Card,Furniture,Mobile Web
PUR_000112,CUST_01845,PROD_00036,SC-2026-001097,2026-04-06 04:00:52,1,32240.0,0,32240.0,Cash on Delivery,Electronics,Mobile Web
PUR_000113,CUST_02762,PROD_00320,SC-2026-001098,2026-06-07 15:50:35,1,10320.0,50,5160.0,Net Banking,Kitchen,Tablet
PUR_000114,CUST_00583,PROD_00020,SC-2026-001099,2026-04-03 15:33:05,1,43640.0,15,37094.0,Wallet,Electronics,Desktop
PUR_000115,CUST_00836,PROD_00602,SC-2026-001100,2026-06-03 11:02:14,1,300.0,20,240.0,Net Banking,Personal Care,Tablet
PUR_000116,CUST_02701,PROD_00071,SC-2026-001101,2026-05-19 06:49:20,1,35310.0,20,28248.0,Debit Card,Mobiles,Desktop
PUR_000117,CUST_02701,PROD_00530,SC-2026-001101,2026-05-19 06:49:20,1,5700.0,35,3705.0,Debit Card,Accessories,Desktop
PUR_000118,CUST_00836,PROD_00594,SC-2026-001102,2026-04-18 06:05:58,1,5750.0,40,3450.0,Credit Card,Personal Care,Mobile Web
PUR_000119,CUST_00836,PROD_00626,SC-2026-001103,2026-04-18 06:08:59,1,2320.0,50,1160.0,Cash on Delivery,Personal Care,Mobile Web
PUR_000120,CUST_00743,PROD_00047,SC-2026-001104,2026-08-05 17:28:10,1,71490.0,30,50043.0,Wallet,Mobiles,Tablet
PUR_000121,CUST_01668,PROD_00372,SC-2026-001105,2026-03-12 16:00:05,1,18690.0,5,17755.5,Debit Card,Furniture,Mobile App
PUR_000122,CUST_02695,PROD_00307,SC-2026-001106,2026-04-02 06:21:12,2,2920.0,15,4964.0,Debit Card,Kitchen,Mobile App
PUR_000123,CUST_01590,PROD_00440,SC-2026-001107,2026-05-31 05:28:23,2,1380.0,35,1794.0,Net Banking,Books,Mobile App
PUR_000124,CUST_00927,PROD_00015,SC-2026-001108,2026-06-28 18:46:12,1,23870.0,5,22676.5,UPI,Electronics,Mobile App
PUR_000125,CUST_02157,PROD_00015,SC-2026-001109,2026-09-01 07:15:52,1,23870.0,5,22676.5,Net Banking,Electronics,Mobile Web
PUR_000126,CUST_00324,PROD_00139,SC-2026-001110,2026-03-31 02:30:34,2,1940.0,35,2522.0,Cash on Delivery,Fashion,Mobile Web
PUR_000127,CUST_02335,PROD_00309,SC-2026-001111,2026-08-29 04:50:56,1,11830.0,5,11238.5,Wallet,Kitchen,Mobile Web
PUR_000128,CUST_00299,PROD_00429,SC-2026-001112,2026-04-18 17:46:07,1,1460.0,10,1314.0,Cash on Delivery,Books,Desktop
PUR_000129,CUST_00690,PROD_00148,SC-2026-001113,2026-07-31 01:53:21,1,5680.0,20,4544.0,Net Banking,Fashion,Tablet
PUR_000130,CUST_00690,PROD_00160,SC-2026-001114,2026-07-31 01:54:55,1,680.0,0,680.0,Wallet,Fashion,Tablet
PUR_000131,CUST_00814,PROD_00319,SC-2026-001115,2026-04-12 12:07:52,1,9320.0,20,7456.0,UPI,Kitchen,Desktop
PUR_000132,CUST_01979,PROD_00079,SC-2026-001116,2026-04-08 07:24:52,1,89700.0,5,85215.0,Wallet,Mobiles,Mobile App
PUR_000133,CUST_01445,PROD_00172,SC-2026-001117,2026-07-07 17:37:04,1,3910.0,50,1955.0,UPI,Footwear,Desktop
PUR_000134,CUST_01445,PROD_00180,SC-2026-001118,2026-07-07 17:37:48,1,9860.0,0,9860.0,UPI,Footwear,Desktop
PUR_000135,CUST_01445,PROD_00407,SC-2026-001118,2026-07-07 17:37:48,1,7220.0,15,6137.0,UPI,Sports,Desktop
PUR_000136,CUST_02115,PROD_00312,SC-2026-001119,2026-05-05 22:06:28,1,12350.0,20,9880.0,Net Banking,Kitchen,Desktop
PUR_000137,CUST_02404,PROD_00190,SC-2026-001120,2026-05-01 06:56:52,1,9600.0,35,6240.0,Debit Card,Footwear,Desktop
PUR_000138,CUST_01982,PROD_00458,SC-2026-001121,2026-04-30 16:45:13,1,2990.0,25,2242.5,UPI,Books,Tablet
PUR_000139,CUST_00778,PROD_00058,SC-2026-001122,2026-07-13 23:08:10,1,39600.0,40,23760.0,Net Banking,Mobiles,Mobile Web
PUR_000140,CUST_00778,PROD_00009,SC-2026-001122,2026-07-13 23:08:10,1,10810.0,10,9729.0,Net Banking,Electronics,Mobile Web
PUR_000141,CUST_01818,PROD_00608,SC-2026-001123,2026-04-03 23:14:10,1,5170.0,10,4653.0,Debit Card,Personal Care,Desktop
PUR_000142,CUST_02520,PROD_00522,SC-2026-001124,2026-07-29 21:12:17,1,6870.0,50,3435.0,Credit Card,Accessories,Desktop
PUR_000143,CUST_02670,PROD_00135,SC-2026-001125,2026-05-13 01:29:46,1,5000.0,50,2500.0,UPI,Fashion,Desktop
PUR_000144,CUST_00252,PROD_00024,SC-2026-001126,2026-08-15 19:11:40,1,25960.0,25,19470.0,Cash on Delivery,Electronics,Desktop
PUR_000145,CUST_00763,PROD_00511,SC-2026-001127,2026-04-08 18:57:54,1,2490.0,5,2365.5,Cash on Delivery,Accessories,Tablet
PUR_000146,CUST_00794,PROD_00255,SC-2026-001128,2026-09-05 21:08:24,2,4980.0,15,8466.0,Cash on Delivery,Home,Mobile App
PUR_000147,CUST_00794,PROD_00280,SC-2026-001129,2026-09-05 21:10:48,1,5740.0,40,3444.0,Cash on Delivery,Home,Mobile App
PUR_000148,CUST_01685,PROD_00442,SC-2026-001130,2026-08-27 12:35:52,1,2980.0,15,2533.0,Net Banking,Books,Desktop
PUR_000149,CUST_02807,PROD_00467,SC-2026-001131,2026-05-06 17:08:50,1,24460.0,10,22014.0,Wallet,Gaming,Tablet
PUR_000150,CUST_00266,PROD_00223,SC-2026-001132,2026-06-21 00:00:45,1,3330.0,35,2164.5,Credit Card,Beauty,Desktop
PUR_000151,CUST_00490,PROD_00007,SC-2026-001133,2026-07-02 10:36:07,1,15400.0,0,15400.0,Credit Card,Electronics,Tablet
PUR_000152,CUST_00872,PROD_00159,SC-2026-001134,2026-04-18 02:19:30,1,4560.0,50,2280.0,Net Banking,Fashion,Mobile App
PUR_000153,CUST_01882,PROD_00155,SC-2026-001135,2026-04-02 09:18:51,2,5130.0,10,9234.0,Net Banking,Fashion,Mobile Web
PUR_000154,CUST_02571,PROD_00007,SC-2026-001136,2026-05-16 07:36:27,1,15400.0,0,15400.0,Debit Card,Electronics,Mobile Web
PUR_000155,CUST_02815,PROD_00222,SC-2026-001137,2026-07-22 08:17:45,2,1430.0,20,2288.0,UPI,Beauty,Mobile Web
PUR_000156,CUST_01822,PROD_00592,SC-2026-001138,2026-06-24 10:47:07,1,5420.0,10,4878.0,Wallet,Personal Care,Mobile Web
PUR_000157,CUST_00438,PROD_00185,SC-2026-001139,2026-05-28 16:17:14,1,12450.0,20,9960.0,UPI,Footwear,Tablet
PUR_000158,CUST_01284,PROD_00622,SC-2026-001140,2026-07-31 14:45:11,1,1720.0,25,1290.0,Wallet,Personal Care,Mobile Web
PUR_000159,CUST_00900,PROD_00347,SC-2026-001141,2026-04-19 12:51:34,1,37570.0,40,22542.0,Net Banking,Furniture,Mobile App
PUR_000160,CUST_02685,PROD_00082,SC-2026-001142,2026-05-08 05:49:11,1,107970.0,25,80977.5,UPI,Mobiles,Mobile App
PUR_000161,CUST_00380,PROD_00426,SC-2026-001143,2026-08-05 16:20:09,2,2380.0,25,3570.0,Cash on Delivery,Books,Mobile App
PUR_000162,CUST_00045,PROD_00518,SC-2026-001144,2026-08-06 17:53:16,1,2380.0,35,1547.0,UPI,Accessories,Mobile Web
PUR_000163,CUST_01860,PROD_00551,SC-2026-001145,2026-05-09 03:41:48,1,1210.0,20,968.0,Credit Card,Grocery,Tablet
PUR_000164,CUST_01504,PROD_00196,SC-2026-001146,2026-03-14 18:05:47,1,2210.0,0,2210.0,Net Banking,Footwear,Tablet
PUR_000165,CUST_01504,PROD_00134,SC-2026-001146,2026-03-14 18:05:47,1,1160.0,40,696.0,Net Banking,Fashion,Tablet
PUR_000166,CUST_01504,PROD_00195,SC-2026-001147,2026-03-14 18:08:15,1,10880.0,15,9248.0,UPI,Footwear,Tablet
PUR_000167,CUST_01504,PROD_00403,SC-2026-001147,2026-03-14 18:08:15,1,6140.0,40,3684.0,UPI,Sports,Tablet
PUR_000168,CUST_01945,PROD_00277,SC-2026-001148,2026-07-07 09:21:59,1,2350.0,50,1175.0,UPI,Home,Mobile App
PUR_000169,CUST_01001,PROD_00260,SC-2026-001149,2026-07-17 23:27:49,2,920.0,15,1564.0,Credit Card,Home,Desktop
PUR_000170,CUST_02031,PROD_00444,SC-2026-001150,2026-05-02 19:51:20,1,810.0,5,769.5,Net Banking,Books,Desktop
PUR_000171,CUST_01038,PROD_00178,SC-2026-001151,2026-07-18 21:59:09,1,11860.0,15,10081.0,UPI,Footwear,Desktop
PUR_000172,CUST_02974,PROD_00180,SC-2026-001152,2026-06-20 21:58:03,1,9860.0,0,9860.0,Cash on Delivery,Footwear,Desktop
PUR_000173,CUST_02974,PROD_00396,SC-2026-001152,2026-06-20 21:58:03,1,11680.0,25,8760.0,Cash on Delivery,Sports,Desktop
PUR_000174,CUST_00538,PROD_00118,SC-2026-001153,2026-05-07 20:27:31,1,35810.0,5,34019.5,Debit Card,Laptops,Mobile Web
PUR_000175,CUST_00538,PROD_00475,SC-2026-001153,2026-05-07 20:27:31,1,27170.0,50,13585.0,Debit Card,Gaming,Mobile Web
PUR_000176,CUST_02370,PROD_00005,SC-2026-001154,2026-06-11 14:33:44,1,44350.0,15,37697.5,Debit Card,Electronics,Mobile Web
PUR_000177,CUST_02370,PROD_00017,SC-2026-001155,2026-06-11 14:36:37,1,7000.0,50,3500.0,Wallet,Electronics,Mobile Web
PUR_000178,CUST_00933,PROD_00618,SC-2026-001156,2026-04-04 02:20:46,1,5860.0,25,4395.0,Credit Card,Personal Care,Mobile App
PUR_000179,CUST_02556,PROD_00001,SC-2026-001157,2026-08-09 02:53:56,1,5690.0,40,3414.0,Wallet,Electronics,Tablet
PUR_000180,CUST_00099,PROD_00483,SC-2026-001158,2026-04-28 21:15:35,1,13470.0,15,11449.5,Cash on Delivery,Gaming,Mobile App
PUR_000181,CUST_00099,PROD_00463,SC-2026-001159,2026-04-28 21:20:56,1,6150.0,20,4920.0,Credit Card,Gaming,Mobile App
PUR_000182,CUST_00189,PROD_00081,SC-2026-001160,2026-08-01 14:59:02,1,64450.0,35,41892.5,Wallet,Mobiles,Desktop
PUR_000183,CUST_01475,PROD_00514,SC-2026-001161,2026-06-29 21:28:42,1,1070.0,50,535.0,Credit Card,Accessories,Desktop
PUR_000184,CUST_01662,PROD_00081,SC-2026-001162,2026-07-21 14:19:38,1,64450.0,35,41892.5,Debit Card,Mobiles,Desktop
PUR_000185,CUST_01662,PROD_00536,SC-2026-001162,2026-07-21 14:19:38,1,4520.0,50,2260.0,Debit Card,Accessories,Desktop
PUR_000186,CUST_02705,PROD_00609,SC-2026-001163,2026-05-01 18:41:50,2,4590.0,0,9180.0,Credit Card,Personal Care,Tablet
PUR_000187,CUST_02811,PROD_00063,SC-2026-001164,2026-03-29 13:07:30,1,39700.0,20,31760.0,Debit Card,Mobiles,Mobile Web
PUR_000188,CUST_01577,PROD_00168,SC-2026-001165,2026-05-07 05:07:56,1,5410.0,15,4598.5,Debit Card,Fashion,Tablet
PUR_000189,CUST_01577,PROD_00135,SC-2026-001166,2026-05-07 05:10:43,2,5000.0,50,5000.0,Credit Card,Fashion,Tablet
PUR_000190,CUST_00777,PROD_00201,SC-2026-001167,2026-05-06 09:03:12,1,3910.0,15,3323.5,Debit Card,Footwear,Desktop
PUR_000191,CUST_00777,PROD_00142,SC-2026-001167,2026-05-06 09:03:12,1,2050.0,50,1025.0,Debit Card,Fashion,Desktop
PUR_000192,CUST_02878,PROD_00143,SC-2026-001168,2026-05-05 02:25:17,1,2060.0,30,1442.0,UPI,Fashion,Mobile Web
PUR_000193,CUST_02333,PROD_00397,SC-2026-001169,2026-07-29 02:31:34,1,13800.0,40,8280.0,Net Banking,Sports,Mobile App
PUR_000194,CUST_01827,PROD_00295,SC-2026-001170,2026-05-07 15:00:11,2,2010.0,35,2613.0,UPI,Kitchen,Desktop
PUR_000195,CUST_01266,PROD_00600,SC-2026-001171,2026-08-31 10:22:33,2,4060.0,20,6496.0,Wallet,Personal Care,Tablet
PUR_000196,CUST_00836,PROD_00612,SC-2026-001172,2026-08-21 01:05:55,1,4630.0,40,2778.0,Credit Card,Personal Care,Desktop
PUR_000197,CUST_01509,PROD_00019,SC-2026-001173,2026-03-27 14:10:24,1,7340.0,10,6606.0,Cash on Delivery,Electronics,Mobile Web
PUR_000198,CUST_02214,PROD_00143,SC-2026-001174,2026-08-23 19:18:09,2,2060.0,30,2884.0,Debit Card,Fashion,Mobile Web
PUR_000199,CUST_02249,PROD_00590,SC-2026-001175,2026-04-26 18:54:01,1,1140.0,20,912.0,Cash on Delivery,Personal Care,Tablet
PUR_000200,CUST_00739,PROD_00139,SC-2026-001176,2026-03-31 13:22:32,2,1940.0,35,2522.0,Credit Card,Fashion,Mobile App
PUR_000201,CUST_00882,PROD_00092,SC-2026-001177,2026-05-03 19:24:53,1,99720.0,20,79776.0,Debit Card,Laptops,Mobile Web
PUR_000202,CUST_00882,PROD_00468,SC-2026-001177,2026-05-03 19:24:53,1,40730.0,15,34620.5,Debit Card,Gaming,Mobile Web
PUR_000203,CUST_00882,PROD_00112,SC-2026-001178,2026-05-03 19:26:49,1,158590.0,5,150660.5,Credit Card,Laptops,Mobile Web
PUR_000204,CUST_00882,PROD_00508,SC-2026-001178,2026-05-03 19:26:49,1,4500.0,10,4050.0,Credit Card,Accessories,Mobile Web
PUR_000205,CUST_00882,PROD_00114,SC-2026-001179,2026-05-03 19:27:26,1,61400.0,35,39910.0,Debit Card,Laptops,Mobile Web
PUR_000206,CUST_00882,PROD_00491,SC-2026-001179,2026-05-03 19:27:26,1,5870.0,25,4402.5,Debit Card,Gaming,Mobile Web
PUR_000207,CUST_00954,PROD_00044,SC-2026-001180,2026-07-05 03:42:00,1,112370.0,30,78659.0,Cash on Delivery,Mobiles,Tablet
PUR_000208,CUST_01814,PROD_00555,SC-2026-001181,2026-08-02 23:51:37,1,700.0,30,490.0,Net Banking,Grocery,Mobile Web
PUR_000209,CUST_01814,PROD_00547,SC-2026-001182,2026-08-02 23:52:17,2,1560.0,50,1560.0,Wallet,Grocery,Mobile Web
PUR_000210,CUST_01119,PROD_00281,SC-2026-001183,2026-08-19 15:34:15,1,4240.0,5,4028.0,Debit Card,Home,Tablet
PUR_000211,CUST_00797,PROD_00274,SC-2026-001184,2026-08-23 14:40:55,1,5490.0,15,4666.5,Wallet,Home,Mobile Web
PUR_000212,CUST_00797,PROD_00264,SC-2026-001185,2026-08-23 14:42:43,1,7730.0,5,7343.5,UPI,Home,Mobile Web
PUR_000213,CUST_01362,PROD_00083,SC-2026-001186,2026-06-26 12:54:30,1,65290.0,10,58761.0,Net Banking,Mobiles,Tablet
PUR_000214,CUST_02419,PROD_00388,SC-2026-001187,2026-09-01 05:44:29,1,1020.0,15,867.0,Debit Card,Sports,Tablet
PUR_000215,CUST_01969,PROD_00554,SC-2026-001188,2026-04-02 00:05:20,1,1730.0,25,1297.5,Debit Card,Grocery,Mobile Web
PUR_000216,CUST_00695,PROD_00308,SC-2026-001189,2026-04-06 22:05:48,1,11040.0,5,10488.0,Net Banking,Kitchen,Desktop
PUR_000217,CUST_01609,PROD_00067,SC-2026-001190,2026-06-16 15:47:36,1,81650.0,0,81650.0,Debit Card,Mobiles,Mobile App
PUR_000218,CUST_02626,PROD_00492,SC-2026-001191,2026-05-13 22:28:09,1,5610.0,30,3927.0,Debit Card,Gaming,Mobile Web
PUR_000219,CUST_02723,PROD_00093,SC-2026-001192,2026-08-29 03:42:44,1,137790.0,0,137790.0,Credit Card,Laptops,Desktop
PUR_000220,CUST_02723,PROD_00473,SC-2026-001192,2026-08-29 03:42:44,1,29450.0,20,23560.0,Credit Card,Gaming,Desktop
PUR_000221,CUST_02214,PROD_00032,SC-2026-001193,2026-07-28 19:15:40,1,15750.0,30,11025.0,Cash on Delivery,Electronics,Mobile App
PUR_000222,CUST_01378,PROD_00463,SC-2026-001194,2026-09-02 13:40:32,2,6150.0,20,9840.0,Cash on Delivery,Gaming,Mobile App
PUR_000223,CUST_01378,PROD_00491,SC-2026-001195,2026-09-02 13:45:05,1,5870.0,25,4402.5,Cash on Delivery,Gaming,Mobile App
PUR_000224,CUST_02385,PROD_00321,SC-2026-001196,2026-04-16 10:24:32,1,2070.0,5,1966.5,UPI,Kitchen,Desktop
PUR_000225,CUST_02943,PROD_00436,SC-2026-001197,2026-05-06 05:16:19,1,2670.0,30,1869.0,Credit Card,Books,Mobile App
PUR_000226,CUST_02943,PROD_00462,SC-2026-001198,2026-05-06 05:19:46,1,460.0,30,322.0,UPI,Books,Mobile App
PUR_000227,CUST_00937,PROD_00137,SC-2026-001199,2026-04-03 08:12:28,2,3770.0,30,5278.0,Wallet,Fashion,Tablet
PUR_000228,CUST_00896,PROD_00106,SC-2026-001200,2026-03-15 11:49:29,1,84240.0,15,71604.0,Wallet,Laptops,Desktop
PUR_000229,CUST_00896,PROD_00513,SC-2026-001200,2026-03-15 11:49:29,1,5380.0,15,4573.0,Wallet,Accessories,Desktop
PUR_000230,CUST_00896,PROD_00113,SC-2026-001201,2026-03-15 11:53:07,1,47190.0,25,35392.5,Wallet,Laptops,Desktop
PUR_000231,CUST_00896,PROD_00505,SC-2026-001201,2026-03-15 11:53:07,1,490.0,10,441.0,Wallet,Accessories,Desktop
PUR_000232,CUST_02373,PROD_00423,SC-2026-001202,2026-07-29 20:55:06,2,2990.0,40,3588.0,Cash on Delivery,Books,Desktop
PUR_000233,CUST_02678,PROD_00455,SC-2026-001203,2026-07-07 20:01:29,1,2540.0,5,2413.0,Net Banking,Books,Tablet
PUR_000234,CUST_02751,PROD_00608,SC-2026-001204,2026-05-15 11:29:37,2,5170.0,10,9306.0,Cash on Delivery,Personal Care,Mobile App
PUR_000235,CUST_01663,PROD_00477,SC-2026-001205,2026-08-19 22:21:43,1,4350.0,20,3480.0,Credit Card,Gaming,Tablet
PUR_000236,CUST_00857,PROD_00081,SC-2026-001206,2026-06-03 03:41:02,1,64450.0,35,41892.5,Net Banking,Mobiles,Tablet
PUR_000237,CUST_00389,PROD_00455,SC-2026-001207,2026-07-11 03:12:41,2,2540.0,5,4826.0,Net Banking,Books,Desktop
PUR_000238,CUST_02065,PROD_00046,SC-2026-001208,2026-04-11 11:03:56,1,47290.0,40,28374.0,Debit Card,Mobiles,Mobile Web
PUR_000239,CUST_02065,PROD_00034,SC-2026-001208,2026-04-11 11:03:56,1,4240.0,20,3392.0,Debit Card,Electronics,Mobile Web
PUR_000240,CUST_02589,PROD_00204,SC-2026-001209,2026-05-12 10:03:51,1,7620.0,20,6096.0,Wallet,Footwear,Tablet
PUR_000241,CUST_02589,PROD_00191,SC-2026-001210,2026-05-12 10:04:56,1,7700.0,20,6160.0,Credit Card,Footwear,Tablet
PUR_000242,CUST_00389,PROD_00455,SC-2026-001211,2026-06-12 06:00:26,1,2540.0,5,2413.0,Credit Card,Books,Desktop
PUR_000243,CUST_01203,PROD_00520,SC-2026-001212,2026-08-12 02:33:58,2,1150.0,5,2185.0,Debit Card,Accessories,Tablet
PUR_000244,CUST_02779,PROD_00513,SC-2026-001213,2026-06-21 11:12:46,2,5380.0,15,9146.0,Wallet,Accessories,Desktop
PUR_000245,CUST_00275,PROD_00141,SC-2026-001214,2026-07-07 01:57:08,1,3550.0,50,1775.0,Wallet,Fashion,Mobile Web
PUR_000246,CUST_02887,PROD_00274,SC-2026-001215,2026-08-17 09:55:00,2,5490.0,15,9333.0,Net Banking,Home,Mobile App
PUR_000247,CUST_02887,PROD_00265,SC-2026-001216,2026-08-17 10:00:38,1,6240.0,20,4992.0,Wallet,Home,Mobile App
PUR_000248,CUST_01762,PROD_00115,SC-2026-001217,2026-08-07 23:31:19,1,160690.0,50,80345.0,UPI,Laptops,Tablet
PUR_000249,CUST_01762,PROD_00492,SC-2026-001217,2026-08-07 23:31:19,1,5610.0,30,3927.0,UPI,Gaming,Tablet
PUR_000250,CUST_00605,PROD_00112,SC-2026-001218,2026-09-07 03:43:08,1,158590.0,5,150660.5,Cash on Delivery,Laptops,Tablet
PUR_000251,CUST_00605,PROD_00533,SC-2026-001218,2026-09-07 03:43:08,1,5200.0,20,4160.0,Cash on Delivery,Accessories,Tablet
PUR_000252,CUST_00605,PROD_00098,SC-2026-001219,2026-09-07 03:44:14,1,30190.0,40,18114.0,Credit Card,Laptops,Tablet
PUR_000253,CUST_01688,PROD_00341,SC-2026-001220,2026-06-14 11:02:39,1,14570.0,5,13841.5,UPI,Furniture,Desktop
PUR_000254,CUST_00144,PROD_00528,SC-2026-001221,2026-07-22 07:14:54,1,3020.0,30,2114.0,UPI,Accessories,Tablet
PUR_000255,CUST_01708,PROD_00436,SC-2026-001222,2026-06-28 19:17:51,1,2670.0,30,1869.0,UPI,Books,Mobile App
PUR_000256,CUST_01708,PROD_00430,SC-2026-001223,2026-06-28 19:18:39,1,380.0,35,247.0,Debit Card,Books,Mobile App
PUR_000257,CUST_00075,PROD_00035,SC-2026-001224,2026-04-21 22:20:35,1,44280.0,0,44280.0,UPI,Electronics,Desktop
PUR_000258,CUST_01719,PROD_00146,SC-2026-001225,2026-05-05 01:07:08,1,6260.0,25,4695.0,Wallet,Fashion,Tablet
PUR_000259,CUST_02777,PROD_00282,SC-2026-001226,2026-08-04 23:21:20,1,1280.0,25,960.0,Credit Card,Home,Mobile App
PUR_000260,CUST_01739,PROD_00469,SC-2026-001227,2026-05-06 09:47:25,1,19810.0,25,14857.5,Debit Card,Gaming,Tablet
PUR_000261,CUST_02285,PROD_00292,SC-2026-001228,2026-09-03 15:40:53,1,3500.0,10,3150.0,Credit Card,Home,Mobile Web
PUR_000262,CUST_00564,PROD_00409,SC-2026-001229,2026-07-19 01:25:21,1,3480.0,0,3480.0,Cash on Delivery,Sports,Tablet
PUR_000263,CUST_00951,PROD_00101,SC-2026-001230,2026-06-03 19:31:44,1,99220.0,40,59532.0,Credit Card,Laptops,Tablet
PUR_000264,CUST_00951,PROD_00521,SC-2026-001230,2026-06-03 19:31:44,1,3070.0,50,1535.0,Credit Card,Accessories,Tablet
PUR_000265,CUST_02089,PROD_00405,SC-2026-001231,2026-05-25 15:42:05,1,430.0,5,408.5,Net Banking,Sports,Mobile App
PUR_000266,CUST_01582,PROD_00083,SC-2026-001232,2026-05-23 19:25:54,1,65290.0,10,58761.0,Wallet,Mobiles,Desktop
PUR_000267,CUST_01582,PROD_00026,SC-2026-001232,2026-05-23 19:25:54,1,39780.0,15,33813.0,Wallet,Electronics,Desktop
PUR_000268,CUST_01978,PROD_00318,SC-2026-001233,2026-04-08 07:50:01,1,6440.0,0,6440.0,Wallet,Kitchen,Mobile Web
PUR_000269,CUST_01695,PROD_00225,SC-2026-001234,2026-05-18 19:52:31,1,1050.0,30,735.0,Wallet,Beauty,Mobile App
PUR_000270,CUST_02015,PROD_00503,SC-2026-001235,2026-05-03 03:48:09,1,44020.0,15,37417.0,Credit Card,Gaming,Desktop
PUR_000271,CUST_00305,PROD_00478,SC-2026-001236,2026-07-23 11:07:27,1,36470.0,5,34646.5,Credit Card,Gaming,Desktop
PUR_000272,CUST_00305,PROD_00481,SC-2026-001237,2026-07-23 11:09:46,1,39850.0,10,35865.0,Net Banking,Gaming,Desktop
PUR_000273,CUST_00305,PROD_00466,SC-2026-001238,2026-07-23 11:12:31,1,24320.0,30,17024.0,Cash on Delivery,Gaming,Desktop
PUR_000274,CUST_02160,PROD_00310,SC-2026-001239,2026-05-15 08:24:19,1,13260.0,30,9282.0,Net Banking,Kitchen,Desktop
PUR_000275,CUST_00166,PROD_00204,SC-2026-001240,2026-06-16 22:35:48,1,7620.0,20,6096.0,UPI,Footwear,Mobile App
PUR_000276,CUST_00166,PROD_00139,SC-2026-001240,2026-06-16 22:35:48,1,1940.0,35,1261.0,UPI,Fashion,Mobile App
PUR_000277,CUST_02266,PROD_00609,SC-2026-001241,2026-08-30 01:17:05,1,4590.0,0,4590.0,Cash on Delivery,Personal Care,Tablet
PUR_000278,CUST_00788,PROD_00117,SC-2026-001242,2026-04-25 05:54:17,1,93910.0,25,70432.5,Debit Card,Laptops,Mobile App
PUR_000279,CUST_00788,PROD_00112,SC-2026-001243,2026-04-25 05:58:09,1,158590.0,5,150660.5,Wallet,Laptops,Mobile App
PUR_000280,CUST_00788,PROD_00506,SC-2026-001243,2026-04-25 05:58:09,1,4500.0,40,2700.0,Wallet,Accessories,Mobile App
PUR_000281,CUST_01789,PROD_00190,SC-2026-001244,2026-03-26 08:56:39,1,9600.0,35,6240.0,Wallet,Footwear,Mobile App
PUR_000282,CUST_02661,PROD_00135,SC-2026-001245,2026-07-11 20:13:16,1,5000.0,50,2500.0,Debit Card,Fashion,Mobile App
PUR_000283,CUST_01631,PROD_00235,SC-2026-001246,2026-04-17 15:03:51,2,2240.0,30,3136.0,Net Banking,Beauty,Tablet
PUR_000284,CUST_00491,PROD_00480,SC-2026-001247,2026-03-25 11:04:50,1,17680.0,40,10608.0,UPI,Gaming,Tablet
PUR_000285,CUST_00788,PROD_00481,SC-2026-001248,2026-04-08 05:15:08,1,39850.0,10,35865.0,Net Banking,Gaming,Tablet
PUR_000286,CUST_01929,PROD_00620,SC-2026-001249,2026-05-30 12:08:31,1,1650.0,35,1072.5,Credit Card,Personal Care,Mobile App
PUR_000287,CUST_02028,PROD_00603,SC-2026-001250,2026-05-27 04:37:53,2,3890.0,25,5835.0,UPI,Personal Care,Mobile Web
PUR_000288,CUST_01301,PROD_00023,SC-2026-001251,2026-03-19 05:42:35,1,4200.0,5,3990.0,Cash on Delivery,Electronics,Mobile App
PUR_000289,CUST_01380,PROD_00106,SC-2026-001252,2026-04-19 18:48:51,1,84240.0,15,71604.0,Net Banking,Laptops,Mobile App
PUR_000290,CUST_01380,PROD_00530,SC-2026-001252,2026-04-19 18:48:51,1,5700.0,35,3705.0,Net Banking,Accessories,Mobile App
PUR_000291,CUST_00926,PROD_00626,SC-2026-001253,2026-08-25 00:37:54,2,2320.0,50,2320.0,Wallet,Personal Care,Tablet
PUR_000292,CUST_02104,PROD_00309,SC-2026-001254,2026-05-15 21:17:57,1,11830.0,5,11238.5,Wallet,Kitchen,Desktop
PUR_000293,CUST_01099,PROD_00154,SC-2026-001255,2026-08-25 16:37:50,1,3390.0,5,3220.5,Wallet,Fashion,Tablet
PUR_000294,CUST_01099,PROD_00152,SC-2026-001256,2026-08-25 16:42:54,1,2880.0,25,2160.0,Credit Card,Fashion,Tablet
PUR_000295,CUST_01570,PROD_00351,SC-2026-001257,2026-04-15 11:30:47,1,33210.0,35,21586.5,Cash on Delivery,Furniture,Mobile App
PUR_000296,CUST_01570,PROD_00361,SC-2026-001258,2026-04-15 11:32:22,1,23020.0,25,17265.0,Net Banking,Furniture,Mobile App
PUR_000297,CUST_02612,PROD_00306,SC-2026-001259,2026-05-24 10:55:12,1,1640.0,0,1640.0,Debit Card,Kitchen,Desktop
PUR_000298,CUST_02612,PROD_00311,SC-2026-001260,2026-05-24 10:56:02,1,9320.0,30,6524.0,Debit Card,Kitchen,Desktop
PUR_000299,CUST_02532,PROD_00292,SC-2026-001261,2026-03-18 06:43:42,1,3500.0,10,3150.0,Debit Card,Home,Tablet
PUR_000300,CUST_01891,PROD_00560,SC-2026-001262,2026-08-12 11:36:04,1,1640.0,30,1148.0,Credit Card,Grocery,Mobile App
PUR_000301,CUST_01465,PROD_00009,SC-2026-001263,2026-09-04 17:32:57,1,10810.0,10,9729.0,Net Banking,Electronics,Tablet
PUR_000302,CUST_00598,PROD_00490,SC-2026-001264,2026-08-22 20:36:15,1,51640.0,40,30984.0,Wallet,Gaming,Mobile Web
PUR_000303,CUST_00976,PROD_00521,SC-2026-001265,2026-05-22 05:13:30,1,3070.0,50,1535.0,UPI,Accessories,Desktop
PUR_000304,CUST_00976,PROD_00519,SC-2026-001266,2026-05-22 05:17:41,1,6210.0,35,4036.5,Wallet,Accessories,Desktop
PUR_000305,CUST_01316,PROD_00133,SC-2026-001267,2026-06-03 16:45:16,1,620.0,20,496.0,Debit Card,Fashion,Tablet
PUR_000306,CUST_00339,PROD_00586,SC-2026-001268,2026-06-15 21:22:36,2,780.0,25,1170.0,Debit Card,Grocery,Mobile App
PUR_000307,CUST_02057,PROD_00291,SC-2026-001269,2026-07-01 03:20:11,1,1760.0,5,1672.0,Net Banking,Home,Mobile App
PUR_000308,CUST_02057,PROD_00293,SC-2026-001270,2026-07-01 03:20:54,1,2540.0,50,1270.0,Wallet,Home,Mobile App
PUR_000309,CUST_02057,PROD_00264,SC-2026-001271,2026-07-01 03:22:49,1,7730.0,5,7343.5,UPI,Home,Mobile App
PUR_000310,CUST_00010,PROD_00521,SC-2026-001272,2026-06-11 03:55:28,1,3070.0,50,1535.0,Credit Card,Accessories,Mobile Web
PUR_000311,CUST_00137,PROD_00626,SC-2026-001273,2026-07-06 00:45:01,2,2320.0,50,2320.0,UPI,Personal Care,Tablet
PUR_000312,CUST_02442,PROD_00522,SC-2026-001274,2026-08-21 05:53:28,1,6870.0,50,3435.0,Wallet,Accessories,Mobile Web
PUR_000313,CUST_02442,PROD_00539,SC-2026-001275,2026-08-21 05:55:56,2,6780.0,50,6780.0,UPI,Accessories,Mobile Web
PUR_000314,CUST_01381,PROD_00046,SC-2026-001276,2026-04-08 10:14:11,1,47290.0,40,28374.0,Wallet,Mobiles,Mobile Web
PUR_000315,CUST_01381,PROD_00505,SC-2026-001276,2026-04-08 10:14:11,1,490.0,10,441.0,Wallet,Accessories,Mobile Web
PUR_000316,CUST_01381,PROD_00057,SC-2026-001277,2026-04-08 10:16:15,1,57150.0,35,37147.5,Debit Card,Mobiles,Mobile Web
PUR_000317,CUST_01381,PROD_00028,SC-2026-001277,2026-04-08 10:16:15,1,12200.0,0,12200.0,Debit Card,Electronics,Mobile Web
PUR_000318,CUST_01150,PROD_00501,SC-2026-001278,2026-07-25 16:54:11,1,54260.0,20,43408.0,UPI,Gaming,Mobile App
PUR_000319,CUST_01114,PROD_00045,SC-2026-001279,2026-06-20 00:51:50,1,106260.0,20,85008.0,Credit Card,Mobiles,Tablet
PUR_000320,CUST_01114,PROD_00023,SC-2026-001279,2026-06-20 00:51:50,1,4200.0,5,3990.0,Credit Card,Electronics,Tablet
PUR_000321,CUST_01296,PROD_00344,SC-2026-001280,2026-08-23 15:48:48,1,9710.0,30,6797.0,UPI,Furniture,Tablet
PUR_000322,CUST_02230,PROD_00336,SC-2026-001281,2026-07-08 22:52:09,1,10680.0,15,9078.0,Credit Card,Kitchen,Desktop
PUR_000323,CUST_01256,PROD_00332,SC-2026-001282,2026-05-13 03:48:35,1,4940.0,5,4693.0,Cash on Delivery,Kitchen,Tablet
PUR_000324,CUST_02758,PROD_00212,SC-2026-001283,2026-07-08 07:02:00,1,4330.0,35,2814.5,Wallet,Beauty,Tablet
PUR_000325,CUST_00094,PROD_00119,SC-2026-001284,2026-05-21 21:49:58,1,95500.0,20,76400.0,Debit Card,Laptops,Mobile Web
PUR_000326,CUST_00094,PROD_00475,SC-2026-001284,2026-05-21 21:49:58,1,27170.0,50,13585.0,Debit Card,Gaming,Mobile Web
PUR_000327,CUST_00712,PROD_00334,SC-2026-001285,2026-07-24 06:51:43,1,2400.0,0,2400.0,Credit Card,Kitchen,Desktop
PUR_000328,CUST_00993,PROD_00310,SC-2026-001286,2026-05-08 10:19:07,1,13260.0,30,9282.0,Credit Card,Kitchen,Tablet
PUR_000329,CUST_00342,PROD_00613,SC-2026-001287,2026-09-03 03:28:06,1,2950.0,50,1475.0,UPI,Personal Care,Mobile App
PUR_000330,CUST_02569,PROD_00490,SC-2026-001288,2026-07-31 02:10:23,1,51640.0,40,30984.0,Debit Card,Gaming,Tablet
PUR_000331,CUST_02569,PROD_00489,SC-2026-001289,2026-07-31 02:11:07,2,3940.0,40,4728.0,UPI,Gaming,Tablet
PUR_000332,CUST_02044,PROD_00005,SC-2026-001290,2026-08-09 08:26:20,1,44350.0,15,37697.5,Wallet,Electronics,Mobile App
PUR_000333,CUST_02695,PROD_00299,SC-2026-001291,2026-07-24 04:37:58,1,13520.0,5,12844.0,Cash on Delivery,Kitchen,Tablet
PUR_000334,CUST_00023,PROD_00028,SC-2026-001292,2026-04-19 10:02:54,1,12200.0,0,12200.0,Wallet,Electronics,Tablet
PUR_000335,CUST_00023,PROD_00034,SC-2026-001293,2026-04-19 10:05:33,1,4240.0,20,3392.0,Wallet,Electronics,Tablet
PUR_000336,CUST_01602,PROD_00237,SC-2026-001294,2026-07-23 19:39:08,1,780.0,35,507.0,Wallet,Beauty,Mobile App
PUR_000337,CUST_02000,PROD_00288,SC-2026-001295,2026-08-22 21:26:10,1,6090.0,25,4567.5,Net Banking,Home,Mobile Web
PUR_000338,CUST_02904,PROD_00589,SC-2026-001296,2026-06-01 09:11:07,2,3530.0,35,4589.0,Credit Card,Personal Care,Tablet
PUR_000339,CUST_01509,PROD_00040,SC-2026-001297,2026-09-05 19:11:24,1,30280.0,50,15140.0,Cash on Delivery,Electronics,Mobile App
PUR_000340,CUST_02220,PROD_00347,SC-2026-001298,2026-05-06 08:08:19,1,37570.0,40,22542.0,Net Banking,Furniture,Desktop
PUR_000341,CUST_00190,PROD_00007,SC-2026-001299,2026-09-05 08:59:43,1,15400.0,0,15400.0,Debit Card,Electronics,Mobile Web
PUR_000342,CUST_01730,PROD_00335,SC-2026-001300,2026-05-24 08:26:20,1,14920.0,5,14174.0,Credit Card,Kitchen,Tablet
PUR_000343,CUST_01730,PROD_00314,SC-2026-001301,2026-05-24 08:28:15,1,7970.0,10,7173.0,Wallet,Kitchen,Tablet
PUR_000344,CUST_01730,PROD_00309,SC-2026-001302,2026-05-24 08:31:00,1,11830.0,5,11238.5,Wallet,Kitchen,Tablet
PUR_000345,CUST_01805,PROD_00529,SC-2026-001303,2026-05-28 09:59:15,1,6980.0,10,6282.0,Net Banking,Accessories,Desktop
PUR_000346,CUST_00832,PROD_00289,SC-2026-001304,2026-07-30 06:23:04,1,8180.0,35,5317.0,Wallet,Home,Tablet
PUR_000347,CUST_00832,PROD_00280,SC-2026-001305,2026-07-30 06:26:23,2,5740.0,40,6888.0,Debit Card,Home,Tablet
PUR_000348,CUST_01324,PROD_00294,SC-2026-001306,2026-06-20 10:09:10,1,9510.0,30,6657.0,Net Banking,Home,Desktop
PUR_000349,CUST_01256,PROD_00313,SC-2026-001307,2026-08-03 03:53:10,1,5150.0,30,3605.0,Cash on Delivery,Kitchen,Tablet
PUR_000350,CUST_00406,PROD_00145,SC-2026-001308,2026-07-10 17:57:02,2,4680.0,35,6084.0,Net Banking,Fashion,Tablet
PUR_000351,CUST_02077,PROD_00259,SC-2026-001309,2026-04-15 13:20:52,2,3130.0,0,6260.0,Debit Card,Home,Desktop
PUR_000352,CUST_00005,PROD_00294,SC-2026-001310,2026-03-24 05:56:09,1,9510.0,30,6657.0,Net Banking,Home,Mobile Web
PUR_000353,CUST_01883,PROD_00491,SC-2026-001311,2026-04-13 16:33:31,2,5870.0,25,8805.0,Cash on Delivery,Gaming,Mobile App
PUR_000354,CUST_02307,PROD_00491,SC-2026-001312,2026-07-14 03:02:31,1,5870.0,25,4402.5,Debit Card,Gaming,Mobile Web
PUR_000355,CUST_02307,PROD_00479,SC-2026-001313,2026-07-14 03:03:39,1,17870.0,50,8935.0,Wallet,Gaming,Mobile Web
PUR_000356,CUST_00748,PROD_00447,SC-2026-001314,2026-05-27 08:06:35,1,2410.0,25,1807.5,Credit Card,Books,Desktop
PUR_000357,CUST_02141,PROD_00259,SC-2026-001315,2026-06-25 08:04:07,2,3130.0,0,6260.0,UPI,Home,Mobile App
PUR_000358,CUST_00206,PROD_00032,SC-2026-001316,2026-04-28 06:48:50,1,15750.0,30,11025.0,Debit Card,Electronics,Mobile App
PUR_000359,CUST_01940,PROD_00436,SC-2026-001317,2026-06-15 22:52:37,1,2670.0,30,1869.0,Credit Card,Books,Mobile App
PUR_000360,CUST_01505,PROD_00489,SC-2026-001318,2026-08-03 19:30:02,2,3940.0,40,4728.0,Credit Card,Gaming,Desktop
PUR_000361,CUST_02409,PROD_00196,SC-2026-001319,2026-07-16 00:56:41,2,2210.0,0,4420.0,Credit Card,Footwear,Tablet
PUR_000362,CUST_02024,PROD_00170,SC-2026-001320,2026-04-20 23:45:00,1,7390.0,50,3695.0,Net Banking,Footwear,Desktop
PUR_000363,CUST_02024,PROD_00133,SC-2026-001320,2026-04-20 23:45:00,1,620.0,20,496.0,Net Banking,Fashion,Desktop
PUR_000364,CUST_02674,PROD_00300,SC-2026-001321,2026-04-08 07:57:04,1,1970.0,15,1674.5,Wallet,Kitchen,Mobile App
PUR_000365,CUST_01334,PROD_00528,SC-2026-001322,2026-06-19 22:53:24,1,3020.0,30,2114.0,Credit Card,Accessories,Mobile App
PUR_000366,CUST_00614,PROD_00604,SC-2026-001323,2026-05-08 08:04:58,1,3350.0,25,2512.5,Net Banking,Personal Care,Desktop
PUR_000367,CUST_01098,PROD_00019,SC-2026-001324,2026-09-06 17:58:53,1,7340.0,10,6606.0,Cash on Delivery,Electronics,Tablet
PUR_000368,CUST_00460,PROD_00487,SC-2026-001325,2026-06-10 17:29:06,1,48290.0,0,48290.0,Net Banking,Gaming,Tablet
PUR_000369,CUST_02475,PROD_00547,SC-2026-001326,2026-05-22 00:16:35,1,1560.0,50,780.0,Debit Card,Grocery,Tablet
PUR_000370,CUST_02475,PROD_00563,SC-2026-001327,2026-05-22 00:21:27,1,160.0,5,152.0,Debit Card,Grocery,Tablet
PUR_000371,CUST_00209,PROD_00265,SC-2026-001328,2026-03-30 21:32:28,1,6240.0,20,4992.0,Credit Card,Home,Mobile App
PUR_000372,CUST_00209,PROD_00273,SC-2026-001329,2026-03-30 21:34:48,1,4340.0,15,3689.0,Net Banking,Home,Mobile App
PUR_000373,CUST_02350,PROD_00379,SC-2026-001330,2026-05-11 18:02:41,1,13670.0,40,8202.0,Cash on Delivery,Sports,Mobile Web
PUR_000374,CUST_01321,PROD_00581,SC-2026-001331,2026-09-05 10:13:01,1,1350.0,50,675.0,UPI,Grocery,Desktop
PUR_000375,CUST_02523,PROD_00353,SC-2026-001332,2026-03-21 17:11:21,1,25600.0,15,21760.0,Wallet,Furniture,Mobile App
PUR_000376,CUST_02848,PROD_00619,SC-2026-001333,2026-03-29 03:50:06,2,4590.0,30,6426.0,Credit Card,Personal Care,Mobile App
PUR_000377,CUST_01711,PROD_00026,SC-2026-001334,2026-07-20 16:25:59,1,39780.0,15,33813.0,Debit Card,Electronics,Desktop
PUR_000378,CUST_02288,PROD_00287,SC-2026-001335,2026-08-19 06:10:27,1,9750.0,5,9262.5,Wallet,Home,Mobile App
PUR_000379,CUST_00407,PROD_00536,SC-2026-001336,2026-05-19 19:39:32,1,4520.0,50,2260.0,UPI,Accessories,Mobile App
PUR_000380,CUST_00407,PROD_00540,SC-2026-001337,2026-05-19 19:40:02,1,5220.0,25,3915.0,Cash on Delivery,Accessories,Mobile App
PUR_000381,CUST_00407,PROD_00506,SC-2026-001338,2026-05-19 19:42:40,2,4500.0,40,5400.0,Cash on Delivery,Accessories,Mobile App
PUR_000382,CUST_00772,PROD_00325,SC-2026-001339,2026-08-22 10:26:06,2,1910.0,10,3438.0,Debit Card,Kitchen,Desktop
PUR_000383,CUST_02975,PROD_00285,SC-2026-001340,2026-07-15 01:49:41,1,9940.0,40,5964.0,UPI,Home,Mobile App
PUR_000384,CUST_01895,PROD_00608,SC-2026-001341,2026-05-02 11:33:13,1,5170.0,10,4653.0,Debit Card,Personal Care,Mobile App
PUR_000385,CUST_01805,PROD_00159,SC-2026-001342,2026-09-01 18:59:10,2,4560.0,50,4560.0,Credit Card,Fashion,Tablet
PUR_000386,CUST_01962,PROD_00206,SC-2026-001343,2026-04-16 15:52:57,1,7640.0,50,3820.0,Net Banking,Footwear,Tablet
PUR_000387,CUST_01962,PROD_00383,SC-2026-001343,2026-04-16 15:52:57,1,2050.0,50,1025.0,Net Banking,Sports,Tablet
PUR_000388,CUST_02465,PROD_00021,SC-2026-001344,2026-05-12 20:24:36,1,35540.0,35,23101.0,Cash on Delivery,Electronics,Desktop
PUR_000389,CUST_01616,PROD_00615,SC-2026-001345,2026-05-08 02:11:04,1,3060.0,30,2142.0,UPI,Personal Care,Mobile Web
PUR_000390,CUST_01579,PROD_00291,SC-2026-001346,2026-06-25 20:58:00,1,1760.0,5,1672.0,Debit Card,Home,Desktop
PUR_000391,CUST_01579,PROD_00258,SC-2026-001347,2026-06-25 21:02:20,1,3770.0,30,2639.0,Wallet,Home,Desktop
PUR_000392,CUST_01579,PROD_00263,SC-2026-001348,2026-06-25 21:04:09,1,5550.0,50,2775.0,Net Banking,Home,Desktop
PUR_000393,CUST_01995,PROD_00150,SC-2026-001349,2026-07-22 20:46:37,2,4640.0,25,6960.0,Net Banking,Fashion,Mobile Web
PUR_000394,CUST_01629,PROD_00070,SC-2026-001350,2026-04-03 19:23:20,1,26310.0,30,18417.0,Debit Card,Mobiles,Tablet
PUR_000395,CUST_00790,PROD_00048,SC-2026-001351,2026-09-06 15:59:45,1,49160.0,30,34412.0,Wallet,Mobiles,Mobile App
PUR_000396,CUST_02057,PROD_00006,SC-2026-001352,2026-06-21 18:39:28,1,31940.0,5,30343.0,Net Banking,Electronics,Mobile App
PUR_000397,CUST_02188,PROD_00325,SC-2026-001353,2026-03-26 03:47:24,1,1910.0,10,1719.0,Credit Card,Kitchen,Tablet
PUR_000398,CUST_00254,PROD_00461,SC-2026-001354,2026-03-26 15:57:23,1,1800.0,5,1710.0,UPI,Books,Tablet
PUR_000399,CUST_02375,PROD_00340,SC-2026-001355,2026-07-21 23:55:57,1,26840.0,35,17446.0,Debit Card,Furniture,Mobile App
PUR_000400,CUST_02375,PROD_00338,SC-2026-001356,2026-07-22 00:00:13,1,33760.0,15,28696.0,Net Banking,Furniture,Mobile App
PUR_000401,CUST_02391,PROD_00605,SC-2026-001357,2026-05-22 19:39:11,2,270.0,40,324.0,Wallet,Personal Care,Desktop
PUR_000402,CUST_01034,PROD_00580,SC-2026-001358,2026-05-22 06:55:50,1,1290.0,25,967.5,Wallet,Grocery,Desktop
PUR_000403,CUST_01034,PROD_00568,SC-2026-001359,2026-05-22 06:57:43,1,1050.0,5,997.5,UPI,Grocery,Desktop
PUR_000404,CUST_01034,PROD_00573,SC-2026-001360,2026-05-22 07:00:00,1,1730.0,35,1124.5,UPI,Grocery,Desktop
PUR_000405,CUST_00488,PROD_00287,SC-2026-001361,2026-05-19 16:58:37,1,9750.0,5,9262.5,Net Banking,Home,Mobile Web
PUR_000406,CUST_00488,PROD_00293,SC-2026-001362,2026-05-19 17:01:23,1,2540.0,50,1270.0,UPI,Home,Mobile Web
PUR_000407,CUST_01720,PROD_00428,SC-2026-001363,2026-08-27 18:08:19,1,840.0,25,630.0,Debit Card,Books,Mobile Web
PUR_000408,CUST_02238,PROD_00298,SC-2026-001364,2026-05-07 21:04:07,1,12760.0,20,10208.0,Credit Card,Kitchen,Tablet
PUR_000409,CUST_01233,PROD_00370,SC-2026-001365,2026-04-10 09:50:09,1,29790.0,0,29790.0,Credit Card,Furniture,Tablet
PUR_000410,CUST_01233,PROD_00362,SC-2026-001366,2026-04-10 09:52:01,1,32480.0,20,25984.0,Wallet,Furniture,Tablet
PUR_000411,CUST_02877,PROD_00009,SC-2026-001367,2026-04-07 18:06:59,1,10810.0,10,9729.0,Wallet,Electronics,Desktop
PUR_000412,CUST_01327,PROD_00286,SC-2026-001368,2026-06-07 17:45:15,2,4130.0,10,7434.0,Debit Card,Home,Tablet
PUR_000413,CUST_02545,PROD_00321,SC-2026-001369,2026-05-17 04:06:28,1,2070.0,5,1966.5,Cash on Delivery,Kitchen,Desktop
PUR_000414,CUST_00851,PROD_00556,SC-2026-001370,2026-06-26 22:14:06,2,1480.0,50,1480.0,Wallet,Grocery,Desktop
PUR_000415,CUST_02509,PROD_00350,SC-2026-001371,2026-04-25 05:19:21,1,33560.0,50,16780.0,Debit Card,Furniture,Tablet
PUR_000416,CUST_02509,PROD_00349,SC-2026-001372,2026-04-25 05:21:25,1,21440.0,25,16080.0,Net Banking,Furniture,Tablet
PUR_000417,CUST_02113,PROD_00011,SC-2026-001373,2026-05-29 07:32:48,1,21070.0,20,16856.0,Wallet,Electronics,Mobile App
PUR_000418,CUST_00413,PROD_00088,SC-2026-001374,2026-07-08 06:59:25,1,172590.0,15,146701.5,UPI,Laptops,Mobile Web
PUR_000419,CUST_00413,PROD_00514,SC-2026-001374,2026-07-08 06:59:25,1,1070.0,50,535.0,UPI,Accessories,Mobile Web
PUR_000420,CUST_02878,PROD_00161,SC-2026-001375,2026-09-01 15:17:12,1,6720.0,35,4368.0,Wallet,Fashion,Mobile App
PUR_000421,CUST_00753,PROD_00455,SC-2026-001376,2026-03-13 00:54:07,1,2540.0,5,2413.0,Net Banking,Books,Desktop
PUR_000422,CUST_00807,PROD_00080,SC-2026-001377,2026-07-28 11:09:46,1,18910.0,5,17964.5,Wallet,Mobiles,Desktop
PUR_000423,CUST_00807,PROD_00061,SC-2026-001378,2026-07-28 11:12:41,1,55550.0,40,33330.0,Net Banking,Mobiles,Desktop
PUR_000424,CUST_00807,PROD_00018,SC-2026-001378,2026-07-28 11:12:41,1,19210.0,0,19210.0,Net Banking,Electronics,Desktop
PUR_000425,CUST_02980,PROD_00166,SC-2026-001379,2026-04-27 03:18:10,1,2220.0,25,1665.0,Net Banking,Fashion,Mobile Web
PUR_000426,CUST_00586,PROD_00079,SC-2026-001380,2026-05-26 03:25:20,1,89700.0,5,85215.0,Net Banking,Mobiles,Tablet
PUR_000427,CUST_00253,PROD_00057,SC-2026-001381,2026-03-24 21:11:59,1,57150.0,35,37147.5,UPI,Mobiles,Tablet
PUR_000428,CUST_00253,PROD_00020,SC-2026-001381,2026-03-24 21:11:59,1,43640.0,15,37094.0,UPI,Electronics,Tablet
PUR_000429,CUST_01185,PROD_00047,SC-2026-001382,2026-08-17 14:11:15,1,71490.0,30,50043.0,Net Banking,Mobiles,Mobile App
PUR_000430,CUST_01185,PROD_00522,SC-2026-001382,2026-08-17 14:11:15,1,6870.0,50,3435.0,Net Banking,Accessories,Mobile App
PUR_000431,CUST_01361,PROD_00046,SC-2026-001383,2026-04-15 06:35:03,1,47290.0,40,28374.0,UPI,Mobiles,Tablet
PUR_000432,CUST_01361,PROD_00007,SC-2026-001383,2026-04-15 06:35:03,1,15400.0,0,15400.0,UPI,Electronics,Tablet
PUR_000433,CUST_01361,PROD_00052,SC-2026-001384,2026-04-15 06:36:26,1,14090.0,25,10567.5,UPI,Mobiles,Tablet
PUR_000434,CUST_00526,PROD_00089,SC-2026-001385,2026-07-11 10:33:30,1,35220.0,0,35220.0,Cash on Delivery,Laptops,Desktop
PUR_000435,CUST_00526,PROD_00470,SC-2026-001385,2026-07-11 10:33:30,1,3420.0,15,2907.0,Cash on Delivery,Gaming,Desktop
PUR_000436,CUST_01919,PROD_00208,SC-2026-001386,2026-06-30 12:08:01,1,7560.0,10,6804.0,Credit Card,Footwear,Mobile Web
PUR_000437,CUST_01919,PROD_00167,SC-2026-001386,2026-06-30 12:08:01,1,5470.0,20,4376.0,Credit Card,Fashion,Mobile Web
PUR_000438,CUST_02560,PROD_00182,SC-2026-001387,2026-04-15 12:25:51,1,11670.0,10,10503.0,Net Banking,Footwear,Mobile App
PUR_000439,CUST_02560,PROD_00195,SC-2026-001388,2026-04-15 12:27:51,1,10880.0,15,9248.0,UPI,Footwear,Mobile App
PUR_000440,CUST_02560,PROD_00153,SC-2026-001388,2026-04-15 12:27:51,1,2190.0,35,1423.5,UPI,Fashion,Mobile App
PUR_000441,CUST_00816,PROD_00371,SC-2026-001389,2026-05-16 06:31:13,1,10120.0,40,6072.0,Debit Card,Furniture,Mobile App
PUR_000442,CUST_01633,PROD_00490,SC-2026-001390,2026-03-26 13:46:11,1,51640.0,40,30984.0,Debit Card,Gaming,Mobile App
PUR_000443,CUST_01642,PROD_00459,SC-2026-001391,2026-04-13 11:13:43,1,1740.0,20,1392.0,Wallet,Books,Desktop
PUR_000444,CUST_02851,PROD_00142,SC-2026-001392,2026-05-22 17:48:26,1,2050.0,50,1025.0,UPI,Fashion,Tablet
PUR_000445,CUST_01364,PROD_00309,SC-2026-001393,2026-08-30 07:41:23,1,11830.0,5,11238.5,Wallet,Kitchen,Desktop
PUR_000446,CUST_01068,PROD_00307,SC-2026-001394,2026-07-12 08:26:00,2,2920.0,15,4964.0,Credit Card,Kitchen,Mobile App
PUR_000447,CUST_00714,PROD_00055,SC-2026-001395,2026-06-21 03:35:32,1,91660.0,5,87077.0,Net Banking,Mobiles,Tablet
PUR_000448,CUST_00714,PROD_00002,SC-2026-001395,2026-06-21 03:35:32,1,32560.0,40,19536.0,Net Banking,Electronics,Tablet
PUR_000449,CUST_00714,PROD_00073,SC-2026-001396,2026-06-21 03:36:21,1,118290.0,40,70974.0,Wallet,Mobiles,Tablet
PUR_000450,CUST_00714,PROD_00031,SC-2026-001396,2026-06-21 03:36:21,1,25720.0,30,18004.0,Wallet,Electronics,Tablet
PUR_000451,CUST_00714,PROD_00077,SC-2026-001397,2026-06-21 03:37:35,1,37530.0,5,35653.5,Wallet,Mobiles,Tablet
PUR_000452,CUST_01868,PROD_00598,SC-2026-001398,2026-05-17 15:30:00,1,3420.0,50,1710.0,UPI,Personal Care,Mobile App
PUR_000453,CUST_00313,PROD_00298,SC-2026-001399,2026-07-25 09:30:08,1,12760.0,20,10208.0,Credit Card,Kitchen,Mobile App
PUR_000454,CUST_02210,PROD_00315,SC-2026-001400,2026-06-22 22:14:48,2,3410.0,0,6820.0,Debit Card,Kitchen,Mobile App
PUR_000455,CUST_02176,PROD_00181,SC-2026-001401,2026-04-21 20:56:07,1,12540.0,20,10032.0,Debit Card,Footwear,Mobile Web
PUR_000456,CUST_02176,PROD_00412,SC-2026-001401,2026-04-21 20:56:07,1,9160.0,15,7786.0,Debit Card,Sports,Mobile Web
PUR_000457,CUST_01599,PROD_00427,SC-2026-001402,2026-07-22 11:01:23,1,600.0,10,540.0,Net Banking,Books,Tablet
PUR_000458,CUST_01599,PROD_00436,SC-2026-001403,2026-07-22 11:05:03,1,2670.0,30,1869.0,Wallet,Books,Tablet
PUR_000459,CUST_02942,PROD_00427,SC-2026-001404,2026-04-01 04:05:55,1,600.0,10,540.0,Wallet,Books,Desktop
PUR_000460,CUST_01556,PROD_00267,SC-2026-001405,2026-06-04 10:48:09,1,680.0,30,476.0,Debit Card,Home,Mobile Web
PUR_000461,CUST_02777,PROD_00280,SC-2026-001406,2026-06-04 07:13:35,2,5740.0,40,6888.0,Net Banking,Home,Mobile App
PUR_000462,CUST_02870,PROD_00197,SC-2026-001407,2026-05-27 12:04:33,1,3610.0,0,3610.0,Debit Card,Footwear,Tablet
PUR_000463,CUST_02546,PROD_00260,SC-2026-001408,2026-03-18 08:05:29,1,920.0,15,782.0,Net Banking,Home,Tablet
PUR_000464,CUST_01170,PROD_00370,SC-2026-001409,2026-04-12 11:36:26,1,29790.0,0,29790.0,Credit Card,Furniture,Tablet
PUR_000465,CUST_02645,PROD_00630,SC-2026-001410,2026-08-12 01:36:52,1,1940.0,30,1358.0,Net Banking,Personal Care,Mobile Web
PUR_000466,CUST_02328,PROD_00219,SC-2026-001411,2026-08-08 19:37:22,2,950.0,10,1710.0,Net Banking,Beauty,Tablet
PUR_000467,CUST_02328,PROD_00224,SC-2026-001412,2026-08-08 19:38:39,2,1680.0,25,2520.0,Cash on Delivery,Beauty,Tablet
PUR_000468,CUST_00733,PROD_00060,SC-2026-001413,2026-06-13 00:42:50,1,101350.0,25,76012.5,Wallet,Mobiles,Tablet
PUR_000469,CUST_00733,PROD_00514,SC-2026-001413,2026-06-13 00:42:50,1,1070.0,50,535.0,Wallet,Accessories,Tablet
PUR_000470,CUST_00852,PROD_00019,SC-2026-001414,2026-07-27 13:32:46,1,7340.0,10,6606.0,Cash on Delivery,Electronics,Mobile Web
PUR_000471,CUST_00852,PROD_00034,SC-2026-001415,2026-07-27 13:35:00,1,4240.0,20,3392.0,Net Banking,Electronics,Mobile Web
PUR_000472,CUST_00852,PROD_00002,SC-2026-001416,2026-07-27 13:36:03,1,32560.0,40,19536.0,UPI,Electronics,Mobile Web
PUR_000473,CUST_01464,PROD_00012,SC-2026-001417,2026-04-10 22:21:09,1,35300.0,40,21180.0,UPI,Electronics,Mobile App
PUR_000474,CUST_01416,PROD_00459,SC-2026-001418,2026-03-21 04:23:21,1,1740.0,20,1392.0,Wallet,Books,Mobile App
PUR_000475,CUST_02344,PROD_00185,SC-2026-001419,2026-08-12 08:42:20,1,12450.0,20,9960.0,Net Banking,Footwear,Desktop
PUR_000476,CUST_01859,PROD_00337,SC-2026-001420,2026-08-29 19:59:05,1,18500.0,5,17575.0,Debit Card,Furniture,Desktop
PUR_000477,CUST_01560,PROD_00143,SC-2026-001421,2026-07-19 06:42:14,1,2060.0,30,1442.0,Credit Card,Fashion,Mobile Web
PUR_000478,CUST_01192,PROD_00449,SC-2026-001422,2026-05-20 15:09:40,1,2530.0,40,1518.0,Net Banking,Books,Tablet
PUR_000479,CUST_01578,PROD_00604,SC-2026-001423,2026-07-03 18:08:21,2,3350.0,25,5025.0,Cash on Delivery,Personal Care,Desktop
PUR_000480,CUST_02097,PROD_00375,SC-2026-001424,2026-06-20 11:40:03,1,32110.0,20,25688.0,Net Banking,Furniture,Mobile Web
PUR_000481,CUST_02521,PROD_00039,SC-2026-001425,2026-03-23 14:12:31,1,20030.0,50,10015.0,Wallet,Electronics,Desktop
PUR_000482,CUST_00136,PROD_00087,SC-2026-001426,2026-05-31 13:36:08,1,161820.0,40,97092.0,Credit Card,Laptops,Tablet
PUR_000483,CUST_01619,PROD_00027,SC-2026-001427,2026-08-12 21:21:15,1,7080.0,5,6726.0,Cash on Delivery,Electronics,Desktop
PUR_000484,CUST_01619,PROD_00024,SC-2026-001428,2026-08-12 21:24:39,1,25960.0,25,19470.0,Wallet,Electronics,Desktop
PUR_000485,CUST_00723,PROD_00464,SC-2026-001429,2026-06-11 05:58:41,1,7510.0,15,6383.5,Credit Card,Gaming,Mobile App
PUR_000486,CUST_02600,PROD_00162,SC-2026-001430,2026-05-24 06:54:28,2,1830.0,50,1830.0,UPI,Fashion,Desktop
PUR_000487,CUST_02600,PROD_00139,SC-2026-001431,2026-05-24 06:56:03,1,1940.0,35,1261.0,Wallet,Fashion,Desktop
PUR_000488,CUST_02317,PROD_00208,SC-2026-001432,2026-06-21 18:00:02,1,7560.0,10,6804.0,UPI,Footwear,Tablet
PUR_000489,CUST_02317,PROD_00409,SC-2026-001432,2026-06-21 18:00:02,1,3480.0,0,3480.0,UPI,Sports,Tablet
PUR_000490,CUST_00697,PROD_00275,SC-2026-001433,2026-03-25 03:10:20,1,9000.0,35,5850.0,Wallet,Home,Mobile App
PUR_000491,CUST_00273,PROD_00043,SC-2026-001434,2026-04-10 20:46:13,1,73220.0,5,69559.0,UPI,Mobiles,Mobile App
PUR_000492,CUST_00273,PROD_00537,SC-2026-001434,2026-04-10 20:46:13,1,3690.0,20,2952.0,UPI,Accessories,Mobile App
PUR_000493,CUST_01088,PROD_00479,SC-2026-001435,2026-08-04 01:45:28,1,17870.0,50,8935.0,Cash on Delivery,Gaming,Tablet
PUR_000494,CUST_02643,PROD_00457,SC-2026-001436,2026-08-03 23:49:03,2,670.0,10,1206.0,Debit Card,Books,Desktop
PUR_000495,CUST_02941,PROD_00091,SC-2026-001437,2026-06-18 19:46:03,1,132690.0,35,86248.5,Wallet,Laptops,Mobile App
PUR_000496,CUST_02941,PROD_00468,SC-2026-001437,2026-06-18 19:46:03,1,40730.0,15,34620.5,Wallet,Gaming,Mobile App
PUR_000497,CUST_02242,PROD_00004,SC-2026-001438,2026-06-16 07:27:58,1,43820.0,30,30674.0,Wallet,Electronics,Tablet
PUR_000498,CUST_00253,PROD_00269,SC-2026-001439,2026-04-02 14:08:33,1,520.0,0,520.0,UPI,Home,Tablet
PUR_000499,CUST_02884,PROD_00367,SC-2026-001440,2026-07-03 11:57:30,1,38410.0,40,23046.0,Cash on Delivery,Furniture,Desktop
PUR_000500,CUST_02884,PROD_00359,SC-2026-001441,2026-07-03 11:58:00,1,31150.0,40,18690.0,Credit Card,Furniture,Desktop
PUR_000501,CUST_02110,PROD_00460,SC-2026-001442,2026-07-03 22:34:26,1,2980.0,20,2384.0,Wallet,Books,Mobile App
PUR_000502,CUST_02677,PROD_00435,SC-2026-001443,2026-03-31 15:21:27,1,1580.0,35,1027.0,Debit Card,Books,Mobile Web
PUR_000503,CUST_00544,PROD_00098,SC-2026-001444,2026-05-12 20:11:32,1,30190.0,40,18114.0,UPI,Laptops,Desktop
PUR_000504,CUST_00544,PROD_00094,SC-2026-001445,2026-05-12 20:15:21,1,169760.0,15,144296.0,Wallet,Laptops,Desktop
PUR_000505,CUST_00544,PROD_00472,SC-2026-001445,2026-05-12 20:15:21,1,12440.0,40,7464.0,Wallet,Gaming,Desktop
PUR_000506,CUST_00656,PROD_00036,SC-2026-001446,2026-04-30 01:10:34,1,32240.0,0,32240.0,Net Banking,Electronics,Desktop
PUR_000507,CUST_00656,PROD_00040,SC-2026-001447,2026-04-30 01:13:11,1,30280.0,50,15140.0,Net Banking,Electronics,Desktop
PUR_000508,CUST_01808,PROD_00476,SC-2026-001448,2026-07-05 13:25:19,1,17470.0,35,11355.5,Credit Card,Gaming,Mobile App
PUR_000509,CUST_01865,PROD_00406,SC-2026-001449,2026-05-17 08:27:57,1,940.0,30,658.0,UPI,Sports,Mobile Web
PUR_000510,CUST_01865,PROD_00389,SC-2026-001450,2026-05-17 08:31:39,1,15510.0,20,12408.0,Debit Card,Sports,Mobile Web
PUR_000511,CUST_01859,PROD_00355,SC-2026-001451,2026-04-08 03:24:20,1,4800.0,30,3360.0,Net Banking,Furniture,Mobile App
PUR_000512,CUST_00316,PROD_00152,SC-2026-001452,2026-04-22 11:28:51,1,2880.0,25,2160.0,Net Banking,Fashion,Desktop
PUR_000513,CUST_01507,PROD_00268,SC-2026-001453,2026-08-30 17:55:58,1,8650.0,10,7785.0,Net Banking,Home,Mobile App
PUR_000514,CUST_01507,PROD_00290,SC-2026-001454,2026-08-30 17:57:13,2,410.0,50,410.0,Credit Card,Home,Mobile App
PUR_000515,CUST_01507,PROD_00283,SC-2026-001455,2026-08-30 17:59:56,1,4490.0,25,3367.5,Net Banking,Home,Mobile App
PUR_000516,CUST_01862,PROD_00442,SC-2026-001456,2026-07-24 19:32:19,2,2980.0,15,5066.0,Credit Card,Books,Desktop
PUR_000517,CUST_02550,PROD_00520,SC-2026-001457,2026-08-21 14:52:39,1,1150.0,5,1092.5,Credit Card,Accessories,Tablet
PUR_000518,CUST_00664,PROD_00080,SC-2026-001458,2026-06-22 11:24:18,1,18910.0,5,17964.5,Cash on Delivery,Mobiles,Mobile App
PUR_000519,CUST_00664,PROD_00034,SC-2026-001458,2026-06-22 11:24:18,1,4240.0,20,3392.0,Cash on Delivery,Electronics,Mobile App
PUR_000520,CUST_01976,PROD_00337,SC-2026-001459,2026-04-15 20:16:14,1,18500.0,5,17575.0,Net Banking,Furniture,Mobile Web
PUR_000521,CUST_01949,PROD_00524,SC-2026-001460,2026-08-11 04:25:13,1,2840.0,35,1846.0,Cash on Delivery,Accessories,Mobile Web
PUR_000522,CUST_00582,PROD_00169,SC-2026-001461,2026-07-01 20:50:41,1,8270.0,40,4962.0,Debit Card,Footwear,Desktop
PUR_000523,CUST_00582,PROD_00386,SC-2026-001461,2026-07-01 20:50:41,1,1770.0,25,1327.5,Debit Card,Sports,Desktop
PUR_000524,CUST_02905,PROD_00363,SC-2026-001462,2026-06-19 21:48:06,1,10510.0,35,6831.5,Net Banking,Furniture,Tablet
PUR_000525,CUST_02384,PROD_00311,SC-2026-001463,2026-07-25 00:53:13,1,9320.0,30,6524.0,UPI,Kitchen,Mobile Web
PUR_000526,CUST_01799,PROD_00296,SC-2026-001464,2026-06-05 16:24:33,1,4340.0,15,3689.0,Net Banking,Kitchen,Mobile Web
PUR_000527,CUST_00412,PROD_00300,SC-2026-001465,2026-07-06 15:52:55,1,1970.0,15,1674.5,Net Banking,Kitchen,Mobile App
PUR_000528,CUST_02620,PROD_00515,SC-2026-001466,2026-03-14 11:33:02,1,1450.0,20,1160.0,Debit Card,Accessories,Desktop
PUR_000529,CUST_01451,PROD_00552,SC-2026-001467,2026-07-17 18:51:19,1,1820.0,50,910.0,Net Banking,Grocery,Tablet
PUR_000530,CUST_01451,PROD_00579,SC-2026-001468,2026-07-17 18:57:18,1,1620.0,5,1539.0,Credit Card,Grocery,Tablet
PUR_000531,CUST_02525,PROD_00042,SC-2026-001469,2026-06-11 11:26:11,1,29940.0,0,29940.0,Net Banking,Electronics,Tablet
PUR_000532,CUST_01589,PROD_00014,SC-2026-001470,2026-09-06 16:25:38,1,39410.0,30,27587.0,Cash on Delivery,Electronics,Mobile App
PUR_000533,CUST_00513,PROD_00285,SC-2026-001471,2026-08-05 08:08:53,1,9940.0,40,5964.0,Credit Card,Home,Mobile Web
PUR_000534,CUST_00725,PROD_00339,SC-2026-001472,2026-08-06 07:19:00,2,3100.0,5,5890.0,Cash on Delivery,Furniture,Mobile App
PUR_000535,CUST_00725,PROD_00340,SC-2026-001473,2026-08-06 07:23:39,1,26840.0,35,17446.0,Debit Card,Furniture,Mobile App
PUR_000536,CUST_02801,PROD_00463,SC-2026-001474,2026-04-11 02:34:00,1,6150.0,20,4920.0,Cash on Delivery,Gaming,Desktop
PUR_000537,CUST_01298,PROD_00066,SC-2026-001475,2026-08-14 15:17:31,1,62920.0,35,40898.0,UPI,Mobiles,Mobile Web
PUR_000538,CUST_01298,PROD_00005,SC-2026-001475,2026-08-14 15:17:31,1,44350.0,15,37697.5,UPI,Electronics,Mobile Web
PUR_000539,CUST_01298,PROD_00056,SC-2026-001476,2026-08-14 15:23:57,1,101160.0,50,50580.0,Net Banking,Mobiles,Mobile Web
PUR_000540,CUST_01298,PROD_00545,SC-2026-001476,2026-08-14 15:23:57,1,380.0,5,361.0,Net Banking,Accessories,Mobile Web
PUR_000541,CUST_00848,PROD_00224,SC-2026-001477,2026-06-04 01:50:03,2,1680.0,25,2520.0,Debit Card,Beauty,Tablet
PUR_000542,CUST_01292,PROD_00138,SC-2026-001478,2026-03-25 20:37:01,1,5120.0,40,3072.0,UPI,Fashion,Desktop
PUR_000543,CUST_01544,PROD_00004,SC-2026-001479,2026-05-27 17:33:03,1,43820.0,30,30674.0,UPI,Electronics,Desktop
PUR_000544,CUST_01975,PROD_00112,SC-2026-001480,2026-08-20 21:49:30,1,158590.0,5,150660.5,Wallet,Laptops,Mobile App
PUR_000545,CUST_01975,PROD_00520,SC-2026-001480,2026-08-20 21:49:30,1,1150.0,5,1092.5,Wallet,Accessories,Mobile App
PUR_000546,CUST_01973,PROD_00386,SC-2026-001481,2026-03-22 19:37:13,1,1770.0,25,1327.5,Debit Card,Sports,Mobile App
PUR_000547,CUST_02315,PROD_00150,SC-2026-001482,2026-04-30 22:54:42,1,4640.0,25,3480.0,Wallet,Fashion,Tablet
PUR_000548,CUST_02260,PROD_00408,SC-2026-001483,2026-06-30 09:18:57,1,9980.0,0,9980.0,Net Banking,Sports,Mobile App
PUR_000549,CUST_02095,PROD_00577,SC-2026-001484,2026-06-03 18:49:08,1,1000.0,50,500.0,Credit Card,Grocery,Desktop
PUR_000550,CUST_00075,PROD_00042,SC-2026-001485,2026-08-03 03:05:05,1,29940.0,0,29940.0,Credit Card,Electronics,Mobile App
PUR_000551,CUST_02597,PROD_00082,SC-2026-001486,2026-05-03 01:37:48,1,107970.0,25,80977.5,Cash on Delivery,Mobiles,Tablet
PUR_000552,CUST_02597,PROD_00028,SC-2026-001486,2026-05-03 01:37:48,1,12200.0,0,12200.0,Cash on Delivery,Electronics,Tablet
PUR_000553,CUST_02597,PROD_00045,SC-2026-001487,2026-05-03 01:43:12,1,106260.0,20,85008.0,Credit Card,Mobiles,Tablet
PUR_000554,CUST_02597,PROD_00517,SC-2026-001487,2026-05-03 01:43:12,1,1630.0,40,978.0,Credit Card,Accessories,Tablet
PUR_000555,CUST_02697,PROD_00091,SC-2026-001488,2026-03-30 11:46:58,1,132690.0,35,86248.5,Net Banking,Laptops,Desktop
PUR_000556,CUST_02697,PROD_00516,SC-2026-001488,2026-03-30 11:46:58,1,660.0,30,462.0,Net Banking,Accessories,Desktop
PUR_000557,CUST_01287,PROD_00472,SC-2026-001489,2026-09-04 00:43:05,1,12440.0,40,7464.0,Cash on Delivery,Gaming,Tablet
PUR_000558,CUST_01068,PROD_00448,SC-2026-001490,2026-08-18 22:39:04,2,1420.0,20,2272.0,Credit Card,Books,Desktop
PUR_000559,CUST_00770,PROD_00284,SC-2026-001491,2026-04-28 09:26:06,2,3230.0,30,4522.0,Credit Card,Home,Tablet
PUR_000560,CUST_01360,PROD_00458,SC-2026-001492,2026-05-12 10:40:16,1,2990.0,25,2242.5,Net Banking,Books,Mobile App
PUR_000561,CUST_02699,PROD_00210,SC-2026-001493,2026-07-21 00:51:19,1,7390.0,30,5173.0,Net Banking,Footwear,Mobile Web
PUR_000562,CUST_02699,PROD_00399,SC-2026-001493,2026-07-21 00:51:19,1,1030.0,40,618.0,Net Banking,Sports,Mobile Web
PUR_000563,CUST_00666,PROD_00240,SC-2026-001494,2026-07-18 00:16:25,2,2360.0,10,4248.0,Wallet,Beauty,Desktop
PUR_000564,CUST_02824,PROD_00237,SC-2026-001495,2026-06-13 12:42:03,2,780.0,35,1014.0,Debit Card,Beauty,Mobile Web
PUR_000565,CUST_01063,PROD_00009,SC-2026-001496,2026-08-06 12:58:26,1,10810.0,10,9729.0,UPI,Electronics,Mobile App
PUR_000566,CUST_01063,PROD_00017,SC-2026-001497,2026-08-06 13:05:39,1,7000.0,50,3500.0,Credit Card,Electronics,Mobile App
PUR_000567,CUST_02794,PROD_00003,SC-2026-001498,2026-05-31 14:32:41,1,34640.0,5,32908.0,Net Banking,Electronics,Tablet
PUR_000568,CUST_00831,PROD_00448,SC-2026-001499,2026-08-30 14:08:23,1,1420.0,20,1136.0,UPI,Books,Mobile Web
PUR_000569,CUST_01889,PROD_00193,SC-2026-001500,2026-05-24 17:12:46,1,12740.0,30,8918.0,Debit Card,Footwear,Desktop
PUR_000570,CUST_01196,PROD_00115,SC-2026-001501,2026-08-22 23:32:40,1,160690.0,50,80345.0,Net Banking,Laptops,Mobile App
PUR_000571,CUST_01196,PROD_00523,SC-2026-001501,2026-08-22 23:32:40,1,3400.0,40,2040.0,Net Banking,Accessories,Mobile App
PUR_000572,CUST_00966,PROD_00199,SC-2026-001502,2026-08-24 14:00:13,1,12670.0,30,8869.0,Debit Card,Footwear,Mobile App
PUR_000573,CUST_00966,PROD_00142,SC-2026-001502,2026-08-24 14:00:13,1,2050.0,50,1025.0,Debit Card,Fashion,Mobile App
PUR_000574,CUST_00966,PROD_00169,SC-2026-001503,2026-08-24 14:00:49,1,8270.0,40,4962.0,Net Banking,Footwear,Mobile App
PUR_000575,CUST_00966,PROD_00203,SC-2026-001504,2026-08-24 14:01:36,1,11910.0,15,10123.5,Cash on Delivery,Footwear,Mobile App
PUR_000576,CUST_00966,PROD_00389,SC-2026-001504,2026-08-24 14:01:36,1,15510.0,20,12408.0,Cash on Delivery,Sports,Mobile App
PUR_000577,CUST_01665,PROD_00501,SC-2026-001505,2026-05-14 07:50:43,1,54260.0,20,43408.0,UPI,Gaming,Desktop
PUR_000578,CUST_01215,PROD_00470,SC-2026-001506,2026-08-14 00:09:24,1,3420.0,15,2907.0,Net Banking,Gaming,Desktop
PUR_000579,CUST_01215,PROD_00489,SC-2026-001507,2026-08-14 00:11:37,2,3940.0,40,4728.0,Net Banking,Gaming,Desktop
PUR_000580,CUST_02397,PROD_00055,SC-2026-001508,2026-08-16 22:50:12,1,91660.0,5,87077.0,Credit Card,Mobiles,Mobile App
PUR_000581,CUST_01677,PROD_00424,SC-2026-001509,2026-06-02 22:21:34,2,660.0,15,1122.0,Credit Card,Books,Mobile App
PUR_000582,CUST_01677,PROD_00454,SC-2026-001510,2026-06-02 22:23:25,1,370.0,40,222.0,Net Banking,Books,Mobile App
PUR_000583,CUST_02188,PROD_00134,SC-2026-001511,2026-06-10 15:43:50,1,1160.0,40,696.0,Cash on Delivery,Fashion,Mobile Web
PUR_000584,CUST_00815,PROD_00504,SC-2026-001512,2026-05-02 19:43:10,1,14740.0,5,14003.0,Cash on Delivery,Gaming,Mobile Web
PUR_000585,CUST_00883,PROD_00608,SC-2026-001513,2026-08-17 18:47:04,1,5170.0,10,4653.0,Cash on Delivery,Personal Care,Mobile App
PUR_000586,CUST_02305,PROD_00538,SC-2026-001514,2026-06-22 22:48:00,2,4720.0,25,7080.0,Net Banking,Accessories,Tablet
PUR_000587,CUST_00555,PROD_00203,SC-2026-001515,2026-04-27 01:54:44,1,11910.0,15,10123.5,Debit Card,Footwear,Mobile App
PUR_000588,CUST_01500,PROD_00028,SC-2026-001516,2026-07-29 04:22:44,1,12200.0,0,12200.0,Cash on Delivery,Electronics,Tablet
PUR_000589,CUST_02065,PROD_00052,SC-2026-001517,2026-03-19 19:01:52,1,14090.0,25,10567.5,Credit Card,Mobiles,Tablet
PUR_000590,CUST_02065,PROD_00520,SC-2026-001517,2026-03-19 19:01:52,1,1150.0,5,1092.5,Credit Card,Accessories,Tablet
PUR_000591,CUST_01722,PROD_00484,SC-2026-001518,2026-06-19 20:10:55,1,21190.0,30,14833.0,Net Banking,Gaming,Desktop
PUR_000592,CUST_01946,PROD_00193,SC-2026-001519,2026-05-13 07:44:58,1,12740.0,30,8918.0,Credit Card,Footwear,Mobile App
PUR_000593,CUST_01946,PROD_00400,SC-2026-001519,2026-05-13 07:44:58,1,7820.0,15,6647.0,Credit Card,Sports,Mobile App
PUR_000594,CUST_01946,PROD_00208,SC-2026-001520,2026-05-13 07:45:38,1,7560.0,10,6804.0,Wallet,Footwear,Mobile App
PUR_000595,CUST_01141,PROD_00140,SC-2026-001521,2026-07-26 17:51:24,1,2570.0,5,2441.5,Net Banking,Fashion,Mobile App
PUR_000596,CUST_02941,PROD_00405,SC-2026-001522,2026-05-09 23:17:28,1,430.0,5,408.5,UPI,Sports,Mobile Web
PUR_000597,CUST_01420,PROD_00173,SC-2026-001523,2026-04-08 18:39:45,1,10300.0,35,6695.0,Credit Card,Footwear,Tablet
PUR_000598,CUST_01420,PROD_00163,SC-2026-001523,2026-04-08 18:39:45,1,3530.0,20,2824.0,Credit Card,Fashion,Tablet
PUR_000599,CUST_00145,PROD_00617,SC-2026-001524,2026-06-08 02:19:45,1,2500.0,40,1500.0,Net Banking,Personal Care,Tablet
PUR_000600,CUST_00145,PROD_00624,SC-2026-001525,2026-06-08 02:22:38,1,3030.0,5,2878.5,Credit Card,Personal Care,Tablet
PUR_000601,CUST_00734,PROD_00565,SC-2026-001526,2026-04-15 04:20:22,2,580.0,5,1102.0,UPI,Grocery,Tablet
PUR_000602,CUST_00734,PROD_00558,SC-2026-001527,2026-04-15 04:22:35,1,280.0,10,252.0,UPI,Grocery,Tablet
PUR_000603,CUST_02178,PROD_00592,SC-2026-001528,2026-04-30 04:01:36,1,5420.0,10,4878.0,Debit Card,Personal Care,Tablet
PUR_000604,CUST_00211,PROD_00239,SC-2026-001529,2026-04-24 09:54:19,1,890.0,30,623.0,Cash on Delivery,Beauty,Mobile App
PUR_000605,CUST_02102,PROD_00033,SC-2026-001530,2026-06-30 05:18:12,1,10940.0,35,7111.0,Cash on Delivery,Electronics,Mobile App
PUR_000606,CUST_00224,PROD_00445,SC-2026-001531,2026-05-22 08:42:19,1,320.0,35,208.0,UPI,Books,Tablet
PUR_000607,CUST_01521,PROD_00009,SC-2026-001532,2026-08-13 18:13:00,1,10810.0,10,9729.0,Cash on Delivery,Electronics,Mobile Web
PUR_000608,CUST_00250,PROD_00151,SC-2026-001533,2026-06-29 15:38:38,1,2880.0,30,2016.0,UPI,Fashion,Desktop
PUR_000609,CUST_01817,PROD_00265,SC-2026-001534,2026-05-16 01:14:14,2,6240.0,20,9984.0,UPI,Home,Desktop
PUR_000610,CUST_02968,PROD_00461,SC-2026-001535,2026-05-05 16:46:04,1,1800.0,5,1710.0,Net Banking,Books,Mobile Web
PUR_000611,CUST_00340,PROD_00336,SC-2026-001536,2026-04-13 10:37:55,1,10680.0,15,9078.0,Net Banking,Kitchen,Mobile Web
PUR_000612,CUST_02372,PROD_00280,SC-2026-001537,2026-03-16 04:49:33,1,5740.0,40,3444.0,Cash on Delivery,Home,Mobile App
PUR_000613,CUST_02372,PROD_00266,SC-2026-001538,2026-03-16 04:52:18,1,9550.0,40,5730.0,Wallet,Home,Mobile App
PUR_000614,CUST_02632,PROD_00158,SC-2026-001539,2026-06-08 20:03:59,1,2480.0,10,2232.0,Cash on Delivery,Fashion,Mobile Web
PUR_000615,CUST_02226,PROD_00281,SC-2026-001540,2026-06-03 04:54:39,1,4240.0,5,4028.0,Net Banking,Home,Mobile App
PUR_000616,CUST_02567,PROD_00210,SC-2026-001541,2026-05-12 07:44:06,1,7390.0,30,5173.0,Debit Card,Footwear,Mobile App
PUR_000617,CUST_02567,PROD_00400,SC-2026-001541,2026-05-12 07:44:06,1,7820.0,15,6647.0,Debit Card,Sports,Mobile App
PUR_000618,CUST_01508,PROD_00513,SC-2026-001542,2026-05-27 18:30:22,1,5380.0,15,4573.0,UPI,Accessories,Desktop
PUR_000619,CUST_01508,PROD_00509,SC-2026-001543,2026-05-27 18:31:32,1,6180.0,25,4635.0,Credit Card,Accessories,Desktop
PUR_000620,CUST_02754,PROD_00225,SC-2026-001544,2026-08-06 12:08:25,1,1050.0,30,735.0,Cash on Delivery,Beauty,Mobile App
PUR_000621,CUST_01525,PROD_00228,SC-2026-001545,2026-05-16 16:31:05,1,950.0,30,665.0,UPI,Beauty,Tablet
PUR_000622,CUST_00097,PROD_00338,SC-2026-001546,2026-07-18 10:40:11,1,33760.0,15,28696.0,Credit Card,Furniture,Mobile Web
PUR_000623,CUST_00097,PROD_00365,SC-2026-001547,2026-07-18 10:45:02,1,13330.0,20,10664.0,Debit Card,Furniture,Mobile Web
PUR_000624,CUST_02686,PROD_00194,SC-2026-001548,2026-06-06 14:36:07,1,12910.0,30,9037.0,Credit Card,Footwear,Mobile Web
PUR_000625,CUST_02686,PROD_00176,SC-2026-001549,2026-06-06 14:38:09,2,7880.0,40,9456.0,Cash on Delivery,Footwear,Mobile Web
PUR_000626,CUST_02686,PROD_00380,SC-2026-001549,2026-06-06 14:38:09,1,5530.0,10,4977.0,Cash on Delivery,Sports,Mobile Web
PUR_000627,CUST_00680,PROD_00553,SC-2026-001550,2026-04-22 20:21:54,1,160.0,35,104.0,Wallet,Grocery,Mobile Web
PUR_000628,CUST_02136,PROD_00030,SC-2026-001551,2026-04-22 09:01:58,1,6780.0,20,5424.0,Net Banking,Electronics,Tablet
PUR_000629,CUST_02024,PROD_00443,SC-2026-001552,2026-04-21 14:30:18,1,640.0,0,640.0,Net Banking,Books,Mobile Web
PUR_000630,CUST_02153,PROD_00432,SC-2026-001553,2026-04-03 19:02:46,1,1200.0,25,900.0,Credit Card,Books,Mobile Web
PUR_000631,CUST_02153,PROD_00431,SC-2026-001554,2026-04-03 19:05:43,1,2810.0,30,1967.0,Debit Card,Books,Mobile Web
PUR_000632,CUST_02447,PROD_00308,SC-2026-001555,2026-08-01 05:23:44,1,11040.0,5,10488.0,Net Banking,Kitchen,Mobile App
PUR_000633,CUST_02329,PROD_00201,SC-2026-001556,2026-03-21 01:01:21,1,3910.0,15,3323.5,Cash on Delivery,Footwear,Desktop
PUR_000634,CUST_02329,PROD_00417,SC-2026-001556,2026-03-21 01:01:21,1,6160.0,25,4620.0,Cash on Delivery,Sports,Desktop
PUR_000635,CUST_02329,PROD_00190,SC-2026-001557,2026-03-21 01:04:49,1,9600.0,35,6240.0,Debit Card,Footwear,Desktop
PUR_000636,CUST_02329,PROD_00139,SC-2026-001557,2026-03-21 01:04:49,1,1940.0,35,1261.0,Debit Card,Fashion,Desktop
PUR_000637,CUST_02322,PROD_00508,SC-2026-001558,2026-05-20 09:06:34,1,4500.0,10,4050.0,Debit Card,Accessories,Mobile App
PUR_000638,CUST_02322,PROD_00511,SC-2026-001559,2026-05-20 09:09:46,1,2490.0,5,2365.5,Net Banking,Accessories,Mobile App
PUR_000639,CUST_01843,PROD_00135,SC-2026-001560,2026-08-06 09:35:58,1,5000.0,50,2500.0,Debit Card,Fashion,Desktop
PUR_000640,CUST_02757,PROD_00306,SC-2026-001561,2026-05-27 05:14:31,1,1640.0,0,1640.0,Debit Card,Kitchen,Mobile App
PUR_000641,CUST_02276,PROD_00058,SC-2026-001562,2026-07-19 19:09:18,1,39600.0,40,23760.0,Cash on Delivery,Mobiles,Tablet
PUR_000642,CUST_02276,PROD_00546,SC-2026-001562,2026-07-19 19:09:18,1,920.0,50,460.0,Cash on Delivery,Accessories,Tablet
PUR_000643,CUST_02262,PROD_00185,SC-2026-001563,2026-09-07 15:18:30,1,12450.0,20,9960.0,Wallet,Footwear,Mobile App
PUR_000644,CUST_02262,PROD_00419,SC-2026-001563,2026-09-07 15:18:30,1,2230.0,40,1338.0,Wallet,Sports,Mobile App
PUR_000645,CUST_00177,PROD_00484,SC-2026-001564,2026-06-05 19:00:49,1,21190.0,30,14833.0,Credit Card,Gaming,Mobile Web
PUR_000646,CUST_01930,PROD_00005,SC-2026-001565,2026-07-04 14:18:44,1,44350.0,15,37697.5,Debit Card,Electronics,Tablet
PUR_000647,CUST_02782,PROD_00202,SC-2026-001566,2026-04-14 08:41:24,1,8260.0,0,8260.0,Wallet,Footwear,Desktop
PUR_000648,CUST_02782,PROD_00382,SC-2026-001566,2026-04-14 08:41:24,1,11490.0,30,8043.0,Wallet,Sports,Desktop
PUR_000649,CUST_02782,PROD_00194,SC-2026-001567,2026-04-14 08:43:13,1,12910.0,30,9037.0,Credit Card,Footwear,Desktop
PUR_000650,CUST_02782,PROD_00402,SC-2026-001567,2026-04-14 08:43:13,1,4320.0,40,2592.0,Credit Card,Sports,Desktop
PUR_000651,CUST_01373,PROD_00334,SC-2026-001568,2026-07-16 03:34:33,1,2400.0,0,2400.0,Credit Card,Kitchen,Mobile App
PUR_000652,CUST_00864,PROD_00106,SC-2026-001569,2026-05-17 10:30:14,1,84240.0,15,71604.0,Credit Card,Laptops,Desktop
PUR_000653,CUST_00864,PROD_00473,SC-2026-001569,2026-05-17 10:30:14,1,29450.0,20,23560.0,Credit Card,Gaming,Desktop
PUR_000654,CUST_01203,PROD_00216,SC-2026-001570,2026-06-05 19:51:38,1,1930.0,40,1158.0,Debit Card,Beauty,Tablet
PUR_000655,CUST_01813,PROD_00374,SC-2026-001571,2026-05-17 02:23:11,1,3620.0,5,3439.0,Net Banking,Furniture,Mobile Web
PUR_000656,CUST_01557,PROD_00111,SC-2026-001572,2026-05-14 09:06:27,1,99200.0,30,69440.0,Debit Card,Laptops,Tablet
PUR_000657,CUST_01557,PROD_00113,SC-2026-001573,2026-05-14 09:10:14,1,47190.0,25,35392.5,Net Banking,Laptops,Tablet
PUR_000658,CUST_00836,PROD_00596,SC-2026-001574,2026-08-16 18:15:31,1,2610.0,35,1696.5,Wallet,Personal Care,Mobile Web
PUR_000659,CUST_02208,PROD_00240,SC-2026-001575,2026-05-08 18:17:37,1,2360.0,10,2124.0,Debit Card,Beauty,Mobile Web
PUR_000660,CUST_01320,PROD_00463,SC-2026-001576,2026-04-08 01:28:17,1,6150.0,20,4920.0,Wallet,Gaming,Tablet
PUR_000661,CUST_00336,PROD_00604,SC-2026-001577,2026-05-04 21:06:45,1,3350.0,25,2512.5,Cash on Delivery,Personal Care,Desktop
PUR_000662,CUST_02735,PROD_00179,SC-2026-001578,2026-04-20 22:37:54,2,2890.0,35,3757.0,Cash on Delivery,Footwear,Mobile App
PUR_000663,CUST_02735,PROD_00142,SC-2026-001578,2026-04-20 22:37:54,1,2050.0,50,1025.0,Cash on Delivery,Fashion,Mobile App
PUR_000664,CUST_01879,PROD_00297,SC-2026-001579,2026-08-11 21:41:47,1,13330.0,35,8664.5,Debit Card,Kitchen,Tablet
PUR_000665,CUST_00041,PROD_00430,SC-2026-001580,2026-06-05 09:24:31,1,380.0,35,247.0,Cash on Delivery,Books,Mobile Web
PUR_000666,CUST_00161,PROD_00018,SC-2026-001581,2026-06-01 18:43:35,1,19210.0,0,19210.0,Credit Card,Electronics,Tablet
PUR_000667,CUST_00689,PROD_00193,SC-2026-001582,2026-03-21 13:36:26,1,12740.0,30,8918.0,Wallet,Footwear,Tablet
PUR_000668,CUST_00689,PROD_00149,SC-2026-001582,2026-03-21 13:36:26,1,2490.0,50,1245.0,Wallet,Fashion,Tablet
PUR_000669,CUST_00689,PROD_00183,SC-2026-001583,2026-03-21 13:38:13,2,5040.0,20,8064.0,UPI,Footwear,Tablet
PUR_000670,CUST_00689,PROD_00419,SC-2026-001583,2026-03-21 13:38:13,1,2230.0,40,1338.0,UPI,Sports,Tablet
PUR_000671,CUST_00946,PROD_00389,SC-2026-001584,2026-05-09 09:50:39,1,15510.0,20,12408.0,Net Banking,Sports,Mobile Web
PUR_000672,CUST_02795,PROD_00082,SC-2026-001585,2026-08-10 08:14:49,1,107970.0,25,80977.5,Cash on Delivery,Mobiles,Desktop
PUR_000673,CUST_00716,PROD_00177,SC-2026-001586,2026-04-04 21:31:31,1,8870.0,35,5765.5,Debit Card,Footwear,Tablet
PUR_000674,CUST_00716,PROD_00155,SC-2026-001586,2026-04-04 21:31:31,1,5130.0,10,4617.0,Debit Card,Fashion,Tablet
PUR_000675,CUST_00263,PROD_00339,SC-2026-001587,2026-05-06 08:27:16,1,3100.0,5,2945.0,UPI,Furniture,Mobile App
PUR_000676,CUST_00516,PROD_00480,SC-2026-001588,2026-04-10 13:34:56,1,17680.0,40,10608.0,UPI,Gaming,Tablet
PUR_000677,CUST_00001,PROD_00285,SC-2026-001589,2026-07-17 12:52:15,1,9940.0,40,5964.0,Credit Card,Home,Mobile App
PUR_000678,CUST_00829,PROD_00054,SC-2026-001590,2026-07-17 11:00:44,1,120760.0,5,114722.0,Wallet,Mobiles,Mobile App
PUR_000679,CUST_00829,PROD_00544,SC-2026-001590,2026-07-17 11:00:44,1,4240.0,15,3604.0,Wallet,Accessories,Mobile App
PUR_000680,CUST_01999,PROD_00227,SC-2026-001591,2026-04-01 08:41:25,2,1180.0,20,1888.0,Credit Card,Beauty,Mobile App
PUR_000681,CUST_02815,PROD_00623,SC-2026-001592,2026-08-05 02:49:02,1,2770.0,0,2770.0,Net Banking,Personal Care,Tablet
PUR_000682,CUST_02786,PROD_00286,SC-2026-001593,2026-09-07 16:09:41,1,4130.0,10,3717.0,UPI,Home,Mobile Web
PUR_000683,CUST_02499,PROD_00207,SC-2026-001594,2026-07-01 10:09:51,1,12320.0,25,9240.0,Wallet,Footwear,Mobile App
PUR_000684,CUST_02499,PROD_00402,SC-2026-001594,2026-07-01 10:09:51,1,4320.0,40,2592.0,Wallet,Sports,Mobile App
PUR_000685,CUST_01864,PROD_00441,SC-2026-001595,2026-08-20 23:15:22,1,400.0,35,260.0,UPI,Books,Mobile App
PUR_000686,CUST_01729,PROD_00278,SC-2026-001596,2026-06-13 18:58:35,1,2390.0,20,1912.0,Cash on Delivery,Home,Desktop
PUR_000687,CUST_00587,PROD_00424,SC-2026-001597,2026-04-06 01:35:31,1,660.0,15,561.0,Debit Card,Books,Tablet
PUR_000688,CUST_01384,PROD_00181,SC-2026-001598,2026-06-03 07:43:41,1,12540.0,20,10032.0,UPI,Footwear,Desktop
PUR_000689,CUST_01384,PROD_00128,SC-2026-001598,2026-06-03 07:43:41,1,6120.0,5,5814.0,UPI,Fashion,Desktop
PUR_000690,CUST_02820,PROD_00323,SC-2026-001599,2026-05-07 13:10:51,1,14960.0,20,11968.0,Debit Card,Kitchen,Mobile App
PUR_000691,CUST_02722,PROD_00592,SC-2026-001600,2026-06-25 20:20:09,1,5420.0,10,4878.0,UPI,Personal Care,Desktop
PUR_000692,CUST_02762,PROD_00299,SC-2026-001601,2026-04-08 05:58:39,1,13520.0,5,12844.0,Wallet,Kitchen,Mobile Web
PUR_000693,CUST_01902,PROD_00095,SC-2026-001602,2026-08-12 01:41:10,1,129480.0,20,103584.0,Net Banking,Laptops,Desktop
PUR_000694,CUST_01902,PROD_00101,SC-2026-001603,2026-08-12 01:42:01,1,99220.0,40,59532.0,Cash on Delivery,Laptops,Desktop
PUR_000695,CUST_01902,PROD_00486,SC-2026-001603,2026-08-12 01:42:01,1,42910.0,50,21455.0,Cash on Delivery,Gaming,Desktop
PUR_000696,CUST_02906,PROD_00514,SC-2026-001604,2026-05-05 02:38:54,1,1070.0,50,535.0,Debit Card,Accessories,Desktop
PUR_000697,CUST_02116,PROD_00547,SC-2026-001605,2026-06-25 11:02:41,1,1560.0,50,780.0,Debit Card,Grocery,Tablet
PUR_000698,CUST_02116,PROD_00556,SC-2026-001606,2026-06-25 11:04:57,1,1480.0,50,740.0,UPI,Grocery,Tablet
PUR_000699,CUST_02654,PROD_00474,SC-2026-001607,2026-04-23 17:48:44,1,36660.0,25,27495.0,UPI,Gaming,Desktop
PUR_000700,CUST_02475,PROD_00447,SC-2026-001608,2026-09-03 01:54:56,2,2410.0,25,3615.0,Debit Card,Books,Mobile Web
PUR_000701,CUST_01608,PROD_00158,SC-2026-001609,2026-07-08 16:19:12,1,2480.0,10,2232.0,Debit Card,Fashion,Mobile Web
PUR_000702,CUST_01695,PROD_00448,SC-2026-001610,2026-08-18 00:43:04,1,1420.0,20,1136.0,Wallet,Books,Tablet
PUR_000703,CUST_02010,PROD_00159,SC-2026-001611,2026-03-31 06:08:01,2,4560.0,50,4560.0,Wallet,Fashion,Mobile Web
PUR_000704,CUST_00544,PROD_00099,SC-2026-001612,2026-06-01 10:38:37,1,64710.0,0,64710.0,UPI,Laptops,Tablet
PUR_000705,CUST_00544,PROD_00537,SC-2026-001612,2026-06-01 10:38:37,1,3690.0,20,2952.0,UPI,Accessories,Tablet
PUR_000706,CUST_02627,PROD_00423,SC-2026-001613,2026-04-28 12:38:12,2,2990.0,40,3588.0,Net Banking,Books,Tablet
PUR_000707,CUST_01229,PROD_00220,SC-2026-001614,2026-08-25 21:25:02,1,1090.0,35,708.5,Cash on Delivery,Beauty,Tablet
PUR_000708,CUST_02739,PROD_00062,SC-2026-001615,2026-07-24 13:06:47,1,88940.0,20,71152.0,Debit Card,Mobiles,Mobile App
PUR_000709,CUST_02739,PROD_00514,SC-2026-001615,2026-07-24 13:06:47,1,1070.0,50,535.0,Debit Card,Accessories,Mobile App
PUR_000710,CUST_02739,PROD_00056,SC-2026-001616,2026-07-24 13:08:36,1,101160.0,50,50580.0,Net Banking,Mobiles,Mobile App
PUR_000711,CUST_02739,PROD_00021,SC-2026-001616,2026-07-24 13:08:36,1,35540.0,35,23101.0,Net Banking,Electronics,Mobile App
PUR_000712,CUST_01326,PROD_00256,SC-2026-001617,2026-04-06 20:21:44,1,7630.0,10,6867.0,Cash on Delivery,Home,Mobile App
PUR_000713,CUST_01364,PROD_00323,SC-2026-001618,2026-03-14 01:18:31,1,14960.0,20,11968.0,Wallet,Kitchen,Mobile App
PUR_000714,CUST_00275,PROD_00152,SC-2026-001619,2026-07-27 15:25:09,1,2880.0,25,2160.0,Net Banking,Fashion,Mobile Web
PUR_000715,CUST_00275,PROD_00156,SC-2026-001620,2026-07-27 15:26:01,1,3540.0,40,2124.0,Credit Card,Fashion,Mobile Web
PUR_000716,CUST_00837,PROD_00602,SC-2026-001621,2026-06-14 05:31:49,1,300.0,20,240.0,Wallet,Personal Care,Mobile App
PUR_000717,CUST_02737,PROD_00376,SC-2026-001622,2026-06-18 16:41:56,1,8050.0,30,5635.0,Net Banking,Furniture,Mobile App
PUR_000718,CUST_02538,PROD_00093,SC-2026-001623,2026-08-30 04:35:46,1,137790.0,0,137790.0,Wallet,Laptops,Desktop
PUR_000719,CUST_02538,PROD_00523,SC-2026-001623,2026-08-30 04:35:46,1,3400.0,40,2040.0,Wallet,Accessories,Desktop
PUR_000720,CUST_02945,PROD_00137,SC-2026-001624,2026-08-14 14:03:25,1,3770.0,30,2639.0,Cash on Delivery,Fashion,Tablet
PUR_000721,CUST_01448,PROD_00099,SC-2026-001625,2026-06-21 15:06:41,1,64710.0,0,64710.0,Cash on Delivery,Laptops,Mobile Web
PUR_000722,CUST_01336,PROD_00272,SC-2026-001626,2026-06-30 07:59:23,2,3200.0,20,5120.0,UPI,Home,Desktop
PUR_000723,CUST_01372,PROD_00256,SC-2026-001627,2026-06-21 20:55:39,1,7630.0,10,6867.0,Cash on Delivery,Home,Mobile App
PUR_000724,CUST_01372,PROD_00272,SC-2026-001628,2026-06-21 20:57:01,1,3200.0,20,2560.0,Debit Card,Home,Mobile App
PUR_000725,CUST_01741,PROD_00445,SC-2026-001629,2026-05-18 06:46:57,2,320.0,35,416.0,UPI,Books,Tablet
PUR_000726,CUST_02703,PROD_00554,SC-2026-001630,2026-04-26 02:27:46,2,1730.0,25,2595.0,Net Banking,Grocery,Mobile App
PUR_000727,CUST_02557,PROD_00472,SC-2026-001631,2026-04-14 03:50:57,1,12440.0,40,7464.0,UPI,Gaming,Tablet
PUR_000728,CUST_00290,PROD_00123,SC-2026-001632,2026-06-12 23:27:58,1,54980.0,50,27490.0,Credit Card,Laptops,Mobile Web
PUR_000729,CUST_00290,PROD_00532,SC-2026-001632,2026-06-12 23:27:58,1,4160.0,0,4160.0,Credit Card,Accessories,Mobile Web
PUR_000730,CUST_01969,PROD_00563,SC-2026-001633,2026-06-27 02:19:55,2,160.0,5,304.0,Wallet,Grocery,Mobile Web
PUR_000731,CUST_02459,PROD_00264,SC-2026-001634,2026-05-01 16:05:02,1,7730.0,5,7343.5,UPI,Home,Desktop
PUR_000732,CUST_02135,PROD_00277,SC-2026-001635,2026-07-01 00:50:41,1,2350.0,50,1175.0,Debit Card,Home,Tablet
PUR_000733,CUST_00854,PROD_00477,SC-2026-001636,2026-04-09 07:16:22,2,4350.0,20,6960.0,Cash on Delivery,Gaming,Tablet
PUR_000734,CUST_00854,PROD_00504,SC-2026-001637,2026-04-09 07:20:06,1,14740.0,5,14003.0,Debit Card,Gaming,Tablet
PUR_000735,CUST_00771,PROD_00613,SC-2026-001638,2026-08-16 16:12:55,1,2950.0,50,1475.0,Wallet,Personal Care,Tablet
PUR_000736,CUST_01736,PROD_00007,SC-2026-001639,2026-06-22 10:52:04,1,15400.0,0,15400.0,UPI,Electronics,Desktop
PUR_000737,CUST_01736,PROD_00024,SC-2026-001640,2026-06-22 10:55:32,1,25960.0,25,19470.0,Wallet,Electronics,Desktop
PUR_000738,CUST_01971,PROD_00533,SC-2026-001641,2026-04-08 15:35:14,1,5200.0,20,4160.0,Credit Card,Accessories,Tablet
PUR_000739,CUST_01729,PROD_00257,SC-2026-001642,2026-06-05 04:12:59,1,7330.0,10,6597.0,UPI,Home,Tablet
PUR_000740,CUST_00158,PROD_00037,SC-2026-001643,2026-03-16 17:39:24,1,30260.0,5,28747.0,Wallet,Electronics,Tablet
PUR_000741,CUST_00158,PROD_00025,SC-2026-001644,2026-03-16 17:41:00,1,41890.0,5,39795.5,Debit Card,Electronics,Tablet
PUR_000742,CUST_01914,PROD_00183,SC-2026-001645,2026-05-21 05:24:48,2,5040.0,20,8064.0,Wallet,Footwear,Desktop
PUR_000743,CUST_01914,PROD_00411,SC-2026-001645,2026-05-21 05:24:48,1,9090.0,40,5454.0,Wallet,Sports,Desktop
PUR_000744,CUST_00136,PROD_00090,SC-2026-001646,2026-06-05 22:38:40,1,40400.0,30,28280.0,Net Banking,Laptops,Mobile App
PUR_000745,CUST_00136,PROD_00508,SC-2026-001646,2026-06-05 22:38:40,1,4500.0,10,4050.0,Net Banking,Accessories,Mobile App
PUR_000746,CUST_02772,PROD_00206,SC-2026-001647,2026-04-11 21:57:10,1,7640.0,50,3820.0,UPI,Footwear,Desktop
PUR_000747,CUST_01584,PROD_00432,SC-2026-001648,2026-07-20 23:27:32,2,1200.0,25,1800.0,UPI,Books,Mobile App
PUR_000748,CUST_00285,PROD_00319,SC-2026-001649,2026-08-16 20:25:26,1,9320.0,20,7456.0,UPI,Kitchen,Tablet
PUR_000749,CUST_00285,PROD_00326,SC-2026-001650,2026-08-16 20:25:59,1,13130.0,30,9191.0,Credit Card,Kitchen,Tablet
PUR_000750,CUST_02761,PROD_00076,SC-2026-001651,2026-05-21 08:59:35,1,20240.0,10,18216.0,Debit Card,Mobiles,Tablet
PUR_000751,CUST_02761,PROD_00008,SC-2026-001651,2026-05-21 08:59:35,1,23070.0,35,14995.5,Debit Card,Electronics,Tablet
PUR_000752,CUST_02761,PROD_00066,SC-2026-001652,2026-05-21 09:01:36,1,62920.0,35,40898.0,Debit Card,Mobiles,Tablet
PUR_000753,CUST_02722,PROD_00624,SC-2026-001653,2026-04-23 07:37:30,1,3030.0,5,2878.5,Wallet,Personal Care,Tablet
PUR_000754,CUST_01544,PROD_00008,SC-2026-001654,2026-04-13 12:31:54,1,23070.0,35,14995.5,Credit Card,Electronics,Desktop
PUR_000755,CUST_02311,PROD_00183,SC-2026-001655,2026-06-30 11:29:27,1,5040.0,20,4032.0,Debit Card,Footwear,Mobile Web
PUR_000756,CUST_02311,PROD_00409,SC-2026-001655,2026-06-30 11:29:27,1,3480.0,0,3480.0,Debit Card,Sports,Mobile Web
PUR_000757,CUST_00196,PROD_00584,SC-2026-001656,2026-05-21 16:13:50,1,360.0,10,324.0,Net Banking,Grocery,Mobile App
PUR_000758,CUST_01453,PROD_00388,SC-2026-001657,2026-07-12 10:43:25,1,1020.0,15,867.0,Credit Card,Sports,Tablet
PUR_000759,CUST_01911,PROD_00389,SC-2026-001658,2026-05-03 01:02:26,1,15510.0,20,12408.0,Debit Card,Sports,Desktop
PUR_000760,CUST_02288,PROD_00444,SC-2026-001659,2026-08-30 04:03:30,1,810.0,5,769.5,Net Banking,Books,Tablet
PUR_000761,CUST_01362,PROD_00493,SC-2026-001660,2026-09-05 21:12:06,1,31540.0,10,28386.0,Cash on Delivery,Gaming,Desktop
PUR_000762,CUST_00510,PROD_00109,SC-2026-001661,2026-04-10 06:59:02,1,47810.0,50,23905.0,Cash on Delivery,Laptops,Desktop
PUR_000763,CUST_00510,PROD_00475,SC-2026-001661,2026-04-10 06:59:02,1,27170.0,50,13585.0,Cash on Delivery,Gaming,Desktop
PUR_000764,CUST_02116,PROD_00574,SC-2026-001662,2026-03-15 04:49:34,2,950.0,15,1615.0,Credit Card,Grocery,Mobile App
PUR_000765,CUST_02116,PROD_00579,SC-2026-001663,2026-03-15 04:50:15,1,1620.0,5,1539.0,Cash on Delivery,Grocery,Mobile App
PUR_000766,CUST_00127,PROD_00254,SC-2026-001664,2026-07-05 12:35:10,1,4980.0,10,4482.0,Cash on Delivery,Home,Mobile App
PUR_000767,CUST_00226,PROD_00461,SC-2026-001665,2026-04-17 23:26:20,1,1800.0,5,1710.0,Debit Card,Books,Desktop
PUR_000768,CUST_02136,PROD_00004,SC-2026-001666,2026-07-13 01:06:09,1,43820.0,30,30674.0,Cash on Delivery,Electronics,Tablet
PUR_000769,CUST_01456,PROD_00495,SC-2026-001667,2026-07-19 04:03:52,1,33830.0,35,21989.5,Wallet,Gaming,Mobile App
PUR_000770,CUST_01456,PROD_00498,SC-2026-001668,2026-07-19 04:05:35,1,34000.0,50,17000.0,Wallet,Gaming,Mobile App
PUR_000771,CUST_00771,PROD_00606,SC-2026-001669,2026-08-13 08:36:16,1,1290.0,40,774.0,Net Banking,Personal Care,Mobile App
PUR_000772,CUST_01910,PROD_00164,SC-2026-001670,2026-08-10 18:50:32,2,1730.0,10,3114.0,Wallet,Fashion,Tablet
PUR_000773,CUST_01910,PROD_00154,SC-2026-001671,2026-08-10 18:53:27,2,3390.0,5,6441.0,UPI,Fashion,Tablet
PUR_000774,CUST_02008,PROD_00376,SC-2026-001672,2026-06-30 01:08:00,1,8050.0,30,5635.0,Debit Card,Furniture,Tablet
PUR_000775,CUST_00754,PROD_00574,SC-2026-001673,2026-04-16 13:07:29,1,950.0,15,807.5,Credit Card,Grocery,Tablet
PUR_000776,CUST_02631,PROD_00039,SC-2026-001674,2026-06-15 08:06:17,1,20030.0,50,10015.0,Cash on Delivery,Electronics,Mobile Web
PUR_000777,CUST_02631,PROD_00035,SC-2026-001675,2026-06-15 08:08:03,1,44280.0,0,44280.0,Credit Card,Electronics,Mobile Web
PUR_000778,CUST_02631,PROD_00026,SC-2026-001676,2026-06-15 08:09:38,1,39780.0,15,33813.0,Net Banking,Electronics,Mobile Web
PUR_000779,CUST_02869,PROD_00237,SC-2026-001677,2026-08-03 05:22:56,1,780.0,35,507.0,Net Banking,Beauty,Tablet
PUR_000780,CUST_00280,PROD_00439,SC-2026-001678,2026-05-19 16:59:50,1,260.0,5,247.0,UPI,Books,Tablet
PUR_000781,CUST_00709,PROD_00541,SC-2026-001679,2026-07-13 09:32:58,1,5300.0,40,3180.0,UPI,Accessories,Tablet
PUR_000782,CUST_00709,PROD_00513,SC-2026-001680,2026-07-13 09:35:54,1,5380.0,15,4573.0,Debit Card,Accessories,Tablet
PUR_000783,CUST_01610,PROD_00527,SC-2026-001681,2026-07-15 12:55:21,1,5800.0,25,4350.0,Cash on Delivery,Accessories,Desktop
PUR_000784,CUST_01610,PROD_00517,SC-2026-001682,2026-07-15 12:56:01,1,1630.0,40,978.0,UPI,Accessories,Desktop
PUR_000785,CUST_00397,PROD_00018,SC-2026-001683,2026-04-14 06:24:57,1,19210.0,0,19210.0,UPI,Electronics,Desktop
PUR_000786,CUST_00397,PROD_00005,SC-2026-001684,2026-04-14 06:25:54,1,44350.0,15,37697.5,Wallet,Electronics,Desktop
PUR_000787,CUST_01626,PROD_00084,SC-2026-001685,2026-06-30 18:50:52,1,35940.0,30,25158.0,Debit Card,Mobiles,Mobile App
PUR_000788,CUST_01626,PROD_00529,SC-2026-001685,2026-06-30 18:50:52,1,6980.0,10,6282.0,Debit Card,Accessories,Mobile App
PUR_000789,CUST_00485,PROD_00465,SC-2026-001686,2026-05-08 18:08:05,1,31500.0,25,23625.0,UPI,Gaming,Tablet
PUR_000790,CUST_00060,PROD_00522,SC-2026-001687,2026-08-19 08:40:53,1,6870.0,50,3435.0,Credit Card,Accessories,Tablet
PUR_000791,CUST_01539,PROD_00274,SC-2026-001688,2026-07-18 19:21:06,1,5490.0,15,4666.5,Credit Card,Home,Mobile App
PUR_000792,CUST_01286,PROD_00165,SC-2026-001689,2026-07-06 05:21:50,1,1900.0,25,1425.0,Debit Card,Fashion,Tablet
PUR_000793,CUST_01719,PROD_00150,SC-2026-001690,2026-03-22 14:25:24,1,4640.0,25,3480.0,Debit Card,Fashion,Mobile App
PUR_000794,CUST_01719,PROD_00157,SC-2026-001691,2026-03-22 14:29:01,1,6820.0,5,6479.0,Cash on Delivery,Fashion,Mobile App
PUR_000795,CUST_02238,PROD_00321,SC-2026-001692,2026-07-22 01:23:09,1,2070.0,5,1966.5,UPI,Kitchen,Desktop
PUR_000796,CUST_00781,PROD_00094,SC-2026-001693,2026-05-18 20:49:12,1,169760.0,15,144296.0,UPI,Laptops,Mobile App
PUR_000797,CUST_00781,PROD_00518,SC-2026-001693,2026-05-18 20:49:12,1,2380.0,35,1547.0,UPI,Accessories,Mobile App
PUR_000798,CUST_00781,PROD_00098,SC-2026-001694,2026-05-18 20:51:20,1,30190.0,40,18114.0,UPI,Laptops,Mobile App
PUR_000799,CUST_00781,PROD_00527,SC-2026-001694,2026-05-18 20:51:20,1,5800.0,25,4350.0,UPI,Accessories,Mobile App
PUR_000800,CUST_02743,PROD_00330,SC-2026-001695,2026-07-30 08:42:01,2,6790.0,30,9506.0,Wallet,Kitchen,Desktop
PUR_000801,CUST_01352,PROD_00027,SC-2026-001696,2026-03-19 13:30:11,1,7080.0,5,6726.0,UPI,Electronics,Mobile App
PUR_000802,CUST_02682,PROD_00157,SC-2026-001697,2026-03-13 09:57:29,1,6820.0,5,6479.0,Debit Card,Fashion,Desktop
PUR_000803,CUST_00045,PROD_00520,SC-2026-001698,2026-04-24 01:09:35,1,1150.0,5,1092.5,Cash on Delivery,Accessories,Mobile App
PUR_000804,CUST_02493,PROD_00396,SC-2026-001699,2026-08-19 21:18:21,1,11680.0,25,8760.0,Wallet,Sports,Mobile Web
PUR_000805,CUST_01706,PROD_00049,SC-2026-001700,2026-09-04 08:59:30,1,39930.0,35,25954.5,Net Banking,Mobiles,Desktop
PUR_000806,CUST_01706,PROD_00532,SC-2026-001700,2026-09-04 08:59:30,1,4160.0,0,4160.0,Net Banking,Accessories,Desktop
PUR_000807,CUST_00014,PROD_00499,SC-2026-001701,2026-06-03 15:25:33,1,49470.0,5,46996.5,Cash on Delivery,Gaming,Desktop
PUR_000808,CUST_02072,PROD_00167,SC-2026-001702,2026-03-14 06:19:10,1,5470.0,20,4376.0,Credit Card,Fashion,Tablet
PUR_000809,CUST_02096,PROD_00215,SC-2026-001703,2026-08-07 11:21:24,1,1620.0,15,1377.0,Wallet,Beauty,Mobile Web
PUR_000810,CUST_00437,PROD_00114,SC-2026-001704,2026-07-06 09:22:32,1,61400.0,35,39910.0,Cash on Delivery,Laptops,Desktop
PUR_000811,CUST_01594,PROD_00008,SC-2026-001705,2026-03-21 09:27:20,1,23070.0,35,14995.5,Debit Card,Electronics,Desktop
PUR_000812,CUST_02440,PROD_00455,SC-2026-001706,2026-07-15 03:45:21,1,2540.0,5,2413.0,Cash on Delivery,Books,Desktop
PUR_000813,CUST_00959,PROD_00490,SC-2026-001707,2026-05-22 06:27:00,1,51640.0,40,30984.0,Debit Card,Gaming,Mobile App
PUR_000814,CUST_02131,PROD_00108,SC-2026-001708,2026-05-09 01:01:19,1,32890.0,35,21378.5,Cash on Delivery,Laptops,Desktop
PUR_000815,CUST_02131,PROD_00523,SC-2026-001708,2026-05-09 01:01:19,1,3400.0,40,2040.0,Cash on Delivery,Accessories,Desktop
PUR_000816,CUST_00575,PROD_00449,SC-2026-001709,2026-03-13 11:07:43,2,2530.0,40,3036.0,Credit Card,Books,Tablet
PUR_000817,CUST_02101,PROD_00184,SC-2026-001710,2026-08-01 14:54:14,1,9030.0,10,8127.0,Net Banking,Footwear,Mobile App
PUR_000818,CUST_02101,PROD_00152,SC-2026-001710,2026-08-01 14:54:14,1,2880.0,25,2160.0,Net Banking,Fashion,Mobile App
PUR_000819,CUST_02048,PROD_00001,SC-2026-001711,2026-07-07 00:52:12,1,5690.0,40,3414.0,Credit Card,Electronics,Mobile Web
PUR_000820,CUST_02014,PROD_00463,SC-2026-001712,2026-03-16 07:08:58,1,6150.0,20,4920.0,Credit Card,Gaming,Mobile Web
PUR_000821,CUST_02826,PROD_00169,SC-2026-001713,2026-07-21 02:44:16,2,8270.0,40,9924.0,UPI,Footwear,Mobile App
PUR_000822,CUST_02826,PROD_00129,SC-2026-001713,2026-07-21 02:44:16,1,1480.0,0,1480.0,UPI,Fashion,Mobile App
PUR_000823,CUST_02826,PROD_00208,SC-2026-001714,2026-07-21 02:45:20,1,7560.0,10,6804.0,Wallet,Footwear,Mobile App
PUR_000824,CUST_02826,PROD_00399,SC-2026-001714,2026-07-21 02:45:20,1,1030.0,40,618.0,Wallet,Sports,Mobile App
PUR_000825,CUST_00008,PROD_00607,SC-2026-001715,2026-08-13 05:49:30,1,5550.0,35,3607.5,Wallet,Personal Care,Tablet
PUR_000826,CUST_00496,PROD_00145,SC-2026-001716,2026-04-12 20:48:52,1,4680.0,35,3042.0,Debit Card,Fashion,Mobile Web
PUR_000827,CUST_00781,PROD_00125,SC-2026-001717,2026-06-05 13:42:11,1,58440.0,25,43830.0,Cash on Delivery,Laptops,Tablet
PUR_000828,CUST_02245,PROD_00245,SC-2026-001718,2026-05-19 14:37:18,1,2860.0,30,2002.0,Net Banking,Beauty,Tablet
PUR_000829,CUST_00762,PROD_00031,SC-2026-001719,2026-08-22 08:56:26,1,25720.0,30,18004.0,Cash on Delivery,Electronics,Tablet
PUR_000830,CUST_00762,PROD_00038,SC-2026-001720,2026-08-22 08:59:27,1,9600.0,30,6720.0,Wallet,Electronics,Tablet
PUR_000831,CUST_01491,PROD_00268,SC-2026-001721,2026-05-30 07:48:36,1,8650.0,10,7785.0,Net Banking,Home,Tablet
PUR_000832,CUST_01491,PROD_00277,SC-2026-001722,2026-05-30 07:51:03,2,2350.0,50,2350.0,Cash on Delivery,Home,Tablet
PUR_000833,CUST_02461,PROD_00039,SC-2026-001723,2026-06-19 15:43:19,1,20030.0,50,10015.0,UPI,Electronics,Mobile Web
PUR_000834,CUST_02743,PROD_00320,SC-2026-001724,2026-06-15 15:39:39,1,10320.0,50,5160.0,Cash on Delivery,Kitchen,Mobile App
PUR_000835,CUST_02743,PROD_00306,SC-2026-001725,2026-06-15 15:42:45,1,1640.0,0,1640.0,Net Banking,Kitchen,Mobile App
PUR_000836,CUST_01289,PROD_00263,SC-2026-001726,2026-03-16 22:43:54,1,5550.0,50,2775.0,Debit Card,Home,Tablet
PUR_000837,CUST_00829,PROD_00083,SC-2026-001727,2026-04-08 22:07:00,1,65290.0,10,58761.0,Cash on Delivery,Mobiles,Mobile App
PUR_000838,CUST_00829,PROD_00534,SC-2026-001727,2026-04-08 22:07:00,1,3910.0,50,1955.0,Cash on Delivery,Accessories,Mobile App
PUR_000839,CUST_02294,PROD_00297,SC-2026-001728,2026-04-18 21:06:29,1,13330.0,35,8664.5,Net Banking,Kitchen,Desktop
PUR_000840,CUST_02294,PROD_00335,SC-2026-001729,2026-04-18 21:07:50,1,14920.0,5,14174.0,Credit Card,Kitchen,Desktop
PUR_000841,CUST_02294,PROD_00298,SC-2026-001730,2026-04-18 21:09:42,1,12760.0,20,10208.0,Cash on Delivery,Kitchen,Desktop
PUR_000842,CUST_02791,PROD_00376,SC-2026-001731,2026-06-03 02:05:18,1,8050.0,30,5635.0,Cash on Delivery,Furniture,Desktop
PUR_000843,CUST_00034,PROD_00423,SC-2026-001732,2026-05-25 10:44:32,1,2990.0,40,1794.0,Credit Card,Books,Desktop
PUR_000844,CUST_00034,PROD_00437,SC-2026-001733,2026-05-25 10:46:08,1,870.0,50,435.0,UPI,Books,Desktop
PUR_000845,CUST_01969,PROD_00487,SC-2026-001734,2026-04-27 05:00:03,1,48290.0,0,48290.0,Net Banking,Gaming,Tablet
PUR_000846,CUST_00415,PROD_00287,SC-2026-001735,2026-04-06 22:16:56,1,9750.0,5,9262.5,Wallet,Home,Desktop
PUR_000847,CUST_00456,PROD_00471,SC-2026-001736,2026-04-14 16:25:11,1,47910.0,20,38328.0,Debit Card,Gaming,Mobile App
PUR_000848,CUST_02086,PROD_00101,SC-2026-001737,2026-04-20 08:41:46,1,99220.0,40,59532.0,Cash on Delivery,Laptops,Desktop
PUR_000849,CUST_02086,PROD_00524,SC-2026-001737,2026-04-20 08:41:46,1,2840.0,35,1846.0,Cash on Delivery,Accessories,Desktop
PUR_000850,CUST_00771,PROD_00356,SC-2026-001738,2026-03-23 08:15:31,1,25430.0,25,19072.5,Net Banking,Furniture,Mobile Web
PUR_000851,CUST_00222,PROD_00071,SC-2026-001739,2026-05-12 20:57:53,1,35310.0,20,28248.0,UPI,Mobiles,Mobile Web
PUR_000852,CUST_00222,PROD_00544,SC-2026-001739,2026-05-12 20:57:53,1,4240.0,15,3604.0,UPI,Accessories,Mobile Web
PUR_000853,CUST_02819,PROD_00305,SC-2026-001740,2026-05-15 13:32:45,1,9050.0,40,5430.0,Wallet,Kitchen,Desktop
PUR_000854,CUST_00967,PROD_00037,SC-2026-001741,2026-05-18 19:58:38,1,30260.0,5,28747.0,Debit Card,Electronics,Tablet
PUR_000855,CUST_02495,PROD_00489,SC-2026-001742,2026-06-16 17:18:20,1,3940.0,40,2364.0,UPI,Gaming,Desktop
PUR_000856,CUST_01074,PROD_00182,SC-2026-001743,2026-04-02 23:32:37,1,11670.0,10,10503.0,Credit Card,Footwear,Mobile App
PUR_000857,CUST_01074,PROD_00151,SC-2026-001743,2026-04-02 23:32:37,1,2880.0,30,2016.0,Credit Card,Fashion,Mobile App
PUR_000858,CUST_02262,PROD_00391,SC-2026-001744,2026-06-09 01:58:02,1,14150.0,35,9197.5,Cash on Delivery,Sports,Tablet
PUR_000859,CUST_01522,PROD_00557,SC-2026-001745,2026-03-14 16:26:46,1,250.0,0,250.0,Net Banking,Grocery,Mobile App
PUR_000860,CUST_01522,PROD_00568,SC-2026-001746,2026-03-14 16:29:46,2,1050.0,5,1995.0,Credit Card,Grocery,Mobile App
PUR_000861,CUST_00441,PROD_00032,SC-2026-001747,2026-06-29 05:57:26,1,15750.0,30,11025.0,Debit Card,Electronics,Mobile App
PUR_000862,CUST_01459,PROD_00190,SC-2026-001748,2026-03-26 05:45:57,1,9600.0,35,6240.0,Net Banking,Footwear,Tablet
PUR_000863,CUST_01341,PROD_00080,SC-2026-001749,2026-05-18 08:25:16,1,18910.0,5,17964.5,Credit Card,Mobiles,Desktop
PUR_000864,CUST_01341,PROD_00519,SC-2026-001749,2026-05-18 08:25:16,1,6210.0,35,4036.5,Credit Card,Accessories,Desktop
PUR_000865,CUST_01681,PROD_00267,SC-2026-001750,2026-05-16 13:55:29,1,680.0,30,476.0,Cash on Delivery,Home,Mobile App
PUR_000866,CUST_01412,PROD_00059,SC-2026-001751,2026-08-25 11:09:15,1,36530.0,35,23744.5,UPI,Mobiles,Tablet
PUR_000867,CUST_01679,PROD_00235,SC-2026-001752,2026-08-10 02:03:13,1,2240.0,30,1568.0,Debit Card,Beauty,Tablet
PUR_000868,CUST_01717,PROD_00004,SC-2026-001753,2026-04-20 11:52:41,1,43820.0,30,30674.0,UPI,Electronics,Desktop
PUR_000869,CUST_01012,PROD_00580,SC-2026-001754,2026-04-12 18:31:07,1,1290.0,25,967.5,Debit Card,Grocery,Desktop
PUR_000870,CUST_01753,PROD_00077,SC-2026-001755,2026-06-06 11:49:40,1,37530.0,5,35653.5,UPI,Mobiles,Mobile Web
PUR_000871,CUST_01753,PROD_00023,SC-2026-001755,2026-06-06 11:49:40,1,4200.0,5,3990.0,UPI,Electronics,Mobile Web
PUR_000872,CUST_01738,PROD_00104,SC-2026-001756,2026-05-24 01:41:17,1,66240.0,10,59616.0,Credit Card,Laptops,Desktop
PUR_000873,CUST_00774,PROD_00452,SC-2026-001757,2026-04-27 22:25:57,1,320.0,10,288.0,Debit Card,Books,Tablet
PUR_000874,CUST_02400,PROD_00522,SC-2026-001758,2026-06-20 12:17:59,2,6870.0,50,6870.0,UPI,Accessories,Desktop
PUR_000875,CUST_01942,PROD_00163,SC-2026-001759,2026-03-14 02:09:26,1,3530.0,20,2824.0,Cash on Delivery,Fashion,Tablet
PUR_000876,CUST_01942,PROD_00133,SC-2026-001760,2026-03-14 02:10:42,1,620.0,20,496.0,Cash on Delivery,Fashion,Tablet
PUR_000877,CUST_02877,PROD_00005,SC-2026-001761,2026-08-11 04:10:34,1,44350.0,15,37697.5,UPI,Electronics,Mobile App
PUR_000878,CUST_01171,PROD_00257,SC-2026-001762,2026-09-02 14:46:01,1,7330.0,10,6597.0,Cash on Delivery,Home,Desktop
PUR_000879,CUST_02674,PROD_00309,SC-2026-001763,2026-05-04 10:02:14,1,11830.0,5,11238.5,Credit Card,Kitchen,Mobile App
PUR_000880,CUST_02849,PROD_00396,SC-2026-001764,2026-04-29 15:43:48,1,11680.0,25,8760.0,Credit Card,Sports,Mobile App
PUR_000881,CUST_02008,PROD_00573,SC-2026-001765,2026-04-20 17:21:57,1,1730.0,35,1124.5,Wallet,Grocery,Desktop
PUR_000882,CUST_01360,PROD_00454,SC-2026-001766,2026-09-03 14:11:26,2,370.0,40,444.0,Credit Card,Books,Mobile App
PUR_000883,CUST_00604,PROD_00416,SC-2026-001767,2026-05-24 05:46:08,1,5920.0,5,5624.0,UPI,Sports,Mobile Web
PUR_000884,CUST_02460,PROD_00184,SC-2026-001768,2026-07-27 21:17:36,1,9030.0,10,8127.0,Cash on Delivery,Footwear,Mobile Web
PUR_000885,CUST_02460,PROD_00131,SC-2026-001768,2026-07-27 21:17:36,1,1110.0,30,777.0,Cash on Delivery,Fashion,Mobile Web
PUR_000886,CUST_01418,PROD_00591,SC-2026-001769,2026-06-03 13:22:24,1,3370.0,40,2022.0,Wallet,Personal Care,Mobile App
PUR_000887,CUST_02915,PROD_00157,SC-2026-001770,2026-08-31 02:01:11,1,6820.0,5,6479.0,UPI,Fashion,Tablet
PUR_000888,CUST_02915,PROD_00150,SC-2026-001771,2026-08-31 02:03:52,1,4640.0,25,3480.0,Net Banking,Fashion,Tablet
PUR_000889,CUST_01728,PROD_00018,SC-2026-001772,2026-05-28 06:46:03,1,19210.0,0,19210.0,Wallet,Electronics,Desktop
PUR_000890,CUST_00984,PROD_00168,SC-2026-001773,2026-03-24 14:35:55,1,5410.0,15,4598.5,Net Banking,Fashion,Mobile Web
PUR_000891,CUST_01925,PROD_00585,SC-2026-001774,2026-05-23 00:17:51,1,1030.0,30,721.0,Cash on Delivery,Grocery,Mobile Web
PUR_000892,CUST_01797,PROD_00482,SC-2026-001775,2026-03-24 12:40:33,1,45370.0,20,36296.0,UPI,Gaming,Mobile Web
PUR_000893,CUST_01797,PROD_00502,SC-2026-001776,2026-03-24 12:42:15,1,29060.0,35,18889.0,Credit Card,Gaming,Mobile Web
PUR_000894,CUST_01137,PROD_00091,SC-2026-001777,2026-06-04 01:10:14,1,132690.0,35,86248.5,Net Banking,Laptops,Desktop
PUR_000895,CUST_01137,PROD_00500,SC-2026-001777,2026-06-04 01:10:14,1,23340.0,15,19839.0,Net Banking,Gaming,Desktop
PUR_000896,CUST_02843,PROD_00174,SC-2026-001778,2026-03-26 03:23:48,2,4760.0,10,8568.0,Debit Card,Footwear,Tablet
PUR_000897,CUST_02062,PROD_00426,SC-2026-001779,2026-04-11 11:53:22,1,2380.0,25,1785.0,Cash on Delivery,Books,Desktop
PUR_000898,CUST_01270,PROD_00287,SC-2026-001780,2026-07-27 01:02:18,1,9750.0,5,9262.5,UPI,Home,Mobile Web
PUR_000899,CUST_01270,PROD_00282,SC-2026-001781,2026-07-27 01:05:03,1,1280.0,25,960.0,UPI,Home,Mobile Web
PUR_000900,CUST_01643,PROD_00090,SC-2026-001782,2026-05-25 14:18:10,1,40400.0,30,28280.0,Cash on Delivery,Laptops,Mobile App
PUR_000901,CUST_01643,PROD_00493,SC-2026-001782,2026-05-25 14:18:10,1,31540.0,10,28386.0,Cash on Delivery,Gaming,Mobile App
PUR_000902,CUST_01682,PROD_00425,SC-2026-001783,2026-03-14 08:16:09,1,2810.0,20,2248.0,Net Banking,Books,Mobile App
PUR_000903,CUST_00797,PROD_00260,SC-2026-001784,2026-06-19 17:21:35,1,920.0,15,782.0,Net Banking,Home,Tablet
PUR_000904,CUST_00797,PROD_00272,SC-2026-001785,2026-06-19 17:22:29,1,3200.0,20,2560.0,UPI,Home,Tablet
PUR_000905,CUST_01306,PROD_00083,SC-2026-001786,2026-05-14 18:51:39,1,65290.0,10,58761.0,Credit Card,Mobiles,Mobile Web
PUR_000906,CUST_01306,PROD_00037,SC-2026-001786,2026-05-14 18:51:39,1,30260.0,5,28747.0,Credit Card,Electronics,Mobile Web
PUR_000907,CUST_00428,PROD_00038,SC-2026-001787,2026-09-01 02:28:54,1,9600.0,30,6720.0,Wallet,Electronics,Mobile App
PUR_000908,CUST_00566,PROD_00627,SC-2026-001788,2026-03-21 13:49:14,1,4030.0,15,3425.5,Wallet,Personal Care,Tablet
PUR_000909,CUST_02306,PROD_00095,SC-2026-001789,2026-05-04 19:51:22,1,129480.0,20,103584.0,UPI,Laptops,Mobile App
PUR_000910,CUST_02306,PROD_00092,SC-2026-001790,2026-05-04 19:54:07,1,99720.0,20,79776.0,Cash on Delivery,Laptops,Mobile App
PUR_000911,CUST_02306,PROD_00490,SC-2026-001790,2026-05-04 19:54:07,1,51640.0,40,30984.0,Cash on Delivery,Gaming,Mobile App
PUR_000912,CUST_01258,PROD_00307,SC-2026-001791,2026-03-22 04:25:11,2,2920.0,15,4964.0,Wallet,Kitchen,Mobile Web
PUR_000913,CUST_02873,PROD_00359,SC-2026-001792,2026-08-24 05:44:18,1,31150.0,40,18690.0,Debit Card,Furniture,Mobile Web
PUR_000914,CUST_01120,PROD_00121,SC-2026-001793,2026-03-23 20:43:37,1,87690.0,15,74536.5,Debit Card,Laptops,Mobile App
PUR_000915,CUST_01120,PROD_00466,SC-2026-001793,2026-03-23 20:43:37,1,24320.0,30,17024.0,Debit Card,Gaming,Mobile App
PUR_000916,CUST_00174,PROD_00509,SC-2026-001794,2026-03-24 23:35:02,2,6180.0,25,9270.0,Credit Card,Accessories,Tablet
PUR_000917,CUST_02927,PROD_00434,SC-2026-001795,2026-03-12 07:27:49,1,1220.0,20,976.0,Wallet,Books,Mobile Web
PUR_000918,CUST_02841,PROD_00060,SC-2026-001796,2026-06-02 17:38:53,1,101350.0,25,76012.5,Credit Card,Mobiles,Desktop
PUR_000919,CUST_02841,PROD_00037,SC-2026-001796,2026-06-02 17:38:53,1,30260.0,5,28747.0,Credit Card,Electronics,Desktop
PUR_000920,CUST_02841,PROD_00049,SC-2026-001797,2026-06-02 17:40:47,1,39930.0,35,25954.5,Net Banking,Mobiles,Desktop
PUR_000921,CUST_02841,PROD_00538,SC-2026-001797,2026-06-02 17:40:47,1,4720.0,25,3540.0,Net Banking,Accessories,Desktop
PUR_000922,CUST_01778,PROD_00365,SC-2026-001798,2026-07-24 08:53:49,1,13330.0,20,10664.0,Wallet,Furniture,Tablet
PUR_000923,CUST_02654,PROD_00004,SC-2026-001799,2026-04-09 08:59:47,1,43820.0,30,30674.0,Wallet,Electronics,Desktop
PUR_000924,CUST_00202,PROD_00572,SC-2026-001800,2026-06-24 11:22:30,1,1560.0,15,1326.0,Cash on Delivery,Grocery,Tablet
PUR_000925,CUST_00560,PROD_00052,SC-2026-001801,2026-07-16 01:13:21,1,14090.0,25,10567.5,Credit Card,Mobiles,Desktop
PUR_000926,CUST_00560,PROD_00004,SC-2026-001801,2026-07-16 01:13:21,1,43820.0,30,30674.0,Credit Card,Electronics,Desktop
PUR_000927,CUST_00566,PROD_00625,SC-2026-001802,2026-06-30 15:04:56,2,1730.0,50,1730.0,Cash on Delivery,Personal Care,Tablet
PUR_000928,CUST_02389,PROD_00015,SC-2026-001803,2026-07-30 03:32:13,1,23870.0,5,22676.5,Debit Card,Electronics,Mobile Web
PUR_000929,CUST_00764,PROD_00597,SC-2026-001804,2026-05-21 15:08:01,1,1960.0,40,1176.0,Wallet,Personal Care,Mobile App
PUR_000930,CUST_01675,PROD_00432,SC-2026-001805,2026-03-26 21:30:05,1,1200.0,25,900.0,Net Banking,Books,Mobile Web
PUR_000931,CUST_01024,PROD_00549,SC-2026-001806,2026-08-08 20:37:56,1,760.0,0,760.0,Cash on Delivery,Grocery,Mobile Web
PUR_000932,CUST_01904,PROD_00341,SC-2026-001807,2026-04-30 00:57:34,1,14570.0,5,13841.5,Credit Card,Furniture,Mobile App
PUR_000933,CUST_01904,PROD_00351,SC-2026-001808,2026-04-30 00:59:43,1,33210.0,35,21586.5,Wallet,Furniture,Mobile App
PUR_000934,CUST_01053,PROD_00249,SC-2026-001809,2026-05-22 07:29:06,1,1670.0,0,1670.0,Credit Card,Beauty,Mobile App
PUR_000935,CUST_00986,PROD_00495,SC-2026-001810,2026-06-25 17:49:08,1,33830.0,35,21989.5,Net Banking,Gaming,Mobile App
PUR_000936,CUST_00692,PROD_00014,SC-2026-001811,2026-08-05 11:07:07,1,39410.0,30,27587.0,UPI,Electronics,Mobile Web
PUR_000937,CUST_00692,PROD_00006,SC-2026-001812,2026-08-05 11:09:27,1,31940.0,5,30343.0,Wallet,Electronics,Mobile Web
PUR_000938,CUST_00192,PROD_00093,SC-2026-001813,2026-06-17 07:04:57,1,137790.0,0,137790.0,Credit Card,Laptops,Tablet
PUR_000939,CUST_01723,PROD_00437,SC-2026-001814,2026-04-03 11:50:18,1,870.0,50,435.0,Debit Card,Books,Mobile App
PUR_000940,CUST_02113,PROD_00022,SC-2026-001815,2026-05-12 06:59:18,1,26570.0,40,15942.0,Wallet,Electronics,Tablet
PUR_000941,CUST_00722,PROD_00462,SC-2026-001816,2026-04-22 02:33:22,1,460.0,30,322.0,Net Banking,Books,Mobile App
PUR_000942,CUST_01861,PROD_00282,SC-2026-001817,2026-04-14 22:43:21,1,1280.0,25,960.0,Wallet,Home,Mobile App
PUR_000943,CUST_00722,PROD_00455,SC-2026-001818,2026-07-19 23:30:08,1,2540.0,5,2413.0,Cash on Delivery,Books,Desktop
PUR_000944,CUST_00995,PROD_00135,SC-2026-001819,2026-03-16 06:53:10,2,5000.0,50,5000.0,UPI,Fashion,Mobile Web
PUR_000945,CUST_02983,PROD_00183,SC-2026-001820,2026-04-03 00:02:19,1,5040.0,20,4032.0,Cash on Delivery,Footwear,Mobile Web
PUR_000946,CUST_02983,PROD_00400,SC-2026-001820,2026-04-03 00:02:19,1,7820.0,15,6647.0,Cash on Delivery,Sports,Mobile Web
PUR_000947,CUST_02983,PROD_00189,SC-2026-001821,2026-04-03 00:04:53,1,2350.0,40,1410.0,UPI,Footwear,Mobile Web
PUR_000948,CUST_02737,PROD_00251,SC-2026-001822,2026-08-01 21:28:30,1,3500.0,0,3500.0,UPI,Beauty,Mobile App
PUR_000949,CUST_02763,PROD_00099,SC-2026-001823,2026-08-13 17:53:53,1,64710.0,0,64710.0,Cash on Delivery,Laptops,Tablet
PUR_000950,CUST_02763,PROD_00512,SC-2026-001823,2026-08-13 17:53:53,1,2380.0,0,2380.0,Cash on Delivery,Accessories,Tablet
PUR_000951,CUST_02335,PROD_00312,SC-2026-001824,2026-03-28 11:26:15,1,12350.0,20,9880.0,Cash on Delivery,Kitchen,Mobile Web
PUR_000952,CUST_01300,PROD_00196,SC-2026-001825,2026-05-15 10:37:37,2,2210.0,0,4420.0,Debit Card,Footwear,Mobile Web
PUR_000953,CUST_01300,PROD_00390,SC-2026-001825,2026-05-15 10:37:37,1,13420.0,40,8052.0,Debit Card,Sports,Mobile Web
PUR_000954,CUST_01241,PROD_00421,SC-2026-001826,2026-06-12 12:44:04,1,2160.0,25,1620.0,Credit Card,Books,Mobile Web
PUR_000955,CUST_00028,PROD_00440,SC-2026-001827,2026-04-23 04:44:39,1,1380.0,35,897.0,UPI,Books,Mobile App
PUR_000956,CUST_02163,PROD_00205,SC-2026-001828,2026-03-14 23:48:02,1,12770.0,35,8300.5,UPI,Footwear,Desktop
PUR_000957,CUST_02163,PROD_00420,SC-2026-001828,2026-03-14 23:48:02,1,13840.0,10,12456.0,UPI,Sports,Desktop
PUR_000958,CUST_02129,PROD_00127,SC-2026-001829,2026-06-08 01:46:08,1,4600.0,20,3680.0,Net Banking,Fashion,Mobile Web
PUR_000959,CUST_01184,PROD_00257,SC-2026-001830,2026-04-21 23:34:57,1,7330.0,10,6597.0,Debit Card,Home,Mobile App
PUR_000960,CUST_02046,PROD_00435,SC-2026-001831,2026-04-20 08:11:09,1,1580.0,35,1027.0,Credit Card,Books,Mobile Web
PUR_000961,CUST_02046,PROD_00459,SC-2026-001832,2026-04-20 08:17:11,1,1740.0,20,1392.0,Debit Card,Books,Mobile Web
PUR_000962,CUST_02665,PROD_00112,SC-2026-001833,2026-05-02 00:20:19,1,158590.0,5,150660.5,Cash on Delivery,Laptops,Mobile Web
PUR_000963,CUST_00771,PROD_00614,SC-2026-001834,2026-04-20 05:09:42,1,850.0,25,637.5,Credit Card,Personal Care,Mobile Web
PUR_000964,CUST_01208,PROD_00542,SC-2026-001835,2026-07-14 23:38:26,1,5640.0,30,3948.0,Debit Card,Accessories,Mobile Web
PUR_000965,CUST_00291,PROD_00063,SC-2026-001836,2026-03-22 04:00:20,1,39700.0,20,31760.0,UPI,Mobiles,Mobile Web
PUR_000966,CUST_00291,PROD_00032,SC-2026-001836,2026-03-22 04:00:20,1,15750.0,30,11025.0,UPI,Electronics,Mobile Web
PUR_000967,CUST_00291,PROD_00047,SC-2026-001837,2026-03-22 04:02:54,1,71490.0,30,50043.0,Cash on Delivery,Mobiles,Mobile Web
PUR_000968,CUST_01441,PROD_00005,SC-2026-001838,2026-08-29 12:42:50,1,44350.0,15,37697.5,Net Banking,Electronics,Desktop
PUR_000969,CUST_01448,PROD_00462,SC-2026-001839,2026-05-26 02:10:45,1,460.0,30,322.0,Cash on Delivery,Books,Tablet
PUR_000970,CUST_00045,PROD_00136,SC-2026-001840,2026-05-07 02:35:13,1,5590.0,15,4751.5,UPI,Fashion,Desktop
PUR_000971,CUST_01839,PROD_00342,SC-2026-001841,2026-06-16 04:37:40,1,12930.0,5,12283.5,Debit Card,Furniture,Mobile App
PUR_000972,CUST_02001,PROD_00365,SC-2026-001842,2026-03-17 21:11:02,1,13330.0,20,10664.0,Credit Card,Furniture,Desktop
PUR_000973,CUST_00066,PROD_00165,SC-2026-001843,2026-08-12 10:22:26,1,1900.0,25,1425.0,Credit Card,Fashion,Mobile App
PUR_000974,CUST_01534,PROD_00539,SC-2026-001844,2026-08-10 05:05:27,1,6780.0,50,3390.0,Credit Card,Accessories,Tablet
PUR_000975,CUST_01349,PROD_00072,SC-2026-001845,2026-05-19 16:14:03,1,104720.0,5,99484.0,Net Banking,Mobiles,Mobile App
PUR_000976,CUST_01349,PROD_00515,SC-2026-001845,2026-05-19 16:14:03,1,1450.0,20,1160.0,Net Banking,Accessories,Mobile App
PUR_000977,CUST_00933,PROD_00207,SC-2026-001846,2026-06-20 04:55:22,1,12320.0,25,9240.0,Debit Card,Footwear,Desktop
PUR_000978,CUST_00895,PROD_00248,SC-2026-001847,2026-07-11 13:28:17,1,1880.0,5,1786.0,Wallet,Beauty,Mobile App
PUR_000979,CUST_00702,PROD_00092,SC-2026-001848,2026-08-02 21:21:53,1,99720.0,20,79776.0,Debit Card,Laptops,Tablet
PUR_000980,CUST_00363,PROD_00040,SC-2026-001849,2026-05-28 22:26:33,1,30280.0,50,15140.0,Wallet,Electronics,Tablet
PUR_000981,CUST_01493,PROD_00572,SC-2026-001850,2026-03-23 16:02:38,2,1560.0,15,2652.0,Credit Card,Grocery,Tablet
PUR_000982,CUST_02781,PROD_00437,SC-2026-001851,2026-03-23 03:43:16,1,870.0,50,435.0,UPI,Books,Mobile Web
PUR_000983,CUST_02653,PROD_00287,SC-2026-001852,2026-05-30 09:44:58,1,9750.0,5,9262.5,Net Banking,Home,Mobile Web
PUR_000984,CUST_01228,PROD_00505,SC-2026-001853,2026-05-04 09:58:00,2,490.0,10,882.0,UPI,Accessories,Mobile App
PUR_000985,CUST_01532,PROD_00264,SC-2026-001854,2026-04-18 02:47:34,1,7730.0,5,7343.5,Credit Card,Home,Desktop
PUR_000986,CUST_00228,PROD_00378,SC-2026-001855,2026-07-22 20:27:33,1,36510.0,40,21906.0,Debit Card,Furniture,Mobile Web
PUR_000987,CUST_00920,PROD_00181,SC-2026-001856,2026-04-02 00:48:51,1,12540.0,20,10032.0,Credit Card,Footwear,Mobile App
PUR_000988,CUST_00746,PROD_00007,SC-2026-001857,2026-07-30 22:50:51,1,15400.0,0,15400.0,UPI,Electronics,Tablet
PUR_000989,CUST_01748,PROD_00556,SC-2026-001858,2026-04-07 06:08:34,2,1480.0,50,1480.0,Debit Card,Grocery,Tablet
PUR_000990,CUST_01748,PROD_00550,SC-2026-001859,2026-04-07 06:10:40,1,1060.0,10,954.0,UPI,Grocery,Tablet
PUR_000991,CUST_02634,PROD_00618,SC-2026-001860,2026-08-22 22:25:12,1,5860.0,25,4395.0,Debit Card,Personal Care,Mobile Web
PUR_000992,CUST_00911,PROD_00337,SC-2026-001861,2026-08-01 13:37:38,1,18500.0,5,17575.0,Net Banking,Furniture,Tablet
PUR_000993,CUST_02115,PROD_00310,SC-2026-001862,2026-08-25 10:21:41,1,13260.0,30,9282.0,Net Banking,Kitchen,Mobile Web
PUR_000994,CUST_00214,PROD_00040,SC-2026-001863,2026-07-31 09:54:34,1,30280.0,50,15140.0,UPI,Electronics,Mobile App
PUR_000995,CUST_00280,PROD_00442,SC-2026-001864,2026-07-28 08:45:11,2,2980.0,15,5066.0,Debit Card,Books,Mobile Web
PUR_000996,CUST_02705,PROD_00611,SC-2026-001865,2026-06-26 06:30:37,1,4530.0,20,3624.0,Cash on Delivery,Personal Care,Tablet
PUR_000997,CUST_02705,PROD_00589,SC-2026-001866,2026-06-26 06:32:14,1,3530.0,35,2294.5,Credit Card,Personal Care,Tablet
PUR_000998,CUST_02879,PROD_00067,SC-2026-001867,2026-04-12 22:57:28,1,81650.0,0,81650.0,Cash on Delivery,Mobiles,Desktop
PUR_000999,CUST_02879,PROD_00515,SC-2026-001867,2026-04-12 22:57:28,1,1450.0,20,1160.0,Cash on Delivery,Accessories,Desktop
PUR_001000,CUST_02879,PROD_00060,SC-2026-001868,2026-04-12 22:58:52,1,101350.0,25,76012.5,Credit Card,Mobiles,Desktop
PUR_001001,CUST_00628,PROD_00033,SC-2026-001869,2026-03-14 12:42:55,1,10940.0,35,7111.0,Cash on Delivery,Electronics,Mobile App
PUR_001002,CUST_01436,PROD_00297,SC-2026-001870,2026-04-03 04:16:35,1,13330.0,35,8664.5,Net Banking,Kitchen,Mobile Web
PUR_001003,CUST_01060,PROD_00026,SC-2026-001871,2026-04-12 15:20:21,1,39780.0,15,33813.0,Credit Card,Electronics,Mobile App
PUR_001004,CUST_01060,PROD_00040,SC-2026-001872,2026-04-12 15:22:51,1,30280.0,50,15140.0,Credit Card,Electronics,Mobile App
PUR_001005,CUST_01060,PROD_00020,SC-2026-001873,2026-04-12 15:23:47,1,43640.0,15,37094.0,Debit Card,Electronics,Mobile App
PUR_001006,CUST_02868,PROD_00344,SC-2026-001874,2026-08-15 06:07:49,1,9710.0,30,6797.0,Cash on Delivery,Furniture,Desktop
PUR_001007,CUST_01385,PROD_00600,SC-2026-001875,2026-08-17 02:14:16,1,4060.0,20,3248.0,Wallet,Personal Care,Desktop
PUR_001008,CUST_01385,PROD_00618,SC-2026-001876,2026-08-17 02:16:51,2,5860.0,25,8790.0,Credit Card,Personal Care,Desktop
PUR_001009,CUST_01074,PROD_00174,SC-2026-001877,2026-08-21 12:30:18,2,4760.0,10,8568.0,Net Banking,Footwear,Mobile App
PUR_001010,CUST_01074,PROD_00393,SC-2026-001877,2026-08-21 12:30:18,1,6780.0,15,5763.0,Net Banking,Sports,Mobile App
PUR_001011,CUST_00520,PROD_00460,SC-2026-001878,2026-08-21 16:31:53,2,2980.0,20,4768.0,Credit Card,Books,Mobile App
PUR_001012,CUST_00438,PROD_00187,SC-2026-001879,2026-03-27 16:59:30,1,12490.0,35,8118.5,UPI,Footwear,Tablet
PUR_001013,CUST_00438,PROD_00137,SC-2026-001879,2026-03-27 16:59:30,1,3770.0,30,2639.0,UPI,Fashion,Tablet
PUR_001014,CUST_00496,PROD_00129,SC-2026-001880,2026-08-28 23:20:55,2,1480.0,0,2960.0,Cash on Delivery,Fashion,Tablet
PUR_001015,CUST_00496,PROD_00144,SC-2026-001881,2026-08-28 23:26:32,2,2150.0,0,4300.0,Wallet,Fashion,Tablet
PUR_001016,CUST_01790,PROD_00354,SC-2026-001882,2026-06-20 02:12:33,1,33990.0,50,16995.0,Credit Card,Furniture,Desktop
PUR_001017,CUST_02408,PROD_00466,SC-2026-001883,2026-08-20 01:06:05,1,24320.0,30,17024.0,Wallet,Gaming,Mobile App
PUR_001018,CUST_00905,PROD_00100,SC-2026-001884,2026-07-30 13:35:09,1,75440.0,30,52808.0,UPI,Laptops,Mobile Web
PUR_001019,CUST_00905,PROD_00472,SC-2026-001884,2026-07-30 13:35:09,1,12440.0,40,7464.0,UPI,Gaming,Mobile Web
PUR_001020,CUST_01677,PROD_00428,SC-2026-001885,2026-05-18 01:38:10,2,840.0,25,1260.0,UPI,Books,Tablet
PUR_001021,CUST_00812,PROD_00233,SC-2026-001886,2026-06-08 02:17:56,1,2490.0,25,1867.5,Cash on Delivery,Beauty,Mobile Web
PUR_001022,CUST_02975,PROD_00259,SC-2026-001887,2026-08-26 03:42:15,1,3130.0,0,3130.0,Credit Card,Home,Mobile Web
PUR_001023,CUST_02088,PROD_00034,SC-2026-001888,2026-06-28 11:28:04,1,4240.0,20,3392.0,Debit Card,Electronics,Mobile Web
PUR_001024,CUST_00153,PROD_00464,SC-2026-001889,2026-04-16 11:03:45,1,7510.0,15,6383.5,Cash on Delivery,Gaming,Mobile Web
PUR_001025,CUST_02481,PROD_00245,SC-2026-001890,2026-04-16 15:09:52,1,2860.0,30,2002.0,Cash on Delivery,Beauty,Mobile App
PUR_001026,CUST_02727,PROD_00189,SC-2026-001891,2026-09-02 13:32:55,1,2350.0,40,1410.0,Net Banking,Footwear,Mobile Web
PUR_001027,CUST_02727,PROD_00140,SC-2026-001891,2026-09-02 13:32:55,1,2570.0,5,2441.5,Net Banking,Fashion,Mobile Web
PUR_001028,CUST_00637,PROD_00063,SC-2026-001892,2026-04-26 04:31:21,1,39700.0,20,31760.0,Wallet,Mobiles,Mobile App
PUR_001029,CUST_00637,PROD_00022,SC-2026-001892,2026-04-26 04:31:21,1,26570.0,40,15942.0,Wallet,Electronics,Mobile App
PUR_001030,CUST_02155,PROD_00112,SC-2026-001893,2026-08-01 08:20:20,1,158590.0,5,150660.5,Cash on Delivery,Laptops,Mobile Web
PUR_001031,CUST_02155,PROD_00505,SC-2026-001893,2026-08-01 08:20:20,1,490.0,10,441.0,Cash on Delivery,Accessories,Mobile Web
PUR_001032,CUST_02155,PROD_00091,SC-2026-001894,2026-08-01 08:24:40,1,132690.0,35,86248.5,Cash on Delivery,Laptops,Mobile Web
PUR_001033,CUST_02155,PROD_00482,SC-2026-001894,2026-08-01 08:24:40,1,45370.0,20,36296.0,Cash on Delivery,Gaming,Mobile Web
PUR_001034,CUST_00119,PROD_00124,SC-2026-001895,2026-06-17 08:09:22,1,110260.0,30,77182.0,Wallet,Laptops,Tablet
PUR_001035,CUST_00119,PROD_00476,SC-2026-001895,2026-06-17 08:09:22,1,17470.0,35,11355.5,Wallet,Gaming,Tablet
PUR_001036,CUST_00119,PROD_00100,SC-2026-001896,2026-06-17 08:09:55,1,75440.0,30,52808.0,Credit Card,Laptops,Tablet
PUR_001037,CUST_00548,PROD_00285,SC-2026-001897,2026-08-13 01:55:54,1,9940.0,40,5964.0,Net Banking,Home,Mobile App
PUR_001038,CUST_00396,PROD_00626,SC-2026-001898,2026-05-02 16:38:59,1,2320.0,50,1160.0,Net Banking,Personal Care,Tablet
PUR_001039,CUST_00329,PROD_00118,SC-2026-001899,2026-05-06 02:50:32,1,35810.0,5,34019.5,Debit Card,Laptops,Mobile Web
PUR_001040,CUST_01298,PROD_00079,SC-2026-001900,2026-06-16 12:56:00,1,89700.0,5,85215.0,Debit Card,Mobiles,Tablet
PUR_001041,CUST_01298,PROD_00538,SC-2026-001900,2026-06-16 12:56:00,1,4720.0,25,3540.0,Debit Card,Accessories,Tablet
PUR_001042,CUST_01288,PROD_00500,SC-2026-001901,2026-05-08 03:53:35,1,23340.0,15,19839.0,Cash on Delivery,Gaming,Mobile Web
PUR_001043,CUST_01279,PROD_00621,SC-2026-001902,2026-08-04 08:53:49,1,2420.0,25,1815.0,Net Banking,Personal Care,Desktop
PUR_001044,CUST_01240,PROD_00526,SC-2026-001903,2026-06-22 12:25:18,1,4200.0,50,2100.0,Cash on Delivery,Accessories,Mobile Web
PUR_001045,CUST_01240,PROD_00513,SC-2026-001904,2026-06-22 12:26:54,1,5380.0,15,4573.0,Credit Card,Accessories,Mobile Web
PUR_001046,CUST_02596,PROD_00224,SC-2026-001905,2026-07-22 09:28:55,1,1680.0,25,1260.0,Wallet,Beauty,Mobile App
PUR_001047,CUST_01855,PROD_00296,SC-2026-001906,2026-08-31 21:23:17,1,4340.0,15,3689.0,Cash on Delivery,Kitchen,Mobile Web
PUR_001048,CUST_00888,PROD_00020,SC-2026-001907,2026-05-20 12:17:24,1,43640.0,15,37094.0,Debit Card,Electronics,Tablet
PUR_001049,CUST_00888,PROD_00012,SC-2026-001908,2026-05-20 12:19:48,1,35300.0,40,21180.0,Debit Card,Electronics,Tablet
PUR_001050,CUST_00248,PROD_00276,SC-2026-001909,2026-07-24 18:04:40,2,4570.0,10,8226.0,Wallet,Home,Mobile App
PUR_001051,CUST_01057,PROD_00369,SC-2026-001910,2026-09-06 04:52:13,1,15800.0,15,13430.0,Net Banking,Furniture,Mobile Web
PUR_001052,CUST_01057,PROD_00345,SC-2026-001911,2026-09-06 04:54:30,1,5340.0,25,4005.0,Credit Card,Furniture,Mobile Web
PUR_001053,CUST_02976,PROD_00014,SC-2026-001912,2026-08-20 11:20:39,1,39410.0,30,27587.0,Debit Card,Electronics,Mobile Web
PUR_001054,CUST_02976,PROD_00021,SC-2026-001913,2026-08-20 11:21:35,1,35540.0,35,23101.0,UPI,Electronics,Mobile Web
PUR_001055,CUST_01353,PROD_00432,SC-2026-001914,2026-08-16 16:05:43,2,1200.0,25,1800.0,Wallet,Books,Tablet
PUR_001056,CUST_00427,PROD_00349,SC-2026-001915,2026-08-14 04:12:39,1,21440.0,25,16080.0,UPI,Furniture,Mobile Web
PUR_001057,CUST_00427,PROD_00367,SC-2026-001916,2026-08-14 04:18:00,1,38410.0,40,23046.0,Net Banking,Furniture,Mobile Web
PUR_001058,CUST_00900,PROD_00563,SC-2026-001917,2026-08-10 14:05:25,1,160.0,5,152.0,Cash on Delivery,Grocery,Mobile Web
PUR_001059,CUST_00900,PROD_00584,SC-2026-001918,2026-08-10 14:10:08,1,360.0,10,324.0,Cash on Delivery,Grocery,Mobile Web
PUR_001060,CUST_01310,PROD_00465,SC-2026-001919,2026-06-07 02:28:06,1,31500.0,25,23625.0,Credit Card,Gaming,Tablet
PUR_001061,CUST_02009,PROD_00052,SC-2026-001920,2026-03-17 23:06:06,1,14090.0,25,10567.5,Wallet,Mobiles,Mobile Web
PUR_001062,CUST_02009,PROD_00514,SC-2026-001920,2026-03-17 23:06:06,1,1070.0,50,535.0,Wallet,Accessories,Mobile Web
PUR_001063,CUST_01529,PROD_00220,SC-2026-001921,2026-08-12 06:00:07,1,1090.0,35,708.5,Net Banking,Beauty,Mobile App
PUR_001064,CUST_00501,PROD_00013,SC-2026-001922,2026-05-17 17:16:28,1,26050.0,5,24747.5,Debit Card,Electronics,Mobile Web
PUR_001065,CUST_02870,PROD_00169,SC-2026-001923,2026-04-10 05:36:34,1,8270.0,40,4962.0,UPI,Footwear,Mobile App
PUR_001066,CUST_00139,PROD_00136,SC-2026-001924,2026-05-16 04:51:09,1,5590.0,15,4751.5,Wallet,Fashion,Desktop
PUR_001067,CUST_01736,PROD_00253,SC-2026-001925,2026-06-23 01:45:36,1,9080.0,10,8172.0,Net Banking,Home,Tablet
PUR_001068,CUST_01592,PROD_00016,SC-2026-001926,2026-03-31 01:07:22,1,28840.0,15,24514.0,Debit Card,Electronics,Desktop
PUR_001069,CUST_01592,PROD_00008,SC-2026-001927,2026-03-31 01:10:09,1,23070.0,35,14995.5,Credit Card,Electronics,Desktop
PUR_001070,CUST_01620,PROD_00443,SC-2026-001928,2026-05-03 18:09:31,2,640.0,0,1280.0,Credit Card,Books,Mobile Web
PUR_001071,CUST_01620,PROD_00447,SC-2026-001929,2026-05-03 18:11:21,1,2410.0,25,1807.5,Debit Card,Books,Mobile Web
PUR_001072,CUST_00144,PROD_00607,SC-2026-001930,2026-03-29 05:08:10,1,5550.0,35,3607.5,Wallet,Personal Care,Mobile App
PUR_001073,CUST_02763,PROD_00093,SC-2026-001931,2026-05-13 01:43:33,1,137790.0,0,137790.0,Debit Card,Laptops,Tablet
PUR_001074,CUST_02763,PROD_00477,SC-2026-001931,2026-05-13 01:43:33,1,4350.0,20,3480.0,Debit Card,Gaming,Tablet
PUR_001075,CUST_02197,PROD_00492,SC-2026-001932,2026-04-11 11:44:31,1,5610.0,30,3927.0,Credit Card,Gaming,Tablet
PUR_001076,CUST_02743,PROD_00308,SC-2026-001933,2026-03-28 20:57:01,1,11040.0,5,10488.0,Net Banking,Kitchen,Desktop
PUR_001077,CUST_01797,PROD_00499,SC-2026-001934,2026-08-14 04:10:41,1,49470.0,5,46996.5,Credit Card,Gaming,Desktop
PUR_001078,CUST_00536,PROD_00011,SC-2026-001935,2026-07-31 08:33:28,1,21070.0,20,16856.0,Debit Card,Electronics,Mobile App
PUR_001079,CUST_00150,PROD_00194,SC-2026-001936,2026-04-09 11:08:50,1,12910.0,30,9037.0,Debit Card,Footwear,Mobile App
PUR_001080,CUST_00150,PROD_00392,SC-2026-001936,2026-04-09 11:08:50,1,13130.0,15,11160.5,Debit Card,Sports,Mobile App
PUR_001081,CUST_02179,PROD_00110,SC-2026-001937,2026-06-21 05:17:16,1,43570.0,5,41391.5,UPI,Laptops,Desktop
PUR_001082,CUST_01608,PROD_00150,SC-2026-001938,2026-08-28 05:04:22,1,4640.0,25,3480.0,Debit Card,Fashion,Desktop
PUR_001083,CUST_01608,PROD_00152,SC-2026-001939,2026-08-28 05:04:57,1,2880.0,25,2160.0,UPI,Fashion,Desktop
PUR_001084,CUST_00966,PROD_00176,SC-2026-001940,2026-04-26 03:52:22,1,7880.0,40,4728.0,UPI,Footwear,Desktop
PUR_001085,CUST_00783,PROD_00294,SC-2026-001941,2026-03-19 04:36:43,1,9510.0,30,6657.0,UPI,Home,Tablet
PUR_001086,CUST_00783,PROD_00281,SC-2026-001942,2026-03-19 04:39:06,2,4240.0,5,8056.0,UPI,Home,Tablet
PUR_001087,CUST_00747,PROD_00586,SC-2026-001943,2026-08-14 19:20:59,1,780.0,25,585.0,Wallet,Grocery,Tablet
PUR_001088,CUST_00747,PROD_00579,SC-2026-001944,2026-08-14 19:22:17,1,1620.0,5,1539.0,Net Banking,Grocery,Tablet
PUR_001089,CUST_00348,PROD_00155,SC-2026-001945,2026-05-07 23:19:49,1,5130.0,10,4617.0,Wallet,Fashion,Desktop
PUR_001090,CUST_00872,PROD_00077,SC-2026-001946,2026-07-22 15:22:48,1,37530.0,5,35653.5,Wallet,Mobiles,Desktop
PUR_001091,CUST_00872,PROD_00518,SC-2026-001946,2026-07-22 15:22:48,1,2380.0,35,1547.0,Wallet,Accessories,Desktop
PUR_001092,CUST_02838,PROD_00184,SC-2026-001947,2026-08-25 00:09:15,1,9030.0,10,8127.0,Credit Card,Footwear,Desktop
PUR_001093,CUST_02838,PROD_00166,SC-2026-001947,2026-08-25 00:09:15,1,2220.0,25,1665.0,Credit Card,Fashion,Desktop
PUR_001094,CUST_00158,PROD_00055,SC-2026-001948,2026-05-06 15:15:52,1,91660.0,5,87077.0,Credit Card,Mobiles,Mobile App
PUR_001095,CUST_00158,PROD_00008,SC-2026-001948,2026-05-06 15:15:52,1,23070.0,35,14995.5,Credit Card,Electronics,Mobile App
PUR_001096,CUST_00002,PROD_00380,SC-2026-001949,2026-05-31 04:47:42,1,5530.0,10,4977.0,Cash on Delivery,Sports,Desktop
PUR_001097,CUST_02237,PROD_00457,SC-2026-001950,2026-07-10 23:09:28,1,670.0,10,603.0,Cash on Delivery,Books,Tablet
PUR_001098,CUST_02915,PROD_00400,SC-2026-001951,2026-08-02 04:13:54,1,7820.0,15,6647.0,Wallet,Sports,Mobile App
PUR_001099,CUST_00003,PROD_00136,SC-2026-001952,2026-07-23 00:41:31,1,5590.0,15,4751.5,Cash on Delivery,Fashion,Desktop
PUR_001100,CUST_02812,PROD_00057,SC-2026-001953,2026-06-15 19:54:28,1,57150.0,35,37147.5,Credit Card,Mobiles,Mobile Web
PUR_001101,CUST_02812,PROD_00040,SC-2026-001953,2026-06-15 19:54:28,1,30280.0,50,15140.0,Credit Card,Electronics,Mobile Web
PUR_001102,CUST_00040,PROD_00520,SC-2026-001954,2026-07-20 18:18:15,2,1150.0,5,2185.0,Cash on Delivery,Accessories,Tablet
PUR_001103,CUST_02916,PROD_00190,SC-2026-001955,2026-04-02 03:32:12,1,9600.0,35,6240.0,UPI,Footwear,Mobile App
PUR_001104,CUST_00516,PROD_00479,SC-2026-001956,2026-08-22 10:52:10,1,17870.0,50,8935.0,Debit Card,Gaming,Mobile App
PUR_001105,CUST_00516,PROD_00484,SC-2026-001957,2026-08-22 10:57:00,1,21190.0,30,14833.0,Wallet,Gaming,Mobile App
PUR_001106,CUST_00322,PROD_00271,SC-2026-001958,2026-05-31 10:56:35,1,9820.0,30,6874.0,Credit Card,Home,Mobile App
PUR_001107,CUST_01908,PROD_00092,SC-2026-001959,2026-05-10 17:33:54,1,99720.0,20,79776.0,Cash on Delivery,Laptops,Mobile Web
PUR_001108,CUST_01908,PROD_00517,SC-2026-001959,2026-05-10 17:33:54,1,1630.0,40,978.0,Cash on Delivery,Accessories,Mobile Web
PUR_001109,CUST_01908,PROD_00116,SC-2026-001960,2026-05-10 17:34:57,1,83110.0,10,74799.0,Credit Card,Laptops,Mobile Web
PUR_001110,CUST_01908,PROD_00513,SC-2026-001960,2026-05-10 17:34:57,1,5380.0,15,4573.0,Credit Card,Accessories,Mobile Web
PUR_001111,CUST_02672,PROD_00451,SC-2026-001961,2026-04-15 12:44:27,1,730.0,35,474.5,UPI,Books,Tablet
PUR_001112,CUST_02672,PROD_00444,SC-2026-001962,2026-04-15 12:46:46,2,810.0,5,1539.0,Credit Card,Books,Tablet
PUR_001113,CUST_02702,PROD_00042,SC-2026-001963,2026-05-15 00:22:10,1,29940.0,0,29940.0,Cash on Delivery,Electronics,Mobile App
PUR_001114,CUST_01774,PROD_00288,SC-2026-001964,2026-07-28 00:56:11,1,6090.0,25,4567.5,Cash on Delivery,Home,Mobile Web
PUR_001115,CUST_02742,PROD_00142,SC-2026-001965,2026-08-30 19:43:06,1,2050.0,50,1025.0,Net Banking,Fashion,Desktop
PUR_001116,CUST_02742,PROD_00159,SC-2026-001966,2026-08-30 19:46:12,1,4560.0,50,2280.0,Cash on Delivery,Fashion,Desktop
PUR_001117,CUST_00919,PROD_00456,SC-2026-001967,2026-07-05 17:58:24,1,900.0,10,810.0,Net Banking,Books,Mobile App
PUR_001118,CUST_00783,PROD_00611,SC-2026-001968,2026-09-07 04:32:36,1,4530.0,20,3624.0,Debit Card,Personal Care,Mobile App
PUR_001119,CUST_00885,PROD_00483,SC-2026-001969,2026-04-27 12:18:27,1,13470.0,15,11449.5,Cash on Delivery,Gaming,Desktop
PUR_001120,CUST_01976,PROD_00354,SC-2026-001970,2026-03-12 12:18:31,1,33990.0,50,16995.0,Net Banking,Furniture,Mobile Web
PUR_001121,CUST_02462,PROD_00509,SC-2026-001971,2026-06-18 01:45:39,2,6180.0,25,9270.0,Net Banking,Accessories,Mobile Web
PUR_001122,CUST_02477,PROD_00253,SC-2026-001972,2026-08-10 23:09:49,1,9080.0,10,8172.0,Wallet,Home,Tablet
PUR_001123,CUST_01665,PROD_00497,SC-2026-001973,2026-07-23 22:58:45,1,47110.0,50,23555.0,Wallet,Gaming,Tablet
PUR_001124,CUST_01641,PROD_00182,SC-2026-001974,2026-06-07 16:13:39,1,11670.0,10,10503.0,Debit Card,Footwear,Desktop
PUR_001125,CUST_00775,PROD_00598,SC-2026-001975,2026-04-07 21:14:55,1,3420.0,50,1710.0,Credit Card,Personal Care,Tablet
PUR_001126,CUST_00775,PROD_00625,SC-2026-001976,2026-04-07 21:16:06,2,1730.0,50,1730.0,UPI,Personal Care,Tablet
PUR_001127,CUST_00295,PROD_00014,SC-2026-001977,2026-06-05 12:21:21,1,39410.0,30,27587.0,Wallet,Electronics,Tablet
PUR_001128,CUST_02490,PROD_00183,SC-2026-001978,2026-06-02 20:51:28,2,5040.0,20,8064.0,Cash on Delivery,Footwear,Mobile App
PUR_001129,CUST_02490,PROD_00173,SC-2026-001979,2026-06-02 20:54:18,1,10300.0,35,6695.0,Net Banking,Footwear,Mobile App
PUR_001130,CUST_02490,PROD_00413,SC-2026-001979,2026-06-02 20:54:18,1,10270.0,15,8729.5,Net Banking,Sports,Mobile App
PUR_001131,CUST_01276,PROD_00087,SC-2026-001980,2026-07-05 22:36:30,1,161820.0,40,97092.0,Debit Card,Laptops,Mobile Web
PUR_001132,CUST_01276,PROD_00525,SC-2026-001980,2026-07-05 22:36:30,1,2250.0,50,1125.0,Debit Card,Accessories,Mobile Web
PUR_001133,CUST_02007,PROD_00180,SC-2026-001981,2026-03-13 12:49:27,1,9860.0,0,9860.0,Net Banking,Footwear,Mobile Web
PUR_001134,CUST_02007,PROD_00172,SC-2026-001982,2026-03-13 12:51:43,1,3910.0,50,1955.0,Net Banking,Footwear,Mobile Web
PUR_001135,CUST_00816,PROD_00357,SC-2026-001983,2026-08-31 20:57:00,1,7930.0,30,5551.0,Credit Card,Furniture,Mobile App
PUR_001136,CUST_00002,PROD_00123,SC-2026-001984,2026-07-24 13:33:18,1,54980.0,50,27490.0,UPI,Laptops,Mobile App
PUR_001137,CUST_01441,PROD_00530,SC-2026-001985,2026-07-02 09:27:52,1,5700.0,35,3705.0,UPI,Accessories,Mobile Web
PUR_001138,CUST_02951,PROD_00243,SC-2026-001986,2026-04-11 16:16:05,1,3760.0,25,2820.0,Wallet,Beauty,Tablet
PUR_001139,CUST_00840,PROD_00170,SC-2026-001987,2026-04-26 05:19:01,1,7390.0,50,3695.0,Wallet,Footwear,Desktop
PUR_001140,CUST_00528,PROD_00351,SC-2026-001988,2026-06-27 21:03:41,1,33210.0,35,21586.5,Net Banking,Furniture,Desktop
PUR_001141,CUST_02082,PROD_00432,SC-2026-001989,2026-08-04 23:17:20,2,1200.0,25,1800.0,Wallet,Books,Desktop
PUR_001142,CUST_02360,PROD_00255,SC-2026-001990,2026-03-26 05:37:41,2,4980.0,15,8466.0,UPI,Home,Mobile Web
PUR_001143,CUST_02338,PROD_00322,SC-2026-001991,2026-09-06 01:05:29,2,3980.0,0,7960.0,Cash on Delivery,Kitchen,Tablet
PUR_001144,CUST_02847,PROD_00621,SC-2026-001992,2026-05-26 11:33:58,1,2420.0,25,1815.0,Debit Card,Personal Care,Desktop
PUR_001145,CUST_00038,PROD_00436,SC-2026-001993,2026-08-08 13:15:13,1,2670.0,30,1869.0,Wallet,Books,Mobile App
PUR_001146,CUST_00038,PROD_00456,SC-2026-001994,2026-08-08 13:17:31,1,900.0,10,810.0,Debit Card,Books,Mobile App
PUR_001147,CUST_01623,PROD_00586,SC-2026-001995,2026-05-26 21:59:22,1,780.0,25,585.0,UPI,Grocery,Mobile App
PUR_001148,CUST_01454,PROD_00025,SC-2026-001996,2026-08-31 14:50:56,1,41890.0,5,39795.5,Net Banking,Electronics,Mobile App
PUR_001149,CUST_01871,PROD_00536,SC-2026-001997,2026-08-16 21:58:47,1,4520.0,50,2260.0,Net Banking,Accessories,Mobile Web
PUR_001150,CUST_00889,PROD_00264,SC-2026-001998,2026-05-10 20:03:25,1,7730.0,5,7343.5,UPI,Home,Desktop
PUR_001151,CUST_02986,PROD_00103,SC-2026-001999,2026-03-20 04:32:49,1,71310.0,5,67744.5,Debit Card,Laptops,Tablet
PUR_001152,CUST_02986,PROD_00471,SC-2026-001999,2026-03-20 04:32:49,1,47910.0,20,38328.0,Debit Card,Gaming,Tablet
PUR_001153,CUST_01186,PROD_00065,SC-2026-002000,2026-07-26 22:12:39,1,90840.0,10,81756.0,Debit Card,Mobiles,Tablet
PUR_001154,CUST_02671,PROD_00277,SC-2026-002001,2026-04-08 05:38:40,1,2350.0,50,1175.0,UPI,Home,Tablet
PUR_001155,CUST_02671,PROD_00285,SC-2026-002002,2026-04-08 05:41:54,1,9940.0,40,5964.0,Cash on Delivery,Home,Tablet
PUR_001156,CUST_01746,PROD_00142,SC-2026-002003,2026-05-27 02:05:51,2,2050.0,50,2050.0,Wallet,Fashion,Tablet
PUR_001157,CUST_01560,PROD_00127,SC-2026-002004,2026-08-02 20:27:37,1,4600.0,20,3680.0,Wallet,Fashion,Desktop
PUR_001158,CUST_01560,PROD_00166,SC-2026-002005,2026-08-02 20:28:15,1,2220.0,25,1665.0,Net Banking,Fashion,Desktop
PUR_001159,CUST_02828,PROD_00271,SC-2026-002006,2026-08-04 15:32:03,1,9820.0,30,6874.0,Cash on Delivery,Home,Mobile App
PUR_001160,CUST_02828,PROD_00273,SC-2026-002007,2026-08-04 15:36:16,2,4340.0,15,7378.0,Net Banking,Home,Mobile App
PUR_001161,CUST_01457,PROD_00001,SC-2026-002008,2026-03-22 07:46:43,1,5690.0,40,3414.0,UPI,Electronics,Desktop
PUR_001162,CUST_02336,PROD_00498,SC-2026-002009,2026-04-28 04:00:47,1,34000.0,50,17000.0,Wallet,Gaming,Tablet
PUR_001163,CUST_02336,PROD_00474,SC-2026-002010,2026-04-28 04:03:41,1,36660.0,25,27495.0,UPI,Gaming,Tablet
PUR_001164,CUST_02697,PROD_00355,SC-2026-002011,2026-06-20 21:42:11,1,4800.0,30,3360.0,Credit Card,Furniture,Tablet
PUR_001165,CUST_00419,PROD_00393,SC-2026-002012,2026-08-29 15:22:43,1,6780.0,15,5763.0,UPI,Sports,Desktop
PUR_001166,CUST_00590,PROD_00097,SC-2026-002013,2026-04-03 22:03:46,1,101530.0,5,96453.5,Credit Card,Laptops,Tablet
PUR_001167,CUST_00642,PROD_00307,SC-2026-002014,2026-07-22 08:06:25,2,2920.0,15,4964.0,Debit Card,Kitchen,Mobile App
PUR_001168,CUST_01783,PROD_00599,SC-2026-002015,2026-06-22 12:06:41,1,1960.0,40,1176.0,Wallet,Personal Care,Mobile Web
PUR_001169,CUST_01431,PROD_00184,SC-2026-002016,2026-06-04 22:16:27,1,9030.0,10,8127.0,Credit Card,Footwear,Tablet
PUR_001170,CUST_01970,PROD_00186,SC-2026-002017,2026-06-23 16:03:25,1,2920.0,40,1752.0,Debit Card,Footwear,Desktop
PUR_001171,CUST_01970,PROD_00165,SC-2026-002017,2026-06-23 16:03:25,1,1900.0,25,1425.0,Debit Card,Fashion,Desktop
PUR_001172,CUST_02312,PROD_00045,SC-2026-002018,2026-06-04 02:42:50,1,106260.0,20,85008.0,Net Banking,Mobiles,Mobile App
PUR_001173,CUST_02312,PROD_00030,SC-2026-002018,2026-06-04 02:42:50,1,6780.0,20,5424.0,Net Banking,Electronics,Mobile App
PUR_001174,CUST_02312,PROD_00076,SC-2026-002019,2026-06-04 02:44:03,1,20240.0,10,18216.0,Net Banking,Mobiles,Mobile App
PUR_001175,CUST_02312,PROD_00536,SC-2026-002019,2026-06-04 02:44:03,1,4520.0,50,2260.0,Net Banking,Accessories,Mobile App
PUR_001176,CUST_00439,PROD_00258,SC-2026-002020,2026-06-11 09:02:04,1,3770.0,30,2639.0,Cash on Delivery,Home,Desktop
PUR_001177,CUST_01154,PROD_00539,SC-2026-002021,2026-05-15 09:38:58,1,6780.0,50,3390.0,Wallet,Accessories,Tablet
PUR_001178,CUST_01154,PROD_00507,SC-2026-002022,2026-05-15 09:43:23,1,2410.0,40,1446.0,UPI,Accessories,Tablet
PUR_001179,CUST_00524,PROD_00297,SC-2026-002023,2026-08-05 05:53:03,1,13330.0,35,8664.5,UPI,Kitchen,Tablet
PUR_001180,CUST_00460,PROD_00492,SC-2026-002024,2026-06-19 01:48:32,1,5610.0,30,3927.0,Wallet,Gaming,Mobile Web
PUR_001181,CUST_01803,PROD_00174,SC-2026-002025,2026-04-20 18:49:49,1,4760.0,10,4284.0,Debit Card,Footwear,Tablet
PUR_001182,CUST_00729,PROD_00389,SC-2026-002026,2026-06-21 02:36:17,1,15510.0,20,12408.0,Debit Card,Sports,Mobile App
PUR_001183,CUST_01360,PROD_00448,SC-2026-002027,2026-05-08 21:47:04,1,1420.0,20,1136.0,Cash on Delivery,Books,Mobile Web
PUR_001184,CUST_01116,PROD_00123,SC-2026-002028,2026-03-25 14:34:51,1,54980.0,50,27490.0,Cash on Delivery,Laptops,Mobile App
PUR_001185,CUST_01987,PROD_00178,SC-2026-002029,2026-03-29 19:17:44,1,11860.0,15,10081.0,Credit Card,Footwear,Mobile Web
PUR_001186,CUST_01987,PROD_00147,SC-2026-002029,2026-03-29 19:17:44,1,810.0,25,607.5,Credit Card,Fashion,Mobile Web
PUR_001187,CUST_01987,PROD_00198,SC-2026-002030,2026-03-29 19:21:15,1,2720.0,40,1632.0,Cash on Delivery,Footwear,Mobile Web
PUR_001188,CUST_01987,PROD_00129,SC-2026-002030,2026-03-29 19:21:15,1,1480.0,0,1480.0,Cash on Delivery,Fashion,Mobile Web
PUR_001189,CUST_01366,PROD_00015,SC-2026-002031,2026-08-26 11:02:37,1,23870.0,5,22676.5,Credit Card,Electronics,Mobile App
PUR_001190,CUST_02383,PROD_00397,SC-2026-002032,2026-08-05 01:26:41,1,13800.0,40,8280.0,Cash on Delivery,Sports,Mobile App
PUR_001191,CUST_00437,PROD_00086,SC-2026-002033,2026-07-13 18:26:23,1,130800.0,10,117720.0,Wallet,Laptops,Desktop
PUR_001192,CUST_00437,PROD_00532,SC-2026-002033,2026-07-13 18:26:23,1,4160.0,0,4160.0,Wallet,Accessories,Desktop
PUR_001193,CUST_00437,PROD_00093,SC-2026-002034,2026-07-13 18:31:31,1,137790.0,0,137790.0,Cash on Delivery,Laptops,Desktop
PUR_001194,CUST_00437,PROD_00488,SC-2026-002034,2026-07-13 18:31:31,1,28870.0,0,28870.0,Cash on Delivery,Gaming,Desktop
PUR_001195,CUST_02487,PROD_00254,SC-2026-002035,2026-07-23 05:40:52,2,4980.0,10,8964.0,UPI,Home,Mobile Web
PUR_001196,CUST_02925,PROD_00148,SC-2026-002036,2026-05-09 20:04:43,1,5680.0,20,4544.0,Debit Card,Fashion,Mobile Web
PUR_001197,CUST_02925,PROD_00157,SC-2026-002037,2026-05-09 20:05:41,1,6820.0,5,6479.0,Wallet,Fashion,Mobile Web
PUR_001198,CUST_02925,PROD_00128,SC-2026-002038,2026-05-09 20:08:29,1,6120.0,5,5814.0,Debit Card,Fashion,Mobile Web
PUR_001199,CUST_01742,PROD_00354,SC-2026-002039,2026-06-13 05:47:47,1,33990.0,50,16995.0,Cash on Delivery,Furniture,Desktop
PUR_001200,CUST_01561,PROD_00449,SC-2026-002040,2026-06-28 04:12:49,1,2530.0,40,1518.0,Credit Card,Books,Tablet
PUR_001201,CUST_02956,PROD_00561,SC-2026-002041,2026-03-26 15:54:07,1,740.0,15,629.0,Cash on Delivery,Grocery,Mobile App
PUR_001202,CUST_00782,PROD_00091,SC-2026-002042,2026-07-13 14:58:07,1,132690.0,35,86248.5,Debit Card,Laptops,Desktop
PUR_001203,CUST_00782,PROD_00526,SC-2026-002042,2026-07-13 14:58:07,1,4200.0,50,2100.0,Debit Card,Accessories,Desktop
PUR_001204,CUST_01579,PROD_00288,SC-2026-002043,2026-07-22 00:06:38,1,6090.0,25,4567.5,Net Banking,Home,Tablet
PUR_001205,CUST_02396,PROD_00530,SC-2026-002044,2026-03-14 20:01:38,1,5700.0,35,3705.0,Debit Card,Accessories,Tablet
PUR_001206,CUST_01259,PROD_00287,SC-2026-002045,2026-06-23 04:05:35,1,9750.0,5,9262.5,Debit Card,Home,Tablet
PUR_001207,CUST_01259,PROD_00271,SC-2026-002046,2026-06-23 04:07:56,1,9820.0,30,6874.0,Wallet,Home,Tablet
PUR_001208,CUST_01225,PROD_00185,SC-2026-002047,2026-03-27 19:01:11,1,12450.0,20,9960.0,Credit Card,Footwear,Mobile App
PUR_001209,CUST_01225,PROD_00411,SC-2026-002047,2026-03-27 19:01:11,1,9090.0,40,5454.0,Credit Card,Sports,Mobile App
PUR_001210,CUST_02277,PROD_00142,SC-2026-002048,2026-04-23 00:16:43,1,2050.0,50,1025.0,Debit Card,Fashion,Mobile App
PUR_001211,CUST_02142,PROD_00367,SC-2026-002049,2026-07-17 03:09:04,1,38410.0,40,23046.0,Credit Card,Furniture,Tablet
PUR_001212,CUST_02142,PROD_00363,SC-2026-002050,2026-07-17 03:13:03,1,10510.0,35,6831.5,UPI,Furniture,Tablet
PUR_001213,CUST_02017,PROD_00290,SC-2026-002051,2026-05-25 21:00:56,1,410.0,50,205.0,Debit Card,Home,Mobile Web
PUR_001214,CUST_01756,PROD_00421,SC-2026-002052,2026-04-07 05:22:18,1,2160.0,25,1620.0,Wallet,Books,Mobile App
PUR_001215,CUST_01711,PROD_00007,SC-2026-002053,2026-05-09 11:11:08,1,15400.0,0,15400.0,Cash on Delivery,Electronics,Tablet
PUR_001216,CUST_01711,PROD_00002,SC-2026-002054,2026-05-09 11:15:58,1,32560.0,40,19536.0,Credit Card,Electronics,Tablet
PUR_001217,CUST_01656,PROD_00035,SC-2026-002055,2026-03-26 03:02:42,1,44280.0,0,44280.0,Debit Card,Electronics,Desktop
PUR_001218,CUST_01904,PROD_00368,SC-2026-002056,2026-03-18 00:56:48,1,27540.0,25,20655.0,Cash on Delivery,Furniture,Desktop
PUR_001219,CUST_02392,PROD_00181,SC-2026-002057,2026-08-23 23:55:02,1,12540.0,20,10032.0,Wallet,Footwear,Mobile Web
PUR_001220,CUST_02114,PROD_00471,SC-2026-002058,2026-08-01 23:47:28,1,47910.0,20,38328.0,Credit Card,Gaming,Desktop
PUR_001221,CUST_01807,PROD_00342,SC-2026-002059,2026-04-06 21:53:13,1,12930.0,5,12283.5,UPI,Furniture,Mobile App
PUR_001222,CUST_01226,PROD_00104,SC-2026-002060,2026-04-12 20:00:23,1,66240.0,10,59616.0,Cash on Delivery,Laptops,Mobile Web
PUR_001223,CUST_00977,PROD_00052,SC-2026-002061,2026-06-13 11:17:24,1,14090.0,25,10567.5,Debit Card,Mobiles,Mobile App
PUR_001224,CUST_00977,PROD_00527,SC-2026-002061,2026-06-13 11:17:24,1,5800.0,25,4350.0,Debit Card,Accessories,Mobile App
PUR_001225,CUST_00977,PROD_00061,SC-2026-002062,2026-06-13 11:18:59,1,55550.0,40,33330.0,Credit Card,Mobiles,Mobile App
PUR_001226,CUST_00977,PROD_00508,SC-2026-002062,2026-06-13 11:18:59,1,4500.0,10,4050.0,Credit Card,Accessories,Mobile App
PUR_001227,CUST_02876,PROD_00518,SC-2026-002063,2026-07-19 11:50:51,1,2380.0,35,1547.0,Net Banking,Accessories,Mobile Web
PUR_001228,CUST_02876,PROD_00538,SC-2026-002064,2026-07-19 11:54:12,1,4720.0,25,3540.0,Wallet,Accessories,Mobile Web
PUR_001229,CUST_02947,PROD_00156,SC-2026-002065,2026-07-12 05:33:01,1,3540.0,40,2124.0,Net Banking,Fashion,Desktop
PUR_001230,CUST_02479,PROD_00408,SC-2026-002066,2026-06-01 03:37:29,1,9980.0,0,9980.0,Credit Card,Sports,Mobile App
PUR_001231,CUST_02528,PROD_00504,SC-2026-002067,2026-06-11 00:51:46,1,14740.0,5,14003.0,Debit Card,Gaming,Mobile Web
PUR_001232,CUST_00276,PROD_00036,SC-2026-002068,2026-07-20 20:18:04,1,32240.0,0,32240.0,Cash on Delivery,Electronics,Mobile Web
PUR_001233,CUST_01302,PROD_00150,SC-2026-002069,2026-03-28 06:55:07,1,4640.0,25,3480.0,Credit Card,Fashion,Mobile Web
PUR_001234,CUST_01026,PROD_00573,SC-2026-002070,2026-05-15 08:07:22,2,1730.0,35,2249.0,Credit Card,Grocery,Mobile App
PUR_001235,CUST_02239,PROD_00594,SC-2026-002071,2026-05-17 16:04:01,2,5750.0,40,6900.0,Credit Card,Personal Care,Tablet
PUR_001236,CUST_01800,PROD_00195,SC-2026-002072,2026-09-07 01:17:16,1,10880.0,15,9248.0,Wallet,Footwear,Mobile Web
PUR_001237,CUST_01800,PROD_00413,SC-2026-002072,2026-09-07 01:17:16,1,10270.0,15,8729.5,Wallet,Sports,Mobile Web
PUR_001238,CUST_02959,PROD_00026,SC-2026-002073,2026-04-12 15:13:22,1,39780.0,15,33813.0,Wallet,Electronics,Desktop
PUR_001239,CUST_00502,PROD_00071,SC-2026-002074,2026-08-11 03:54:03,1,35310.0,20,28248.0,Net Banking,Mobiles,Mobile App
PUR_001240,CUST_00502,PROD_00031,SC-2026-002074,2026-08-11 03:54:03,1,25720.0,30,18004.0,Net Banking,Electronics,Mobile App
PUR_001241,CUST_02173,PROD_00261,SC-2026-002075,2026-04-15 02:57:04,1,1670.0,50,835.0,Wallet,Home,Mobile App
PUR_001242,CUST_02224,PROD_00284,SC-2026-002076,2026-03-20 18:22:34,1,3230.0,30,2261.0,Credit Card,Home,Tablet
PUR_001243,CUST_02224,PROD_00254,SC-2026-002077,2026-03-20 18:23:35,1,4980.0,10,4482.0,Wallet,Home,Tablet
PUR_001244,CUST_01142,PROD_00068,SC-2026-002078,2026-04-22 12:01:24,1,100520.0,15,85442.0,Credit Card,Mobiles,Mobile Web
PUR_001245,CUST_01142,PROD_00017,SC-2026-002078,2026-04-22 12:01:24,1,7000.0,50,3500.0,Credit Card,Electronics,Mobile Web
PUR_001246,CUST_02162,PROD_00220,SC-2026-002079,2026-09-03 18:36:47,1,1090.0,35,708.5,Net Banking,Beauty,Desktop
PUR_001247,CUST_02162,PROD_00245,SC-2026-002080,2026-09-03 18:37:59,1,2860.0,30,2002.0,Debit Card,Beauty,Desktop
PUR_001248,CUST_00681,PROD_00103,SC-2026-002081,2026-05-05 19:42:16,1,71310.0,5,67744.5,UPI,Laptops,Desktop
PUR_001249,CUST_00681,PROD_00468,SC-2026-002081,2026-05-05 19:42:16,1,40730.0,15,34620.5,UPI,Gaming,Desktop
PUR_001250,CUST_00875,PROD_00272,SC-2026-002082,2026-08-08 07:41:56,1,3200.0,20,2560.0,Cash on Delivery,Home,Desktop
PUR_001251,CUST_00875,PROD_00255,SC-2026-002083,2026-08-08 07:43:08,1,4980.0,15,4233.0,Wallet,Home,Desktop
PUR_001252,CUST_00582,PROD_00565,SC-2026-002084,2026-05-12 23:40:17,1,580.0,5,551.0,UPI,Grocery,Mobile Web
PUR_001253,CUST_00789,PROD_00023,SC-2026-002085,2026-08-15 12:14:53,1,4200.0,5,3990.0,Net Banking,Electronics,Mobile Web
PUR_001254,CUST_02386,PROD_00022,SC-2026-002086,2026-04-27 23:18:08,1,26570.0,40,15942.0,Debit Card,Electronics,Tablet
PUR_001255,CUST_01435,PROD_00277,SC-2026-002087,2026-07-19 06:32:55,1,2350.0,50,1175.0,Credit Card,Home,Desktop
PUR_001256,CUST_01657,PROD_00226,SC-2026-002088,2026-07-03 16:45:27,2,1950.0,5,3705.0,Net Banking,Beauty,Mobile Web
PUR_001257,CUST_00327,PROD_00392,SC-2026-002089,2026-04-20 14:08:18,1,13130.0,15,11160.5,Debit Card,Sports,Desktop
PUR_001258,CUST_02124,PROD_00373,SC-2026-002090,2026-08-12 05:40:14,1,5710.0,10,5139.0,Cash on Delivery,Furniture,Mobile Web
PUR_001259,CUST_00519,PROD_00042,SC-2026-002091,2026-09-01 11:49:02,1,29940.0,0,29940.0,Wallet,Electronics,Mobile App
PUR_001260,CUST_00138,PROD_00398,SC-2026-002092,2026-05-24 13:40:09,1,8670.0,5,8236.5,Net Banking,Sports,Mobile App
PUR_001261,CUST_01386,PROD_00500,SC-2026-002093,2026-08-28 00:51:21,1,23340.0,15,19839.0,Cash on Delivery,Gaming,Mobile App
PUR_001262,CUST_00769,PROD_00130,SC-2026-002094,2026-03-21 20:52:11,2,3910.0,50,3910.0,Debit Card,Fashion,Desktop
PUR_001263,CUST_00218,PROD_00180,SC-2026-002095,2026-04-01 05:59:40,1,9860.0,0,9860.0,Credit Card,Footwear,Mobile App
PUR_001264,CUST_00218,PROD_00162,SC-2026-002095,2026-04-01 05:59:40,1,1830.0,50,915.0,Credit Card,Fashion,Mobile App
PUR_001265,CUST_02028,PROD_00528,SC-2026-002096,2026-06-03 22:23:36,1,3020.0,30,2114.0,Credit Card,Accessories,Tablet
PUR_001266,CUST_02297,PROD_00274,SC-2026-002097,2026-08-30 17:56:58,2,5490.0,15,9333.0,Credit Card,Home,Mobile App
PUR_001267,CUST_00248,PROD_00281,SC-2026-002098,2026-04-24 03:44:24,2,4240.0,5,8056.0,Debit Card,Home,Mobile Web
PUR_001268,CUST_00248,PROD_00270,SC-2026-002099,2026-04-24 03:46:33,1,9190.0,25,6892.5,Debit Card,Home,Mobile Web
PUR_001269,CUST_00875,PROD_00293,SC-2026-002100,2026-08-06 00:17:25,1,2540.0,50,1270.0,Wallet,Home,Mobile App
PUR_001270,CUST_02121,PROD_00596,SC-2026-002101,2026-09-06 01:31:52,1,2610.0,35,1696.5,Credit Card,Personal Care,Mobile App
PUR_001271,CUST_02648,PROD_00355,SC-2026-002102,2026-04-29 09:31:04,1,4800.0,30,3360.0,Cash on Delivery,Furniture,Tablet
PUR_001272,CUST_01040,PROD_00462,SC-2026-002103,2026-07-25 02:03:39,2,460.0,30,644.0,Net Banking,Books,Desktop
PUR_001273,CUST_01040,PROD_00440,SC-2026-002104,2026-07-25 02:06:25,2,1380.0,35,1794.0,Credit Card,Books,Desktop
PUR_001274,CUST_01541,PROD_00462,SC-2026-002105,2026-03-13 07:02:21,1,460.0,30,322.0,Debit Card,Books,Mobile Web
PUR_001275,CUST_01541,PROD_00453,SC-2026-002106,2026-03-13 07:03:55,1,1670.0,50,835.0,UPI,Books,Mobile Web
PUR_001276,CUST_01541,PROD_00429,SC-2026-002107,2026-03-13 07:06:46,2,1460.0,10,2628.0,Credit Card,Books,Mobile Web
PUR_001277,CUST_00803,PROD_00380,SC-2026-002108,2026-04-25 13:02:36,2,5530.0,10,9954.0,Wallet,Sports,Mobile Web
PUR_001278,CUST_01717,PROD_00009,SC-2026-002109,2026-04-16 13:59:08,1,10810.0,10,9729.0,Net Banking,Electronics,Desktop
PUR_001279,CUST_00504,PROD_00107,SC-2026-002110,2026-06-25 18:02:37,1,102770.0,25,77077.5,Debit Card,Laptops,Mobile Web
PUR_001280,CUST_00504,PROD_00489,SC-2026-002110,2026-06-25 18:02:37,1,3940.0,40,2364.0,Debit Card,Gaming,Mobile Web
PUR_001281,CUST_02900,PROD_00131,SC-2026-002111,2026-08-15 16:02:11,1,1110.0,30,777.0,Wallet,Fashion,Mobile Web
PUR_001282,CUST_02671,PROD_00280,SC-2026-002112,2026-03-20 15:00:08,1,5740.0,40,3444.0,Debit Card,Home,Mobile App
PUR_001283,CUST_02133,PROD_00008,SC-2026-002113,2026-07-07 13:21:18,1,23070.0,35,14995.5,UPI,Electronics,Desktop
PUR_001284,CUST_00295,PROD_00476,SC-2026-002114,2026-06-10 00:21:03,1,17470.0,35,11355.5,Wallet,Gaming,Tablet
PUR_001285,CUST_00664,PROD_00056,SC-2026-002115,2026-03-17 02:40:04,1,101160.0,50,50580.0,Wallet,Mobiles,Tablet
PUR_001286,CUST_00664,PROD_00522,SC-2026-002115,2026-03-17 02:40:04,1,6870.0,50,3435.0,Wallet,Accessories,Tablet
PUR_001287,CUST_01457,PROD_00037,SC-2026-002116,2026-06-25 07:24:32,1,30260.0,5,28747.0,Credit Card,Electronics,Tablet
PUR_001288,CUST_02066,PROD_00392,SC-2026-002117,2026-05-14 10:02:12,1,13130.0,15,11160.5,Credit Card,Sports,Mobile Web
PUR_001289,CUST_02066,PROD_00415,SC-2026-002118,2026-05-14 10:02:45,1,11040.0,15,9384.0,Net Banking,Sports,Mobile Web
PUR_001290,CUST_02066,PROD_00387,SC-2026-002119,2026-05-14 10:03:49,1,15200.0,10,13680.0,Net Banking,Sports,Mobile Web
PUR_001291,CUST_02878,PROD_00560,SC-2026-002120,2026-03-30 21:50:24,1,1640.0,30,1148.0,Net Banking,Grocery,Mobile Web
PUR_001292,CUST_02210,PROD_00336,SC-2026-002121,2026-09-04 06:11:35,1,10680.0,15,9078.0,Wallet,Kitchen,Mobile App
PUR_001293,CUST_02667,PROD_00096,SC-2026-002122,2026-06-18 04:06:42,1,48750.0,40,29250.0,Credit Card,Laptops,Mobile Web
PUR_001294,CUST_02667,PROD_00505,SC-2026-002122,2026-06-18 04:06:42,1,490.0,10,441.0,Credit Card,Accessories,Mobile Web
PUR_001295,CUST_02667,PROD_00089,SC-2026-002123,2026-06-18 04:09:17,1,35220.0,0,35220.0,Wallet,Laptops,Mobile Web
PUR_001296,CUST_02667,PROD_00507,SC-2026-002123,2026-06-18 04:09:17,1,2410.0,40,1446.0,Wallet,Accessories,Mobile Web
PUR_001297,CUST_00458,PROD_00420,SC-2026-002124,2026-05-10 01:42:07,1,13840.0,10,12456.0,Net Banking,Sports,Mobile Web
PUR_001298,CUST_00905,PROD_00120,SC-2026-002125,2026-07-25 07:59:18,1,60090.0,15,51076.5,Debit Card,Laptops,Mobile Web
PUR_001299,CUST_00905,PROD_00542,SC-2026-002125,2026-07-25 07:59:18,1,5640.0,30,3948.0,Debit Card,Accessories,Mobile Web
PUR_001300,CUST_02234,PROD_00195,SC-2026-002126,2026-06-19 13:18:40,1,10880.0,15,9248.0,Net Banking,Footwear,Mobile Web
PUR_001301,CUST_02234,PROD_00206,SC-2026-002127,2026-06-19 13:20:43,1,7640.0,50,3820.0,Debit Card,Footwear,Mobile Web
PUR_001302,CUST_02234,PROD_00146,SC-2026-002127,2026-06-19 13:20:43,1,6260.0,25,4695.0,Debit Card,Fashion,Mobile Web
PUR_001303,CUST_00561,PROD_00614,SC-2026-002128,2026-07-11 01:36:59,2,850.0,25,1275.0,Debit Card,Personal Care,Desktop
PUR_001304,CUST_02919,PROD_00038,SC-2026-002129,2026-05-24 17:38:13,1,9600.0,30,6720.0,Wallet,Electronics,Tablet
PUR_001305,CUST_02895,PROD_00452,SC-2026-002130,2026-05-29 06:06:51,1,320.0,10,288.0,UPI,Books,Mobile Web
PUR_001306,CUST_02347,PROD_00485,SC-2026-002131,2026-04-20 16:07:20,1,37250.0,15,31662.5,Wallet,Gaming,Mobile App
PUR_001307,CUST_00038,PROD_00369,SC-2026-002132,2026-06-13 08:30:12,1,15800.0,15,13430.0,Wallet,Furniture,Desktop
PUR_001308,CUST_01819,PROD_00299,SC-2026-002133,2026-05-19 10:37:19,1,13520.0,5,12844.0,Cash on Delivery,Kitchen,Mobile Web
PUR_001309,CUST_01819,PROD_00329,SC-2026-002134,2026-05-19 10:43:24,1,14810.0,25,11107.5,Net Banking,Kitchen,Mobile Web
PUR_001310,CUST_00673,PROD_00255,SC-2026-002135,2026-03-26 20:07:18,1,4980.0,15,4233.0,Net Banking,Home,Tablet
PUR_001311,CUST_00673,PROD_00283,SC-2026-002136,2026-03-26 20:09:35,2,4490.0,25,6735.0,UPI,Home,Tablet
PUR_001312,CUST_00673,PROD_00257,SC-2026-002137,2026-03-26 20:12:05,1,7330.0,10,6597.0,UPI,Home,Tablet
PUR_001313,CUST_01827,PROD_00315,SC-2026-002138,2026-04-12 00:28:09,2,3410.0,0,6820.0,Net Banking,Kitchen,Desktop
PUR_001314,CUST_01207,PROD_00040,SC-2026-002139,2026-07-26 22:22:08,1,30280.0,50,15140.0,Wallet,Electronics,Tablet
PUR_001315,CUST_01207,PROD_00006,SC-2026-002140,2026-07-26 22:22:41,1,31940.0,5,30343.0,Wallet,Electronics,Tablet
PUR_001316,CUST_01207,PROD_00026,SC-2026-002141,2026-07-26 22:23:36,1,39780.0,15,33813.0,Net Banking,Electronics,Tablet
PUR_001317,CUST_00522,PROD_00160,SC-2026-002142,2026-05-20 00:48:56,1,680.0,0,680.0,Wallet,Fashion,Desktop
PUR_001318,CUST_01838,PROD_00595,SC-2026-002143,2026-06-15 11:44:23,1,2680.0,30,1876.0,Debit Card,Personal Care,Mobile App
PUR_001319,CUST_02217,PROD_00116,SC-2026-002144,2026-04-09 07:51:25,1,83110.0,10,74799.0,Debit Card,Laptops,Mobile App
PUR_001320,CUST_01131,PROD_00167,SC-2026-002145,2026-07-06 07:35:21,1,5470.0,20,4376.0,Debit Card,Fashion,Mobile App
PUR_001321,CUST_01889,PROD_00189,SC-2026-002146,2026-05-25 08:15:10,1,2350.0,40,1410.0,Cash on Delivery,Footwear,Tablet
PUR_001322,CUST_01889,PROD_00166,SC-2026-002146,2026-05-25 08:15:10,1,2220.0,25,1665.0,Cash on Delivery,Fashion,Tablet
PUR_001323,CUST_01749,PROD_00046,SC-2026-002147,2026-07-22 13:43:02,1,47290.0,40,28374.0,Net Banking,Mobiles,Mobile Web
PUR_001324,CUST_01749,PROD_00514,SC-2026-002147,2026-07-22 13:43:02,1,1070.0,50,535.0,Net Banking,Accessories,Mobile Web
PUR_001325,CUST_00319,PROD_00023,SC-2026-002148,2026-03-20 02:41:52,1,4200.0,5,3990.0,Net Banking,Electronics,Tablet
PUR_001326,CUST_00776,PROD_00424,SC-2026-002149,2026-03-20 00:31:04,2,660.0,15,1122.0,Wallet,Books,Tablet
PUR_001327,CUST_01691,PROD_00424,SC-2026-002150,2026-08-08 18:19:57,2,660.0,15,1122.0,Debit Card,Books,Mobile Web
PUR_001328,CUST_00031,PROD_00490,SC-2026-002151,2026-07-01 23:22:09,1,51640.0,40,30984.0,Cash on Delivery,Gaming,Desktop
PUR_001329,CUST_00031,PROD_00489,SC-2026-002152,2026-07-01 23:24:27,1,3940.0,40,2364.0,Net Banking,Gaming,Desktop
PUR_001330,CUST_00031,PROD_00488,SC-2026-002153,2026-07-01 23:29:28,1,28870.0,0,28870.0,Wallet,Gaming,Desktop
PUR_001331,CUST_01642,PROD_00360,SC-2026-002154,2026-03-19 13:28:31,1,17090.0,0,17090.0,Credit Card,Furniture,Tablet
PUR_001332,CUST_00717,PROD_00435,SC-2026-002155,2026-06-02 15:00:06,1,1580.0,35,1027.0,Cash on Delivery,Books,Tablet
PUR_001333,CUST_02127,PROD_00307,SC-2026-002156,2026-05-11 10:03:50,2,2920.0,15,4964.0,Credit Card,Kitchen,Tablet
PUR_001334,CUST_02177,PROD_00423,SC-2026-002157,2026-08-19 18:24:19,1,2990.0,40,1794.0,Cash on Delivery,Books,Tablet
PUR_001335,CUST_00624,PROD_00503,SC-2026-002158,2026-07-29 17:05:39,1,44020.0,15,37417.0,Cash on Delivery,Gaming,Mobile App
PUR_001336,CUST_02900,PROD_00364,SC-2026-002159,2026-08-20 17:22:22,1,29820.0,15,25347.0,Net Banking,Furniture,Desktop
PUR_001337,CUST_02165,PROD_00208,SC-2026-002160,2026-08-27 12:53:53,1,7560.0,10,6804.0,UPI,Footwear,Mobile Web
PUR_001338,CUST_02165,PROD_00163,SC-2026-002160,2026-08-27 12:53:53,1,3530.0,20,2824.0,UPI,Fashion,Mobile Web
PUR_001339,CUST_00665,PROD_00511,SC-2026-002161,2026-04-04 21:50:51,2,2490.0,5,4731.0,Net Banking,Accessories,Desktop
PUR_001340,CUST_02647,PROD_00033,SC-2026-002162,2026-08-13 08:28:40,1,10940.0,35,7111.0,Wallet,Electronics,Mobile App
PUR_001341,CUST_02647,PROD_00034,SC-2026-002163,2026-08-13 08:30:07,1,4240.0,20,3392.0,Net Banking,Electronics,Mobile App
PUR_001342,CUST_01415,PROD_00494,SC-2026-002164,2026-07-06 16:28:24,1,10760.0,10,9684.0,Wallet,Gaming,Tablet
PUR_001343,CUST_01552,PROD_00608,SC-2026-002165,2026-09-02 01:02:13,1,5170.0,10,4653.0,Cash on Delivery,Personal Care,Mobile Web
PUR_001344,CUST_02608,PROD_00432,SC-2026-002166,2026-03-28 03:38:46,1,1200.0,25,900.0,Wallet,Books,Tablet
PUR_001345,CUST_01276,PROD_00106,SC-2026-002167,2026-05-22 14:48:14,1,84240.0,15,71604.0,Cash on Delivery,Laptops,Mobile App
PUR_001346,CUST_00846,PROD_00151,SC-2026-002168,2026-04-17 11:07:32,1,2880.0,30,2016.0,Debit Card,Fashion,Mobile Web
PUR_001347,CUST_00846,PROD_00158,SC-2026-002169,2026-04-17 11:10:23,1,2480.0,10,2232.0,Cash on Delivery,Fashion,Mobile Web
PUR_001348,CUST_01277,PROD_00180,SC-2026-002170,2026-04-26 19:45:17,1,9860.0,0,9860.0,Debit Card,Footwear,Desktop
PUR_001349,CUST_01277,PROD_00199,SC-2026-002171,2026-04-26 19:48:49,1,12670.0,30,8869.0,Cash on Delivery,Footwear,Desktop
PUR_001350,CUST_01277,PROD_00149,SC-2026-002171,2026-04-26 19:48:49,1,2490.0,50,1245.0,Cash on Delivery,Fashion,Desktop
PUR_001351,CUST_02624,PROD_00339,SC-2026-002172,2026-05-17 03:29:31,2,3100.0,5,5890.0,Net Banking,Furniture,Tablet
PUR_001352,CUST_02298,PROD_00514,SC-2026-002173,2026-08-02 00:04:32,2,1070.0,50,1070.0,Credit Card,Accessories,Mobile App
PUR_001353,CUST_01950,PROD_00337,SC-2026-002174,2026-05-13 18:05:08,1,18500.0,5,17575.0,Net Banking,Furniture,Desktop
PUR_001354,CUST_02263,PROD_00419,SC-2026-002175,2026-04-25 18:59:31,2,2230.0,40,2676.0,Wallet,Sports,Mobile App
PUR_001355,CUST_01555,PROD_00587,SC-2026-002176,2026-07-19 21:57:34,2,720.0,20,1152.0,Cash on Delivery,Grocery,Desktop
PUR_001356,CUST_00731,PROD_00172,SC-2026-002177,2026-06-02 03:52:29,2,3910.0,50,3910.0,Wallet,Footwear,Mobile App
PUR_001357,CUST_00731,PROD_00163,SC-2026-002177,2026-06-02 03:52:29,1,3530.0,20,2824.0,Wallet,Fashion,Mobile App
PUR_001358,CUST_01754,PROD_00575,SC-2026-002178,2026-06-29 18:29:12,2,1080.0,30,1512.0,Wallet,Grocery,Mobile App
PUR_001359,CUST_01754,PROD_00550,SC-2026-002179,2026-06-29 18:30:05,1,1060.0,10,954.0,UPI,Grocery,Mobile App
PUR_001360,CUST_02693,PROD_00088,SC-2026-002180,2026-08-29 03:29:33,1,172590.0,15,146701.5,Debit Card,Laptops,Tablet
PUR_001361,CUST_02693,PROD_00546,SC-2026-002180,2026-08-29 03:29:33,1,920.0,50,460.0,Debit Card,Accessories,Tablet
PUR_001362,CUST_02418,PROD_00588,SC-2026-002181,2026-08-16 04:17:29,1,450.0,40,270.0,Debit Card,Grocery,Mobile Web
PUR_001363,CUST_02291,PROD_00107,SC-2026-002182,2026-06-16 18:08:10,1,102770.0,25,77077.5,Net Banking,Laptops,Mobile App
PUR_001364,CUST_02206,PROD_00026,SC-2026-002183,2026-08-16 08:29:17,1,39780.0,15,33813.0,UPI,Electronics,Desktop
PUR_001365,CUST_02032,PROD_00457,SC-2026-002184,2026-06-10 14:00:44,1,670.0,10,603.0,Net Banking,Books,Desktop
PUR_001366,CUST_02230,PROD_00024,SC-2026-002185,2026-03-29 14:17:36,1,25960.0,25,19470.0,UPI,Electronics,Mobile App
PUR_001367,CUST_01092,PROD_00056,SC-2026-002186,2026-04-03 09:21:53,1,101160.0,50,50580.0,UPI,Mobiles,Mobile Web
PUR_001368,CUST_01092,PROD_00509,SC-2026-002186,2026-04-03 09:21:53,1,6180.0,25,4635.0,UPI,Accessories,Mobile Web
PUR_001369,CUST_01092,PROD_00059,SC-2026-002187,2026-04-03 09:23:30,1,36530.0,35,23744.5,Credit Card,Mobiles,Mobile Web
PUR_001370,CUST_01092,PROD_00535,SC-2026-002187,2026-04-03 09:23:30,1,2520.0,25,1890.0,Credit Card,Accessories,Mobile Web
PUR_001371,CUST_00038,PROD_00456,SC-2026-002188,2026-03-25 14:44:38,1,900.0,10,810.0,Cash on Delivery,Books,Mobile App
PUR_001372,CUST_02725,PROD_00029,SC-2026-002189,2026-03-21 15:03:22,1,20550.0,30,14385.0,Cash on Delivery,Electronics,Tablet
PUR_001373,CUST_01938,PROD_00466,SC-2026-002190,2026-06-11 14:46:12,1,24320.0,30,17024.0,UPI,Gaming,Mobile Web
PUR_001374,CUST_02194,PROD_00160,SC-2026-002191,2026-07-18 00:19:20,1,680.0,0,680.0,Debit Card,Fashion,Tablet
PUR_001375,CUST_02543,PROD_00327,SC-2026-002192,2026-04-16 02:45:11,1,8960.0,50,4480.0,Wallet,Kitchen,Mobile Web
PUR_001376,CUST_01280,PROD_00478,SC-2026-002193,2026-04-25 01:51:06,1,36470.0,5,34646.5,Credit Card,Gaming,Desktop
PUR_001377,CUST_01171,PROD_00273,SC-2026-002194,2026-08-02 19:25:16,1,4340.0,15,3689.0,Credit Card,Home,Tablet
PUR_001378,CUST_00461,PROD_00406,SC-2026-002195,2026-04-23 02:07:02,1,940.0,30,658.0,UPI,Sports,Tablet
PUR_001379,CUST_00461,PROD_00410,SC-2026-002196,2026-04-23 02:08:41,1,13110.0,15,11143.5,UPI,Sports,Tablet
PUR_001380,CUST_00461,PROD_00386,SC-2026-002197,2026-04-23 02:11:23,1,1770.0,25,1327.5,Debit Card,Sports,Tablet
PUR_001381,CUST_00632,PROD_00317,SC-2026-002198,2026-06-17 20:21:56,1,13470.0,5,12796.5,UPI,Kitchen,Mobile Web
PUR_001382,CUST_00883,PROD_00590,SC-2026-002199,2026-06-21 18:35:28,1,1140.0,20,912.0,Cash on Delivery,Personal Care,Desktop
PUR_001383,CUST_00127,PROD_00281,SC-2026-002200,2026-04-26 23:56:32,1,4240.0,5,4028.0,UPI,Home,Tablet
PUR_001384,CUST_00281,PROD_00197,SC-2026-002201,2026-09-06 04:21:58,1,3610.0,0,3610.0,Wallet,Footwear,Mobile Web
PUR_001385,CUST_00281,PROD_00147,SC-2026-002201,2026-09-06 04:21:58,1,810.0,25,607.5,Wallet,Fashion,Mobile Web
PUR_001386,CUST_00281,PROD_00184,SC-2026-002202,2026-09-06 04:24:07,1,9030.0,10,8127.0,Wallet,Footwear,Mobile Web
PUR_001387,CUST_00281,PROD_00388,SC-2026-002202,2026-09-06 04:24:07,1,1020.0,15,867.0,Wallet,Sports,Mobile Web
PUR_001388,CUST_00740,PROD_00549,SC-2026-002203,2026-06-10 05:54:42,1,760.0,0,760.0,Debit Card,Grocery,Mobile Web
PUR_001389,CUST_00740,PROD_00579,SC-2026-002204,2026-06-10 05:56:46,2,1620.0,5,3078.0,Net Banking,Grocery,Mobile Web
PUR_001390,CUST_00834,PROD_00518,SC-2026-002205,2026-03-17 00:57:18,1,2380.0,35,1547.0,Wallet,Accessories,Desktop
PUR_001391,CUST_01675,PROD_00450,SC-2026-002206,2026-08-19 12:01:41,1,1620.0,10,1458.0,UPI,Books,Tablet
PUR_001392,CUST_02266,PROD_00617,SC-2026-002207,2026-05-03 08:27:26,2,2500.0,40,3000.0,Credit Card,Personal Care,Mobile App
PUR_001393,CUST_00871,PROD_00484,SC-2026-002208,2026-08-28 03:24:26,1,21190.0,30,14833.0,Cash on Delivery,Gaming,Tablet
PUR_001394,CUST_02233,PROD_00037,SC-2026-002209,2026-05-19 09:02:26,1,30260.0,5,28747.0,Net Banking,Electronics,Mobile App
PUR_001395,CUST_02549,PROD_00162,SC-2026-002210,2026-07-15 05:41:55,2,1830.0,50,1830.0,Wallet,Fashion,Mobile App
PUR_001396,CUST_00515,PROD_00611,SC-2026-002211,2026-05-08 04:16:24,1,4530.0,20,3624.0,Debit Card,Personal Care,Mobile App
PUR_001397,CUST_02377,PROD_00560,SC-2026-002212,2026-06-05 05:04:14,1,1640.0,30,1148.0,Credit Card,Grocery,Mobile App
PUR_001398,CUST_02377,PROD_00567,SC-2026-002213,2026-06-05 05:09:03,1,950.0,25,712.5,Credit Card,Grocery,Mobile App
PUR_001399,CUST_01717,PROD_00029,SC-2026-002214,2026-07-23 02:05:08,1,20550.0,30,14385.0,Cash on Delivery,Electronics,Mobile Web
PUR_001400,CUST_01378,PROD_00483,SC-2026-002215,2026-05-26 12:31:49,1,13470.0,15,11449.5,Cash on Delivery,Gaming,Mobile Web
PUR_001401,CUST_00218,PROD_00182,SC-2026-002216,2026-06-13 05:01:06,1,11670.0,10,10503.0,Wallet,Footwear,Mobile App
PUR_001402,CUST_00218,PROD_00141,SC-2026-002216,2026-06-13 05:01:06,1,3550.0,50,1775.0,Wallet,Fashion,Mobile App
PUR_001403,CUST_02626,PROD_00495,SC-2026-002217,2026-06-06 03:18:17,1,33830.0,35,21989.5,UPI,Gaming,Desktop
PUR_001404,CUST_01129,PROD_00283,SC-2026-002218,2026-05-29 14:18:55,1,4490.0,25,3367.5,Cash on Delivery,Home,Mobile App
PUR_001405,CUST_01366,PROD_00029,SC-2026-002219,2026-07-16 22:02:33,1,20550.0,30,14385.0,Net Banking,Electronics,Mobile Web
PUR_001406,CUST_00451,PROD_00093,SC-2026-002220,2026-03-25 16:59:06,1,137790.0,0,137790.0,Credit Card,Laptops,Mobile Web
PUR_001407,CUST_00451,PROD_00539,SC-2026-002220,2026-03-25 16:59:06,1,6780.0,50,3390.0,Credit Card,Accessories,Mobile Web
PUR_001408,CUST_00914,PROD_00157,SC-2026-002221,2026-05-28 10:48:13,1,6820.0,5,6479.0,UPI,Fashion,Mobile App
PUR_001409,CUST_02105,PROD_00528,SC-2026-002222,2026-08-17 09:08:39,1,3020.0,30,2114.0,Credit Card,Accessories,Tablet
PUR_001410,CUST_00404,PROD_00194,SC-2026-002223,2026-07-13 09:44:48,1,12910.0,30,9037.0,Credit Card,Footwear,Tablet
PUR_001411,CUST_01846,PROD_00426,SC-2026-002224,2026-06-30 10:56:00,2,2380.0,25,3570.0,Debit Card,Books,Desktop
PUR_001412,CUST_02886,PROD_00262,SC-2026-002225,2026-04-01 11:11:44,1,780.0,0,780.0,Wallet,Home,Desktop
PUR_001413,CUST_02655,PROD_00073,SC-2026-002226,2026-06-13 06:11:29,1,118290.0,40,70974.0,Credit Card,Mobiles,Desktop
PUR_001414,CUST_02655,PROD_00507,SC-2026-002226,2026-06-13 06:11:29,1,2410.0,40,1446.0,Credit Card,Accessories,Desktop
PUR_001415,CUST_00848,PROD_00227,SC-2026-002227,2026-07-22 09:38:52,1,1180.0,20,944.0,Debit Card,Beauty,Mobile App
PUR_001416,CUST_00848,PROD_00228,SC-2026-002228,2026-07-22 09:40:07,2,950.0,30,1330.0,Net Banking,Beauty,Mobile App
PUR_001417,CUST_00885,PROD_00031,SC-2026-002229,2026-07-11 20:44:26,1,25720.0,30,18004.0,Credit Card,Electronics,Mobile App
PUR_001418,CUST_00885,PROD_00019,SC-2026-002230,2026-07-11 20:44:57,1,7340.0,10,6606.0,Debit Card,Electronics,Mobile App
PUR_001419,CUST_01878,PROD_00460,SC-2026-002231,2026-06-26 07:44:34,1,2980.0,20,2384.0,UPI,Books,Tablet
PUR_001420,CUST_02879,PROD_00048,SC-2026-002232,2026-06-02 15:41:50,1,49160.0,30,34412.0,Net Banking,Mobiles,Desktop
PUR_001421,CUST_02879,PROD_00032,SC-2026-002232,2026-06-02 15:41:50,1,15750.0,30,11025.0,Net Banking,Electronics,Desktop
PUR_001422,CUST_01981,PROD_00272,SC-2026-002233,2026-06-01 15:07:42,1,3200.0,20,2560.0,Net Banking,Home,Tablet
PUR_001423,CUST_00162,PROD_00437,SC-2026-002234,2026-03-12 03:12:02,1,870.0,50,435.0,UPI,Books,Mobile App
PUR_001424,CUST_00162,PROD_00449,SC-2026-002235,2026-03-12 03:14:47,1,2530.0,40,1518.0,Credit Card,Books,Mobile App
PUR_001425,CUST_01267,PROD_00503,SC-2026-002236,2026-05-30 07:22:01,1,44020.0,15,37417.0,Debit Card,Gaming,Mobile Web
PUR_001426,CUST_00541,PROD_00616,SC-2026-002237,2026-08-21 10:58:06,1,2680.0,5,2546.0,Cash on Delivery,Personal Care,Desktop
PUR_001427,CUST_01484,PROD_00328,SC-2026-002238,2026-07-10 13:14:23,1,2690.0,15,2286.5,Credit Card,Kitchen,Tablet
PUR_001428,CUST_01484,PROD_00302,SC-2026-002239,2026-07-10 13:16:18,1,1910.0,15,1623.5,Credit Card,Kitchen,Tablet
PUR_001429,CUST_01948,PROD_00511,SC-2026-002240,2026-06-08 20:59:02,1,2490.0,5,2365.5,UPI,Accessories,Desktop
PUR_001430,CUST_00078,PROD_00042,SC-2026-002241,2026-04-23 07:23:48,1,29940.0,0,29940.0,Credit Card,Electronics,Mobile Web
PUR_001431,CUST_01606,PROD_00205,SC-2026-002242,2026-07-31 17:08:14,1,12770.0,35,8300.5,Credit Card,Footwear,Mobile App
PUR_001432,CUST_01325,PROD_00118,SC-2026-002243,2026-07-25 08:21:03,1,35810.0,5,34019.5,Debit Card,Laptops,Tablet
PUR_001433,CUST_01325,PROD_00471,SC-2026-002243,2026-07-25 08:21:03,1,47910.0,20,38328.0,Debit Card,Gaming,Tablet
PUR_001434,CUST_01789,PROD_00225,SC-2026-002244,2026-06-16 17:34:35,1,1050.0,30,735.0,Net Banking,Beauty,Desktop
PUR_001435,CUST_02101,PROD_00187,SC-2026-002245,2026-03-19 10:59:57,1,12490.0,35,8118.5,Cash on Delivery,Footwear,Mobile App
PUR_001436,CUST_02101,PROD_00141,SC-2026-002245,2026-03-19 10:59:57,1,3550.0,50,1775.0,Cash on Delivery,Fashion,Mobile App
PUR_001437,CUST_01480,PROD_00176,SC-2026-002246,2026-07-07 20:32:37,1,7880.0,40,4728.0,Cash on Delivery,Footwear,Desktop
PUR_001438,CUST_00791,PROD_00160,SC-2026-002247,2026-08-13 23:52:55,1,680.0,0,680.0,UPI,Fashion,Tablet
PUR_001439,CUST_01454,PROD_00524,SC-2026-002248,2026-08-29 07:14:45,1,2840.0,35,1846.0,Cash on Delivery,Accessories,Desktop
PUR_001440,CUST_02443,PROD_00160,SC-2026-002249,2026-05-27 03:43:35,1,680.0,0,680.0,UPI,Fashion,Desktop
PUR_001441,CUST_01084,PROD_00186,SC-2026-002250,2026-08-04 08:16:52,2,2920.0,40,3504.0,Debit Card,Footwear,Tablet
PUR_001442,CUST_01084,PROD_00161,SC-2026-002250,2026-08-04 08:16:52,1,6720.0,35,4368.0,Debit Card,Fashion,Tablet
PUR_001443,CUST_01494,PROD_00434,SC-2026-002251,2026-04-26 10:29:06,1,1220.0,20,976.0,UPI,Books,Desktop
PUR_001444,CUST_02752,PROD_00368,SC-2026-002252,2026-06-15 04:35:44,1,27540.0,25,20655.0,Credit Card,Furniture,Mobile App
PUR_001445,CUST_00795,PROD_00203,SC-2026-002253,2026-05-03 22:57:31,1,11910.0,15,10123.5,Wallet,Footwear,Tablet
PUR_001446,CUST_02793,PROD_00490,SC-2026-002254,2026-04-16 20:42:18,1,51640.0,40,30984.0,Net Banking,Gaming,Tablet
PUR_001447,CUST_00277,PROD_00091,SC-2026-002255,2026-05-12 04:14:18,1,132690.0,35,86248.5,Credit Card,Laptops,Desktop
PUR_001448,CUST_00277,PROD_00465,SC-2026-002255,2026-05-12 04:14:18,1,31500.0,25,23625.0,Credit Card,Gaming,Desktop
PUR_001449,CUST_02672,PROD_00242,SC-2026-002256,2026-03-26 15:21:49,1,1450.0,40,870.0,Cash on Delivery,Beauty,Tablet
PUR_001450,CUST_02672,PROD_00211,SC-2026-002257,2026-03-26 15:23:52,1,4120.0,5,3914.0,Debit Card,Beauty,Tablet
PUR_001451,CUST_02672,PROD_00212,SC-2026-002258,2026-03-26 15:25:09,2,4330.0,35,5629.0,Wallet,Beauty,Tablet
PUR_001452,CUST_01487,PROD_00106,SC-2026-002259,2026-05-13 22:45:08,1,84240.0,15,71604.0,UPI,Laptops,Desktop
PUR_001453,CUST_01487,PROD_00509,SC-2026-002259,2026-05-13 22:45:08,1,6180.0,25,4635.0,UPI,Accessories,Desktop
PUR_001454,CUST_01487,PROD_00122,SC-2026-002260,2026-05-13 22:49:07,1,40220.0,25,30165.0,Debit Card,Laptops,Desktop
PUR_001455,CUST_01487,PROD_00480,SC-2026-002260,2026-05-13 22:49:07,1,17680.0,40,10608.0,Debit Card,Gaming,Desktop
PUR_001456,CUST_02211,PROD_00271,SC-2026-002261,2026-04-04 12:01:21,1,9820.0,30,6874.0,Debit Card,Home,Mobile Web
PUR_001457,CUST_02368,PROD_00244,SC-2026-002262,2026-04-23 02:30:53,1,4500.0,35,2925.0,Wallet,Beauty,Desktop
PUR_001458,CUST_02261,PROD_00127,SC-2026-002263,2026-04-23 00:20:15,1,4600.0,20,3680.0,Wallet,Fashion,Desktop
PUR_001459,CUST_02261,PROD_00130,SC-2026-002264,2026-04-23 00:22:57,1,3910.0,50,1955.0,Credit Card,Fashion,Desktop
PUR_001460,CUST_01681,PROD_00082,SC-2026-002265,2026-07-16 08:33:14,1,107970.0,25,80977.5,Credit Card,Mobiles,Desktop
PUR_001461,CUST_01509,PROD_00028,SC-2026-002266,2026-04-09 07:20:03,1,12200.0,0,12200.0,Wallet,Electronics,Mobile Web
PUR_001462,CUST_01509,PROD_00027,SC-2026-002267,2026-04-09 07:24:08,1,7080.0,5,6726.0,Credit Card,Electronics,Mobile Web
PUR_001463,CUST_02176,PROD_00174,SC-2026-002268,2026-05-06 19:07:44,2,4760.0,10,8568.0,Debit Card,Footwear,Mobile Web
PUR_001464,CUST_02176,PROD_00207,SC-2026-002269,2026-05-06 19:10:44,1,12320.0,25,9240.0,Credit Card,Footwear,Mobile Web
PUR_001465,CUST_02176,PROD_00128,SC-2026-002269,2026-05-06 19:10:44,1,6120.0,5,5814.0,Credit Card,Fashion,Mobile Web
PUR_001466,CUST_00033,PROD_00193,SC-2026-002270,2026-07-06 23:29:33,1,12740.0,30,8918.0,Cash on Delivery,Footwear,Tablet
PUR_001467,CUST_01362,PROD_00470,SC-2026-002271,2026-03-21 02:35:53,1,3420.0,15,2907.0,Credit Card,Gaming,Mobile App
PUR_001468,CUST_00063,PROD_00015,SC-2026-002272,2026-04-14 10:15:20,1,23870.0,5,22676.5,Debit Card,Electronics,Desktop
PUR_001469,CUST_00063,PROD_00004,SC-2026-002273,2026-04-14 10:19:11,1,43820.0,30,30674.0,Wallet,Electronics,Desktop
PUR_001470,CUST_00053,PROD_00439,SC-2026-002274,2026-04-26 13:38:35,1,260.0,5,247.0,Cash on Delivery,Books,Tablet
PUR_001471,CUST_00221,PROD_00318,SC-2026-002275,2026-09-01 20:21:28,1,6440.0,0,6440.0,Cash on Delivery,Kitchen,Mobile App
PUR_001472,CUST_02033,PROD_00323,SC-2026-002276,2026-04-10 17:41:13,1,14960.0,20,11968.0,Wallet,Kitchen,Mobile Web
PUR_001473,CUST_00062,PROD_00359,SC-2026-002277,2026-04-15 14:52:19,1,31150.0,40,18690.0,UPI,Furniture,Mobile App
PUR_001474,CUST_00548,PROD_00613,SC-2026-002278,2026-07-03 16:01:20,1,2950.0,50,1475.0,Debit Card,Personal Care,Tablet
PUR_001475,CUST_02477,PROD_00208,SC-2026-002279,2026-05-10 19:45:21,1,7560.0,10,6804.0,Wallet,Footwear,Desktop
PUR_001476,CUST_02477,PROD_00394,SC-2026-002279,2026-05-10 19:45:21,1,14790.0,40,8874.0,Wallet,Sports,Desktop
PUR_001477,CUST_02040,PROD_00256,SC-2026-002280,2026-08-02 14:39:53,1,7630.0,10,6867.0,Net Banking,Home,Desktop
PUR_001478,CUST_02876,PROD_00024,SC-2026-002281,2026-08-22 19:00:02,1,25960.0,25,19470.0,Cash on Delivery,Electronics,Desktop
PUR_001479,CUST_02839,PROD_00181,SC-2026-002282,2026-09-06 10:41:43,1,12540.0,20,10032.0,UPI,Footwear,Mobile App
PUR_001480,CUST_02839,PROD_00148,SC-2026-002282,2026-09-06 10:41:43,1,5680.0,20,4544.0,UPI,Fashion,Mobile App
PUR_001481,CUST_02337,PROD_00073,SC-2026-002283,2026-07-29 19:08:12,1,118290.0,40,70974.0,Cash on Delivery,Mobiles,Tablet
PUR_001482,CUST_01391,PROD_00319,SC-2026-002284,2026-07-16 03:07:37,1,9320.0,20,7456.0,UPI,Kitchen,Mobile Web
PUR_001483,CUST_01921,PROD_00133,SC-2026-002285,2026-05-16 14:13:46,1,620.0,20,496.0,UPI,Fashion,Mobile App
PUR_001484,CUST_00171,PROD_00472,SC-2026-002286,2026-09-03 18:00:16,1,12440.0,40,7464.0,Net Banking,Gaming,Desktop
PUR_001485,CUST_01496,PROD_00478,SC-2026-002287,2026-03-31 14:54:44,1,36470.0,5,34646.5,Credit Card,Gaming,Mobile Web
PUR_001486,CUST_01496,PROD_00487,SC-2026-002288,2026-03-31 14:55:39,1,48290.0,0,48290.0,Wallet,Gaming,Mobile Web
PUR_001487,CUST_02694,PROD_00417,SC-2026-002289,2026-08-13 23:33:04,1,6160.0,25,4620.0,UPI,Sports,Tablet
PUR_001488,CUST_00397,PROD_00006,SC-2026-002290,2026-04-10 13:21:28,1,31940.0,5,30343.0,Credit Card,Electronics,Desktop
PUR_001489,CUST_01077,PROD_00091,SC-2026-002291,2026-06-25 17:33:40,1,132690.0,35,86248.5,UPI,Laptops,Tablet
PUR_001490,CUST_01077,PROD_00533,SC-2026-002291,2026-06-25 17:33:40,1,5200.0,20,4160.0,UPI,Accessories,Tablet
PUR_001491,CUST_00156,PROD_00170,SC-2026-002292,2026-07-23 22:20:24,1,7390.0,50,3695.0,Debit Card,Footwear,Mobile Web
PUR_001492,CUST_00156,PROD_00168,SC-2026-002292,2026-07-23 22:20:24,1,5410.0,15,4598.5,Debit Card,Fashion,Mobile Web
PUR_001493,CUST_00851,PROD_00583,SC-2026-002293,2026-05-07 11:25:27,2,1630.0,5,3097.0,Cash on Delivery,Grocery,Mobile Web
PUR_001494,CUST_02058,PROD_00621,SC-2026-002294,2026-07-04 04:19:39,2,2420.0,25,3630.0,Cash on Delivery,Personal Care,Mobile App
PUR_001495,CUST_02058,PROD_00623,SC-2026-002295,2026-07-04 04:21:25,1,2770.0,0,2770.0,Cash on Delivery,Personal Care,Mobile App
PUR_001496,CUST_01475,PROD_00529,SC-2026-002296,2026-03-20 13:48:15,1,6980.0,10,6282.0,Net Banking,Accessories,Mobile App
PUR_001497,CUST_01475,PROD_00513,SC-2026-002297,2026-03-20 13:51:29,1,5380.0,15,4573.0,Credit Card,Accessories,Mobile App
PUR_001498,CUST_01475,PROD_00524,SC-2026-002298,2026-03-20 13:53:59,1,2840.0,35,1846.0,UPI,Accessories,Mobile App
PUR_001499,CUST_00989,PROD_00323,SC-2026-002299,2026-08-11 13:20:13,1,14960.0,20,11968.0,Cash on Delivery,Kitchen,Tablet
PUR_001500,CUST_00059,PROD_00241,SC-2026-002300,2026-04-02 05:47:23,1,2420.0,35,1573.0,Credit Card,Beauty,Tablet
PUR_001501,CUST_01704,PROD_00027,SC-2026-002301,2026-09-06 14:59:55,1,7080.0,5,6726.0,Wallet,Electronics,Tablet
PUR_001502,CUST_01704,PROD_00024,SC-2026-002302,2026-09-06 15:01:52,1,25960.0,25,19470.0,Debit Card,Electronics,Tablet
PUR_001503,CUST_02442,PROD_00528,SC-2026-002303,2026-07-06 16:16:39,2,3020.0,30,4228.0,Debit Card,Accessories,Mobile Web
PUR_001504,CUST_02442,PROD_00529,SC-2026-002304,2026-07-06 16:17:26,1,6980.0,10,6282.0,Cash on Delivery,Accessories,Mobile Web
PUR_001505,CUST_02047,PROD_00347,SC-2026-002305,2026-06-06 02:49:26,1,37570.0,40,22542.0,Credit Card,Furniture,Mobile App
PUR_001506,CUST_00259,PROD_00070,SC-2026-002306,2026-04-19 05:39:10,1,26310.0,30,18417.0,UPI,Mobiles,Tablet
PUR_001507,CUST_00259,PROD_00523,SC-2026-002306,2026-04-19 05:39:10,1,3400.0,40,2040.0,UPI,Accessories,Tablet
PUR_001508,CUST_01640,PROD_00285,SC-2026-002307,2026-06-27 21:11:10,1,9940.0,40,5964.0,Wallet,Home,Tablet
PUR_001509,CUST_01305,PROD_00367,SC-2026-002308,2026-07-04 10:27:25,1,38410.0,40,23046.0,Net Banking,Furniture,Mobile Web
PUR_001510,CUST_02795,PROD_00200,SC-2026-002309,2026-04-29 07:27:33,1,11190.0,20,8952.0,Net Banking,Footwear,Tablet
PUR_001511,CUST_02795,PROD_00178,SC-2026-002310,2026-04-29 07:30:22,1,11860.0,15,10081.0,Cash on Delivery,Footwear,Tablet
PUR_001512,CUST_02795,PROD_00420,SC-2026-002310,2026-04-29 07:30:22,1,13840.0,10,12456.0,Cash on Delivery,Sports,Tablet
PUR_001513,CUST_02795,PROD_00169,SC-2026-002311,2026-04-29 07:31:09,2,8270.0,40,9924.0,UPI,Footwear,Tablet
PUR_001514,CUST_02795,PROD_00417,SC-2026-002311,2026-04-29 07:31:09,1,6160.0,25,4620.0,UPI,Sports,Tablet
PUR_001515,CUST_02795,PROD_00202,SC-2026-002312,2026-04-29 07:32:41,1,8260.0,0,8260.0,Credit Card,Footwear,Tablet
PUR_001516,CUST_02795,PROD_00151,SC-2026-002312,2026-04-29 07:32:41,1,2880.0,30,2016.0,Credit Card,Fashion,Tablet
PUR_001517,CUST_02901,PROD_00393,SC-2026-002313,2026-06-21 09:14:35,1,6780.0,15,5763.0,Debit Card,Sports,Mobile App
PUR_001518,CUST_02493,PROD_00410,SC-2026-002314,2026-05-18 17:02:46,1,13110.0,15,11143.5,Credit Card,Sports,Desktop
PUR_001519,CUST_01358,PROD_00142,SC-2026-002315,2026-03-17 02:34:05,2,2050.0,50,2050.0,Net Banking,Fashion,Mobile App
PUR_001520,CUST_01358,PROD_00147,SC-2026-002316,2026-03-17 02:35:51,1,810.0,25,607.5,Wallet,Fashion,Mobile App
PUR_001521,CUST_01358,PROD_00157,SC-2026-002317,2026-03-17 02:39:30,1,6820.0,5,6479.0,Debit Card,Fashion,Mobile App
PUR_001522,CUST_01727,PROD_00270,SC-2026-002318,2026-06-14 15:41:23,1,9190.0,25,6892.5,Wallet,Home,Desktop
PUR_001523,CUST_00631,PROD_00260,SC-2026-002319,2026-07-08 23:33:44,1,920.0,15,782.0,Net Banking,Home,Tablet
PUR_001524,CUST_02862,PROD_00258,SC-2026-002320,2026-04-16 11:53:39,2,3770.0,30,5278.0,Credit Card,Home,Mobile Web
PUR_001525,CUST_02086,PROD_00095,SC-2026-002321,2026-03-17 04:37:35,1,129480.0,20,103584.0,Debit Card,Laptops,Mobile App
PUR_001526,CUST_02086,PROD_00493,SC-2026-002321,2026-03-17 04:37:35,1,31540.0,10,28386.0,Debit Card,Gaming,Mobile App
PUR_001527,CUST_01015,PROD_00144,SC-2026-002322,2026-07-06 11:41:15,1,2150.0,0,2150.0,Wallet,Fashion,Tablet
PUR_001528,CUST_01248,PROD_00200,SC-2026-002323,2026-03-28 23:31:48,1,11190.0,20,8952.0,UPI,Footwear,Mobile App
PUR_001529,CUST_01839,PROD_00533,SC-2026-002324,2026-07-14 21:06:22,1,5200.0,20,4160.0,Net Banking,Accessories,Mobile App
PUR_001530,CUST_00870,PROD_00298,SC-2026-002325,2026-05-23 04:46:49,1,12760.0,20,10208.0,Wallet,Kitchen,Tablet
PUR_001531,CUST_00870,PROD_00317,SC-2026-002326,2026-05-23 04:49:09,1,13470.0,5,12796.5,Debit Card,Kitchen,Tablet
PUR_001532,CUST_01654,PROD_00538,SC-2026-002327,2026-06-10 09:08:09,2,4720.0,25,7080.0,UPI,Accessories,Desktop
PUR_001533,CUST_01654,PROD_00525,SC-2026-002328,2026-06-10 09:11:50,1,2250.0,50,1125.0,Debit Card,Accessories,Desktop
PUR_001534,CUST_01226,PROD_00118,SC-2026-002329,2026-07-07 12:18:30,1,35810.0,5,34019.5,Wallet,Laptops,Desktop
PUR_001535,CUST_01226,PROD_00097,SC-2026-002330,2026-07-07 12:20:33,1,101530.0,5,96453.5,Cash on Delivery,Laptops,Desktop
PUR_001536,CUST_01226,PROD_00545,SC-2026-002330,2026-07-07 12:20:33,1,380.0,5,361.0,Cash on Delivery,Accessories,Desktop
PUR_001537,CUST_00795,PROD_00210,SC-2026-002331,2026-07-26 04:35:54,1,7390.0,30,5173.0,Cash on Delivery,Footwear,Tablet
PUR_001538,CUST_00795,PROD_00410,SC-2026-002331,2026-07-26 04:35:54,1,13110.0,15,11143.5,Cash on Delivery,Sports,Tablet
PUR_001539,CUST_01903,PROD_00517,SC-2026-002332,2026-04-14 16:59:25,2,1630.0,40,1956.0,Cash on Delivery,Accessories,Mobile Web
PUR_001540,CUST_00746,PROD_00039,SC-2026-002333,2026-05-31 09:07:07,1,20030.0,50,10015.0,Debit Card,Electronics,Tablet
PUR_001541,CUST_00746,PROD_00033,SC-2026-002334,2026-05-31 09:11:24,1,10940.0,35,7111.0,Wallet,Electronics,Tablet
PUR_001542,CUST_01883,PROD_00477,SC-2026-002335,2026-07-11 03:00:24,1,4350.0,20,3480.0,Net Banking,Gaming,Tablet
PUR_001543,CUST_01883,PROD_00466,SC-2026-002336,2026-07-11 03:01:11,1,24320.0,30,17024.0,Wallet,Gaming,Tablet
PUR_001544,CUST_00543,PROD_00253,SC-2026-002337,2026-06-10 03:22:09,1,9080.0,10,8172.0,Net Banking,Home,Mobile App
PUR_001545,CUST_01165,PROD_00576,SC-2026-002338,2026-04-25 19:34:14,1,170.0,30,119.0,Wallet,Grocery,Mobile App
PUR_001546,CUST_01099,PROD_00134,SC-2026-002339,2026-04-08 12:07:22,1,1160.0,40,696.0,Wallet,Fashion,Desktop
PUR_001547,CUST_01198,PROD_00365,SC-2026-002340,2026-08-27 09:30:08,1,13330.0,20,10664.0,Wallet,Furniture,Mobile App
PUR_001548,CUST_01198,PROD_00353,SC-2026-002341,2026-08-27 09:35:41,1,25600.0,15,21760.0,Wallet,Furniture,Mobile App
PUR_001549,CUST_01198,PROD_00450,SC-2026-002342,2026-06-06 17:36:48,2,1620.0,10,2916.0,Credit Card,Books,Mobile App
PUR_001550,CUST_02404,PROD_00398,SC-2026-002343,2026-06-24 20:36:27,1,8670.0,5,8236.5,Net Banking,Sports,Desktop
PUR_001551,CUST_02575,PROD_00001,SC-2026-002344,2026-04-12 05:51:10,1,5690.0,40,3414.0,Debit Card,Electronics,Mobile Web
PUR_001552,CUST_01743,PROD_00499,SC-2026-002345,2026-07-13 11:30:05,1,49470.0,5,46996.5,Credit Card,Gaming,Desktop
PUR_001553,CUST_01075,PROD_00137,SC-2026-002346,2026-06-16 03:40:33,1,3770.0,30,2639.0,Net Banking,Fashion,Tablet
PUR_001554,CUST_01655,PROD_00306,SC-2026-002347,2026-08-10 10:55:09,2,1640.0,0,3280.0,Debit Card,Kitchen,Tablet
PUR_001555,CUST_00576,PROD_00187,SC-2026-002348,2026-07-16 10:51:44,1,12490.0,35,8118.5,Debit Card,Footwear,Desktop
PUR_001556,CUST_01978,PROD_00325,SC-2026-002349,2026-08-27 16:40:10,1,1910.0,10,1719.0,Wallet,Kitchen,Mobile Web
PUR_001557,CUST_01130,PROD_00134,SC-2026-002350,2026-09-07 04:50:14,1,1160.0,40,696.0,Net Banking,Fashion,Tablet
PUR_001558,CUST_00833,PROD_00085,SC-2026-002351,2026-06-05 11:18:56,1,33810.0,40,20286.0,Credit Card,Laptops,Tablet
PUR_001559,CUST_00833,PROD_00488,SC-2026-002351,2026-06-05 11:18:56,1,28870.0,0,28870.0,Credit Card,Gaming,Tablet
PUR_001560,CUST_00173,PROD_00222,SC-2026-002352,2026-05-05 12:56:14,1,1430.0,20,1144.0,Net Banking,Beauty,Tablet
PUR_001561,CUST_00217,PROD_00134,SC-2026-002353,2026-06-29 16:13:18,1,1160.0,40,696.0,Wallet,Fashion,Mobile App
PUR_001562,CUST_02855,PROD_00336,SC-2026-002354,2026-08-05 04:21:57,1,10680.0,15,9078.0,UPI,Kitchen,Mobile App
PUR_001563,CUST_02855,PROD_00319,SC-2026-002355,2026-08-05 04:22:45,1,9320.0,20,7456.0,Net Banking,Kitchen,Mobile App
PUR_001564,CUST_01123,PROD_00422,SC-2026-002356,2026-07-22 20:06:11,1,2220.0,15,1887.0,Credit Card,Books,Mobile App
PUR_001565,CUST_00233,PROD_00015,SC-2026-002357,2026-05-17 22:59:05,1,23870.0,5,22676.5,Credit Card,Electronics,Tablet
PUR_001566,CUST_00668,PROD_00448,SC-2026-002358,2026-05-23 21:36:40,1,1420.0,20,1136.0,Wallet,Books,Desktop
PUR_001567,CUST_02835,PROD_00426,SC-2026-002359,2026-04-21 15:48:20,1,2380.0,25,1785.0,UPI,Books,Mobile Web
PUR_001568,CUST_01220,PROD_00593,SC-2026-002360,2026-08-26 05:41:42,2,3920.0,50,3920.0,Net Banking,Personal Care,Desktop
PUR_001569,CUST_01220,PROD_00598,SC-2026-002361,2026-08-26 05:44:23,1,3420.0,50,1710.0,Wallet,Personal Care,Desktop
PUR_001570,CUST_01346,PROD_00153,SC-2026-002362,2026-04-09 00:15:29,1,2190.0,35,1423.5,Debit Card,Fashion,Mobile App
PUR_001571,CUST_00113,PROD_00304,SC-2026-002363,2026-04-10 09:39:51,2,3780.0,20,6048.0,Debit Card,Kitchen,Mobile Web
PUR_001572,CUST_00483,PROD_00155,SC-2026-002364,2026-08-07 00:24:10,1,5130.0,10,4617.0,Credit Card,Fashion,Mobile Web
PUR_001573,CUST_01799,PROD_00320,SC-2026-002365,2026-06-18 04:18:09,1,10320.0,50,5160.0,Debit Card,Kitchen,Desktop
PUR_001574,CUST_00299,PROD_00568,SC-2026-002366,2026-06-30 01:54:09,1,1050.0,5,997.5,Credit Card,Grocery,Mobile Web
PUR_001575,CUST_01667,PROD_00369,SC-2026-002367,2026-08-04 05:15:00,1,15800.0,15,13430.0,Cash on Delivery,Furniture,Tablet
PUR_001576,CUST_01667,PROD_00349,SC-2026-002368,2026-08-04 05:16:43,1,21440.0,25,16080.0,Debit Card,Furniture,Tablet
PUR_001577,CUST_00255,PROD_00433,SC-2026-002369,2026-04-12 01:28:35,2,1870.0,50,1870.0,Wallet,Books,Mobile App
PUR_001578,CUST_00255,PROD_00462,SC-2026-002370,2026-04-12 01:31:49,1,460.0,30,322.0,Debit Card,Books,Mobile App
PUR_001579,CUST_00255,PROD_00444,SC-2026-002371,2026-04-12 01:33:00,2,810.0,5,1539.0,Debit Card,Books,Mobile App
PUR_001580,CUST_00442,PROD_00317,SC-2026-002372,2026-04-29 18:30:02,1,13470.0,5,12796.5,Debit Card,Kitchen,Mobile Web
PUR_001581,CUST_02767,PROD_00085,SC-2026-002373,2026-08-22 06:26:17,1,33810.0,40,20286.0,Credit Card,Laptops,Desktop
PUR_001582,CUST_02767,PROD_00543,SC-2026-002373,2026-08-22 06:26:17,1,6050.0,25,4537.5,Credit Card,Accessories,Desktop
PUR_001583,CUST_02427,PROD_00380,SC-2026-002374,2026-05-07 12:50:58,1,5530.0,10,4977.0,Credit Card,Sports,Mobile Web
PUR_001584,CUST_00304,PROD_00177,SC-2026-002375,2026-06-18 14:23:25,1,8870.0,35,5765.5,Credit Card,Footwear,Mobile Web
PUR_001585,CUST_00304,PROD_00414,SC-2026-002375,2026-06-18 14:23:25,1,1800.0,25,1350.0,Credit Card,Sports,Mobile Web
PUR_001586,CUST_02519,PROD_00433,SC-2026-002376,2026-04-14 02:08:54,2,1870.0,50,1870.0,Cash on Delivery,Books,Desktop
PUR_001587,CUST_02519,PROD_00448,SC-2026-002377,2026-04-14 02:12:35,2,1420.0,20,2272.0,Debit Card,Books,Desktop
PUR_001588,CUST_02217,PROD_00110,SC-2026-002378,2026-05-07 22:37:38,1,43570.0,5,41391.5,Net Banking,Laptops,Mobile Web
PUR_001589,CUST_02368,PROD_00242,SC-2026-002379,2026-08-07 11:59:06,2,1450.0,40,1740.0,Debit Card,Beauty,Mobile Web
PUR_001590,CUST_02724,PROD_00016,SC-2026-002380,2026-06-18 06:14:11,1,28840.0,15,24514.0,Cash on Delivery,Electronics,Desktop
PUR_001591,CUST_01260,PROD_00200,SC-2026-002381,2026-05-28 13:07:10,1,11190.0,20,8952.0,Net Banking,Footwear,Desktop
PUR_001592,CUST_01260,PROD_00392,SC-2026-002381,2026-05-28 13:07:10,1,13130.0,15,11160.5,Net Banking,Sports,Desktop
PUR_001593,CUST_01260,PROD_00184,SC-2026-002382,2026-05-28 13:11:49,1,9030.0,10,8127.0,UPI,Footwear,Desktop
PUR_001594,CUST_00464,PROD_00292,SC-2026-002383,2026-08-29 06:02:37,1,3500.0,10,3150.0,Debit Card,Home,Mobile App
PUR_001595,CUST_01811,PROD_00064,SC-2026-002384,2026-07-04 15:46:08,1,40350.0,50,20175.0,Debit Card,Mobiles,Mobile App
PUR_001596,CUST_01811,PROD_00522,SC-2026-002384,2026-07-04 15:46:08,1,6870.0,50,3435.0,Debit Card,Accessories,Mobile App
PUR_001597,CUST_02001,PROD_00344,SC-2026-002385,2026-08-27 06:51:16,1,9710.0,30,6797.0,UPI,Furniture,Desktop
PUR_001598,CUST_01617,PROD_00586,SC-2026-002386,2026-05-26 00:44:56,2,780.0,25,1170.0,Debit Card,Grocery,Desktop
PUR_001599,CUST_01617,PROD_00549,SC-2026-002387,2026-05-26 00:47:07,1,760.0,0,760.0,Debit Card,Grocery,Desktop
PUR_001600,CUST_00491,PROD_00473,SC-2026-002388,2026-06-10 01:22:34,1,29450.0,20,23560.0,Cash on Delivery,Gaming,Tablet
PUR_001601,CUST_01088,PROD_00478,SC-2026-002389,2026-04-19 08:06:38,1,36470.0,5,34646.5,UPI,Gaming,Mobile App
PUR_001602,CUST_01756,PROD_00458,SC-2026-002390,2026-07-30 04:02:53,1,2990.0,25,2242.5,Net Banking,Books,Mobile App
PUR_001603,CUST_02950,PROD_00517,SC-2026-002391,2026-03-28 07:15:40,1,1630.0,40,978.0,Credit Card,Accessories,Mobile App
PUR_001604,CUST_02950,PROD_00524,SC-2026-002392,2026-03-28 07:16:20,1,2840.0,35,1846.0,Credit Card,Accessories,Mobile App
PUR_001605,CUST_01100,PROD_00625,SC-2026-002393,2026-03-15 11:54:44,1,1730.0,50,865.0,Debit Card,Personal Care,Tablet
PUR_001606,CUST_00672,PROD_00480,SC-2026-002394,2026-04-05 09:06:00,1,17680.0,40,10608.0,Wallet,Gaming,Desktop
PUR_001607,CUST_01585,PROD_00035,SC-2026-002395,2026-08-23 06:11:17,1,44280.0,0,44280.0,UPI,Electronics,Tablet
PUR_001608,CUST_02624,PROD_00025,SC-2026-002396,2026-07-14 22:16:02,1,41890.0,5,39795.5,Credit Card,Electronics,Mobile App
PUR_001609,CUST_02061,PROD_00338,SC-2026-002397,2026-05-25 01:50:23,1,33760.0,15,28696.0,Credit Card,Furniture,Mobile Web
PUR_001610,CUST_02061,PROD_00366,SC-2026-002398,2026-05-25 01:51:53,1,25080.0,50,12540.0,UPI,Furniture,Mobile Web
PUR_001611,CUST_01181,PROD_00505,SC-2026-002399,2026-05-16 14:54:54,2,490.0,10,882.0,Debit Card,Accessories,Tablet
PUR_001612,CUST_01181,PROD_00532,SC-2026-002400,2026-05-16 14:56:57,2,4160.0,0,8320.0,Wallet,Accessories,Tablet
PUR_001613,CUST_02274,PROD_00188,SC-2026-002401,2026-04-04 14:15:56,1,10910.0,15,9273.5,Wallet,Footwear,Mobile Web
PUR_001614,CUST_02274,PROD_00165,SC-2026-002401,2026-04-04 14:15:56,1,1900.0,25,1425.0,Wallet,Fashion,Mobile Web
PUR_001615,CUST_00975,PROD_00015,SC-2026-002402,2026-08-19 11:03:25,1,23870.0,5,22676.5,Cash on Delivery,Electronics,Desktop
PUR_001616,CUST_02091,PROD_00474,SC-2026-002403,2026-03-23 08:22:20,1,36660.0,25,27495.0,Cash on Delivery,Gaming,Desktop
PUR_001617,CUST_02927,PROD_00443,SC-2026-002404,2026-05-28 17:43:12,2,640.0,0,1280.0,Wallet,Books,Mobile Web
PUR_001618,CUST_00932,PROD_00582,SC-2026-002405,2026-05-26 14:26:21,2,270.0,25,405.0,UPI,Grocery,Desktop
PUR_001619,CUST_01238,PROD_00027,SC-2026-002406,2026-07-18 06:01:37,1,7080.0,5,6726.0,Net Banking,Electronics,Mobile Web
PUR_001620,CUST_00392,PROD_00162,SC-2026-002407,2026-06-21 23:28:02,1,1830.0,50,915.0,Credit Card,Fashion,Mobile App
PUR_001621,CUST_00495,PROD_00010,SC-2026-002408,2026-06-12 17:03:44,1,27300.0,35,17745.0,UPI,Electronics,Mobile App
PUR_001622,CUST_00349,PROD_00598,SC-2026-002409,2026-07-25 16:38:36,1,3420.0,50,1710.0,Cash on Delivery,Personal Care,Mobile Web
PUR_001623,CUST_01002,PROD_00486,SC-2026-002410,2026-06-07 07:09:17,1,42910.0,50,21455.0,UPI,Gaming,Mobile App
PUR_001624,CUST_02004,PROD_00221,SC-2026-002411,2026-03-16 00:52:27,1,3930.0,0,3930.0,Cash on Delivery,Beauty,Mobile App
PUR_001625,CUST_00167,PROD_00055,SC-2026-002412,2026-07-28 13:06:28,1,91660.0,5,87077.0,Net Banking,Mobiles,Mobile Web
PUR_001626,CUST_00167,PROD_00512,SC-2026-002412,2026-07-28 13:06:28,1,2380.0,0,2380.0,Net Banking,Accessories,Mobile Web
PUR_001627,CUST_01765,PROD_00499,SC-2026-002413,2026-05-06 16:08:16,1,49470.0,5,46996.5,Wallet,Gaming,Tablet
PUR_001628,CUST_01612,PROD_00118,SC-2026-002414,2026-05-30 06:57:22,1,35810.0,5,34019.5,Net Banking,Laptops,Mobile App
PUR_001629,CUST_02183,PROD_00387,SC-2026-002415,2026-08-26 13:01:28,1,15200.0,10,13680.0,UPI,Sports,Desktop
PUR_001630,CUST_02063,PROD_00501,SC-2026-002416,2026-08-15 06:36:35,1,54260.0,20,43408.0,Debit Card,Gaming,Mobile Web
PUR_001631,CUST_02063,PROD_00494,SC-2026-002417,2026-08-15 06:41:01,1,10760.0,10,9684.0,Debit Card,Gaming,Mobile Web
PUR_001632,CUST_01621,PROD_00035,SC-2026-002418,2026-03-21 20:28:47,1,44280.0,0,44280.0,UPI,Electronics,Desktop
PUR_001633,CUST_00248,PROD_00268,SC-2026-002419,2026-03-25 19:34:53,1,8650.0,10,7785.0,Debit Card,Home,Desktop
PUR_001634,CUST_01423,PROD_00248,SC-2026-002420,2026-05-27 02:00:20,1,1880.0,5,1786.0,Debit Card,Beauty,Mobile App
PUR_001635,CUST_02038,PROD_00568,SC-2026-002421,2026-07-29 11:16:27,2,1050.0,5,1995.0,Net Banking,Grocery,Mobile Web
PUR_001636,CUST_02965,PROD_00214,SC-2026-002422,2026-08-02 08:47:31,1,4090.0,50,2045.0,Cash on Delivery,Beauty,Mobile App
PUR_001637,CUST_00200,PROD_00014,SC-2026-002423,2026-04-29 04:08:09,1,39410.0,30,27587.0,Net Banking,Electronics,Tablet
PUR_001638,CUST_02067,PROD_00479,SC-2026-002424,2026-06-18 14:07:13,1,17870.0,50,8935.0,Debit Card,Gaming,Tablet
PUR_001639,CUST_00787,PROD_00408,SC-2026-002425,2026-04-29 13:09:58,1,9980.0,0,9980.0,Cash on Delivery,Sports,Tablet
PUR_001640,CUST_01247,PROD_00453,SC-2026-002426,2026-05-15 02:24:58,1,1670.0,50,835.0,Wallet,Books,Tablet
PUR_001641,CUST_00442,PROD_00305,SC-2026-002427,2026-04-24 12:19:27,1,9050.0,40,5430.0,Net Banking,Kitchen,Mobile App
PUR_001642,CUST_00442,PROD_00316,SC-2026-002428,2026-04-24 12:20:16,1,13880.0,0,13880.0,Cash on Delivery,Kitchen,Mobile App
PUR_001643,CUST_00384,PROD_00430,SC-2026-002429,2026-06-26 19:09:44,1,380.0,35,247.0,UPI,Books,Tablet
PUR_001644,CUST_01217,PROD_00517,SC-2026-002430,2026-06-28 14:33:56,1,1630.0,40,978.0,Cash on Delivery,Accessories,Desktop
PUR_001645,CUST_01061,PROD_00158,SC-2026-002431,2026-03-14 06:48:00,2,2480.0,10,4464.0,Net Banking,Fashion,Desktop
PUR_001646,CUST_01942,PROD_00096,SC-2026-002432,2026-04-28 17:03:10,1,48750.0,40,29250.0,Wallet,Laptops,Desktop
PUR_001647,CUST_01942,PROD_00471,SC-2026-002432,2026-04-28 17:03:10,1,47910.0,20,38328.0,Wallet,Gaming,Desktop
PUR_001648,CUST_02235,PROD_00195,SC-2026-002433,2026-09-03 20:35:20,1,10880.0,15,9248.0,Debit Card,Footwear,Mobile App
PUR_001649,CUST_02235,PROD_00148,SC-2026-002433,2026-09-03 20:35:20,1,5680.0,20,4544.0,Debit Card,Fashion,Mobile App
PUR_001650,CUST_01877,PROD_00228,SC-2026-002434,2026-07-07 20:48:18,1,950.0,30,665.0,Net Banking,Beauty,Mobile Web
PUR_001651,CUST_02320,PROD_00398,SC-2026-002435,2026-07-04 16:41:40,1,8670.0,5,8236.5,UPI,Sports,Tablet
PUR_001652,CUST_01840,PROD_00308,SC-2026-002436,2026-04-18 14:04:01,1,11040.0,5,10488.0,UPI,Kitchen,Tablet
PUR_001653,CUST_00337,PROD_00266,SC-2026-002437,2026-06-10 02:17:22,1,9550.0,40,5730.0,Credit Card,Home,Tablet
PUR_001654,CUST_02207,PROD_00155,SC-2026-002438,2026-04-07 03:30:10,1,5130.0,10,4617.0,UPI,Fashion,Tablet
PUR_001655,CUST_02521,PROD_00003,SC-2026-002439,2026-05-04 08:50:35,1,34640.0,5,32908.0,Credit Card,Electronics,Mobile App
PUR_001656,CUST_02521,PROD_00011,SC-2026-002440,2026-05-04 08:52:54,1,21070.0,20,16856.0,UPI,Electronics,Mobile App
PUR_001657,CUST_02390,PROD_00324,SC-2026-002441,2026-04-20 12:45:32,2,3720.0,40,4464.0,Wallet,Kitchen,Desktop
PUR_001658,CUST_01290,PROD_00324,SC-2026-002442,2026-06-03 03:48:16,1,3720.0,40,2232.0,Wallet,Kitchen,Tablet
PUR_001659,CUST_00656,PROD_00002,SC-2026-002443,2026-04-15 08:25:33,1,32560.0,40,19536.0,Credit Card,Electronics,Desktop
PUR_001660,CUST_00588,PROD_00151,SC-2026-002444,2026-05-19 02:02:50,1,2880.0,30,2016.0,Credit Card,Fashion,Desktop
PUR_001661,CUST_01853,PROD_00126,SC-2026-002445,2026-03-21 14:56:53,1,52000.0,5,49400.0,Cash on Delivery,Laptops,Mobile Web
PUR_001662,CUST_01853,PROD_00096,SC-2026-002446,2026-03-21 14:58:37,1,48750.0,40,29250.0,UPI,Laptops,Mobile Web
PUR_001663,CUST_01853,PROD_00530,SC-2026-002446,2026-03-21 14:58:37,1,5700.0,35,3705.0,UPI,Accessories,Mobile Web
PUR_001664,CUST_00799,PROD_00289,SC-2026-002447,2026-08-07 21:54:11,1,8180.0,35,5317.0,UPI,Home,Desktop
PUR_001665,CUST_01701,PROD_00172,SC-2026-002448,2026-04-04 15:01:32,1,3910.0,50,1955.0,Wallet,Footwear,Desktop
PUR_001666,CUST_01701,PROD_00390,SC-2026-002448,2026-04-04 15:01:32,1,13420.0,40,8052.0,Wallet,Sports,Desktop
PUR_001667,CUST_01701,PROD_00207,SC-2026-002449,2026-04-04 15:02:55,1,12320.0,25,9240.0,Debit Card,Footwear,Desktop
PUR_001668,CUST_01701,PROD_00164,SC-2026-002449,2026-04-04 15:02:55,1,1730.0,10,1557.0,Debit Card,Fashion,Desktop
PUR_001669,CUST_02172,PROD_00279,SC-2026-002450,2026-03-21 07:04:19,1,3550.0,5,3372.5,Credit Card,Home,Mobile Web
PUR_001670,CUST_02415,PROD_00152,SC-2026-002451,2026-05-04 02:28:29,1,2880.0,25,2160.0,Net Banking,Fashion,Mobile App
PUR_001671,CUST_02324,PROD_00179,SC-2026-002452,2026-07-20 02:12:38,2,2890.0,35,3757.0,Credit Card,Footwear,Mobile Web
PUR_001672,CUST_01945,PROD_00286,SC-2026-002453,2026-07-07 06:07:13,1,4130.0,10,3717.0,Cash on Delivery,Home,Mobile Web
PUR_001673,CUST_00954,PROD_00567,SC-2026-002454,2026-08-11 15:55:59,1,950.0,25,712.5,Wallet,Grocery,Mobile App
PUR_001674,CUST_00653,PROD_00268,SC-2026-002455,2026-03-18 15:35:36,1,8650.0,10,7785.0,Credit Card,Home,Desktop
PUR_001675,CUST_01972,PROD_00152,SC-2026-002456,2026-05-10 16:19:57,1,2880.0,25,2160.0,Cash on Delivery,Fashion,Mobile App
PUR_001676,CUST_00947,PROD_00271,SC-2026-002457,2026-08-06 02:35:26,1,9820.0,30,6874.0,Wallet,Home,Mobile App
PUR_001677,CUST_01381,PROD_00083,SC-2026-002458,2026-04-24 23:03:33,1,65290.0,10,58761.0,Cash on Delivery,Mobiles,Desktop
PUR_001678,CUST_01381,PROD_00544,SC-2026-002458,2026-04-24 23:03:33,1,4240.0,15,3604.0,Cash on Delivery,Accessories,Desktop
PUR_001679,CUST_01381,PROD_00043,SC-2026-002459,2026-04-24 23:07:26,1,73220.0,5,69559.0,Debit Card,Mobiles,Desktop
PUR_001680,CUST_01381,PROD_00032,SC-2026-002459,2026-04-24 23:07:26,1,15750.0,30,11025.0,Debit Card,Electronics,Desktop
PUR_001681,CUST_00957,PROD_00209,SC-2026-002460,2026-07-02 03:42:38,1,11110.0,15,9443.5,UPI,Footwear,Desktop
PUR_001682,CUST_01487,PROD_00108,SC-2026-002461,2026-08-31 11:04:17,1,32890.0,35,21378.5,UPI,Laptops,Mobile Web
PUR_001683,CUST_01487,PROD_00508,SC-2026-002461,2026-08-31 11:04:17,1,4500.0,10,4050.0,UPI,Accessories,Mobile Web
PUR_001684,CUST_00573,PROD_00091,SC-2026-002462,2026-05-21 23:36:28,1,132690.0,35,86248.5,Debit Card,Laptops,Mobile App
PUR_001685,CUST_00573,PROD_00533,SC-2026-002462,2026-05-21 23:36:28,1,5200.0,20,4160.0,Debit Card,Accessories,Mobile App
PUR_001686,CUST_00573,PROD_00089,SC-2026-002463,2026-05-21 23:39:26,1,35220.0,0,35220.0,Credit Card,Laptops,Mobile App
PUR_001687,CUST_02034,PROD_00439,SC-2026-002464,2026-06-20 04:18:34,1,260.0,5,247.0,Debit Card,Books,Mobile Web
PUR_001688,CUST_00121,PROD_00623,SC-2026-002465,2026-07-21 04:09:36,2,2770.0,0,5540.0,Net Banking,Personal Care,Mobile Web
PUR_001689,CUST_01157,PROD_00406,SC-2026-002466,2026-06-22 09:22:10,1,940.0,30,658.0,UPI,Sports,Mobile App
PUR_001690,CUST_00579,PROD_00152,SC-2026-002467,2026-05-18 08:24:43,1,2880.0,25,2160.0,Cash on Delivery,Fashion,Mobile App
PUR_001691,CUST_02508,PROD_00463,SC-2026-002468,2026-07-22 04:27:36,1,6150.0,20,4920.0,Credit Card,Gaming,Desktop
PUR_001692,CUST_00913,PROD_00296,SC-2026-002469,2026-08-29 20:55:28,1,4340.0,15,3689.0,Cash on Delivery,Kitchen,Mobile Web
PUR_001693,CUST_02819,PROD_00328,SC-2026-002470,2026-04-23 01:31:49,1,2690.0,15,2286.5,UPI,Kitchen,Mobile Web
PUR_001694,CUST_01867,PROD_00433,SC-2026-002471,2026-06-29 13:56:43,1,1870.0,50,935.0,UPI,Books,Mobile App
PUR_001695,CUST_01867,PROD_00430,SC-2026-002472,2026-06-29 13:58:20,1,380.0,35,247.0,Net Banking,Books,Mobile App
PUR_001696,CUST_01867,PROD_00428,SC-2026-002473,2026-06-29 14:01:11,1,840.0,25,630.0,Wallet,Books,Mobile App
PUR_001697,CUST_02095,PROD_00571,SC-2026-002474,2026-08-11 01:39:49,2,1950.0,15,3315.0,UPI,Grocery,Mobile Web
PUR_001698,CUST_02382,PROD_00611,SC-2026-002475,2026-06-20 22:00:14,1,4530.0,20,3624.0,UPI,Personal Care,Mobile Web
PUR_001699,CUST_02382,PROD_00630,SC-2026-002476,2026-06-20 22:02:23,2,1940.0,30,2716.0,Credit Card,Personal Care,Mobile Web
PUR_001700,CUST_02382,PROD_00618,SC-2026-002477,2026-06-20 22:04:56,1,5860.0,25,4395.0,Net Banking,Personal Care,Mobile Web
PUR_001701,CUST_02382,PROD_00606,SC-2026-002478,2026-06-20 22:05:54,1,1290.0,40,774.0,UPI,Personal Care,Mobile Web
PUR_001702,CUST_02934,PROD_00246,SC-2026-002479,2026-06-16 03:54:13,1,1660.0,20,1328.0,UPI,Beauty,Desktop
PUR_001703,CUST_02359,PROD_00595,SC-2026-002480,2026-09-06 18:40:01,1,2680.0,30,1876.0,Cash on Delivery,Personal Care,Desktop
PUR_001704,CUST_02359,PROD_00622,SC-2026-002481,2026-09-06 18:42:12,1,1720.0,25,1290.0,Net Banking,Personal Care,Desktop
PUR_001705,CUST_00364,PROD_00341,SC-2026-002482,2026-04-06 14:39:47,1,14570.0,5,13841.5,Credit Card,Furniture,Mobile App
PUR_001706,CUST_00364,PROD_00371,SC-2026-002483,2026-04-06 14:42:39,1,10120.0,40,6072.0,Net Banking,Furniture,Mobile App
PUR_001707,CUST_00364,PROD_00344,SC-2026-002484,2026-04-06 14:45:16,1,9710.0,30,6797.0,Wallet,Furniture,Mobile App
PUR_001708,CUST_00900,PROD_00549,SC-2026-002485,2026-07-20 17:49:00,2,760.0,0,1520.0,UPI,Grocery,Mobile App
PUR_001709,CUST_00873,PROD_00446,SC-2026-002486,2026-05-31 02:08:04,1,2910.0,0,2910.0,Cash on Delivery,Books,Mobile Web
PUR_001710,CUST_00996,PROD_00209,SC-2026-002487,2026-07-08 23:11:41,1,11110.0,15,9443.5,UPI,Footwear,Tablet
PUR_001711,CUST_00996,PROD_00152,SC-2026-002487,2026-07-08 23:11:41,1,2880.0,25,2160.0,UPI,Fashion,Tablet
PUR_001712,CUST_00889,PROD_00266,SC-2026-002488,2026-07-10 14:33:21,1,9550.0,40,5730.0,Wallet,Home,Desktop
PUR_001713,CUST_00381,PROD_00484,SC-2026-002489,2026-04-03 16:28:43,1,21190.0,30,14833.0,Debit Card,Gaming,Mobile Web
PUR_001714,CUST_00738,PROD_00630,SC-2026-002490,2026-07-16 21:41:34,2,1940.0,30,2716.0,UPI,Personal Care,Desktop
PUR_001715,CUST_02088,PROD_00281,SC-2026-002491,2026-08-31 19:40:31,1,4240.0,5,4028.0,Credit Card,Home,Mobile Web
PUR_001716,CUST_02088,PROD_00283,SC-2026-002492,2026-08-31 19:42:59,1,4490.0,25,3367.5,Debit Card,Home,Mobile Web
PUR_001717,CUST_00330,PROD_00124,SC-2026-002493,2026-03-18 11:33:24,1,110260.0,30,77182.0,Debit Card,Laptops,Mobile App
PUR_001718,CUST_00330,PROD_00545,SC-2026-002493,2026-03-18 11:33:24,1,380.0,5,361.0,Debit Card,Accessories,Mobile App
PUR_001719,CUST_00330,PROD_00090,SC-2026-002494,2026-03-18 11:36:23,1,40400.0,30,28280.0,UPI,Laptops,Mobile App
PUR_001720,CUST_00330,PROD_00513,SC-2026-002494,2026-03-18 11:36:23,1,5380.0,15,4573.0,UPI,Accessories,Mobile App
PUR_001721,CUST_02781,PROD_00429,SC-2026-002495,2026-03-21 01:47:25,1,1460.0,10,1314.0,Wallet,Books,Mobile App
PUR_001722,CUST_02781,PROD_00423,SC-2026-002496,2026-03-21 01:50:11,2,2990.0,40,3588.0,Cash on Delivery,Books,Mobile App
PUR_001723,CUST_01709,PROD_00102,SC-2026-002497,2026-05-17 20:39:28,1,71920.0,25,53940.0,Credit Card,Laptops,Tablet
PUR_001724,CUST_01709,PROD_00485,SC-2026-002497,2026-05-17 20:39:28,1,37250.0,15,31662.5,Credit Card,Gaming,Tablet
PUR_001725,CUST_01222,PROD_00072,SC-2026-002498,2026-07-02 21:27:16,1,104720.0,5,99484.0,Debit Card,Mobiles,Mobile Web
PUR_001726,CUST_01222,PROD_00524,SC-2026-002498,2026-07-02 21:27:16,1,2840.0,35,1846.0,Debit Card,Accessories,Mobile Web
PUR_001727,CUST_01347,PROD_00220,SC-2026-002499,2026-08-12 00:28:19,2,1090.0,35,1417.0,Cash on Delivery,Beauty,Tablet
PUR_001728,CUST_02036,PROD_00301,SC-2026-002500,2026-08-06 13:29:25,1,6200.0,40,3720.0,UPI,Kitchen,Tablet
PUR_001729,CUST_02193,PROD_00507,SC-2026-002501,2026-07-03 17:00:50,1,2410.0,40,1446.0,UPI,Accessories,Desktop
PUR_001730,CUST_02049,PROD_00310,SC-2026-002502,2026-07-20 03:26:32,1,13260.0,30,9282.0,Debit Card,Kitchen,Mobile App
PUR_001731,CUST_01626,PROD_00370,SC-2026-002503,2026-04-22 08:57:27,1,29790.0,0,29790.0,Wallet,Furniture,Mobile Web
PUR_001732,CUST_01122,PROD_00361,SC-2026-002504,2026-04-15 20:23:13,1,23020.0,25,17265.0,Debit Card,Furniture,Mobile App
PUR_001733,CUST_02224,PROD_00280,SC-2026-002505,2026-03-17 10:46:32,1,5740.0,40,3444.0,Wallet,Home,Mobile App
PUR_001734,CUST_02224,PROD_00256,SC-2026-002506,2026-03-17 10:48:25,1,7630.0,10,6867.0,UPI,Home,Mobile App
PUR_001735,CUST_02708,PROD_00023,SC-2026-002507,2026-06-27 22:36:01,1,4200.0,5,3990.0,Credit Card,Electronics,Tablet
PUR_001736,CUST_01495,PROD_00487,SC-2026-002508,2026-05-16 20:07:20,1,48290.0,0,48290.0,Credit Card,Gaming,Mobile Web
PUR_001737,CUST_01495,PROD_00504,SC-2026-002509,2026-05-16 20:10:00,1,14740.0,5,14003.0,Credit Card,Gaming,Mobile Web
PUR_001738,CUST_01943,PROD_00262,SC-2026-002510,2026-09-03 00:28:38,2,780.0,0,1560.0,UPI,Home,Mobile App
PUR_001739,CUST_01414,PROD_00324,SC-2026-002511,2026-03-14 10:18:33,1,3720.0,40,2232.0,Debit Card,Kitchen,Tablet
PUR_001740,CUST_02061,PROD_00352,SC-2026-002512,2026-08-27 05:27:32,1,16140.0,20,12912.0,Wallet,Furniture,Mobile Web
PUR_001741,CUST_00425,PROD_00192,SC-2026-002513,2026-04-05 22:59:19,2,1760.0,0,3520.0,Debit Card,Footwear,Mobile Web
PUR_001742,CUST_00425,PROD_00413,SC-2026-002513,2026-04-05 22:59:19,1,10270.0,15,8729.5,Debit Card,Sports,Mobile Web
PUR_001743,CUST_01142,PROD_00192,SC-2026-002514,2026-07-11 03:57:08,1,1760.0,0,1760.0,Credit Card,Footwear,Mobile Web
PUR_001744,CUST_00764,PROD_00300,SC-2026-002515,2026-07-18 07:14:51,1,1970.0,15,1674.5,Debit Card,Kitchen,Mobile Web
PUR_001745,CUST_01350,PROD_00089,SC-2026-002516,2026-08-02 06:35:23,1,35220.0,0,35220.0,Credit Card,Laptops,Tablet
PUR_001746,CUST_01350,PROD_00524,SC-2026-002516,2026-08-02 06:35:23,1,2840.0,35,1846.0,Credit Card,Accessories,Tablet
PUR_001747,CUST_01350,PROD_00118,SC-2026-002517,2026-08-02 06:36:33,1,35810.0,5,34019.5,Wallet,Laptops,Tablet
PUR_001748,CUST_01350,PROD_00502,SC-2026-002517,2026-08-02 06:36:33,1,29060.0,35,18889.0,Wallet,Gaming,Tablet
PUR_001749,CUST_02404,PROD_00190,SC-2026-002518,2026-05-06 22:00:15,1,9600.0,35,6240.0,Wallet,Footwear,Tablet
PUR_001750,CUST_02404,PROD_00386,SC-2026-002518,2026-05-06 22:00:15,1,1770.0,25,1327.5,Wallet,Sports,Tablet
PUR_001751,CUST_02654,PROD_00373,SC-2026-002519,2026-06-10 10:00:53,1,5710.0,10,5139.0,UPI,Furniture,Mobile Web
PUR_001752,CUST_02654,PROD_00346,SC-2026-002520,2026-06-10 10:01:53,1,25870.0,30,18109.0,Cash on Delivery,Furniture,Mobile Web
PUR_001753,CUST_02391,PROD_00603,SC-2026-002521,2026-04-22 04:13:51,1,3890.0,25,2917.5,Credit Card,Personal Care,Mobile App
PUR_001754,CUST_01945,PROD_00293,SC-2026-002522,2026-04-17 03:39:56,1,2540.0,50,1270.0,Net Banking,Home,Tablet
PUR_001755,CUST_01905,PROD_00097,SC-2026-002523,2026-04-14 01:13:15,1,101530.0,5,96453.5,Net Banking,Laptops,Mobile App
PUR_001756,CUST_01905,PROD_00484,SC-2026-002523,2026-04-14 01:13:15,1,21190.0,30,14833.0,Net Banking,Gaming,Mobile App
PUR_001757,CUST_01908,PROD_00114,SC-2026-002524,2026-03-12 19:16:28,1,61400.0,35,39910.0,Cash on Delivery,Laptops,Mobile App
PUR_001758,CUST_01908,PROD_00534,SC-2026-002524,2026-03-12 19:16:28,1,3910.0,50,1955.0,Cash on Delivery,Accessories,Mobile App
PUR_001759,CUST_00282,PROD_00149,SC-2026-002525,2026-06-22 07:42:21,1,2490.0,50,1245.0,Credit Card,Fashion,Desktop
PUR_001760,CUST_00521,PROD_00125,SC-2026-002526,2026-06-03 19:18:57,1,58440.0,25,43830.0,Net Banking,Laptops,Desktop
PUR_001761,CUST_00521,PROD_00534,SC-2026-002526,2026-06-03 19:18:57,1,3910.0,50,1955.0,Net Banking,Accessories,Desktop
PUR_001762,CUST_00387,PROD_00131,SC-2026-002527,2026-06-11 06:32:02,1,1110.0,30,777.0,Net Banking,Fashion,Desktop
PUR_001763,CUST_01882,PROD_00147,SC-2026-002528,2026-08-02 17:07:35,1,810.0,25,607.5,UPI,Fashion,Mobile App
PUR_001764,CUST_02532,PROD_00279,SC-2026-002529,2026-07-18 15:12:38,2,3550.0,5,6745.0,Net Banking,Home,Tablet
PUR_001765,CUST_00564,PROD_00011,SC-2026-002530,2026-03-29 11:03:22,1,21070.0,20,16856.0,Wallet,Electronics,Tablet
PUR_001766,CUST_01383,PROD_00110,SC-2026-002531,2026-08-17 01:46:17,1,43570.0,5,41391.5,Net Banking,Laptops,Tablet
PUR_001767,CUST_01383,PROD_00546,SC-2026-002531,2026-08-17 01:46:17,1,920.0,50,460.0,Net Banking,Accessories,Tablet
PUR_001768,CUST_02220,PROD_00303,SC-2026-002532,2026-06-17 22:41:03,1,4340.0,40,2604.0,Debit Card,Kitchen,Mobile Web
PUR_001769,CUST_00150,PROD_00174,SC-2026-002533,2026-05-01 13:38:35,1,4760.0,10,4284.0,Net Banking,Footwear,Mobile Web
PUR_001770,CUST_00150,PROD_00139,SC-2026-002533,2026-05-01 13:38:35,1,1940.0,35,1261.0,Net Banking,Fashion,Mobile Web
PUR_001771,CUST_02444,PROD_00020,SC-2026-002534,2026-06-26 03:49:41,1,43640.0,15,37094.0,Wallet,Electronics,Mobile Web
PUR_001772,CUST_00011,PROD_00063,SC-2026-002535,2026-07-13 02:13:50,1,39700.0,20,31760.0,Credit Card,Mobiles,Desktop
PUR_001773,CUST_00410,PROD_00467,SC-2026-002536,2026-05-22 13:36:09,1,24460.0,10,22014.0,Debit Card,Gaming,Desktop
PUR_001774,CUST_02800,PROD_00296,SC-2026-002537,2026-05-17 22:19:27,1,4340.0,15,3689.0,Net Banking,Kitchen,Tablet
PUR_001775,CUST_01649,PROD_00519,SC-2026-002538,2026-06-13 19:14:19,1,6210.0,35,4036.5,Debit Card,Accessories,Tablet
PUR_001776,CUST_01527,PROD_00625,SC-2026-002539,2026-09-01 02:44:33,1,1730.0,50,865.0,Debit Card,Personal Care,Mobile App
PUR_001777,CUST_00310,PROD_00499,SC-2026-002540,2026-09-03 18:13:19,1,49470.0,5,46996.5,Credit Card,Gaming,Mobile Web
PUR_001778,CUST_00059,PROD_00615,SC-2026-002541,2026-03-27 06:39:18,1,3060.0,30,2142.0,Cash on Delivery,Personal Care,Tablet
PUR_001779,CUST_01927,PROD_00240,SC-2026-002542,2026-09-01 14:52:22,1,2360.0,10,2124.0,Debit Card,Beauty,Mobile Web
PUR_001780,CUST_01927,PROD_00228,SC-2026-002543,2026-09-01 14:55:19,1,950.0,30,665.0,UPI,Beauty,Mobile Web
PUR_001781,CUST_02261,PROD_00138,SC-2026-002544,2026-06-25 05:04:00,1,5120.0,40,3072.0,Credit Card,Fashion,Tablet
PUR_001782,CUST_02048,PROD_00379,SC-2026-002545,2026-05-17 09:35:24,1,13670.0,40,8202.0,Net Banking,Sports,Desktop
PUR_001783,CUST_02032,PROD_00448,SC-2026-002546,2026-05-02 00:58:30,1,1420.0,20,1136.0,UPI,Books,Desktop
PUR_001784,CUST_01035,PROD_00184,SC-2026-002547,2026-04-25 18:18:55,1,9030.0,10,8127.0,UPI,Footwear,Tablet
PUR_001785,CUST_01587,PROD_00555,SC-2026-002548,2026-07-19 04:11:42,1,700.0,30,490.0,Wallet,Grocery,Mobile App
PUR_001786,CUST_02054,PROD_00500,SC-2026-002549,2026-06-06 05:04:05,1,23340.0,15,19839.0,Debit Card,Gaming,Desktop
PUR_001787,CUST_02054,PROD_00501,SC-2026-002550,2026-06-06 05:05:27,1,54260.0,20,43408.0,UPI,Gaming,Desktop
PUR_001788,CUST_00889,PROD_00253,SC-2026-002551,2026-03-23 10:50:20,1,9080.0,10,8172.0,Wallet,Home,Desktop
PUR_001789,CUST_02738,PROD_00319,SC-2026-002552,2026-08-18 08:18:00,1,9320.0,20,7456.0,Wallet,Kitchen,Mobile Web
PUR_001790,CUST_02738,PROD_00304,SC-2026-002553,2026-08-18 08:20:38,1,3780.0,20,3024.0,Credit Card,Kitchen,Mobile Web
PUR_001791,CUST_00114,PROD_00341,SC-2026-002554,2026-06-26 19:25:10,1,14570.0,5,13841.5,UPI,Furniture,Mobile App
PUR_001792,CUST_01592,PROD_00009,SC-2026-002555,2026-03-13 05:47:26,1,10810.0,10,9729.0,Net Banking,Electronics,Mobile Web
PUR_001793,CUST_01945,PROD_00240,SC-2026-002556,2026-03-21 04:24:58,1,2360.0,10,2124.0,UPI,Beauty,Mobile Web
PUR_001794,CUST_01134,PROD_00344,SC-2026-002557,2026-04-03 10:26:32,1,9710.0,30,6797.0,Cash on Delivery,Furniture,Tablet
PUR_001795,CUST_00812,PROD_00238,SC-2026-002558,2026-05-23 21:51:50,2,2890.0,20,4624.0,UPI,Beauty,Mobile App
PUR_001796,CUST_00196,PROD_00568,SC-2026-002559,2026-05-02 12:45:20,1,1050.0,5,997.5,Wallet,Grocery,Mobile App
PUR_001797,CUST_00196,PROD_00553,SC-2026-002560,2026-05-02 12:46:01,1,160.0,35,104.0,Debit Card,Grocery,Mobile App
PUR_001798,CUST_02378,PROD_00127,SC-2026-002561,2026-05-10 16:35:36,1,4600.0,20,3680.0,Debit Card,Fashion,Desktop
PUR_001799,CUST_02672,PROD_00457,SC-2026-002562,2026-05-15 14:47:52,1,670.0,10,603.0,Credit Card,Books,Mobile Web
PUR_001800,CUST_02672,PROD_00453,SC-2026-002563,2026-05-15 14:49:21,2,1670.0,50,1670.0,Debit Card,Books,Mobile Web
PUR_001801,CUST_00388,PROD_00474,SC-2026-002564,2026-04-23 23:16:10,1,36660.0,25,27495.0,UPI,Gaming,Desktop
PUR_001802,CUST_00194,PROD_00359,SC-2026-002565,2026-07-18 21:06:27,1,31150.0,40,18690.0,Cash on Delivery,Furniture,Mobile App
PUR_001803,CUST_02692,PROD_00133,SC-2026-002566,2026-08-17 17:37:30,1,620.0,20,496.0,Wallet,Fashion,Mobile Web
PUR_001804,CUST_01067,PROD_00011,SC-2026-002567,2026-06-07 18:28:41,1,21070.0,20,16856.0,UPI,Electronics,Mobile App
PUR_001805,CUST_01067,PROD_00035,SC-2026-002568,2026-06-07 18:30:07,1,44280.0,0,44280.0,Cash on Delivery,Electronics,Mobile App
PUR_001806,CUST_00043,PROD_00545,SC-2026-002569,2026-07-15 04:37:35,2,380.0,5,722.0,Credit Card,Accessories,Desktop
PUR_001807,CUST_00043,PROD_00530,SC-2026-002570,2026-07-15 04:40:14,2,5700.0,35,7410.0,Wallet,Accessories,Desktop
PUR_001808,CUST_02990,PROD_00198,SC-2026-002571,2026-08-13 13:02:26,1,2720.0,40,1632.0,UPI,Footwear,Tablet
PUR_001809,CUST_02762,PROD_00317,SC-2026-002572,2026-04-23 20:11:13,1,13470.0,5,12796.5,Cash on Delivery,Kitchen,Mobile Web
PUR_001810,CUST_02735,PROD_00210,SC-2026-002573,2026-06-27 20:45:51,1,7390.0,30,5173.0,Debit Card,Footwear,Mobile Web
PUR_001811,CUST_00172,PROD_00314,SC-2026-002574,2026-06-26 09:46:01,1,7970.0,10,7173.0,Net Banking,Kitchen,Tablet
PUR_001812,CUST_02346,PROD_00220,SC-2026-002575,2026-07-05 00:10:29,2,1090.0,35,1417.0,UPI,Beauty,Mobile Web
PUR_001813,CUST_02205,PROD_00097,SC-2026-002576,2026-07-11 22:00:09,1,101530.0,5,96453.5,Credit Card,Laptops,Tablet
PUR_001814,CUST_02205,PROD_00101,SC-2026-002577,2026-07-11 22:02:55,1,99220.0,40,59532.0,Cash on Delivery,Laptops,Tablet
PUR_001815,CUST_02205,PROD_00493,SC-2026-002577,2026-07-11 22:02:55,1,31540.0,10,28386.0,Cash on Delivery,Gaming,Tablet
PUR_001816,CUST_01058,PROD_00200,SC-2026-002578,2026-07-06 16:00:27,1,11190.0,20,8952.0,Debit Card,Footwear,Tablet
PUR_001817,CUST_01286,PROD_00136,SC-2026-002579,2026-08-16 01:15:00,2,5590.0,15,9503.0,UPI,Fashion,Mobile Web
PUR_001818,CUST_01140,PROD_00366,SC-2026-002580,2026-04-15 14:41:49,1,25080.0,50,12540.0,UPI,Furniture,Mobile Web
PUR_001819,CUST_01670,PROD_00027,SC-2026-002581,2026-08-31 23:09:45,1,7080.0,5,6726.0,Debit Card,Electronics,Desktop
PUR_001820,CUST_00552,PROD_00295,SC-2026-002582,2026-08-30 19:39:02,1,2010.0,35,1306.5,Net Banking,Kitchen,Mobile App
PUR_001821,CUST_01956,PROD_00305,SC-2026-002583,2026-08-13 17:23:59,1,9050.0,40,5430.0,Credit Card,Kitchen,Mobile Web
PUR_001822,CUST_00940,PROD_00497,SC-2026-002584,2026-08-21 19:32:41,1,47110.0,50,23555.0,Wallet,Gaming,Mobile Web
PUR_001823,CUST_00673,PROD_00472,SC-2026-002585,2026-04-11 00:39:56,1,12440.0,40,7464.0,Net Banking,Gaming,Desktop
PUR_001824,CUST_00673,PROD_00484,SC-2026-002586,2026-04-11 00:40:52,1,21190.0,30,14833.0,Wallet,Gaming,Desktop
PUR_001825,CUST_01501,PROD_00579,SC-2026-002587,2026-07-12 17:04:12,1,1620.0,5,1539.0,Net Banking,Grocery,Mobile Web
PUR_001826,CUST_01861,PROD_00223,SC-2026-002588,2026-08-26 14:04:46,1,3330.0,35,2164.5,Debit Card,Beauty,Mobile Web
PUR_001827,CUST_01861,PROD_00224,SC-2026-002589,2026-08-26 14:08:21,2,1680.0,25,2520.0,Cash on Delivery,Beauty,Mobile Web
PUR_001828,CUST_00910,PROD_00574,SC-2026-002590,2026-03-23 17:53:02,1,950.0,15,807.5,Debit Card,Grocery,Tablet
PUR_001829,CUST_02631,PROD_00039,SC-2026-002591,2026-03-12 02:29:51,1,20030.0,50,10015.0,Wallet,Electronics,Mobile App
PUR_001830,CUST_02311,PROD_00207,SC-2026-002592,2026-07-19 01:33:42,1,12320.0,25,9240.0,Debit Card,Footwear,Mobile Web
PUR_001831,CUST_00422,PROD_00295,SC-2026-002593,2026-06-26 05:29:36,1,2010.0,35,1306.5,Net Banking,Kitchen,Mobile App
PUR_001832,CUST_01964,PROD_00064,SC-2026-002594,2026-09-06 03:01:23,1,40350.0,50,20175.0,Cash on Delivery,Mobiles,Desktop
PUR_001833,CUST_01964,PROD_00042,SC-2026-002594,2026-09-06 03:01:23,1,29940.0,0,29940.0,Cash on Delivery,Electronics,Desktop
PUR_001834,CUST_02279,PROD_00593,SC-2026-002595,2026-03-25 22:42:56,1,3920.0,50,1960.0,Debit Card,Personal Care,Mobile App
PUR_001835,CUST_01484,PROD_00324,SC-2026-002596,2026-04-15 18:14:04,1,3720.0,40,2232.0,Net Banking,Kitchen,Mobile App
PUR_001836,CUST_02573,PROD_00629,SC-2026-002597,2026-03-29 02:50:36,1,2390.0,30,1673.0,Debit Card,Personal Care,Tablet
PUR_001837,CUST_00032,PROD_00200,SC-2026-002598,2026-04-02 16:21:58,1,11190.0,20,8952.0,Cash on Delivery,Footwear,Desktop
PUR_001838,CUST_00032,PROD_00189,SC-2026-002599,2026-04-02 16:25:50,1,2350.0,40,1410.0,Wallet,Footwear,Desktop
PUR_001839,CUST_00032,PROD_00131,SC-2026-002599,2026-04-02 16:25:50,1,1110.0,30,777.0,Wallet,Fashion,Desktop
PUR_001840,CUST_02353,PROD_00251,SC-2026-002600,2026-07-10 12:47:40,1,3500.0,0,3500.0,Cash on Delivery,Beauty,Mobile App
PUR_001841,CUST_02634,PROD_00616,SC-2026-002601,2026-04-17 17:23:04,1,2680.0,5,2546.0,Net Banking,Personal Care,Mobile App
PUR_001842,CUST_02599,PROD_00274,SC-2026-002602,2026-06-24 01:25:26,1,5490.0,15,4666.5,Cash on Delivery,Home,Tablet
PUR_001843,CUST_01649,PROD_00494,SC-2026-002603,2026-04-15 16:07:57,1,10760.0,10,9684.0,Debit Card,Gaming,Mobile App
PUR_001844,CUST_01476,PROD_00127,SC-2026-002604,2026-06-18 11:04:16,1,4600.0,20,3680.0,Cash on Delivery,Fashion,Desktop
PUR_001845,CUST_01900,PROD_00608,SC-2026-002605,2026-05-15 14:03:32,1,5170.0,10,4653.0,Wallet,Personal Care,Tablet
PUR_001846,CUST_01035,PROD_00285,SC-2026-002606,2026-04-12 06:30:07,1,9940.0,40,5964.0,Cash on Delivery,Home,Mobile Web
PUR_001847,CUST_01035,PROD_00287,SC-2026-002607,2026-04-12 06:34:57,1,9750.0,5,9262.5,Credit Card,Home,Mobile Web
PUR_001848,CUST_01650,PROD_00350,SC-2026-002608,2026-07-04 04:10:52,1,33560.0,50,16780.0,UPI,Furniture,Mobile App
PUR_001849,CUST_01174,PROD_00447,SC-2026-002609,2026-04-01 10:37:05,1,2410.0,25,1807.5,Debit Card,Books,Desktop
PUR_001850,CUST_01174,PROD_00444,SC-2026-002610,2026-04-01 10:38:47,1,810.0,5,769.5,Wallet,Books,Desktop
PUR_001851,CUST_00039,PROD_00141,SC-2026-002611,2026-05-29 20:37:46,1,3550.0,50,1775.0,Wallet,Fashion,Mobile App
PUR_001852,CUST_01855,PROD_00586,SC-2026-002612,2026-04-12 12:13:38,1,780.0,25,585.0,UPI,Grocery,Mobile App
PUR_001853,CUST_01855,PROD_00584,SC-2026-002613,2026-04-12 12:15:18,1,360.0,10,324.0,Cash on Delivery,Grocery,Mobile App
PUR_001854,CUST_01645,PROD_00545,SC-2026-002614,2026-05-11 15:13:57,1,380.0,5,361.0,Debit Card,Accessories,Mobile Web
PUR_001855,CUST_01645,PROD_00512,SC-2026-002615,2026-05-11 15:17:19,2,2380.0,0,4760.0,UPI,Accessories,Mobile Web
PUR_001856,CUST_01230,PROD_00382,SC-2026-002616,2026-08-05 14:28:37,1,11490.0,30,8043.0,UPI,Sports,Mobile Web
PUR_001857,CUST_01242,PROD_00606,SC-2026-002617,2026-06-21 01:47:58,1,1290.0,40,774.0,Cash on Delivery,Personal Care,Tablet
PUR_001858,CUST_00671,PROD_00054,SC-2026-002618,2026-08-06 22:06:40,1,120760.0,5,114722.0,Debit Card,Mobiles,Tablet
PUR_001859,CUST_00671,PROD_00526,SC-2026-002618,2026-08-06 22:06:40,1,4200.0,50,2100.0,Debit Card,Accessories,Tablet
PUR_001860,CUST_02406,PROD_00028,SC-2026-002619,2026-03-30 23:33:47,1,12200.0,0,12200.0,UPI,Electronics,Mobile App
PUR_001861,CUST_02406,PROD_00018,SC-2026-002620,2026-03-30 23:38:14,1,19210.0,0,19210.0,Net Banking,Electronics,Mobile App
PUR_001862,CUST_01133,PROD_00007,SC-2026-002621,2026-06-02 01:56:09,1,15400.0,0,15400.0,Net Banking,Electronics,Desktop
PUR_001863,CUST_02450,PROD_00171,SC-2026-002622,2026-06-10 22:05:43,1,4190.0,50,2095.0,UPI,Footwear,Tablet
PUR_001864,CUST_01265,PROD_00364,SC-2026-002623,2026-06-29 10:50:59,1,29820.0,15,25347.0,Wallet,Furniture,Mobile App
PUR_001865,CUST_00834,PROD_00542,SC-2026-002624,2026-04-19 16:53:08,1,5640.0,30,3948.0,Wallet,Accessories,Tablet
PUR_001866,CUST_02387,PROD_00181,SC-2026-002625,2026-07-02 04:55:52,1,12540.0,20,10032.0,Debit Card,Footwear,Mobile Web
PUR_001867,CUST_02387,PROD_00401,SC-2026-002625,2026-07-02 04:55:52,1,2190.0,0,2190.0,Debit Card,Sports,Mobile Web
PUR_001868,CUST_00779,PROD_00609,SC-2026-002626,2026-04-25 17:22:58,2,4590.0,0,9180.0,Debit Card,Personal Care,Mobile App
PUR_001869,CUST_01509,PROD_00040,SC-2026-002627,2026-03-29 14:25:28,1,30280.0,50,15140.0,Wallet,Electronics,Tablet
PUR_001870,CUST_01703,PROD_00622,SC-2026-002628,2026-07-16 11:58:39,2,1720.0,25,2580.0,Wallet,Personal Care,Mobile App
PUR_001871,CUST_01109,PROD_00539,SC-2026-002629,2026-03-23 10:48:05,1,6780.0,50,3390.0,Debit Card,Accessories,Mobile App
PUR_001872,CUST_00972,PROD_00217,SC-2026-002630,2026-05-10 18:49:33,1,1270.0,5,1206.5,Net Banking,Beauty,Desktop
PUR_001873,CUST_00556,PROD_00080,SC-2026-002631,2026-07-30 02:31:32,1,18910.0,5,17964.5,Net Banking,Mobiles,Mobile Web
PUR_001874,CUST_00556,PROD_00017,SC-2026-002631,2026-07-30 02:31:32,1,7000.0,50,3500.0,Net Banking,Electronics,Mobile Web
PUR_001875,CUST_01645,PROD_00506,SC-2026-002632,2026-05-08 06:27:19,1,4500.0,40,2700.0,Credit Card,Accessories,Desktop
PUR_001876,CUST_02067,PROD_00489,SC-2026-002633,2026-07-15 01:09:05,1,3940.0,40,2364.0,Wallet,Gaming,Mobile App
PUR_001877,CUST_02067,PROD_00468,SC-2026-002634,2026-07-15 01:11:58,1,40730.0,15,34620.5,Credit Card,Gaming,Mobile App
PUR_001878,CUST_00051,PROD_00255,SC-2026-002635,2026-07-01 12:23:35,1,4980.0,15,4233.0,Net Banking,Home,Tablet
PUR_001879,CUST_00051,PROD_00263,SC-2026-002636,2026-07-01 12:25:33,1,5550.0,50,2775.0,UPI,Home,Tablet
PUR_001880,CUST_01918,PROD_00498,SC-2026-002637,2026-06-22 01:38:14,1,34000.0,50,17000.0,UPI,Gaming,Tablet
PUR_001881,CUST_02390,PROD_00296,SC-2026-002638,2026-06-05 05:46:50,1,4340.0,15,3689.0,Net Banking,Kitchen,Tablet
PUR_001882,CUST_00880,PROD_00292,SC-2026-002639,2026-08-02 02:13:43,2,3500.0,10,6300.0,Cash on Delivery,Home,Mobile App
PUR_001883,CUST_00880,PROD_00279,SC-2026-002640,2026-08-02 02:17:40,1,3550.0,5,3372.5,Credit Card,Home,Mobile App
PUR_001884,CUST_01467,PROD_00597,SC-2026-002641,2026-08-22 08:08:48,2,1960.0,40,2352.0,UPI,Personal Care,Desktop
PUR_001885,CUST_02366,PROD_00255,SC-2026-002642,2026-05-20 14:18:05,1,4980.0,15,4233.0,Credit Card,Home,Desktop
PUR_001886,CUST_00410,PROD_00499,SC-2026-002643,2026-04-21 10:13:56,1,49470.0,5,46996.5,Net Banking,Gaming,Mobile Web
PUR_001887,CUST_01977,PROD_00533,SC-2026-002644,2026-03-29 09:48:43,1,5200.0,20,4160.0,Credit Card,Accessories,Mobile Web
PUR_001888,CUST_00956,PROD_00311,SC-2026-002645,2026-08-12 03:42:16,1,9320.0,30,6524.0,Credit Card,Kitchen,Mobile Web
PUR_001889,CUST_00124,PROD_00009,SC-2026-002646,2026-07-08 14:45:30,1,10810.0,10,9729.0,Wallet,Electronics,Mobile App
PUR_001890,CUST_02890,PROD_00383,SC-2026-002647,2026-07-14 07:45:54,1,2050.0,50,1025.0,Credit Card,Sports,Mobile App
PUR_001891,CUST_02890,PROD_00417,SC-2026-002648,2026-07-14 07:49:04,1,6160.0,25,4620.0,Credit Card,Sports,Mobile App
PUR_001892,CUST_01262,PROD_00054,SC-2026-002649,2026-07-10 10:59:06,1,120760.0,5,114722.0,UPI,Mobiles,Desktop
PUR_001893,CUST_01262,PROD_00508,SC-2026-002649,2026-07-10 10:59:06,1,4500.0,10,4050.0,UPI,Accessories,Desktop
PUR_001894,CUST_01172,PROD_00395,SC-2026-002650,2026-06-26 05:52:03,1,15890.0,35,10328.5,Net Banking,Sports,Mobile App
PUR_001895,CUST_02841,PROD_00080,SC-2026-002651,2026-03-15 17:45:48,1,18910.0,5,17964.5,Credit Card,Mobiles,Mobile App
PUR_001896,CUST_02841,PROD_00505,SC-2026-002651,2026-03-15 17:45:48,1,490.0,10,441.0,Credit Card,Accessories,Mobile App
PUR_001897,CUST_00667,PROD_00165,SC-2026-002652,2026-06-29 22:23:50,2,1900.0,25,2850.0,Cash on Delivery,Fashion,Tablet
PUR_001898,CUST_01215,PROD_00284,SC-2026-002653,2026-03-27 09:11:07,1,3230.0,30,2261.0,Credit Card,Home,Desktop
PUR_001899,CUST_02758,PROD_00240,SC-2026-002654,2026-06-13 23:30:04,1,2360.0,10,2124.0,Wallet,Beauty,Tablet
PUR_001900,CUST_00170,PROD_00197,SC-2026-002655,2026-08-23 04:35:16,1,3610.0,0,3610.0,Debit Card,Footwear,Desktop
PUR_001901,CUST_00170,PROD_00149,SC-2026-002655,2026-08-23 04:35:16,1,2490.0,50,1245.0,Debit Card,Fashion,Desktop
PUR_001902,CUST_00373,PROD_00092,SC-2026-002656,2026-04-04 19:05:44,1,99720.0,20,79776.0,Wallet,Laptops,Mobile Web
PUR_001903,CUST_01944,PROD_00092,SC-2026-002657,2026-07-19 00:43:49,1,99720.0,20,79776.0,Debit Card,Laptops,Tablet
PUR_001904,CUST_01944,PROD_00540,SC-2026-002657,2026-07-19 00:43:49,1,5220.0,25,3915.0,Debit Card,Accessories,Tablet
PUR_001905,CUST_01944,PROD_00104,SC-2026-002658,2026-07-19 00:49:31,1,66240.0,10,59616.0,Cash on Delivery,Laptops,Tablet
PUR_001906,CUST_01944,PROD_00463,SC-2026-002658,2026-07-19 00:49:31,1,6150.0,20,4920.0,Cash on Delivery,Gaming,Tablet
PUR_001907,CUST_01028,PROD_00480,SC-2026-002659,2026-07-19 09:55:02,1,17680.0,40,10608.0,Credit Card,Gaming,Mobile App
PUR_001908,CUST_01028,PROD_00488,SC-2026-002660,2026-07-19 09:56:32,1,28870.0,0,28870.0,UPI,Gaming,Mobile App
PUR_001909,CUST_01028,PROD_00477,SC-2026-002661,2026-07-19 09:58:02,1,4350.0,20,3480.0,Debit Card,Gaming,Mobile App
PUR_001910,CUST_02674,PROD_00295,SC-2026-002662,2026-06-20 23:52:12,2,2010.0,35,2613.0,Credit Card,Kitchen,Mobile App
PUR_001911,CUST_02707,PROD_00495,SC-2026-002663,2026-07-13 13:54:27,1,33830.0,35,21989.5,Debit Card,Gaming,Desktop
PUR_001912,CUST_01380,PROD_00092,SC-2026-002664,2026-07-06 12:51:32,1,99720.0,20,79776.0,Wallet,Laptops,Mobile Web
PUR_001913,CUST_01380,PROD_00487,SC-2026-002664,2026-07-06 12:51:32,1,48290.0,0,48290.0,Wallet,Gaming,Mobile Web
PUR_001914,CUST_02097,PROD_00343,SC-2026-002665,2026-03-17 02:11:32,1,27010.0,10,24309.0,Net Banking,Furniture,Mobile App
PUR_001915,CUST_02097,PROD_00348,SC-2026-002666,2026-03-17 02:12:40,1,4860.0,15,4131.0,Credit Card,Furniture,Mobile App
PUR_001916,CUST_00628,PROD_00040,SC-2026-002667,2026-04-27 02:02:34,1,30280.0,50,15140.0,UPI,Electronics,Desktop
PUR_001917,CUST_00377,PROD_00192,SC-2026-002668,2026-05-18 12:29:44,1,1760.0,0,1760.0,Wallet,Footwear,Tablet
PUR_001918,CUST_00377,PROD_00379,SC-2026-002668,2026-05-18 12:29:44,1,13670.0,40,8202.0,Wallet,Sports,Tablet
PUR_001919,CUST_00377,PROD_00171,SC-2026-002669,2026-05-18 12:32:21,1,4190.0,50,2095.0,Wallet,Footwear,Tablet
PUR_001920,CUST_00377,PROD_00162,SC-2026-002669,2026-05-18 12:32:21,1,1830.0,50,915.0,Wallet,Fashion,Tablet
PUR_001921,CUST_00158,PROD_00021,SC-2026-002670,2026-06-29 17:47:27,1,35540.0,35,23101.0,Cash on Delivery,Electronics,Mobile Web
PUR_001922,CUST_02699,PROD_00559,SC-2026-002671,2026-08-30 06:31:28,1,1820.0,5,1729.0,Wallet,Grocery,Mobile Web
PUR_001923,CUST_00110,PROD_00239,SC-2026-002672,2026-05-25 06:28:50,1,890.0,30,623.0,Debit Card,Beauty,Tablet
PUR_001924,CUST_00110,PROD_00221,SC-2026-002673,2026-05-25 06:29:55,1,3930.0,0,3930.0,Cash on Delivery,Beauty,Tablet
PUR_001925,CUST_02572,PROD_00123,SC-2026-002674,2026-03-20 06:49:49,1,54980.0,50,27490.0,Credit Card,Laptops,Tablet
PUR_001926,CUST_02572,PROD_00525,SC-2026-002674,2026-03-20 06:49:49,1,2250.0,50,1125.0,Credit Card,Accessories,Tablet
PUR_001927,CUST_01087,PROD_00252,SC-2026-002675,2026-07-06 01:36:40,1,3190.0,10,2871.0,Net Banking,Beauty,Tablet
PUR_001928,CUST_01087,PROD_00215,SC-2026-002676,2026-07-06 01:39:08,1,1620.0,15,1377.0,Credit Card,Beauty,Tablet
PUR_001929,CUST_00968,PROD_00445,SC-2026-002677,2026-05-12 13:29:50,1,320.0,35,208.0,Debit Card,Books,Mobile App
PUR_001930,CUST_00627,PROD_00115,SC-2026-002678,2026-04-07 05:45:44,1,160690.0,50,80345.0,Net Banking,Laptops,Desktop
PUR_001931,CUST_00627,PROD_00518,SC-2026-002678,2026-04-07 05:45:44,1,2380.0,35,1547.0,Net Banking,Accessories,Desktop
PUR_001932,CUST_02171,PROD_00335,SC-2026-002679,2026-07-29 13:17:12,1,14920.0,5,14174.0,Net Banking,Kitchen,Desktop
PUR_001933,CUST_02473,PROD_00485,SC-2026-002680,2026-08-22 17:33:36,1,37250.0,15,31662.5,Cash on Delivery,Gaming,Desktop
PUR_001934,CUST_00989,PROD_00085,SC-2026-002681,2026-05-21 07:02:00,1,33810.0,40,20286.0,Debit Card,Laptops,Mobile Web
PUR_001935,CUST_00989,PROD_00485,SC-2026-002681,2026-05-21 07:02:00,1,37250.0,15,31662.5,Debit Card,Gaming,Mobile Web
PUR_001936,CUST_00989,PROD_00086,SC-2026-002682,2026-05-21 07:03:41,1,130800.0,10,117720.0,UPI,Laptops,Mobile Web
PUR_001937,CUST_00989,PROD_00467,SC-2026-002682,2026-05-21 07:03:41,1,24460.0,10,22014.0,UPI,Gaming,Mobile Web
PUR_001938,CUST_02930,PROD_00102,SC-2026-002683,2026-07-04 15:00:54,1,71920.0,25,53940.0,Net Banking,Laptops,Mobile Web
PUR_001939,CUST_02930,PROD_00504,SC-2026-002683,2026-07-04 15:00:54,1,14740.0,5,14003.0,Net Banking,Gaming,Mobile Web
PUR_001940,CUST_02499,PROD_00172,SC-2026-002684,2026-09-04 10:50:51,1,3910.0,50,1955.0,UPI,Footwear,Tablet
PUR_001941,CUST_02499,PROD_00146,SC-2026-002684,2026-09-04 10:50:51,1,6260.0,25,4695.0,UPI,Fashion,Tablet
PUR_001942,CUST_01929,PROD_00349,SC-2026-002685,2026-07-29 19:50:42,1,21440.0,25,16080.0,Credit Card,Furniture,Mobile App
PUR_001943,CUST_00602,PROD_00042,SC-2026-002686,2026-08-20 18:52:15,1,29940.0,0,29940.0,Debit Card,Electronics,Mobile Web
PUR_001944,CUST_00602,PROD_00005,SC-2026-002687,2026-08-20 18:53:19,1,44350.0,15,37697.5,UPI,Electronics,Mobile Web
PUR_001945,CUST_00505,PROD_00282,SC-2026-002688,2026-07-31 16:35:55,1,1280.0,25,960.0,Net Banking,Home,Tablet
PUR_001946,CUST_01912,PROD_00251,SC-2026-002689,2026-06-24 22:42:49,2,3500.0,0,7000.0,UPI,Beauty,Mobile Web
PUR_001947,CUST_00553,PROD_00200,SC-2026-002690,2026-05-29 22:00:40,1,11190.0,20,8952.0,UPI,Footwear,Mobile App
PUR_001948,CUST_00553,PROD_00160,SC-2026-002690,2026-05-29 22:00:40,1,680.0,0,680.0,UPI,Fashion,Mobile App
PUR_001949,CUST_00553,PROD_00182,SC-2026-002691,2026-05-29 22:01:40,1,11670.0,10,10503.0,Credit Card,Footwear,Mobile App
PUR_001950,CUST_00553,PROD_00130,SC-2026-002691,2026-05-29 22:01:40,1,3910.0,50,1955.0,Credit Card,Fashion,Mobile App
PUR_001951,CUST_00249,PROD_00258,SC-2026-002692,2026-07-02 10:15:20,1,3770.0,30,2639.0,Debit Card,Home,Mobile Web
PUR_001952,CUST_00920,PROD_00196,SC-2026-002693,2026-05-15 13:45:57,2,2210.0,0,4420.0,UPI,Footwear,Mobile Web
PUR_001953,CUST_00920,PROD_00158,SC-2026-002693,2026-05-15 13:45:57,1,2480.0,10,2232.0,UPI,Fashion,Mobile Web
PUR_001954,CUST_00920,PROD_00191,SC-2026-002694,2026-05-15 13:48:03,1,7700.0,20,6160.0,Net Banking,Footwear,Mobile Web
PUR_001955,CUST_00552,PROD_00327,SC-2026-002695,2026-06-20 22:06:09,1,8960.0,50,4480.0,Wallet,Kitchen,Desktop
PUR_001956,CUST_00552,PROD_00312,SC-2026-002696,2026-06-20 22:09:01,1,12350.0,20,9880.0,Wallet,Kitchen,Desktop
PUR_001957,CUST_00021,PROD_00009,SC-2026-002697,2026-06-13 17:06:22,1,10810.0,10,9729.0,Net Banking,Electronics,Mobile App
PUR_001958,CUST_02305,PROD_00140,SC-2026-002698,2026-06-05 21:31:19,1,2570.0,5,2441.5,Credit Card,Fashion,Desktop
PUR_001959,CUST_00523,PROD_00168,SC-2026-002699,2026-07-26 19:25:27,1,5410.0,15,4598.5,UPI,Fashion,Desktop
PUR_001960,CUST_02957,PROD_00273,SC-2026-002700,2026-04-16 01:00:34,1,4340.0,15,3689.0,Credit Card,Home,Tablet
PUR_001961,CUST_01949,PROD_00302,SC-2026-002701,2026-05-16 04:01:48,1,1910.0,15,1623.5,Net Banking,Kitchen,Desktop
PUR_001962,CUST_01929,PROD_00601,SC-2026-002702,2026-03-14 13:53:02,1,590.0,25,442.5,Cash on Delivery,Personal Care,Mobile Web
PUR_001963,CUST_00499,PROD_00144,SC-2026-002703,2026-07-13 00:58:16,2,2150.0,0,4300.0,Debit Card,Fashion,Mobile App
PUR_001964,CUST_00516,PROD_00481,SC-2026-002704,2026-07-27 06:23:24,1,39850.0,10,35865.0,UPI,Gaming,Mobile Web
PUR_001965,CUST_00716,PROD_00203,SC-2026-002705,2026-03-31 10:45:50,1,11910.0,15,10123.5,Wallet,Footwear,Tablet
PUR_001966,CUST_00716,PROD_00393,SC-2026-002705,2026-03-31 10:45:50,1,6780.0,15,5763.0,Wallet,Sports,Tablet
PUR_001967,CUST_00600,PROD_00382,SC-2026-002706,2026-07-14 00:24:04,1,11490.0,30,8043.0,Cash on Delivery,Sports,Mobile Web
PUR_001968,CUST_01233,PROD_00342,SC-2026-002707,2026-06-12 00:35:59,1,12930.0,5,12283.5,Cash on Delivery,Furniture,Mobile Web
PUR_001969,CUST_01233,PROD_00368,SC-2026-002708,2026-06-12 00:38:22,1,27540.0,25,20655.0,Debit Card,Furniture,Mobile Web
PUR_001970,CUST_01233,PROD_00369,SC-2026-002709,2026-06-12 00:43:05,1,15800.0,15,13430.0,Debit Card,Furniture,Mobile Web
PUR_001971,CUST_01558,PROD_00230,SC-2026-002710,2026-05-17 23:57:23,1,2870.0,50,1435.0,Debit Card,Beauty,Tablet
PUR_001972,CUST_02419,PROD_00510,SC-2026-002711,2026-04-26 14:31:50,2,6420.0,35,8346.0,Wallet,Accessories,Mobile App
PUR_001973,CUST_01035,PROD_00064,SC-2026-002712,2026-04-24 13:03:18,1,40350.0,50,20175.0,Wallet,Mobiles,Mobile App
PUR_001974,CUST_01035,PROD_00540,SC-2026-002712,2026-04-24 13:03:18,1,5220.0,25,3915.0,Wallet,Accessories,Mobile App
PUR_001975,CUST_01529,PROD_00132,SC-2026-002713,2026-06-20 01:38:02,2,5040.0,30,7056.0,Debit Card,Fashion,Mobile Web
PUR_001976,CUST_00939,PROD_00580,SC-2026-002714,2026-08-13 12:18:19,1,1290.0,25,967.5,Wallet,Grocery,Tablet
PUR_001977,CUST_00808,PROD_00562,SC-2026-002715,2026-05-02 04:52:29,2,1170.0,35,1521.0,Net Banking,Grocery,Desktop
PUR_001978,CUST_00808,PROD_00564,SC-2026-002716,2026-05-02 04:56:25,2,910.0,10,1638.0,Net Banking,Grocery,Desktop
PUR_001979,CUST_01688,PROD_00128,SC-2026-002717,2026-04-27 05:25:44,1,6120.0,5,5814.0,Credit Card,Fashion,Desktop
PUR_001980,CUST_01688,PROD_00151,SC-2026-002718,2026-04-27 05:27:19,2,2880.0,30,4032.0,Net Banking,Fashion,Desktop
PUR_001981,CUST_00783,PROD_00294,SC-2026-002719,2026-07-18 00:25:32,1,9510.0,30,6657.0,Credit Card,Home,Mobile Web
PUR_001982,CUST_02207,PROD_00160,SC-2026-002720,2026-06-12 19:41:59,2,680.0,0,1360.0,Wallet,Fashion,Tablet
PUR_001983,CUST_02968,PROD_00458,SC-2026-002721,2026-05-03 02:37:48,1,2990.0,25,2242.5,Net Banking,Books,Mobile App
PUR_001984,CUST_00881,PROD_00328,SC-2026-002722,2026-06-30 05:13:11,1,2690.0,15,2286.5,Net Banking,Kitchen,Desktop
PUR_001985,CUST_00020,PROD_00539,SC-2026-002723,2026-07-24 16:04:08,1,6780.0,50,3390.0,Debit Card,Accessories,Mobile App
PUR_001986,CUST_00195,PROD_00037,SC-2026-002724,2026-03-27 09:23:24,1,30260.0,5,28747.0,Net Banking,Electronics,Desktop
PUR_001987,CUST_00195,PROD_00009,SC-2026-002725,2026-03-27 09:24:07,1,10810.0,10,9729.0,Cash on Delivery,Electronics,Desktop
PUR_001988,CUST_01898,PROD_00529,SC-2026-002726,2026-05-20 15:21:14,1,6980.0,10,6282.0,Wallet,Accessories,Desktop
PUR_001989,CUST_02839,PROD_00192,SC-2026-002727,2026-08-01 19:35:29,2,1760.0,0,3520.0,Credit Card,Footwear,Mobile App
PUR_001990,CUST_01540,PROD_00133,SC-2026-002728,2026-08-28 03:02:35,2,620.0,20,992.0,Net Banking,Fashion,Mobile Web
PUR_001991,CUST_02545,PROD_00158,SC-2026-002729,2026-03-31 16:34:10,1,2480.0,10,2232.0,UPI,Fashion,Mobile App
PUR_001992,CUST_01387,PROD_00272,SC-2026-002730,2026-05-19 00:47:26,2,3200.0,20,5120.0,Cash on Delivery,Home,Desktop
PUR_001993,CUST_01387,PROD_00273,SC-2026-002731,2026-05-19 00:50:11,1,4340.0,15,3689.0,Wallet,Home,Desktop
PUR_001994,CUST_01387,PROD_00279,SC-2026-002732,2026-05-19 00:53:05,1,3550.0,5,3372.5,Net Banking,Home,Desktop
PUR_001995,CUST_01944,PROD_00124,SC-2026-002733,2026-06-13 18:26:28,1,110260.0,30,77182.0,UPI,Laptops,Mobile App
PUR_001996,CUST_01944,PROD_00090,SC-2026-002734,2026-06-13 18:28:57,1,40400.0,30,28280.0,Wallet,Laptops,Mobile App
PUR_001997,CUST_01944,PROD_00519,SC-2026-002734,2026-06-13 18:28:57,1,6210.0,35,4036.5,Wallet,Accessories,Mobile App
PUR_001998,CUST_02802,PROD_00517,SC-2026-002735,2026-08-04 04:49:45,2,1630.0,40,1956.0,Debit Card,Accessories,Mobile App
PUR_001999,CUST_02802,PROD_00512,SC-2026-002736,2026-08-04 04:53:36,1,2380.0,0,2380.0,Debit Card,Accessories,Mobile App
PUR_002000,CUST_00617,PROD_00451,SC-2026-002737,2026-03-31 04:50:35,1,730.0,35,474.5,Wallet,Books,Desktop
PUR_002001,CUST_02358,PROD_00328,SC-2026-002738,2026-04-18 11:27:50,1,2690.0,15,2286.5,Debit Card,Kitchen,Mobile Web
PUR_002002,CUST_02983,PROD_00355,SC-2026-002739,2026-07-29 21:31:16,1,4800.0,30,3360.0,Debit Card,Furniture,Mobile Web
PUR_002003,CUST_02983,PROD_00347,SC-2026-002740,2026-07-29 21:34:09,1,37570.0,40,22542.0,Cash on Delivery,Furniture,Mobile Web
PUR_002004,CUST_02318,PROD_00297,SC-2026-002741,2026-03-25 02:12:13,1,13330.0,35,8664.5,Debit Card,Kitchen,Mobile App
PUR_002005,CUST_00387,PROD_00141,SC-2026-002742,2026-04-19 22:10:18,2,3550.0,50,3550.0,Wallet,Fashion,Desktop
PUR_002006,CUST_02467,PROD_00272,SC-2026-002743,2026-07-18 17:30:14,1,3200.0,20,2560.0,Net Banking,Home,Mobile Web
PUR_002007,CUST_00647,PROD_00228,SC-2026-002744,2026-04-20 00:09:45,1,950.0,30,665.0,UPI,Beauty,Tablet
PUR_002008,CUST_01068,PROD_00524,SC-2026-002745,2026-07-12 11:48:20,2,2840.0,35,3692.0,UPI,Accessories,Tablet
PUR_002009,CUST_01790,PROD_00519,SC-2026-002746,2026-07-04 18:57:55,1,6210.0,35,4036.5,Credit Card,Accessories,Desktop
PUR_002010,CUST_02168,PROD_00430,SC-2026-002747,2026-04-07 11:07:50,1,380.0,35,247.0,Cash on Delivery,Books,Mobile Web
PUR_002011,CUST_00215,PROD_00485,SC-2026-002748,2026-08-07 06:16:28,1,37250.0,15,31662.5,Wallet,Gaming,Mobile App
PUR_002012,CUST_00448,PROD_00178,SC-2026-002749,2026-06-03 15:15:20,1,11860.0,15,10081.0,Cash on Delivery,Footwear,Mobile Web
PUR_002013,CUST_00448,PROD_00382,SC-2026-002749,2026-06-03 15:15:20,1,11490.0,30,8043.0,Cash on Delivery,Sports,Mobile Web
PUR_002014,CUST_00855,PROD_00529,SC-2026-002750,2026-04-21 22:29:21,1,6980.0,10,6282.0,Debit Card,Accessories,Tablet
PUR_002015,CUST_01363,PROD_00163,SC-2026-002751,2026-06-10 01:14:32,2,3530.0,20,5648.0,Cash on Delivery,Fashion,Desktop
PUR_002016,CUST_01463,PROD_00353,SC-2026-002752,2026-04-09 19:47:19,1,25600.0,15,21760.0,UPI,Furniture,Mobile Web
PUR_002017,CUST_01635,PROD_00332,SC-2026-002753,2026-07-17 03:36:39,1,4940.0,5,4693.0,Wallet,Kitchen,Tablet
PUR_002018,CUST_01778,PROD_00244,SC-2026-002754,2026-08-12 09:12:38,1,4500.0,35,2925.0,Credit Card,Beauty,Mobile Web
PUR_002019,CUST_01718,PROD_00263,SC-2026-002755,2026-07-17 21:33:29,2,5550.0,50,5550.0,Credit Card,Home,Tablet
PUR_002020,CUST_02039,PROD_00184,SC-2026-002756,2026-07-30 09:16:23,1,9030.0,10,8127.0,Debit Card,Footwear,Desktop
PUR_002021,CUST_02039,PROD_00186,SC-2026-002757,2026-07-30 09:20:16,1,2920.0,40,1752.0,Debit Card,Footwear,Desktop
PUR_002022,CUST_02039,PROD_00139,SC-2026-002757,2026-07-30 09:20:16,1,1940.0,35,1261.0,Debit Card,Fashion,Desktop
PUR_002023,CUST_00303,PROD_00392,SC-2026-002758,2026-07-05 03:02:36,1,13130.0,15,11160.5,Credit Card,Sports,Mobile App
PUR_002024,CUST_02513,PROD_00429,SC-2026-002759,2026-05-06 05:02:42,1,1460.0,10,1314.0,Debit Card,Books,Tablet
PUR_002025,CUST_02513,PROD_00455,SC-2026-002760,2026-05-06 05:04:49,1,2540.0,5,2413.0,UPI,Books,Tablet
PUR_002026,CUST_01209,PROD_00030,SC-2026-002761,2026-08-02 18:30:08,1,6780.0,20,5424.0,Wallet,Electronics,Desktop
PUR_002027,CUST_01209,PROD_00032,SC-2026-002762,2026-08-02 18:32:20,1,15750.0,30,11025.0,Net Banking,Electronics,Desktop
PUR_002028,CUST_02582,PROD_00546,SC-2026-002763,2026-06-17 22:21:36,1,920.0,50,460.0,Wallet,Accessories,Mobile App
PUR_002029,CUST_02831,PROD_00065,SC-2026-002764,2026-04-06 06:27:29,1,90840.0,10,81756.0,Debit Card,Mobiles,Mobile Web
PUR_002030,CUST_02831,PROD_00082,SC-2026-002765,2026-04-06 06:28:46,1,107970.0,25,80977.5,Net Banking,Mobiles,Mobile Web
PUR_002031,CUST_02831,PROD_00042,SC-2026-002765,2026-04-06 06:28:46,1,29940.0,0,29940.0,Net Banking,Electronics,Mobile Web
PUR_002032,CUST_00008,PROD_00238,SC-2026-002766,2026-07-03 14:12:24,1,2890.0,20,2312.0,Credit Card,Beauty,Tablet
PUR_002033,CUST_02247,PROD_00254,SC-2026-002767,2026-08-03 12:56:00,1,4980.0,10,4482.0,Net Banking,Home,Mobile Web
PUR_002034,CUST_01849,PROD_00266,SC-2026-002768,2026-03-26 22:20:04,1,9550.0,40,5730.0,Debit Card,Home,Mobile App
PUR_002035,CUST_01849,PROD_00255,SC-2026-002769,2026-03-26 22:22:49,2,4980.0,15,8466.0,Cash on Delivery,Home,Mobile App
PUR_002036,CUST_01849,PROD_00269,SC-2026-002770,2026-03-26 22:24:55,2,520.0,0,1040.0,UPI,Home,Mobile App
PUR_002037,CUST_01133,PROD_00014,SC-2026-002771,2026-07-03 10:06:36,1,39410.0,30,27587.0,UPI,Electronics,Mobile App
PUR_002038,CUST_01133,PROD_00040,SC-2026-002772,2026-07-03 10:08:17,1,30280.0,50,15140.0,UPI,Electronics,Mobile App
PUR_002039,CUST_01058,PROD_00315,SC-2026-002773,2026-04-11 17:01:27,1,3410.0,0,3410.0,Debit Card,Kitchen,Tablet
PUR_002040,CUST_02775,PROD_00417,SC-2026-002774,2026-08-04 16:45:33,1,6160.0,25,4620.0,Credit Card,Sports,Tablet
PUR_002041,CUST_02775,PROD_00387,SC-2026-002775,2026-08-04 16:47:36,1,15200.0,10,13680.0,Wallet,Sports,Tablet
PUR_002042,CUST_02335,PROD_00309,SC-2026-002776,2026-08-23 05:36:21,1,11830.0,5,11238.5,Credit Card,Kitchen,Desktop
PUR_002043,CUST_02488,PROD_00481,SC-2026-002777,2026-09-04 00:43:25,1,39850.0,10,35865.0,Cash on Delivery,Gaming,Mobile Web
PUR_002044,CUST_00168,PROD_00024,SC-2026-002778,2026-06-18 22:25:02,1,25960.0,25,19470.0,Cash on Delivery,Electronics,Tablet
PUR_002045,CUST_00533,PROD_00171,SC-2026-002779,2026-05-26 20:11:06,1,4190.0,50,2095.0,Debit Card,Footwear,Mobile Web
PUR_002046,CUST_01573,PROD_00210,SC-2026-002780,2026-08-26 23:21:32,1,7390.0,30,5173.0,Wallet,Footwear,Desktop
PUR_002047,CUST_01573,PROD_00130,SC-2026-002780,2026-08-26 23:21:32,1,3910.0,50,1955.0,Wallet,Fashion,Desktop
PUR_002048,CUST_01078,PROD_00202,SC-2026-002781,2026-08-12 04:42:17,1,8260.0,0,8260.0,Credit Card,Footwear,Mobile Web
PUR_002049,CUST_02950,PROD_00365,SC-2026-002782,2026-03-15 19:29:47,1,13330.0,20,10664.0,Cash on Delivery,Furniture,Tablet
PUR_002050,CUST_01061,PROD_00168,SC-2026-002783,2026-03-16 12:44:18,1,5410.0,15,4598.5,Debit Card,Fashion,Mobile App
PUR_002051,CUST_01756,PROD_00440,SC-2026-002784,2026-07-25 10:13:57,2,1380.0,35,1794.0,Credit Card,Books,Mobile Web
PUR_002052,CUST_01825,PROD_00284,SC-2026-002785,2026-06-17 12:12:20,1,3230.0,30,2261.0,Cash on Delivery,Home,Mobile Web
PUR_002053,CUST_01799,PROD_00326,SC-2026-002786,2026-04-11 18:52:52,1,13130.0,30,9191.0,Debit Card,Kitchen,Mobile Web
PUR_002054,CUST_02767,PROD_00099,SC-2026-002787,2026-05-01 15:03:48,1,64710.0,0,64710.0,Net Banking,Laptops,Tablet
PUR_002055,CUST_02767,PROD_00486,SC-2026-002787,2026-05-01 15:03:48,1,42910.0,50,21455.0,Net Banking,Gaming,Tablet
PUR_002056,CUST_01051,PROD_00373,SC-2026-002788,2026-06-07 12:53:33,1,5710.0,10,5139.0,Credit Card,Furniture,Tablet
PUR_002057,CUST_01051,PROD_00357,SC-2026-002789,2026-06-07 12:55:57,1,7930.0,30,5551.0,Credit Card,Furniture,Tablet
PUR_002058,CUST_01199,PROD_00096,SC-2026-002790,2026-06-09 04:35:34,1,48750.0,40,29250.0,Cash on Delivery,Laptops,Mobile App
PUR_002059,CUST_01199,PROD_00494,SC-2026-002790,2026-06-09 04:35:34,1,10760.0,10,9684.0,Cash on Delivery,Gaming,Mobile App
PUR_002060,CUST_01892,PROD_00036,SC-2026-002791,2026-08-15 15:32:15,1,32240.0,0,32240.0,Cash on Delivery,Electronics,Mobile App
PUR_002061,CUST_00677,PROD_00081,SC-2026-002792,2026-05-30 20:00:30,1,64450.0,35,41892.5,Wallet,Mobiles,Tablet
PUR_002062,CUST_00677,PROD_00003,SC-2026-002792,2026-05-30 20:00:30,1,34640.0,5,32908.0,Wallet,Electronics,Tablet
PUR_002063,CUST_00184,PROD_00358,SC-2026-002793,2026-04-19 02:45:28,1,26090.0,20,20872.0,Wallet,Furniture,Desktop
PUR_002064,CUST_00252,PROD_00010,SC-2026-002794,2026-06-10 19:10:15,1,27300.0,35,17745.0,Debit Card,Electronics,Mobile App
PUR_002065,CUST_02890,PROD_00096,SC-2026-002795,2026-05-17 19:07:07,1,48750.0,40,29250.0,Wallet,Laptops,Mobile Web
PUR_002066,CUST_02890,PROD_00483,SC-2026-002795,2026-05-17 19:07:07,1,13470.0,15,11449.5,Wallet,Gaming,Mobile Web
PUR_002067,CUST_01210,PROD_00113,SC-2026-002796,2026-05-19 00:25:12,1,47190.0,25,35392.5,Credit Card,Laptops,Desktop
PUR_002068,CUST_01210,PROD_00498,SC-2026-002796,2026-05-19 00:25:12,1,34000.0,50,17000.0,Credit Card,Gaming,Desktop
PUR_002069,CUST_01210,PROD_00108,SC-2026-002797,2026-05-19 00:30:05,1,32890.0,35,21378.5,Cash on Delivery,Laptops,Desktop
PUR_002070,CUST_01210,PROD_00477,SC-2026-002797,2026-05-19 00:30:05,1,4350.0,20,3480.0,Cash on Delivery,Gaming,Desktop
PUR_002071,CUST_01792,PROD_00506,SC-2026-002798,2026-06-22 13:34:59,1,4500.0,40,2700.0,UPI,Accessories,Tablet
PUR_002072,CUST_00297,PROD_00179,SC-2026-002799,2026-07-15 02:29:38,1,2890.0,35,1878.5,Cash on Delivery,Footwear,Tablet
PUR_002073,CUST_00297,PROD_00400,SC-2026-002799,2026-07-15 02:29:38,1,7820.0,15,6647.0,Cash on Delivery,Sports,Tablet
PUR_002074,CUST_00297,PROD_00175,SC-2026-002800,2026-07-15 02:31:20,1,4580.0,20,3664.0,Net Banking,Footwear,Tablet
PUR_002075,CUST_00297,PROD_00147,SC-2026-002800,2026-07-15 02:31:20,1,810.0,25,607.5,Net Banking,Fashion,Tablet
PUR_002076,CUST_00250,PROD_00150,SC-2026-002801,2026-07-02 21:46:30,1,4640.0,25,3480.0,Debit Card,Fashion,Mobile Web
PUR_002077,CUST_00250,PROD_00138,SC-2026-002802,2026-07-02 21:51:40,1,5120.0,40,3072.0,Debit Card,Fashion,Mobile Web
PUR_002078,CUST_01011,PROD_00096,SC-2026-002803,2026-07-16 07:26:56,1,48750.0,40,29250.0,Net Banking,Laptops,Mobile Web
PUR_002079,CUST_01011,PROD_00508,SC-2026-002803,2026-07-16 07:26:56,1,4500.0,10,4050.0,Net Banking,Accessories,Mobile Web
PUR_002080,CUST_00877,PROD_00625,SC-2026-002804,2026-05-19 06:25:58,2,1730.0,50,1730.0,Cash on Delivery,Personal Care,Mobile Web
PUR_002081,CUST_02569,PROD_00179,SC-2026-002805,2026-04-27 06:35:12,1,2890.0,35,1878.5,Credit Card,Footwear,Tablet
PUR_002082,CUST_01302,PROD_00151,SC-2026-002806,2026-04-28 01:25:33,1,2880.0,30,2016.0,Net Banking,Fashion,Mobile Web
PUR_002083,CUST_02355,PROD_00424,SC-2026-002807,2026-05-28 23:58:56,1,660.0,15,561.0,Net Banking,Books,Mobile Web
PUR_002084,CUST_02666,PROD_00192,SC-2026-002808,2026-06-03 02:56:18,2,1760.0,0,3520.0,Net Banking,Footwear,Mobile Web
PUR_002085,CUST_02666,PROD_00388,SC-2026-002808,2026-06-03 02:56:18,1,1020.0,15,867.0,Net Banking,Sports,Mobile Web
PUR_002086,CUST_02666,PROD_00193,SC-2026-002809,2026-06-03 02:58:01,1,12740.0,30,8918.0,Net Banking,Footwear,Mobile Web
PUR_002087,CUST_02666,PROD_00414,SC-2026-002809,2026-06-03 02:58:01,1,1800.0,25,1350.0,Net Banking,Sports,Mobile Web
PUR_002088,CUST_00963,PROD_00165,SC-2026-002810,2026-05-29 01:27:34,1,1900.0,25,1425.0,Wallet,Fashion,Mobile Web
PUR_002089,CUST_00963,PROD_00136,SC-2026-002811,2026-05-29 01:28:17,1,5590.0,15,4751.5,UPI,Fashion,Mobile Web
PUR_002090,CUST_00963,PROD_00127,SC-2026-002812,2026-05-29 01:29:18,1,4600.0,20,3680.0,Debit Card,Fashion,Mobile Web
PUR_002091,CUST_01008,PROD_00168,SC-2026-002813,2026-05-28 07:48:40,1,5410.0,15,4598.5,Debit Card,Fashion,Tablet
PUR_002092,CUST_02586,PROD_00421,SC-2026-002814,2026-06-08 23:08:29,1,2160.0,25,1620.0,Net Banking,Books,Mobile App
PUR_002093,CUST_02018,PROD_00118,SC-2026-002815,2026-07-13 22:25:36,1,35810.0,5,34019.5,Cash on Delivery,Laptops,Mobile Web
PUR_002094,CUST_02018,PROD_00507,SC-2026-002815,2026-07-13 22:25:36,1,2410.0,40,1446.0,Cash on Delivery,Accessories,Mobile Web
PUR_002095,CUST_01006,PROD_00319,SC-2026-002816,2026-09-02 21:03:35,1,9320.0,20,7456.0,Cash on Delivery,Kitchen,Mobile App
PUR_002096,CUST_01537,PROD_00187,SC-2026-002817,2026-04-25 13:27:23,1,12490.0,35,8118.5,Net Banking,Footwear,Tablet
PUR_002097,CUST_00202,PROD_00009,SC-2026-002818,2026-06-29 00:12:26,1,10810.0,10,9729.0,UPI,Electronics,Mobile Web
PUR_002098,CUST_00656,PROD_00016,SC-2026-002819,2026-03-13 20:52:08,1,28840.0,15,24514.0,Wallet,Electronics,Desktop
PUR_002099,CUST_02748,PROD_00110,SC-2026-002820,2026-03-31 02:15:03,1,43570.0,5,41391.5,UPI,Laptops,Mobile Web
PUR_002100,CUST_02748,PROD_00544,SC-2026-002820,2026-03-31 02:15:03,1,4240.0,15,3604.0,UPI,Accessories,Mobile Web
PUR_002101,CUST_01527,PROD_00604,SC-2026-002821,2026-03-28 03:33:45,1,3350.0,25,2512.5,UPI,Personal Care,Mobile Web
PUR_002102,CUST_00811,PROD_00362,SC-2026-002822,2026-07-19 12:39:52,1,32480.0,20,25984.0,Cash on Delivery,Furniture,Mobile Web
PUR_002103,CUST_02713,PROD_00315,SC-2026-002823,2026-08-22 20:22:49,1,3410.0,0,3410.0,Cash on Delivery,Kitchen,Mobile Web
PUR_002104,CUST_00714,PROD_00248,SC-2026-002824,2026-05-04 06:34:05,2,1880.0,5,3572.0,Net Banking,Beauty,Desktop
PUR_002105,CUST_02390,PROD_00331,SC-2026-002825,2026-04-13 14:25:58,1,8200.0,0,8200.0,Debit Card,Kitchen,Mobile App
PUR_002106,CUST_02390,PROD_00325,SC-2026-002826,2026-04-13 14:29:10,1,1910.0,10,1719.0,Credit Card,Kitchen,Mobile App
PUR_002107,CUST_00346,PROD_00103,SC-2026-002827,2026-07-07 18:50:03,1,71310.0,5,67744.5,Wallet,Laptops,Desktop
PUR_002108,CUST_00346,PROD_00513,SC-2026-002827,2026-07-07 18:50:03,1,5380.0,15,4573.0,Wallet,Accessories,Desktop
PUR_002109,CUST_02945,PROD_00147,SC-2026-002828,2026-05-20 20:56:03,1,810.0,25,607.5,Wallet,Fashion,Desktop
PUR_002110,CUST_00216,PROD_00156,SC-2026-002829,2026-06-01 13:34:32,1,3540.0,40,2124.0,Credit Card,Fashion,Desktop
PUR_002111,CUST_01470,PROD_00005,SC-2026-002830,2026-04-08 13:35:22,1,44350.0,15,37697.5,Debit Card,Electronics,Tablet
PUR_002112,CUST_00678,PROD_00077,SC-2026-002831,2026-08-29 07:21:46,1,37530.0,5,35653.5,Wallet,Mobiles,Desktop
PUR_002113,CUST_00678,PROD_00058,SC-2026-002832,2026-08-29 07:24:16,1,39600.0,40,23760.0,Net Banking,Mobiles,Desktop
PUR_002114,CUST_00678,PROD_00512,SC-2026-002832,2026-08-29 07:24:16,1,2380.0,0,2380.0,Net Banking,Accessories,Desktop
PUR_002115,CUST_01521,PROD_00024,SC-2026-002833,2026-09-03 00:32:40,1,25960.0,25,19470.0,Credit Card,Electronics,Mobile Web
PUR_002116,CUST_02301,PROD_00574,SC-2026-002834,2026-04-19 09:35:01,1,950.0,15,807.5,Credit Card,Grocery,Mobile Web
PUR_002117,CUST_02968,PROD_00457,SC-2026-002835,2026-03-13 12:11:45,2,670.0,10,1206.0,Cash on Delivery,Books,Desktop
PUR_002118,CUST_02968,PROD_00460,SC-2026-002836,2026-03-13 12:16:03,1,2980.0,20,2384.0,Debit Card,Books,Desktop
PUR_002119,CUST_02955,PROD_00324,SC-2026-002837,2026-08-03 19:49:12,1,3720.0,40,2232.0,Wallet,Kitchen,Tablet
PUR_002120,CUST_00423,PROD_00329,SC-2026-002838,2026-08-09 13:32:46,1,14810.0,25,11107.5,Debit Card,Kitchen,Mobile Web
PUR_002121,CUST_01109,PROD_00108,SC-2026-002839,2026-08-22 02:56:18,1,32890.0,35,21378.5,Wallet,Laptops,Desktop
PUR_002122,CUST_01109,PROD_00474,SC-2026-002839,2026-08-22 02:56:18,1,36660.0,25,27495.0,Wallet,Gaming,Desktop
PUR_002123,CUST_02011,PROD_00444,SC-2026-002840,2026-05-24 06:46:15,1,810.0,5,769.5,Credit Card,Books,Mobile App
PUR_002124,CUST_00170,PROD_00449,SC-2026-002841,2026-04-27 19:04:21,1,2530.0,40,1518.0,Cash on Delivery,Books,Mobile App
PUR_002125,CUST_00656,PROD_00479,SC-2026-002842,2026-03-21 00:09:41,1,17870.0,50,8935.0,UPI,Gaming,Desktop
PUR_002126,CUST_01456,PROD_00324,SC-2026-002843,2026-07-19 15:34:20,2,3720.0,40,4464.0,Cash on Delivery,Kitchen,Mobile App
PUR_002127,CUST_01529,PROD_00492,SC-2026-002844,2026-07-01 21:27:35,1,5610.0,30,3927.0,UPI,Gaming,Mobile App
PUR_002128,CUST_00883,PROD_00630,SC-2026-002845,2026-06-06 14:02:08,1,1940.0,30,1358.0,Wallet,Personal Care,Tablet
PUR_002129,CUST_00895,PROD_00212,SC-2026-002846,2026-09-03 05:21:43,1,4330.0,35,2814.5,UPI,Beauty,Mobile Web
PUR_002130,CUST_00895,PROD_00239,SC-2026-002847,2026-09-03 05:23:50,1,890.0,30,623.0,Wallet,Beauty,Mobile Web
PUR_002131,CUST_02254,PROD_00175,SC-2026-002848,2026-09-02 20:36:17,2,4580.0,20,7328.0,Cash on Delivery,Footwear,Mobile Web
PUR_002132,CUST_02254,PROD_00160,SC-2026-002848,2026-09-02 20:36:17,1,680.0,0,680.0,Cash on Delivery,Fashion,Mobile Web
PUR_002133,CUST_00023,PROD_00430,SC-2026-002849,2026-09-02 17:06:18,1,380.0,35,247.0,Credit Card,Books,Mobile Web
PUR_002134,CUST_00331,PROD_00503,SC-2026-002850,2026-06-09 04:18:14,1,44020.0,15,37417.0,Credit Card,Gaming,Mobile Web
PUR_002135,CUST_01392,PROD_00178,SC-2026-002851,2026-04-11 04:15:54,1,11860.0,15,10081.0,Net Banking,Footwear,Desktop
PUR_002136,CUST_01392,PROD_00386,SC-2026-002851,2026-04-11 04:15:54,1,1770.0,25,1327.5,Net Banking,Sports,Desktop
PUR_002137,CUST_02834,PROD_00295,SC-2026-002852,2026-06-01 14:32:09,2,2010.0,35,2613.0,UPI,Kitchen,Mobile Web
PUR_002138,CUST_02808,PROD_00052,SC-2026-002853,2026-04-02 20:13:29,1,14090.0,25,10567.5,Net Banking,Mobiles,Mobile App
PUR_002139,CUST_02808,PROD_00546,SC-2026-002853,2026-04-02 20:13:29,1,920.0,50,460.0,Net Banking,Accessories,Mobile App
PUR_002140,CUST_02808,PROD_00063,SC-2026-002854,2026-04-02 20:17:06,1,39700.0,20,31760.0,UPI,Mobiles,Mobile App
PUR_002141,CUST_02808,PROD_00546,SC-2026-002854,2026-04-02 20:17:06,1,920.0,50,460.0,UPI,Accessories,Mobile App
PUR_002142,CUST_02554,PROD_00272,SC-2026-002855,2026-05-06 18:25:57,1,3200.0,20,2560.0,Wallet,Home,Mobile App
PUR_002143,CUST_00761,PROD_00474,SC-2026-002856,2026-08-26 10:04:11,1,36660.0,25,27495.0,Net Banking,Gaming,Mobile Web
PUR_002144,CUST_02176,PROD_00412,SC-2026-002857,2026-09-02 19:12:24,1,9160.0,15,7786.0,UPI,Sports,Mobile Web
PUR_002145,CUST_01512,PROD_00197,SC-2026-002858,2026-08-03 03:28:38,1,3610.0,0,3610.0,Debit Card,Footwear,Tablet
PUR_002146,CUST_01512,PROD_00417,SC-2026-002858,2026-08-03 03:28:38,1,6160.0,25,4620.0,Debit Card,Sports,Tablet
PUR_002147,CUST_01512,PROD_00204,SC-2026-002859,2026-08-03 03:30:31,1,7620.0,20,6096.0,Cash on Delivery,Footwear,Tablet
PUR_002148,CUST_01512,PROD_00386,SC-2026-002859,2026-08-03 03:30:31,1,1770.0,25,1327.5,Cash on Delivery,Sports,Tablet
PUR_002149,CUST_02714,PROD_00030,SC-2026-002860,2026-07-05 21:09:10,1,6780.0,20,5424.0,Net Banking,Electronics,Mobile Web
PUR_002150,CUST_01468,PROD_00033,SC-2026-002861,2026-08-07 12:04:40,1,10940.0,35,7111.0,Debit Card,Electronics,Tablet
PUR_002151,CUST_01198,PROD_00440,SC-2026-002862,2026-03-26 09:29:12,2,1380.0,35,1794.0,UPI,Books,Mobile App
PUR_002152,CUST_01088,PROD_00471,SC-2026-002863,2026-08-18 05:10:36,1,47910.0,20,38328.0,Debit Card,Gaming,Tablet
PUR_002153,CUST_02446,PROD_00186,SC-2026-002864,2026-07-22 23:12:15,2,2920.0,40,3504.0,Net Banking,Footwear,Mobile App
PUR_002154,CUST_02446,PROD_00127,SC-2026-002864,2026-07-22 23:12:15,1,4600.0,20,3680.0,Net Banking,Fashion,Mobile App
PUR_002155,CUST_00144,PROD_00608,SC-2026-002865,2026-05-27 14:19:06,1,5170.0,10,4653.0,Net Banking,Personal Care,Desktop
PUR_002156,CUST_01028,PROD_00475,SC-2026-002866,2026-07-30 16:45:56,1,27170.0,50,13585.0,Net Banking,Gaming,Tablet
PUR_002157,CUST_01760,PROD_00600,SC-2026-002867,2026-08-20 23:02:10,1,4060.0,20,3248.0,Wallet,Personal Care,Tablet
PUR_002158,CUST_02851,PROD_00134,SC-2026-002868,2026-07-03 15:51:10,1,1160.0,40,696.0,Cash on Delivery,Fashion,Tablet
PUR_002159,CUST_02851,PROD_00150,SC-2026-002869,2026-07-03 15:52:57,1,4640.0,25,3480.0,Net Banking,Fashion,Tablet
PUR_002160,CUST_01932,PROD_00068,SC-2026-002870,2026-04-20 21:00:06,1,100520.0,15,85442.0,Net Banking,Mobiles,Tablet
PUR_002161,CUST_01932,PROD_00034,SC-2026-002870,2026-04-20 21:00:06,1,4240.0,20,3392.0,Net Banking,Electronics,Tablet
PUR_002162,CUST_00793,PROD_00395,SC-2026-002871,2026-05-25 00:17:10,1,15890.0,35,10328.5,Debit Card,Sports,Mobile Web
PUR_002163,CUST_02867,PROD_00050,SC-2026-002872,2026-03-14 07:05:13,1,114110.0,50,57055.0,Credit Card,Mobiles,Desktop
PUR_002164,CUST_02867,PROD_00022,SC-2026-002872,2026-03-14 07:05:13,1,26570.0,40,15942.0,Credit Card,Electronics,Desktop
PUR_002165,CUST_02867,PROD_00071,SC-2026-002873,2026-03-14 07:07:21,1,35310.0,20,28248.0,Credit Card,Mobiles,Desktop
PUR_002166,CUST_02867,PROD_00080,SC-2026-002874,2026-03-14 07:09:05,1,18910.0,5,17964.5,Wallet,Mobiles,Desktop
PUR_002167,CUST_02867,PROD_00024,SC-2026-002874,2026-03-14 07:09:05,1,25960.0,25,19470.0,Wallet,Electronics,Desktop
PUR_002168,CUST_01875,PROD_00074,SC-2026-002875,2026-07-02 17:55:44,1,34780.0,50,17390.0,Wallet,Mobiles,Mobile Web
PUR_002169,CUST_01514,PROD_00537,SC-2026-002876,2026-08-14 13:49:43,2,3690.0,20,5904.0,Credit Card,Accessories,Mobile App
PUR_002170,CUST_01514,PROD_00543,SC-2026-002877,2026-08-14 13:52:07,1,6050.0,25,4537.5,UPI,Accessories,Mobile App
PUR_002171,CUST_01283,PROD_00552,SC-2026-002878,2026-07-12 14:54:59,1,1820.0,50,910.0,Net Banking,Grocery,Mobile Web
PUR_002172,CUST_02119,PROD_00359,SC-2026-002879,2026-05-31 10:31:28,1,31150.0,40,18690.0,Credit Card,Furniture,Mobile Web
PUR_002173,CUST_01628,PROD_00421,SC-2026-002880,2026-07-05 19:30:35,1,2160.0,25,1620.0,Wallet,Books,Mobile Web
PUR_002174,CUST_01562,PROD_00352,SC-2026-002881,2026-05-25 22:21:39,1,16140.0,20,12912.0,Wallet,Furniture,Tablet
PUR_002175,CUST_01562,PROD_00368,SC-2026-002882,2026-05-25 22:24:13,1,27540.0,25,20655.0,Wallet,Furniture,Tablet
PUR_002176,CUST_01161,PROD_00069,SC-2026-002883,2026-08-10 09:40:14,1,15050.0,5,14297.5,Debit Card,Mobiles,Desktop
PUR_002177,CUST_01161,PROD_00026,SC-2026-002883,2026-08-10 09:40:14,1,39780.0,15,33813.0,Debit Card,Electronics,Desktop
PUR_002178,CUST_00812,PROD_00231,SC-2026-002884,2026-08-22 01:50:36,1,2480.0,50,1240.0,Credit Card,Beauty,Mobile App
PUR_002179,CUST_02221,PROD_00586,SC-2026-002885,2026-05-01 03:56:02,1,780.0,25,585.0,Net Banking,Grocery,Tablet
PUR_002180,CUST_01644,PROD_00322,SC-2026-002886,2026-06-03 09:39:13,1,3980.0,0,3980.0,Wallet,Kitchen,Mobile App
PUR_002181,CUST_00613,PROD_00263,SC-2026-002887,2026-06-29 14:07:01,1,5550.0,50,2775.0,Net Banking,Home,Mobile Web
PUR_002182,CUST_00506,PROD_00490,SC-2026-002888,2026-08-11 06:12:19,1,51640.0,40,30984.0,Cash on Delivery,Gaming,Desktop
PUR_002183,CUST_00004,PROD_00237,SC-2026-002889,2026-05-21 08:27:28,1,780.0,35,507.0,Wallet,Beauty,Mobile Web
PUR_002184,CUST_00607,PROD_00052,SC-2026-002890,2026-08-10 22:17:39,1,14090.0,25,10567.5,Debit Card,Mobiles,Tablet
PUR_002185,CUST_00607,PROD_00006,SC-2026-002890,2026-08-10 22:17:39,1,31940.0,5,30343.0,Debit Card,Electronics,Tablet
PUR_002186,CUST_01640,PROD_00279,SC-2026-002891,2026-06-12 07:31:44,1,3550.0,5,3372.5,Cash on Delivery,Home,Mobile Web
PUR_002187,CUST_01640,PROD_00264,SC-2026-002892,2026-06-12 07:34:41,1,7730.0,5,7343.5,Wallet,Home,Mobile Web
PUR_002188,CUST_01769,PROD_00605,SC-2026-002893,2026-06-10 00:49:11,2,270.0,40,324.0,Net Banking,Personal Care,Tablet
PUR_002189,CUST_01769,PROD_00616,SC-2026-002894,2026-06-10 00:53:38,1,2680.0,5,2546.0,Debit Card,Personal Care,Tablet
PUR_002190,CUST_00276,PROD_00436,SC-2026-002895,2026-08-19 16:57:12,2,2670.0,30,3738.0,Net Banking,Books,Mobile Web
PUR_002191,CUST_01820,PROD_00592,SC-2026-002896,2026-04-09 10:58:13,1,5420.0,10,4878.0,Credit Card,Personal Care,Mobile Web
PUR_002192,CUST_02751,PROD_00472,SC-2026-002897,2026-03-19 23:19:57,1,12440.0,40,7464.0,Cash on Delivery,Gaming,Mobile Web
PUR_002193,CUST_02917,PROD_00084,SC-2026-002898,2026-03-16 13:48:14,1,35940.0,30,25158.0,Wallet,Mobiles,Mobile App
PUR_002194,CUST_02917,PROD_00021,SC-2026-002898,2026-03-16 13:48:14,1,35540.0,35,23101.0,Wallet,Electronics,Mobile App
PUR_002195,CUST_00716,PROD_00125,SC-2026-002899,2026-06-06 20:30:12,1,58440.0,25,43830.0,Cash on Delivery,Laptops,Desktop
PUR_002196,CUST_01965,PROD_00305,SC-2026-002900,2026-05-24 14:07:15,1,9050.0,40,5430.0,Wallet,Kitchen,Mobile App
PUR_002197,CUST_00357,PROD_00470,SC-2026-002901,2026-07-01 15:44:11,1,3420.0,15,2907.0,UPI,Gaming,Mobile Web
PUR_002198,CUST_02756,PROD_00001,SC-2026-002902,2026-03-30 02:42:09,1,5690.0,40,3414.0,Debit Card,Electronics,Mobile App
PUR_002199,CUST_02493,PROD_00408,SC-2026-002903,2026-03-12 13:01:31,1,9980.0,0,9980.0,Cash on Delivery,Sports,Tablet
PUR_002200,CUST_01184,PROD_00518,SC-2026-002904,2026-06-04 00:24:49,2,2380.0,35,3094.0,Credit Card,Accessories,Desktop
PUR_002201,CUST_02107,PROD_00033,SC-2026-002905,2026-05-30 18:35:18,1,10940.0,35,7111.0,Cash on Delivery,Electronics,Tablet
PUR_002202,CUST_02535,PROD_00521,SC-2026-002906,2026-07-01 10:06:37,1,3070.0,50,1535.0,Debit Card,Accessories,Desktop
PUR_002203,CUST_00608,PROD_00142,SC-2026-002907,2026-08-18 12:33:12,1,2050.0,50,1025.0,UPI,Fashion,Mobile Web
PUR_002204,CUST_00608,PROD_00149,SC-2026-002908,2026-08-18 12:35:31,1,2490.0,50,1245.0,Cash on Delivery,Fashion,Mobile Web
PUR_002205,CUST_00050,PROD_00603,SC-2026-002909,2026-07-18 05:21:14,1,3890.0,25,2917.5,Cash on Delivery,Personal Care,Desktop
PUR_002206,CUST_00618,PROD_00281,SC-2026-002910,2026-06-10 05:32:42,1,4240.0,5,4028.0,UPI,Home,Mobile Web
PUR_002207,CUST_00618,PROD_00261,SC-2026-002911,2026-06-10 05:33:58,1,1670.0,50,835.0,Wallet,Home,Mobile Web
PUR_002208,CUST_02984,PROD_00433,SC-2026-002912,2026-07-19 17:31:08,1,1870.0,50,935.0,Wallet,Books,Tablet
PUR_002209,CUST_01121,PROD_00049,SC-2026-002913,2026-08-04 18:23:17,1,39930.0,35,25954.5,Net Banking,Mobiles,Desktop
PUR_002210,CUST_01120,PROD_00122,SC-2026-002914,2026-07-21 19:16:13,1,40220.0,25,30165.0,Cash on Delivery,Laptops,Mobile Web
PUR_002211,CUST_01120,PROD_00092,SC-2026-002915,2026-07-21 19:16:53,1,99720.0,20,79776.0,UPI,Laptops,Mobile Web
PUR_002212,CUST_01120,PROD_00485,SC-2026-002915,2026-07-21 19:16:53,1,37250.0,15,31662.5,UPI,Gaming,Mobile Web
PUR_002213,CUST_00628,PROD_00407,SC-2026-002916,2026-05-28 22:31:34,1,7220.0,15,6137.0,Credit Card,Sports,Mobile App
PUR_002214,CUST_01151,PROD_00616,SC-2026-002917,2026-04-07 23:11:31,1,2680.0,5,2546.0,Net Banking,Personal Care,Desktop
PUR_002215,CUST_01768,PROD_00105,SC-2026-002918,2026-07-25 12:54:16,1,151820.0,50,75910.0,UPI,Laptops,Tablet
PUR_002216,CUST_01768,PROD_00532,SC-2026-002918,2026-07-25 12:54:16,1,4160.0,0,4160.0,UPI,Accessories,Tablet
PUR_002217,CUST_02194,PROD_00513,SC-2026-002919,2026-07-01 21:57:12,1,5380.0,15,4573.0,Credit Card,Accessories,Mobile App
PUR_002218,CUST_01362,PROD_00501,SC-2026-002920,2026-07-17 13:22:37,1,54260.0,20,43408.0,Credit Card,Gaming,Mobile App
PUR_002219,CUST_01629,PROD_00526,SC-2026-002921,2026-04-24 14:04:41,1,4200.0,50,2100.0,Credit Card,Accessories,Tablet
PUR_002220,CUST_02333,PROD_00402,SC-2026-002922,2026-04-05 08:53:55,1,4320.0,40,2592.0,Wallet,Sports,Mobile App
PUR_002221,CUST_01609,PROD_00533,SC-2026-002923,2026-06-12 16:34:48,1,5200.0,20,4160.0,Credit Card,Accessories,Mobile App
PUR_002222,CUST_01041,PROD_00323,SC-2026-002924,2026-05-21 22:54:45,1,14960.0,20,11968.0,Wallet,Kitchen,Mobile App
PUR_002223,CUST_01498,PROD_00583,SC-2026-002925,2026-04-21 07:28:28,2,1630.0,5,3097.0,Wallet,Grocery,Mobile App
PUR_002224,CUST_02673,PROD_00034,SC-2026-002926,2026-08-06 21:40:50,1,4240.0,20,3392.0,Cash on Delivery,Electronics,Mobile App
PUR_002225,CUST_02673,PROD_00032,SC-2026-002927,2026-08-06 21:45:14,1,15750.0,30,11025.0,UPI,Electronics,Mobile App
PUR_002226,CUST_00932,PROD_00535,SC-2026-002928,2026-09-02 09:11:39,1,2520.0,25,1890.0,Credit Card,Accessories,Desktop
PUR_002227,CUST_02859,PROD_00605,SC-2026-002929,2026-06-17 22:52:00,2,270.0,40,324.0,Wallet,Personal Care,Tablet
PUR_002228,CUST_00030,PROD_00586,SC-2026-002930,2026-07-31 10:01:31,2,780.0,25,1170.0,UPI,Grocery,Desktop
PUR_002229,CUST_01380,PROD_00107,SC-2026-002931,2026-08-25 19:44:28,1,102770.0,25,77077.5,Net Banking,Laptops,Desktop
PUR_002230,CUST_01380,PROD_00481,SC-2026-002931,2026-08-25 19:44:28,1,39850.0,10,35865.0,Net Banking,Gaming,Desktop
PUR_002231,CUST_02334,PROD_00509,SC-2026-002932,2026-08-25 21:51:12,1,6180.0,25,4635.0,Debit Card,Accessories,Mobile App
PUR_002232,CUST_00795,PROD_00197,SC-2026-002933,2026-03-26 21:19:13,1,3610.0,0,3610.0,Wallet,Footwear,Mobile Web
PUR_002233,CUST_00795,PROD_00387,SC-2026-002933,2026-03-26 21:19:13,1,15200.0,10,13680.0,Wallet,Sports,Mobile Web
PUR_002234,CUST_00795,PROD_00196,SC-2026-002934,2026-03-26 21:19:58,1,2210.0,0,2210.0,Credit Card,Footwear,Mobile Web
PUR_002235,CUST_00540,PROD_00432,SC-2026-002935,2026-06-23 19:19:18,1,1200.0,25,900.0,Net Banking,Books,Mobile Web
PUR_002236,CUST_00540,PROD_00429,SC-2026-002936,2026-06-23 19:22:07,1,1460.0,10,1314.0,Debit Card,Books,Mobile Web
PUR_002237,CUST_02707,PROD_00456,SC-2026-002937,2026-04-10 04:18:22,1,900.0,10,810.0,Debit Card,Books,Tablet
PUR_002238,CUST_00351,PROD_00042,SC-2026-002938,2026-08-06 03:32:00,1,29940.0,0,29940.0,UPI,Electronics,Mobile Web
PUR_002239,CUST_00351,PROD_00020,SC-2026-002939,2026-08-06 03:32:44,1,43640.0,15,37094.0,Wallet,Electronics,Mobile Web
PUR_002240,CUST_01819,PROD_00335,SC-2026-002940,2026-07-11 18:53:57,1,14920.0,5,14174.0,Cash on Delivery,Kitchen,Tablet
PUR_002241,CUST_00158,PROD_00030,SC-2026-002941,2026-06-08 23:07:06,1,6780.0,20,5424.0,Net Banking,Electronics,Tablet
PUR_002242,CUST_00544,PROD_00125,SC-2026-002942,2026-07-19 07:14:21,1,58440.0,25,43830.0,Debit Card,Laptops,Desktop
PUR_002243,CUST_00544,PROD_00114,SC-2026-002943,2026-07-19 07:15:25,1,61400.0,35,39910.0,Cash on Delivery,Laptops,Desktop
PUR_002244,CUST_00544,PROD_00497,SC-2026-002943,2026-07-19 07:15:25,1,47110.0,50,23555.0,Cash on Delivery,Gaming,Desktop
PUR_002245,CUST_00777,PROD_00108,SC-2026-002944,2026-07-12 14:56:14,1,32890.0,35,21378.5,Net Banking,Laptops,Desktop
PUR_002246,CUST_00777,PROD_00491,SC-2026-002944,2026-07-12 14:56:14,1,5870.0,25,4402.5,Net Banking,Gaming,Desktop
PUR_002247,CUST_00491,PROD_00501,SC-2026-002945,2026-05-06 18:32:07,1,54260.0,20,43408.0,UPI,Gaming,Mobile Web
PUR_002248,CUST_01610,PROD_00375,SC-2026-002946,2026-03-17 18:31:34,1,32110.0,20,25688.0,Credit Card,Furniture,Mobile Web
PUR_002249,CUST_01307,PROD_00435,SC-2026-002947,2026-06-17 22:14:37,1,1580.0,35,1027.0,Debit Card,Books,Mobile App
PUR_002250,CUST_02523,PROD_00340,SC-2026-002948,2026-07-11 00:17:26,1,26840.0,35,17446.0,Credit Card,Furniture,Desktop
PUR_002251,CUST_00844,PROD_00039,SC-2026-002949,2026-03-13 13:49:54,1,20030.0,50,10015.0,Credit Card,Electronics,Tablet
PUR_002252,CUST_00844,PROD_00010,SC-2026-002950,2026-03-13 13:53:17,1,27300.0,35,17745.0,Credit Card,Electronics,Tablet
PUR_002253,CUST_01417,PROD_00431,SC-2026-002951,2026-05-16 15:25:12,1,2810.0,30,1967.0,Net Banking,Books,Mobile App
PUR_002254,CUST_01417,PROD_00441,SC-2026-002952,2026-05-16 15:27:32,1,400.0,35,260.0,UPI,Books,Mobile App
PUR_002255,CUST_01994,PROD_00167,SC-2026-002953,2026-08-07 19:48:27,1,5470.0,20,4376.0,UPI,Fashion,Tablet
PUR_002256,CUST_01967,PROD_00461,SC-2026-002954,2026-06-03 17:18:59,1,1800.0,5,1710.0,Net Banking,Books,Mobile Web
PUR_002257,CUST_01425,PROD_00260,SC-2026-002955,2026-08-04 12:45:54,2,920.0,15,1564.0,Debit Card,Home,Mobile Web
PUR_002258,CUST_02074,PROD_00089,SC-2026-002956,2026-07-14 10:51:22,1,35220.0,0,35220.0,Debit Card,Laptops,Desktop
PUR_002259,CUST_02074,PROD_00481,SC-2026-002956,2026-07-14 10:51:22,1,39850.0,10,35865.0,Debit Card,Gaming,Desktop
PUR_002260,CUST_02526,PROD_00383,SC-2026-002957,2026-08-24 13:50:41,1,2050.0,50,1025.0,Debit Card,Sports,Tablet
PUR_002261,CUST_01926,PROD_00442,SC-2026-002958,2026-05-25 23:27:46,1,2980.0,15,2533.0,Credit Card,Books,Mobile Web
PUR_002262,CUST_01392,PROD_00351,SC-2026-002959,2026-05-03 21:48:54,1,33210.0,35,21586.5,Net Banking,Furniture,Mobile App
PUR_002263,CUST_02247,PROD_00003,SC-2026-002960,2026-05-13 05:12:06,1,34640.0,5,32908.0,Credit Card,Electronics,Tablet
PUR_002264,CUST_01536,PROD_00048,SC-2026-002961,2026-08-02 00:33:51,1,49160.0,30,34412.0,Cash on Delivery,Mobiles,Tablet
PUR_002265,CUST_01536,PROD_00506,SC-2026-002961,2026-08-02 00:33:51,1,4500.0,40,2700.0,Cash on Delivery,Accessories,Tablet
PUR_002266,CUST_01877,PROD_00481,SC-2026-002962,2026-03-23 05:04:03,1,39850.0,10,35865.0,Debit Card,Gaming,Mobile App
PUR_002267,CUST_02115,PROD_00308,SC-2026-002963,2026-03-29 05:19:36,1,11040.0,5,10488.0,Cash on Delivery,Kitchen,Desktop
PUR_002268,CUST_02115,PROD_00306,SC-2026-002964,2026-03-29 05:23:43,1,1640.0,0,1640.0,Debit Card,Kitchen,Desktop
PUR_002269,CUST_02262,PROD_00176,SC-2026-002965,2026-03-19 07:51:54,1,7880.0,40,4728.0,Wallet,Footwear,Mobile App
PUR_002270,CUST_02262,PROD_00140,SC-2026-002965,2026-03-19 07:51:54,1,2570.0,5,2441.5,Wallet,Fashion,Mobile App
PUR_002271,CUST_02708,PROD_00033,SC-2026-002966,2026-04-23 14:38:09,1,10940.0,35,7111.0,UPI,Electronics,Mobile Web
PUR_002272,CUST_02708,PROD_00001,SC-2026-002967,2026-04-23 14:38:51,1,5690.0,40,3414.0,Credit Card,Electronics,Mobile Web
PUR_002273,CUST_02823,PROD_00432,SC-2026-002968,2026-06-20 17:47:05,1,1200.0,25,900.0,Wallet,Books,Mobile Web
PUR_002274,CUST_02715,PROD_00335,SC-2026-002969,2026-06-22 05:18:19,1,14920.0,5,14174.0,Cash on Delivery,Kitchen,Desktop
PUR_002275,CUST_01803,PROD_00405,SC-2026-002970,2026-08-15 14:28:27,1,430.0,5,408.5,Debit Card,Sports,Mobile Web
PUR_002276,CUST_01044,PROD_00009,SC-2026-002971,2026-06-25 12:50:19,1,10810.0,10,9729.0,UPI,Electronics,Mobile Web
PUR_002277,CUST_01077,PROD_00438,SC-2026-002972,2026-06-14 08:45:46,1,1010.0,35,656.5,Net Banking,Books,Tablet
PUR_002278,CUST_02361,PROD_00320,SC-2026-002973,2026-04-23 05:57:43,1,10320.0,50,5160.0,Net Banking,Kitchen,Tablet
PUR_002279,CUST_00139,PROD_00147,SC-2026-002974,2026-07-25 10:23:23,1,810.0,25,607.5,Debit Card,Fashion,Mobile Web
PUR_002280,CUST_00561,PROD_00610,SC-2026-002975,2026-09-02 11:24:47,1,4070.0,5,3866.5,Debit Card,Personal Care,Tablet
PUR_002281,CUST_00773,PROD_00438,SC-2026-002976,2026-07-02 11:48:49,1,1010.0,35,656.5,Net Banking,Books,Tablet
PUR_002282,CUST_00773,PROD_00431,SC-2026-002977,2026-07-02 11:52:53,2,2810.0,30,3934.0,Credit Card,Books,Tablet
PUR_002283,CUST_01503,PROD_00450,SC-2026-002978,2026-06-28 03:56:42,1,1620.0,10,1458.0,UPI,Books,Mobile App
PUR_002284,CUST_01503,PROD_00452,SC-2026-002979,2026-06-28 03:57:49,1,320.0,10,288.0,Wallet,Books,Mobile App
PUR_002285,CUST_01329,PROD_00511,SC-2026-002980,2026-08-05 20:08:14,2,2490.0,5,4731.0,UPI,Accessories,Tablet
PUR_002286,CUST_00147,PROD_00121,SC-2026-002981,2026-07-02 20:51:15,1,87690.0,15,74536.5,UPI,Laptops,Mobile Web
PUR_002287,CUST_00147,PROD_00526,SC-2026-002981,2026-07-02 20:51:15,1,4200.0,50,2100.0,UPI,Accessories,Mobile Web
PUR_002288,CUST_00410,PROD_00285,SC-2026-002982,2026-07-16 02:41:18,1,9940.0,40,5964.0,Debit Card,Home,Mobile App
PUR_002289,CUST_00144,PROD_00230,SC-2026-002983,2026-08-09 04:37:22,1,2870.0,50,1435.0,Net Banking,Beauty,Mobile App
PUR_002290,CUST_02333,PROD_00405,SC-2026-002984,2026-03-14 08:53:30,1,430.0,5,408.5,Cash on Delivery,Sports,Mobile Web
PUR_002291,CUST_02969,PROD_00048,SC-2026-002985,2026-07-21 03:57:37,1,49160.0,30,34412.0,Credit Card,Mobiles,Mobile Web
PUR_002292,CUST_02969,PROD_00013,SC-2026-002985,2026-07-21 03:57:37,1,26050.0,5,24747.5,Credit Card,Electronics,Mobile Web
PUR_002293,CUST_02969,PROD_00076,SC-2026-002986,2026-07-21 04:00:39,1,20240.0,10,18216.0,Net Banking,Mobiles,Mobile Web
PUR_002294,CUST_02969,PROD_00511,SC-2026-002986,2026-07-21 04:00:39,1,2490.0,5,2365.5,Net Banking,Accessories,Mobile Web
PUR_002295,CUST_01163,PROD_00349,SC-2026-002987,2026-06-23 11:54:30,1,21440.0,25,16080.0,Net Banking,Furniture,Mobile App
PUR_002296,CUST_01224,PROD_00314,SC-2026-002988,2026-03-16 19:20:17,1,7970.0,10,7173.0,Credit Card,Kitchen,Mobile Web
PUR_002297,CUST_02035,PROD_00057,SC-2026-002989,2026-03-23 12:08:02,1,57150.0,35,37147.5,Net Banking,Mobiles,Desktop
PUR_002298,CUST_02314,PROD_00032,SC-2026-002990,2026-05-17 12:47:12,1,15750.0,30,11025.0,UPI,Electronics,Tablet
PUR_002299,CUST_01309,PROD_00572,SC-2026-002991,2026-03-23 05:03:48,2,1560.0,15,2652.0,Debit Card,Grocery,Mobile App
PUR_002300,CUST_01309,PROD_00555,SC-2026-002992,2026-03-23 05:06:24,2,700.0,30,980.0,Credit Card,Grocery,Mobile App
PUR_002301,CUST_01388,PROD_00352,SC-2026-002993,2026-05-10 14:32:59,1,16140.0,20,12912.0,Cash on Delivery,Furniture,Mobile App
PUR_002302,CUST_02363,PROD_00021,SC-2026-002994,2026-05-09 03:58:10,1,35540.0,35,23101.0,Wallet,Electronics,Mobile Web
PUR_002303,CUST_00420,PROD_00468,SC-2026-002995,2026-09-02 13:24:30,1,40730.0,15,34620.5,Net Banking,Gaming,Desktop
PUR_002304,CUST_00403,PROD_00431,SC-2026-002996,2026-05-13 22:32:36,1,2810.0,30,1967.0,Net Banking,Books,Mobile Web
PUR_002305,CUST_02664,PROD_00612,SC-2026-002997,2026-05-15 02:29:04,2,4630.0,40,5556.0,Cash on Delivery,Personal Care,Desktop
PUR_002306,CUST_02664,PROD_00620,SC-2026-002998,2026-05-15 02:32:07,1,1650.0,35,1072.5,Debit Card,Personal Care,Desktop
PUR_002307,CUST_02595,PROD_00560,SC-2026-002999,2026-05-09 03:51:18,1,1640.0,30,1148.0,Net Banking,Grocery,Mobile App
PUR_002308,CUST_02270,PROD_00171,SC-2026-003000,2026-08-09 23:56:45,2,4190.0,50,4190.0,Cash on Delivery,Footwear,Mobile Web
PUR_002309,CUST_02270,PROD_00390,SC-2026-003000,2026-08-09 23:56:45,1,13420.0,40,8052.0,Cash on Delivery,Sports,Mobile Web
PUR_002310,CUST_01004,PROD_00134,SC-2026-003001,2026-07-26 06:31:16,1,1160.0,40,696.0,Debit Card,Fashion,Tablet
PUR_002311,CUST_02506,PROD_00225,SC-2026-003002,2026-08-31 07:10:48,2,1050.0,30,1470.0,Credit Card,Beauty,Tablet
PUR_002312,CUST_01445,PROD_00525,SC-2026-003003,2026-06-17 10:05:40,1,2250.0,50,1125.0,UPI,Accessories,Tablet
PUR_002313,CUST_00863,PROD_00077,SC-2026-003004,2026-07-19 04:16:22,1,37530.0,5,35653.5,UPI,Mobiles,Mobile App
PUR_002314,CUST_00863,PROD_00036,SC-2026-003004,2026-07-19 04:16:22,1,32240.0,0,32240.0,UPI,Electronics,Mobile App
PUR_002315,CUST_00021,PROD_00617,SC-2026-003005,2026-07-27 15:56:37,1,2500.0,40,1500.0,UPI,Personal Care,Mobile App
PUR_002316,CUST_02939,PROD_00032,SC-2026-003006,2026-06-17 05:04:44,1,15750.0,30,11025.0,Debit Card,Electronics,Desktop
PUR_002317,CUST_01020,PROD_00459,SC-2026-003007,2026-03-25 09:46:05,2,1740.0,20,2784.0,Net Banking,Books,Tablet
PUR_002318,CUST_01020,PROD_00447,SC-2026-003008,2026-03-25 09:49:40,1,2410.0,25,1807.5,Cash on Delivery,Books,Tablet
PUR_002319,CUST_01748,PROD_00564,SC-2026-003009,2026-04-02 07:39:26,1,910.0,10,819.0,Wallet,Grocery,Mobile Web
PUR_002320,CUST_02568,PROD_00319,SC-2026-003010,2026-06-17 17:15:08,1,9320.0,20,7456.0,Cash on Delivery,Kitchen,Desktop
PUR_002321,CUST_00930,PROD_00627,SC-2026-003011,2026-05-11 21:29:39,1,4030.0,15,3425.5,UPI,Personal Care,Mobile App
PUR_002322,CUST_01448,PROD_00110,SC-2026-003012,2026-04-16 03:05:24,1,43570.0,5,41391.5,Cash on Delivery,Laptops,Mobile Web
PUR_002323,CUST_02476,PROD_00033,SC-2026-003013,2026-05-03 07:37:06,1,10940.0,35,7111.0,Debit Card,Electronics,Desktop
PUR_002324,CUST_02476,PROD_00011,SC-2026-003014,2026-05-03 07:40:41,1,21070.0,20,16856.0,Wallet,Electronics,Desktop
PUR_002325,CUST_00298,PROD_00087,SC-2026-003015,2026-08-31 11:37:12,1,161820.0,40,97092.0,Wallet,Laptops,Mobile App
PUR_002326,CUST_00298,PROD_00117,SC-2026-003016,2026-08-31 11:41:51,1,93910.0,25,70432.5,Cash on Delivery,Laptops,Mobile App
PUR_002327,CUST_00298,PROD_00533,SC-2026-003016,2026-08-31 11:41:51,1,5200.0,20,4160.0,Cash on Delivery,Accessories,Mobile App
PUR_002328,CUST_00361,PROD_00037,SC-2026-003017,2026-08-23 18:03:30,1,30260.0,5,28747.0,Net Banking,Electronics,Tablet
PUR_002329,CUST_00883,PROD_00605,SC-2026-003018,2026-06-21 11:16:48,2,270.0,40,324.0,Wallet,Personal Care,Mobile App
PUR_002330,CUST_00017,PROD_00182,SC-2026-003019,2026-05-31 20:53:03,1,11670.0,10,10503.0,Debit Card,Footwear,Mobile App
PUR_002331,CUST_00017,PROD_00392,SC-2026-003019,2026-05-31 20:53:03,1,13130.0,15,11160.5,Debit Card,Sports,Mobile App
PUR_002332,CUST_02588,PROD_00033,SC-2026-003020,2026-06-21 09:56:39,1,10940.0,35,7111.0,Net Banking,Electronics,Desktop
PUR_002333,CUST_00242,PROD_00453,SC-2026-003021,2026-07-03 05:06:16,1,1670.0,50,835.0,Cash on Delivery,Books,Mobile App
PUR_002334,CUST_00242,PROD_00456,SC-2026-003022,2026-07-03 05:08:03,1,900.0,10,810.0,Net Banking,Books,Mobile App
PUR_002335,CUST_02652,PROD_00521,SC-2026-003023,2026-06-06 09:10:53,2,3070.0,50,3070.0,UPI,Accessories,Tablet
PUR_002336,CUST_02652,PROD_00523,SC-2026-003024,2026-06-06 09:11:55,1,3400.0,40,2040.0,Credit Card,Accessories,Tablet
PUR_002337,CUST_02096,PROD_00381,SC-2026-003025,2026-05-04 20:16:31,1,10670.0,50,5335.0,Wallet,Sports,Mobile App
PUR_002338,CUST_02859,PROD_00615,SC-2026-003026,2026-05-10 23:24:50,1,3060.0,30,2142.0,Net Banking,Personal Care,Mobile Web
PUR_002339,CUST_01420,PROD_00177,SC-2026-003027,2026-03-20 08:28:38,1,8870.0,35,5765.5,Cash on Delivery,Footwear,Mobile Web
PUR_002340,CUST_01420,PROD_00151,SC-2026-003027,2026-03-20 08:28:38,1,2880.0,30,2016.0,Cash on Delivery,Fashion,Mobile Web
PUR_002341,CUST_00934,PROD_00042,SC-2026-003028,2026-08-23 11:23:26,1,29940.0,0,29940.0,UPI,Electronics,Tablet
PUR_002342,CUST_02107,PROD_00041,SC-2026-003029,2026-03-15 13:32:23,1,44300.0,50,22150.0,Net Banking,Electronics,Mobile Web
PUR_002343,CUST_01004,PROD_00133,SC-2026-003030,2026-08-01 01:13:06,2,620.0,20,992.0,Cash on Delivery,Fashion,Mobile App
PUR_002344,CUST_01004,PROD_00143,SC-2026-003031,2026-08-01 01:14:11,1,2060.0,30,1442.0,Net Banking,Fashion,Mobile App
PUR_002345,CUST_00454,PROD_00191,SC-2026-003032,2026-06-16 18:38:29,1,7700.0,20,6160.0,Cash on Delivery,Footwear,Tablet
PUR_002346,CUST_00454,PROD_00158,SC-2026-003032,2026-06-16 18:38:29,1,2480.0,10,2232.0,Cash on Delivery,Fashion,Tablet
PUR_002347,CUST_00454,PROD_00193,SC-2026-003033,2026-06-16 18:40:42,1,12740.0,30,8918.0,UPI,Footwear,Tablet
PUR_002348,CUST_00454,PROD_00380,SC-2026-003033,2026-06-16 18:40:42,1,5530.0,10,4977.0,UPI,Sports,Tablet
PUR_002349,CUST_00186,PROD_00491,SC-2026-003034,2026-04-14 09:52:02,1,5870.0,25,4402.5,UPI,Gaming,Mobile Web
PUR_002350,CUST_00757,PROD_00480,SC-2026-003035,2026-05-18 12:02:29,1,17680.0,40,10608.0,Cash on Delivery,Gaming,Desktop
PUR_002351,CUST_00448,PROD_00010,SC-2026-003036,2026-08-15 13:50:12,1,27300.0,35,17745.0,Cash on Delivery,Electronics,Mobile App
PUR_002352,CUST_00948,PROD_00570,SC-2026-003037,2026-05-20 22:28:29,2,1800.0,10,3240.0,UPI,Grocery,Desktop
PUR_002353,CUST_00948,PROD_00563,SC-2026-003038,2026-05-20 22:30:00,1,160.0,5,152.0,Debit Card,Grocery,Desktop
PUR_002354,CUST_02547,PROD_00561,SC-2026-003039,2026-05-23 01:54:08,1,740.0,15,629.0,Net Banking,Grocery,Desktop
PUR_002355,CUST_02938,PROD_00051,SC-2026-003040,2026-07-30 13:48:52,1,46300.0,35,30095.0,Cash on Delivery,Mobiles,Desktop
PUR_002356,CUST_02994,PROD_00344,SC-2026-003041,2026-05-10 15:06:13,1,9710.0,30,6797.0,Wallet,Furniture,Tablet
PUR_002357,CUST_01188,PROD_00277,SC-2026-003042,2026-07-10 07:45:32,1,2350.0,50,1175.0,Cash on Delivery,Home,Desktop
PUR_002358,CUST_01188,PROD_00279,SC-2026-003043,2026-07-10 07:46:37,1,3550.0,5,3372.5,Wallet,Home,Desktop
PUR_002359,CUST_02100,PROD_00114,SC-2026-003044,2026-04-09 17:40:14,1,61400.0,35,39910.0,Wallet,Laptops,Mobile App
PUR_002360,CUST_02100,PROD_00493,SC-2026-003044,2026-04-09 17:40:14,1,31540.0,10,28386.0,Wallet,Gaming,Mobile App
PUR_002361,CUST_02100,PROD_00120,SC-2026-003045,2026-04-09 17:44:13,1,60090.0,15,51076.5,Debit Card,Laptops,Mobile App
PUR_002362,CUST_02100,PROD_00495,SC-2026-003045,2026-04-09 17:44:13,1,33830.0,35,21989.5,Debit Card,Gaming,Mobile App
PUR_002363,CUST_02147,PROD_00017,SC-2026-003046,2026-07-31 02:45:50,1,7000.0,50,3500.0,Credit Card,Electronics,Desktop
PUR_002364,CUST_02386,PROD_00018,SC-2026-003047,2026-04-08 09:35:30,1,19210.0,0,19210.0,Credit Card,Electronics,Tablet
PUR_002365,CUST_01802,PROD_00310,SC-2026-003048,2026-05-29 13:59:16,1,13260.0,30,9282.0,Credit Card,Kitchen,Desktop
PUR_002366,CUST_01802,PROD_00315,SC-2026-003049,2026-05-29 14:01:23,2,3410.0,0,6820.0,Wallet,Kitchen,Desktop
PUR_002367,CUST_01921,PROD_00265,SC-2026-003050,2026-08-18 08:26:59,1,6240.0,20,4992.0,Wallet,Home,Tablet
PUR_002368,CUST_02693,PROD_00098,SC-2026-003051,2026-09-02 02:22:11,1,30190.0,40,18114.0,UPI,Laptops,Mobile Web
PUR_002369,CUST_02693,PROD_00479,SC-2026-003051,2026-09-02 02:22:11,1,17870.0,50,8935.0,UPI,Gaming,Mobile Web
PUR_002370,CUST_02927,PROD_00423,SC-2026-003052,2026-07-26 21:19:40,2,2990.0,40,3588.0,Wallet,Books,Mobile App
PUR_002371,CUST_02090,PROD_00309,SC-2026-003053,2026-06-09 01:42:44,1,11830.0,5,11238.5,Credit Card,Kitchen,Tablet
PUR_002372,CUST_02090,PROD_00323,SC-2026-003054,2026-06-09 01:45:01,1,14960.0,20,11968.0,Debit Card,Kitchen,Tablet
PUR_002373,CUST_00299,PROD_00584,SC-2026-003055,2026-08-03 10:07:55,1,360.0,10,324.0,Debit Card,Grocery,Mobile App
PUR_002374,CUST_00784,PROD_00020,SC-2026-003056,2026-08-14 01:08:23,1,43640.0,15,37094.0,UPI,Electronics,Desktop
PUR_002375,CUST_01154,PROD_00536,SC-2026-003057,2026-04-12 17:43:09,2,4520.0,50,4520.0,Cash on Delivery,Accessories,Desktop
PUR_002376,CUST_00896,PROD_00469,SC-2026-003058,2026-08-25 06:36:43,1,19810.0,25,14857.5,Cash on Delivery,Gaming,Tablet
PUR_002377,CUST_00612,PROD_00124,SC-2026-003059,2026-06-15 22:49:48,1,110260.0,30,77182.0,Net Banking,Laptops,Mobile App
PUR_002378,CUST_01789,PROD_00202,SC-2026-003060,2026-04-06 05:00:33,1,8260.0,0,8260.0,Cash on Delivery,Footwear,Tablet
PUR_002379,CUST_00291,PROD_00049,SC-2026-003061,2026-03-20 16:35:53,1,39930.0,35,25954.5,UPI,Mobiles,Desktop
PUR_002380,CUST_00291,PROD_00014,SC-2026-003061,2026-03-20 16:35:53,1,39410.0,30,27587.0,UPI,Electronics,Desktop
PUR_002381,CUST_02667,PROD_00208,SC-2026-003062,2026-07-15 23:07:20,1,7560.0,10,6804.0,Wallet,Footwear,Desktop
PUR_002382,CUST_02667,PROD_00161,SC-2026-003062,2026-07-15 23:07:20,1,6720.0,35,4368.0,Wallet,Fashion,Desktop
PUR_002383,CUST_02509,PROD_00617,SC-2026-003063,2026-05-09 21:03:38,1,2500.0,40,1500.0,Debit Card,Personal Care,Tablet
PUR_002384,CUST_00598,PROD_00487,SC-2026-003064,2026-09-01 13:43:34,1,48290.0,0,48290.0,Wallet,Gaming,Tablet
PUR_002385,CUST_01839,PROD_00447,SC-2026-003065,2026-07-31 18:54:54,2,2410.0,25,3615.0,Net Banking,Books,Tablet
PUR_002386,CUST_01267,PROD_00482,SC-2026-003066,2026-08-29 08:00:49,1,45370.0,20,36296.0,UPI,Gaming,Mobile Web
PUR_002387,CUST_01267,PROD_00468,SC-2026-003067,2026-08-29 08:05:09,1,40730.0,15,34620.5,Credit Card,Gaming,Mobile Web
PUR_002388,CUST_02293,PROD_00275,SC-2026-003068,2026-09-05 00:01:06,1,9000.0,35,5850.0,Net Banking,Home,Tablet
PUR_002389,CUST_02343,PROD_00277,SC-2026-003069,2026-03-27 11:16:55,1,2350.0,50,1175.0,UPI,Home,Tablet
PUR_002390,CUST_01642,PROD_00055,SC-2026-003070,2026-07-02 08:18:28,1,91660.0,5,87077.0,UPI,Mobiles,Mobile App
PUR_002391,CUST_02913,PROD_00063,SC-2026-003071,2026-05-13 11:15:26,1,39700.0,20,31760.0,Net Banking,Mobiles,Mobile App
PUR_002392,CUST_02458,PROD_00108,SC-2026-003072,2026-06-01 16:21:00,1,32890.0,35,21378.5,Cash on Delivery,Laptops,Mobile Web
PUR_002393,CUST_02458,PROD_00483,SC-2026-003072,2026-06-01 16:21:00,1,13470.0,15,11449.5,Cash on Delivery,Gaming,Mobile Web
PUR_002394,CUST_01311,PROD_00144,SC-2026-003073,2026-03-17 20:50:37,1,2150.0,0,2150.0,Debit Card,Fashion,Tablet
PUR_002395,CUST_01142,PROD_00177,SC-2026-003074,2026-05-17 09:34:40,1,8870.0,35,5765.5,Net Banking,Footwear,Mobile App
PUR_002396,CUST_01142,PROD_00190,SC-2026-003075,2026-05-17 09:36:43,1,9600.0,35,6240.0,Wallet,Footwear,Mobile App
PUR_002397,CUST_00149,PROD_00386,SC-2026-003076,2026-06-23 12:44:28,2,1770.0,25,2655.0,Net Banking,Sports,Tablet
PUR_002398,CUST_02122,PROD_00259,SC-2026-003077,2026-08-29 21:41:13,1,3130.0,0,3130.0,Wallet,Home,Desktop
PUR_002399,CUST_01904,PROD_00377,SC-2026-003078,2026-05-14 16:13:42,1,8230.0,0,8230.0,Debit Card,Furniture,Tablet
PUR_002400,CUST_02358,PROD_00323,SC-2026-003079,2026-06-18 18:45:22,1,14960.0,20,11968.0,Cash on Delivery,Kitchen,Mobile Web
PUR_002401,CUST_02358,PROD_00320,SC-2026-003080,2026-06-18 18:48:39,1,10320.0,50,5160.0,Wallet,Kitchen,Mobile Web
PUR_002402,CUST_02670,PROD_00154,SC-2026-003081,2026-08-11 01:43:27,1,3390.0,5,3220.5,Cash on Delivery,Fashion,Desktop
PUR_002403,CUST_02670,PROD_00131,SC-2026-003082,2026-08-11 01:49:08,1,1110.0,30,777.0,Debit Card,Fashion,Desktop
PUR_002404,CUST_02093,PROD_00522,SC-2026-003083,2026-06-01 02:36:40,1,6870.0,50,3435.0,UPI,Accessories,Mobile Web
PUR_002405,CUST_02093,PROD_00517,SC-2026-003084,2026-06-01 02:37:51,1,1630.0,40,978.0,Net Banking,Accessories,Mobile Web
PUR_002406,CUST_02225,PROD_00213,SC-2026-003085,2026-08-25 12:47:34,2,2300.0,0,4600.0,UPI,Beauty,Mobile Web
PUR_002407,CUST_00016,PROD_00478,SC-2026-003086,2026-09-02 08:10:24,1,36470.0,5,34646.5,Cash on Delivery,Gaming,Mobile Web
PUR_002408,CUST_02295,PROD_00036,SC-2026-003087,2026-04-20 04:59:39,1,32240.0,0,32240.0,Wallet,Electronics,Tablet
PUR_002409,CUST_02295,PROD_00010,SC-2026-003088,2026-04-20 05:02:37,1,27300.0,35,17745.0,UPI,Electronics,Tablet
PUR_002410,CUST_01549,PROD_00055,SC-2026-003089,2026-06-06 22:09:01,1,91660.0,5,87077.0,Credit Card,Mobiles,Mobile Web
PUR_002411,CUST_01549,PROD_00036,SC-2026-003089,2026-06-06 22:09:01,1,32240.0,0,32240.0,Credit Card,Electronics,Mobile Web
PUR_002412,CUST_01612,PROD_00199,SC-2026-003090,2026-04-22 06:01:30,1,12670.0,30,8869.0,Wallet,Footwear,Mobile App
PUR_002413,CUST_01612,PROD_00399,SC-2026-003090,2026-04-22 06:01:30,1,1030.0,40,618.0,Wallet,Sports,Mobile App
PUR_002414,CUST_01612,PROD_00205,SC-2026-003091,2026-04-22 06:02:12,1,12770.0,35,8300.5,UPI,Footwear,Mobile App
PUR_002415,CUST_01612,PROD_00406,SC-2026-003091,2026-04-22 06:02:12,1,940.0,30,658.0,UPI,Sports,Mobile App
PUR_002416,CUST_01612,PROD_00209,SC-2026-003092,2026-04-22 06:02:55,1,11110.0,15,9443.5,UPI,Footwear,Mobile App
PUR_002417,CUST_01612,PROD_00157,SC-2026-003092,2026-04-22 06:02:55,1,6820.0,5,6479.0,UPI,Fashion,Mobile App
PUR_002418,CUST_02251,PROD_00198,SC-2026-003093,2026-09-07 16:22:46,1,2720.0,40,1632.0,Net Banking,Footwear,Tablet
PUR_002419,CUST_01077,PROD_00123,SC-2026-003094,2026-03-11 23:56:17,1,54980.0,50,27490.0,UPI,Laptops,Desktop
PUR_002420,CUST_01077,PROD_00470,SC-2026-003094,2026-03-11 23:56:17,1,3420.0,15,2907.0,UPI,Gaming,Desktop
PUR_002421,CUST_01038,PROD_00275,SC-2026-003095,2026-06-15 09:02:59,1,9000.0,35,5850.0,Wallet,Home,Mobile Web
PUR_002422,CUST_01453,PROD_00386,SC-2026-003096,2026-04-02 17:35:28,1,1770.0,25,1327.5,Debit Card,Sports,Mobile App
PUR_002423,CUST_02885,PROD_00009,SC-2026-003097,2026-08-09 04:04:39,1,10810.0,10,9729.0,Wallet,Electronics,Desktop
PUR_002424,CUST_00742,PROD_00209,SC-2026-003098,2026-05-04 16:58:03,1,11110.0,15,9443.5,Debit Card,Footwear,Tablet
PUR_002425,CUST_00742,PROD_00407,SC-2026-003098,2026-05-04 16:58:03,1,7220.0,15,6137.0,Debit Card,Sports,Tablet
PUR_002426,CUST_01534,PROD_00525,SC-2026-003099,2026-07-07 05:10:11,1,2250.0,50,1125.0,Net Banking,Accessories,Mobile App
PUR_002427,CUST_02022,PROD_00540,SC-2026-003100,2026-08-29 12:45:38,1,5220.0,25,3915.0,Net Banking,Accessories,Desktop
PUR_002428,CUST_02584,PROD_00419,SC-2026-003101,2026-04-24 12:24:52,1,2230.0,40,1338.0,Credit Card,Sports,Mobile Web
PUR_002429,CUST_02659,PROD_00515,SC-2026-003102,2026-08-10 09:53:35,1,1450.0,20,1160.0,Debit Card,Accessories,Desktop
PUR_002430,CUST_02522,PROD_00421,SC-2026-003103,2026-04-01 19:25:15,1,2160.0,25,1620.0,Net Banking,Books,Mobile Web
PUR_002431,CUST_02492,PROD_00166,SC-2026-003104,2026-07-16 17:57:21,1,2220.0,25,1665.0,Net Banking,Fashion,Desktop
PUR_002432,CUST_00687,PROD_00443,SC-2026-003105,2026-05-29 20:59:13,1,640.0,0,640.0,Credit Card,Books,Mobile Web
PUR_002433,CUST_02733,PROD_00300,SC-2026-003106,2026-05-08 16:36:08,2,1970.0,15,3349.0,Wallet,Kitchen,Desktop
PUR_002434,CUST_00412,PROD_00606,SC-2026-003107,2026-08-08 23:37:19,1,1290.0,40,774.0,Wallet,Personal Care,Tablet
PUR_002435,CUST_00266,PROD_00232,SC-2026-003108,2026-05-18 17:56:55,1,400.0,5,380.0,Debit Card,Beauty,Desktop
PUR_002436,CUST_01047,PROD_00614,SC-2026-003109,2026-08-29 00:53:09,1,850.0,25,637.5,UPI,Personal Care,Tablet
PUR_002437,CUST_00103,PROD_00115,SC-2026-003110,2026-07-22 01:04:07,1,160690.0,50,80345.0,Net Banking,Laptops,Mobile Web
PUR_002438,CUST_00103,PROD_00497,SC-2026-003110,2026-07-22 01:04:07,1,47110.0,50,23555.0,Net Banking,Gaming,Mobile Web
PUR_002439,CUST_02663,PROD_00578,SC-2026-003111,2026-08-17 13:40:10,2,150.0,5,285.0,Wallet,Grocery,Mobile App
PUR_002440,CUST_01894,PROD_00606,SC-2026-003112,2026-07-29 01:05:14,1,1290.0,40,774.0,Cash on Delivery,Personal Care,Desktop
PUR_002441,CUST_01998,PROD_00162,SC-2026-003113,2026-07-22 02:19:44,1,1830.0,50,915.0,Cash on Delivery,Fashion,Mobile Web
PUR_002442,CUST_01998,PROD_00144,SC-2026-003114,2026-07-22 02:20:18,2,2150.0,0,4300.0,UPI,Fashion,Mobile Web
PUR_002443,CUST_00830,PROD_00384,SC-2026-003115,2026-04-01 07:23:28,1,14310.0,40,8586.0,UPI,Sports,Desktop
PUR_002444,CUST_00142,PROD_00445,SC-2026-003116,2026-07-15 16:39:45,1,320.0,35,208.0,Wallet,Books,Mobile Web
PUR_002445,CUST_00142,PROD_00424,SC-2026-003117,2026-07-15 16:42:21,1,660.0,15,561.0,Net Banking,Books,Mobile Web
PUR_002446,CUST_00142,PROD_00457,SC-2026-003118,2026-07-15 16:45:47,1,670.0,10,603.0,Debit Card,Books,Mobile Web
PUR_002447,CUST_02342,PROD_00598,SC-2026-003119,2026-05-17 00:30:21,1,3420.0,50,1710.0,Debit Card,Personal Care,Mobile Web
PUR_002448,CUST_01266,PROD_00625,SC-2026-003120,2026-08-27 20:52:05,1,1730.0,50,865.0,UPI,Personal Care,Desktop
PUR_002449,CUST_01342,PROD_00513,SC-2026-003121,2026-07-24 05:34:32,1,5380.0,15,4573.0,Net Banking,Accessories,Tablet
PUR_002450,CUST_02157,PROD_00034,SC-2026-003122,2026-06-13 09:45:16,1,4240.0,20,3392.0,Wallet,Electronics,Mobile App
PUR_002451,CUST_02157,PROD_00015,SC-2026-003123,2026-06-13 09:49:35,1,23870.0,5,22676.5,Credit Card,Electronics,Mobile App
PUR_002452,CUST_01322,PROD_00465,SC-2026-003124,2026-09-07 02:04:09,1,31500.0,25,23625.0,Debit Card,Gaming,Mobile App
PUR_002453,CUST_02750,PROD_00259,SC-2026-003125,2026-04-07 06:22:11,1,3130.0,0,3130.0,Cash on Delivery,Home,Tablet
PUR_002454,CUST_01920,PROD_00023,SC-2026-003126,2026-04-17 05:08:00,1,4200.0,5,3990.0,Wallet,Electronics,Tablet
PUR_002455,CUST_01920,PROD_00009,SC-2026-003127,2026-04-17 05:11:19,1,10810.0,10,9729.0,UPI,Electronics,Tablet
PUR_002456,CUST_02946,PROD_00030,SC-2026-003128,2026-05-15 06:01:27,1,6780.0,20,5424.0,Credit Card,Electronics,Mobile App
PUR_002457,CUST_02946,PROD_00019,SC-2026-003129,2026-05-15 06:02:53,1,7340.0,10,6606.0,Debit Card,Electronics,Mobile App
PUR_002458,CUST_00392,PROD_00415,SC-2026-003130,2026-05-19 22:23:27,1,11040.0,15,9384.0,Debit Card,Sports,Tablet
PUR_002459,CUST_00392,PROD_00410,SC-2026-003131,2026-05-19 22:24:36,1,13110.0,15,11143.5,Debit Card,Sports,Tablet
PUR_002460,CUST_00518,PROD_00447,SC-2026-003132,2026-03-27 20:33:14,2,2410.0,25,3615.0,Cash on Delivery,Books,Mobile App
PUR_002461,CUST_00518,PROD_00434,SC-2026-003133,2026-03-27 20:33:46,1,1220.0,20,976.0,UPI,Books,Mobile App
PUR_002462,CUST_01833,PROD_00472,SC-2026-003134,2026-07-20 19:29:39,1,12440.0,40,7464.0,Wallet,Gaming,Mobile App
PUR_002463,CUST_00981,PROD_00271,SC-2026-003135,2026-06-08 17:19:13,1,9820.0,30,6874.0,Net Banking,Home,Desktop
PUR_002464,CUST_01227,PROD_00369,SC-2026-003136,2026-07-14 13:26:37,1,15800.0,15,13430.0,Credit Card,Furniture,Tablet
PUR_002465,CUST_02942,PROD_00457,SC-2026-003137,2026-04-28 00:52:39,1,670.0,10,603.0,Wallet,Books,Desktop
PUR_002466,CUST_01618,PROD_00365,SC-2026-003138,2026-04-14 21:02:39,1,13330.0,20,10664.0,Credit Card,Furniture,Mobile App
PUR_002467,CUST_01618,PROD_00355,SC-2026-003139,2026-04-14 21:04:38,1,4800.0,30,3360.0,Debit Card,Furniture,Mobile App
PUR_002468,CUST_02229,PROD_00015,SC-2026-003140,2026-07-15 23:37:31,1,23870.0,5,22676.5,Net Banking,Electronics,Mobile Web
PUR_002469,CUST_02717,PROD_00086,SC-2026-003141,2026-04-18 19:47:05,1,130800.0,10,117720.0,Credit Card,Laptops,Tablet
PUR_002470,CUST_02717,PROD_00479,SC-2026-003141,2026-04-18 19:47:05,1,17870.0,50,8935.0,Credit Card,Gaming,Tablet
PUR_002471,CUST_02717,PROD_00104,SC-2026-003142,2026-04-18 19:48:45,1,66240.0,10,59616.0,UPI,Laptops,Tablet
PUR_002472,CUST_02717,PROD_00516,SC-2026-003142,2026-04-18 19:48:45,1,660.0,30,462.0,UPI,Accessories,Tablet
PUR_002473,CUST_02692,PROD_00156,SC-2026-003143,2026-08-01 02:23:09,1,3540.0,40,2124.0,Debit Card,Fashion,Mobile Web
PUR_002474,CUST_00863,PROD_00033,SC-2026-003144,2026-04-27 13:29:06,1,10940.0,35,7111.0,Credit Card,Electronics,Desktop
PUR_002475,CUST_00863,PROD_00017,SC-2026-003145,2026-04-27 13:31:39,1,7000.0,50,3500.0,Credit Card,Electronics,Desktop
PUR_002476,CUST_02584,PROD_00002,SC-2026-003146,2026-05-01 00:15:27,1,32560.0,40,19536.0,UPI,Electronics,Tablet
PUR_002477,CUST_01695,PROD_00435,SC-2026-003147,2026-05-23 04:29:19,2,1580.0,35,2054.0,UPI,Books,Mobile Web
PUR_002478,CUST_02511,PROD_00098,SC-2026-003148,2026-06-22 23:16:10,1,30190.0,40,18114.0,Net Banking,Laptops,Tablet
PUR_002479,CUST_02511,PROD_00532,SC-2026-003148,2026-06-22 23:16:10,1,4160.0,0,4160.0,Net Banking,Accessories,Tablet
PUR_002480,CUST_01157,PROD_00401,SC-2026-003149,2026-04-04 02:29:41,2,2190.0,0,4380.0,Wallet,Sports,Tablet
PUR_002481,CUST_01157,PROD_00407,SC-2026-003150,2026-04-04 02:30:37,1,7220.0,15,6137.0,Credit Card,Sports,Tablet
PUR_002482,CUST_02750,PROD_00270,SC-2026-003151,2026-04-23 19:15:46,1,9190.0,25,6892.5,Credit Card,Home,Mobile App
PUR_002483,CUST_02542,PROD_00428,SC-2026-003152,2026-05-08 11:10:35,1,840.0,25,630.0,Net Banking,Books,Desktop
PUR_002484,CUST_00294,PROD_00575,SC-2026-003153,2026-07-23 02:46:50,1,1080.0,30,756.0,Debit Card,Grocery,Tablet
PUR_002485,CUST_00746,PROD_00008,SC-2026-003154,2026-08-19 02:47:56,1,23070.0,35,14995.5,UPI,Electronics,Mobile App
PUR_002486,CUST_01302,PROD_00146,SC-2026-003155,2026-04-17 09:50:47,2,6260.0,25,9390.0,UPI,Fashion,Mobile App
PUR_002487,CUST_02998,PROD_00295,SC-2026-003156,2026-05-31 17:30:12,1,2010.0,35,1306.5,Cash on Delivery,Kitchen,Desktop
PUR_002488,CUST_00248,PROD_00255,SC-2026-003157,2026-07-25 05:43:37,1,4980.0,15,4233.0,Wallet,Home,Tablet
PUR_002489,CUST_00805,PROD_00345,SC-2026-003158,2026-08-30 03:21:31,1,5340.0,25,4005.0,UPI,Furniture,Tablet
PUR_002490,CUST_01134,PROD_00334,SC-2026-003159,2026-04-18 15:34:48,1,2400.0,0,2400.0,Credit Card,Kitchen,Mobile App
PUR_002491,CUST_01339,PROD_00018,SC-2026-003160,2026-05-25 01:15:31,1,19210.0,0,19210.0,Cash on Delivery,Electronics,Desktop
PUR_002492,CUST_01339,PROD_00028,SC-2026-003161,2026-05-25 01:17:39,1,12200.0,0,12200.0,UPI,Electronics,Desktop
PUR_002493,CUST_02254,PROD_00180,SC-2026-003162,2026-05-22 06:49:29,1,9860.0,0,9860.0,Wallet,Footwear,Mobile App
PUR_002494,CUST_00906,PROD_00433,SC-2026-003163,2026-07-29 12:23:28,1,1870.0,50,935.0,Wallet,Books,Mobile App
PUR_002495,CUST_01405,PROD_00615,SC-2026-003164,2026-04-27 16:42:30,1,3060.0,30,2142.0,Wallet,Personal Care,Tablet
PUR_002496,CUST_00715,PROD_00018,SC-2026-003165,2026-07-20 05:49:06,1,19210.0,0,19210.0,Credit Card,Electronics,Desktop
PUR_002497,CUST_00715,PROD_00034,SC-2026-003166,2026-07-20 05:53:36,1,4240.0,20,3392.0,Credit Card,Electronics,Desktop
PUR_002498,CUST_02078,PROD_00302,SC-2026-003167,2026-06-25 20:11:11,2,1910.0,15,3247.0,Wallet,Kitchen,Desktop
PUR_002499,CUST_02533,PROD_00145,SC-2026-003168,2026-08-25 04:35:18,1,4680.0,35,3042.0,Debit Card,Fashion,Desktop
PUR_002500,CUST_02533,PROD_00155,SC-2026-003169,2026-08-25 04:38:48,1,5130.0,10,4617.0,Debit Card,Fashion,Desktop
PUR_002501,CUST_02720,PROD_00358,SC-2026-003170,2026-08-14 04:12:39,1,26090.0,20,20872.0,Wallet,Furniture,Mobile App
PUR_002502,CUST_00296,PROD_00119,SC-2026-003171,2026-05-30 02:38:06,1,95500.0,20,76400.0,UPI,Laptops,Mobile App
PUR_002503,CUST_02968,PROD_00434,SC-2026-003172,2026-06-07 01:39:37,1,1220.0,20,976.0,Wallet,Books,Mobile Web
PUR_002504,CUST_02968,PROD_00447,SC-2026-003173,2026-06-07 01:41:58,1,2410.0,25,1807.5,Cash on Delivery,Books,Mobile Web
PUR_002505,CUST_02968,PROD_00461,SC-2026-003174,2026-06-07 01:42:52,1,1800.0,5,1710.0,Net Banking,Books,Mobile Web
PUR_002506,CUST_02121,PROD_00491,SC-2026-003175,2026-06-14 06:42:16,1,5870.0,25,4402.5,Wallet,Gaming,Mobile Web
PUR_002507,CUST_00602,PROD_00020,SC-2026-003176,2026-07-24 12:56:37,1,43640.0,15,37094.0,Debit Card,Electronics,Desktop
PUR_002508,CUST_02605,PROD_00186,SC-2026-003177,2026-03-12 12:44:01,2,2920.0,40,3504.0,UPI,Footwear,Mobile App
PUR_002509,CUST_02605,PROD_00410,SC-2026-003177,2026-03-12 12:44:01,1,13110.0,15,11143.5,UPI,Sports,Mobile App
PUR_002510,CUST_01664,PROD_00254,SC-2026-003178,2026-07-02 16:49:04,1,4980.0,10,4482.0,Cash on Delivery,Home,Tablet
PUR_002511,CUST_01427,PROD_00096,SC-2026-003179,2026-06-04 13:17:49,1,48750.0,40,29250.0,Net Banking,Laptops,Mobile App
PUR_002512,CUST_01427,PROD_00499,SC-2026-003179,2026-06-04 13:17:49,1,49470.0,5,46996.5,Net Banking,Gaming,Mobile App
PUR_002513,CUST_01427,PROD_00087,SC-2026-003180,2026-06-04 13:20:25,1,161820.0,40,97092.0,Credit Card,Laptops,Mobile App
PUR_002514,CUST_02371,PROD_00606,SC-2026-003181,2026-08-06 04:12:25,2,1290.0,40,1548.0,Cash on Delivery,Personal Care,Tablet
PUR_002515,CUST_02601,PROD_00002,SC-2026-003182,2026-04-11 12:07:03,1,32560.0,40,19536.0,Credit Card,Electronics,Desktop
PUR_002516,CUST_01718,PROD_00257,SC-2026-003183,2026-04-07 17:51:08,1,7330.0,10,6597.0,Credit Card,Home,Mobile App
PUR_002517,CUST_00508,PROD_00015,SC-2026-003184,2026-08-03 04:17:35,1,23870.0,5,22676.5,Debit Card,Electronics,Mobile Web
PUR_002518,CUST_02589,PROD_00203,SC-2026-003185,2026-07-10 16:53:47,1,11910.0,15,10123.5,Credit Card,Footwear,Mobile App
PUR_002519,CUST_02589,PROD_00129,SC-2026-003185,2026-07-10 16:53:47,1,1480.0,0,1480.0,Credit Card,Fashion,Mobile App
PUR_002520,CUST_01499,PROD_00559,SC-2026-003186,2026-07-05 00:11:10,2,1820.0,5,3458.0,Wallet,Grocery,Desktop
PUR_002521,CUST_01499,PROD_00579,SC-2026-003187,2026-07-05 00:12:19,1,1620.0,5,1539.0,Credit Card,Grocery,Desktop
PUR_002522,CUST_00432,PROD_00451,SC-2026-003188,2026-03-28 03:21:35,1,730.0,35,474.5,Debit Card,Books,Mobile App
PUR_002523,CUST_00771,PROD_00598,SC-2026-003189,2026-05-29 15:10:06,2,3420.0,50,3420.0,Wallet,Personal Care,Mobile Web
PUR_002524,CUST_01714,PROD_00567,SC-2026-003190,2026-04-19 07:40:39,1,950.0,25,712.5,Cash on Delivery,Grocery,Tablet
PUR_002525,CUST_01229,PROD_00220,SC-2026-003191,2026-05-07 10:21:03,1,1090.0,35,708.5,Credit Card,Beauty,Mobile Web
PUR_002526,CUST_01136,PROD_00147,SC-2026-003192,2026-08-25 00:17:17,2,810.0,25,1215.0,Net Banking,Fashion,Tablet
PUR_002527,CUST_01262,PROD_00053,SC-2026-003193,2026-08-22 04:26:49,1,80700.0,15,68595.0,Cash on Delivery,Mobiles,Tablet
PUR_002528,CUST_01262,PROD_00022,SC-2026-003193,2026-08-22 04:26:49,1,26570.0,40,15942.0,Cash on Delivery,Electronics,Tablet
PUR_002529,CUST_01262,PROD_00048,SC-2026-003194,2026-08-22 04:29:49,1,49160.0,30,34412.0,Debit Card,Mobiles,Tablet
PUR_002530,CUST_01480,PROD_00230,SC-2026-003195,2026-08-08 16:32:27,1,2870.0,50,1435.0,Wallet,Beauty,Mobile Web
PUR_002531,CUST_02830,PROD_00624,SC-2026-003196,2026-07-30 13:54:38,1,3030.0,5,2878.5,Cash on Delivery,Personal Care,Tablet
PUR_002532,CUST_00101,PROD_00122,SC-2026-003197,2026-08-09 02:09:01,1,40220.0,25,30165.0,Debit Card,Laptops,Mobile Web
PUR_002533,CUST_00101,PROD_00503,SC-2026-003197,2026-08-09 02:09:01,1,44020.0,15,37417.0,Debit Card,Gaming,Mobile Web
PUR_002534,CUST_00722,PROD_00460,SC-2026-003198,2026-05-28 02:55:56,1,2980.0,20,2384.0,Wallet,Books,Mobile Web
PUR_002535,CUST_00247,PROD_00019,SC-2026-003199,2026-03-20 22:54:08,1,7340.0,10,6606.0,Debit Card,Electronics,Mobile App
PUR_002536,CUST_00247,PROD_00029,SC-2026-003200,2026-03-20 22:56:19,1,20550.0,30,14385.0,UPI,Electronics,Mobile App
PUR_002537,CUST_01505,PROD_00477,SC-2026-003201,2026-04-11 01:18:11,1,4350.0,20,3480.0,Wallet,Gaming,Mobile App
PUR_002538,CUST_00973,PROD_00476,SC-2026-003202,2026-08-23 12:09:40,1,17470.0,35,11355.5,Net Banking,Gaming,Mobile App
PUR_002539,CUST_01153,PROD_00264,SC-2026-003203,2026-05-07 06:38:28,1,7730.0,5,7343.5,Cash on Delivery,Home,Mobile Web
PUR_002540,CUST_02257,PROD_00622,SC-2026-003204,2026-07-05 09:15:18,1,1720.0,25,1290.0,Wallet,Personal Care,Mobile App
PUR_002541,CUST_00494,PROD_00102,SC-2026-003205,2026-07-13 07:08:52,1,71920.0,25,53940.0,UPI,Laptops,Desktop
PUR_002542,CUST_00494,PROD_00519,SC-2026-003205,2026-07-13 07:08:52,1,6210.0,35,4036.5,UPI,Accessories,Desktop
PUR_002543,CUST_00494,PROD_00104,SC-2026-003206,2026-07-13 07:11:32,1,66240.0,10,59616.0,Wallet,Laptops,Desktop
PUR_002544,CUST_00494,PROD_00546,SC-2026-003206,2026-07-13 07:11:32,1,920.0,50,460.0,Wallet,Accessories,Desktop
PUR_002545,CUST_00380,PROD_00439,SC-2026-003207,2026-03-12 07:26:29,1,260.0,5,247.0,Credit Card,Books,Mobile Web
PUR_002546,CUST_00264,PROD_00026,SC-2026-003208,2026-04-01 16:07:23,1,39780.0,15,33813.0,Cash on Delivery,Electronics,Mobile Web
PUR_002547,CUST_00844,PROD_00023,SC-2026-003209,2026-03-18 05:45:37,1,4200.0,5,3990.0,Wallet,Electronics,Mobile App
PUR_002548,CUST_01581,PROD_00037,SC-2026-003210,2026-06-30 15:02:54,1,30260.0,5,28747.0,Cash on Delivery,Electronics,Mobile Web
PUR_002549,CUST_00591,PROD_00618,SC-2026-003211,2026-05-02 03:38:57,1,5860.0,25,4395.0,Net Banking,Personal Care,Tablet
PUR_002550,CUST_00836,PROD_00620,SC-2026-003212,2026-05-03 20:45:19,1,1650.0,35,1072.5,UPI,Personal Care,Mobile App
PUR_002551,CUST_00836,PROD_00605,SC-2026-003213,2026-05-03 20:47:39,1,270.0,40,162.0,Debit Card,Personal Care,Mobile App
PUR_002552,CUST_02940,PROD_00591,SC-2026-003214,2026-04-22 06:46:47,1,3370.0,40,2022.0,Net Banking,Personal Care,Tablet
PUR_002553,CUST_02940,PROD_00600,SC-2026-003215,2026-04-22 06:49:50,1,4060.0,20,3248.0,Net Banking,Personal Care,Tablet
PUR_002554,CUST_00707,PROD_00422,SC-2026-003216,2026-07-18 16:48:16,1,2220.0,15,1887.0,Credit Card,Books,Desktop
PUR_002555,CUST_00850,PROD_00096,SC-2026-003217,2026-06-18 22:44:20,1,48750.0,40,29250.0,Cash on Delivery,Laptops,Tablet
PUR_002556,CUST_00965,PROD_00580,SC-2026-003218,2026-06-21 04:34:19,2,1290.0,25,1935.0,UPI,Grocery,Desktop
PUR_002557,CUST_01368,PROD_00497,SC-2026-003219,2026-07-07 01:38:04,1,47110.0,50,23555.0,Debit Card,Gaming,Desktop
PUR_002558,CUST_00132,PROD_00308,SC-2026-003220,2026-08-11 12:25:58,1,11040.0,5,10488.0,UPI,Kitchen,Tablet
PUR_002559,CUST_00132,PROD_00317,SC-2026-003221,2026-08-11 12:28:44,1,13470.0,5,12796.5,Debit Card,Kitchen,Tablet
PUR_002560,CUST_02287,PROD_00099,SC-2026-003222,2026-03-15 01:00:29,1,64710.0,0,64710.0,Credit Card,Laptops,Mobile App
PUR_002561,CUST_02874,PROD_00455,SC-2026-003223,2026-06-10 10:15:14,1,2540.0,5,2413.0,Net Banking,Books,Mobile Web
PUR_002562,CUST_01707,PROD_00177,SC-2026-003224,2026-06-30 17:07:27,1,8870.0,35,5765.5,Debit Card,Footwear,Tablet
PUR_002563,CUST_01707,PROD_00128,SC-2026-003224,2026-06-30 17:07:27,1,6120.0,5,5814.0,Debit Card,Fashion,Tablet
PUR_002564,CUST_01346,PROD_00161,SC-2026-003225,2026-08-15 00:48:54,1,6720.0,35,4368.0,Credit Card,Fashion,Mobile Web
PUR_002565,CUST_01225,PROD_00446,SC-2026-003226,2026-06-15 17:19:57,1,2910.0,0,2910.0,Credit Card,Books,Tablet
PUR_002566,CUST_01225,PROD_00461,SC-2026-003227,2026-06-15 17:22:45,1,1800.0,5,1710.0,Wallet,Books,Tablet
PUR_002567,CUST_01910,PROD_00157,SC-2026-003228,2026-04-17 21:41:04,1,6820.0,5,6479.0,Cash on Delivery,Fashion,Mobile App
PUR_002568,CUST_01910,PROD_00156,SC-2026-003229,2026-04-17 21:42:05,1,3540.0,40,2124.0,Cash on Delivery,Fashion,Mobile App
PUR_002569,CUST_00844,PROD_00023,SC-2026-003230,2026-06-07 02:33:18,1,4200.0,5,3990.0,Credit Card,Electronics,Desktop
PUR_002570,CUST_00844,PROD_00020,SC-2026-003231,2026-06-07 02:37:25,1,43640.0,15,37094.0,Wallet,Electronics,Desktop
PUR_002571,CUST_02976,PROD_00063,SC-2026-003232,2026-06-12 11:01:17,1,39700.0,20,31760.0,Net Banking,Mobiles,Mobile Web
PUR_002572,CUST_02297,PROD_00273,SC-2026-003233,2026-06-13 18:00:08,2,4340.0,15,7378.0,Debit Card,Home,Desktop
PUR_002573,CUST_02229,PROD_00125,SC-2026-003234,2026-07-15 16:15:14,1,58440.0,25,43830.0,Cash on Delivery,Laptops,Desktop
PUR_002574,CUST_02229,PROD_00464,SC-2026-003234,2026-07-15 16:15:14,1,7510.0,15,6383.5,Cash on Delivery,Gaming,Desktop
PUR_002575,CUST_00774,PROD_00433,SC-2026-003235,2026-09-01 07:06:33,1,1870.0,50,935.0,Wallet,Books,Desktop
PUR_002576,CUST_01104,PROD_00295,SC-2026-003236,2026-06-18 10:42:27,1,2010.0,35,1306.5,Debit Card,Kitchen,Mobile Web
PUR_002577,CUST_00060,PROD_00528,SC-2026-003237,2026-06-13 04:57:57,1,3020.0,30,2114.0,Wallet,Accessories,Mobile App
PUR_002578,CUST_02347,PROD_00491,SC-2026-003238,2026-04-24 13:54:29,2,5870.0,25,8805.0,UPI,Gaming,Tablet
PUR_002579,CUST_00329,PROD_00353,SC-2026-003239,2026-06-20 13:15:41,1,25600.0,15,21760.0,UPI,Furniture,Tablet
PUR_002580,CUST_01695,PROD_00443,SC-2026-003240,2026-08-25 09:13:07,1,640.0,0,640.0,Wallet,Books,Desktop
PUR_002581,CUST_01225,PROD_00432,SC-2026-003241,2026-04-06 07:45:37,2,1200.0,25,1800.0,Debit Card,Books,Tablet
PUR_002582,CUST_01225,PROD_00448,SC-2026-003242,2026-04-06 07:49:49,1,1420.0,20,1136.0,UPI,Books,Tablet
PUR_002583,CUST_01318,PROD_00195,SC-2026-003243,2026-05-13 14:54:17,1,10880.0,15,9248.0,Credit Card,Footwear,Desktop
PUR_002584,CUST_01318,PROD_00153,SC-2026-003243,2026-05-13 14:54:17,1,2190.0,35,1423.5,Credit Card,Fashion,Desktop
PUR_002585,CUST_00759,PROD_00301,SC-2026-003244,2026-03-12 15:23:37,2,6200.0,40,7440.0,UPI,Kitchen,Tablet
PUR_002586,CUST_01931,PROD_00424,SC-2026-003245,2026-07-01 17:59:45,1,660.0,15,561.0,UPI,Books,Tablet
PUR_002587,CUST_02204,PROD_00138,SC-2026-003246,2026-07-31 14:36:35,1,5120.0,40,3072.0,UPI,Fashion,Tablet
PUR_002588,CUST_02133,PROD_00027,SC-2026-003247,2026-08-18 16:20:15,1,7080.0,5,6726.0,Credit Card,Electronics,Desktop
PUR_002589,CUST_01328,PROD_00616,SC-2026-003248,2026-06-16 20:24:25,1,2680.0,5,2546.0,Net Banking,Personal Care,Mobile Web
PUR_002590,CUST_01328,PROD_00609,SC-2026-003249,2026-06-16 20:26:45,1,4590.0,0,4590.0,Wallet,Personal Care,Mobile Web
PUR_002591,CUST_00657,PROD_00306,SC-2026-003250,2026-07-19 05:52:41,2,1640.0,0,3280.0,Credit Card,Kitchen,Tablet
PUR_002592,CUST_02501,PROD_00481,SC-2026-003251,2026-04-15 00:00:18,1,39850.0,10,35865.0,Cash on Delivery,Gaming,Mobile App
PUR_002593,CUST_00348,PROD_00176,SC-2026-003252,2026-06-15 10:03:00,1,7880.0,40,4728.0,Debit Card,Footwear,Mobile App
PUR_002594,CUST_00348,PROD_00132,SC-2026-003252,2026-06-15 10:03:00,1,5040.0,30,3528.0,Debit Card,Fashion,Mobile App
PUR_002595,CUST_00804,PROD_00065,SC-2026-003253,2026-07-21 11:12:01,1,90840.0,10,81756.0,Debit Card,Mobiles,Tablet
PUR_002596,CUST_00804,PROD_00505,SC-2026-003253,2026-07-21 11:12:01,1,490.0,10,441.0,Debit Card,Accessories,Tablet
PUR_002597,CUST_01544,PROD_00263,SC-2026-003254,2026-05-15 10:35:35,2,5550.0,50,5550.0,Wallet,Home,Desktop
PUR_002598,CUST_01152,PROD_00334,SC-2026-003255,2026-04-21 00:21:50,1,2400.0,0,2400.0,Credit Card,Kitchen,Mobile Web
PUR_002599,CUST_01152,PROD_00306,SC-2026-003256,2026-04-21 00:22:28,1,1640.0,0,1640.0,UPI,Kitchen,Mobile Web
PUR_002600,CUST_01060,PROD_00009,SC-2026-003257,2026-08-22 02:05:24,1,10810.0,10,9729.0,Net Banking,Electronics,Tablet
PUR_002601,CUST_01916,PROD_00018,SC-2026-003258,2026-07-21 06:59:51,1,19210.0,0,19210.0,Wallet,Electronics,Mobile App
PUR_002602,CUST_01916,PROD_00022,SC-2026-003259,2026-07-21 07:00:50,1,26570.0,40,15942.0,Wallet,Electronics,Mobile App
PUR_002603,CUST_01669,PROD_00269,SC-2026-003260,2026-04-11 12:06:03,1,520.0,0,520.0,Cash on Delivery,Home,Tablet
PUR_002604,CUST_01669,PROD_00273,SC-2026-003261,2026-04-11 12:07:36,1,4340.0,15,3689.0,Net Banking,Home,Tablet
PUR_002605,CUST_00303,PROD_00388,SC-2026-003262,2026-05-22 08:40:13,1,1020.0,15,867.0,UPI,Sports,Tablet
PUR_002606,CUST_02783,PROD_00551,SC-2026-003263,2026-07-06 16:49:28,2,1210.0,20,1936.0,Cash on Delivery,Grocery,Tablet
PUR_002607,CUST_01975,PROD_00118,SC-2026-003264,2026-06-28 10:53:36,1,35810.0,5,34019.5,Wallet,Laptops,Desktop
PUR_002608,CUST_01975,PROD_00480,SC-2026-003264,2026-06-28 10:53:36,1,17680.0,40,10608.0,Wallet,Gaming,Desktop
PUR_002609,CUST_01975,PROD_00102,SC-2026-003265,2026-06-28 10:56:36,1,71920.0,25,53940.0,UPI,Laptops,Desktop
PUR_002610,CUST_01975,PROD_00107,SC-2026-003266,2026-06-28 10:57:50,1,102770.0,25,77077.5,Net Banking,Laptops,Desktop
PUR_002611,CUST_01975,PROD_00475,SC-2026-003266,2026-06-28 10:57:50,1,27170.0,50,13585.0,Net Banking,Gaming,Desktop
PUR_002612,CUST_01975,PROD_00110,SC-2026-003267,2026-06-28 11:00:15,1,43570.0,5,41391.5,Net Banking,Laptops,Desktop
PUR_002613,CUST_01975,PROD_00518,SC-2026-003267,2026-06-28 11:00:15,1,2380.0,35,1547.0,Net Banking,Accessories,Desktop
PUR_002614,CUST_02198,PROD_00086,SC-2026-003268,2026-08-11 18:20:26,1,130800.0,10,117720.0,Cash on Delivery,Laptops,Mobile Web
PUR_002615,CUST_02198,PROD_00529,SC-2026-003268,2026-08-11 18:20:26,1,6980.0,10,6282.0,Cash on Delivery,Accessories,Mobile Web
PUR_002616,CUST_02196,PROD_00612,SC-2026-003269,2026-05-18 04:06:22,1,4630.0,40,2778.0,Debit Card,Personal Care,Mobile App
PUR_002617,CUST_02525,PROD_00011,SC-2026-003270,2026-08-15 13:15:50,1,21070.0,20,16856.0,Net Banking,Electronics,Tablet
PUR_002618,CUST_01318,PROD_00180,SC-2026-003271,2026-05-24 10:52:15,1,9860.0,0,9860.0,UPI,Footwear,Mobile Web
PUR_002619,CUST_01318,PROD_00136,SC-2026-003271,2026-05-24 10:52:15,1,5590.0,15,4751.5,UPI,Fashion,Mobile Web
PUR_002620,CUST_00194,PROD_00352,SC-2026-003272,2026-07-15 08:04:22,1,16140.0,20,12912.0,Cash on Delivery,Furniture,Mobile Web
PUR_002621,CUST_00565,PROD_00566,SC-2026-003273,2026-06-14 03:36:28,1,510.0,10,459.0,Net Banking,Grocery,Mobile App
PUR_002622,CUST_00942,PROD_00472,SC-2026-003274,2026-07-22 04:11:07,1,12440.0,40,7464.0,Credit Card,Gaming,Desktop
PUR_002623,CUST_00565,PROD_00051,SC-2026-003275,2026-09-04 01:07:18,1,46300.0,35,30095.0,Wallet,Mobiles,Tablet
PUR_002624,CUST_00565,PROD_00015,SC-2026-003275,2026-09-04 01:07:18,1,23870.0,5,22676.5,Wallet,Electronics,Tablet
PUR_002625,CUST_02592,PROD_00450,SC-2026-003276,2026-03-21 11:26:05,1,1620.0,10,1458.0,Cash on Delivery,Books,Desktop
PUR_002626,CUST_00025,PROD_00262,SC-2026-003277,2026-04-13 21:38:47,1,780.0,0,780.0,Wallet,Home,Mobile App
PUR_002627,CUST_00654,PROD_00442,SC-2026-003278,2026-06-20 22:25:35,2,2980.0,15,5066.0,UPI,Books,Tablet
PUR_002628,CUST_02684,PROD_00399,SC-2026-003279,2026-08-03 15:14:56,1,1030.0,40,618.0,Wallet,Sports,Tablet
PUR_002629,CUST_02796,PROD_00350,SC-2026-003280,2026-09-02 20:40:44,1,33560.0,50,16780.0,Net Banking,Furniture,Mobile Web
PUR_002630,CUST_00253,PROD_00047,SC-2026-003281,2026-08-16 06:04:00,1,71490.0,30,50043.0,Wallet,Mobiles,Mobile Web
PUR_002631,CUST_02519,PROD_00435,SC-2026-003282,2026-07-09 06:49:49,1,1580.0,35,1027.0,UPI,Books,Desktop
PUR_002632,CUST_02181,PROD_00565,SC-2026-003283,2026-04-17 04:39:54,1,580.0,5,551.0,Cash on Delivery,Grocery,Mobile App
PUR_002633,CUST_01930,PROD_00021,SC-2026-003284,2026-03-14 12:53:32,1,35540.0,35,23101.0,UPI,Electronics,Desktop
PUR_002634,CUST_01493,PROD_00588,SC-2026-003285,2026-08-24 23:37:47,2,450.0,40,540.0,Cash on Delivery,Grocery,Tablet
PUR_002635,CUST_01493,PROD_00577,SC-2026-003286,2026-08-24 23:40:07,2,1000.0,50,1000.0,Net Banking,Grocery,Tablet
PUR_002636,CUST_02588,PROD_00037,SC-2026-003287,2026-04-05 05:04:33,1,30260.0,5,28747.0,Debit Card,Electronics,Tablet
PUR_002637,CUST_00347,PROD_00486,SC-2026-003288,2026-05-20 00:48:33,1,42910.0,50,21455.0,UPI,Gaming,Tablet
PUR_002638,CUST_01572,PROD_00587,SC-2026-003289,2026-04-22 04:13:52,1,720.0,20,576.0,UPI,Grocery,Mobile App
PUR_002639,CUST_01064,PROD_00316,SC-2026-003290,2026-04-29 12:45:53,1,13880.0,0,13880.0,Cash on Delivery,Kitchen,Mobile App
PUR_002640,CUST_02141,PROD_00232,SC-2026-003291,2026-08-11 05:08:52,1,400.0,5,380.0,Credit Card,Beauty,Mobile App
PUR_002641,CUST_01839,PROD_00432,SC-2026-003292,2026-03-19 09:48:36,1,1200.0,25,900.0,Credit Card,Books,Mobile Web
PUR_002642,CUST_00416,PROD_00547,SC-2026-003293,2026-03-22 22:17:11,1,1560.0,50,780.0,UPI,Grocery,Mobile Web
PUR_002643,CUST_01661,PROD_00016,SC-2026-003294,2026-06-28 21:23:10,1,28840.0,15,24514.0,Wallet,Electronics,Desktop
PUR_002644,CUST_00435,PROD_00267,SC-2026-003295,2026-08-12 13:24:51,2,680.0,30,952.0,Credit Card,Home,Mobile App
PUR_002645,CUST_01757,PROD_00194,SC-2026-003296,2026-09-07 07:42:34,1,12910.0,30,9037.0,Net Banking,Footwear,Mobile Web
PUR_002646,CUST_01757,PROD_00393,SC-2026-003296,2026-09-07 07:42:34,1,6780.0,15,5763.0,Net Banking,Sports,Mobile Web
PUR_002647,CUST_01757,PROD_00195,SC-2026-003297,2026-09-07 07:48:34,1,10880.0,15,9248.0,UPI,Footwear,Mobile Web
PUR_002648,CUST_01757,PROD_00149,SC-2026-003297,2026-09-07 07:48:34,1,2490.0,50,1245.0,UPI,Fashion,Mobile Web
PUR_002649,CUST_01507,PROD_00189,SC-2026-003298,2026-09-03 12:58:33,1,2350.0,40,1410.0,Credit Card,Footwear,Desktop
PUR_002650,CUST_01772,PROD_00480,SC-2026-003299,2026-07-31 06:58:53,1,17680.0,40,10608.0,Net Banking,Gaming,Desktop
PUR_002651,CUST_01078,PROD_00202,SC-2026-003300,2026-07-09 06:29:08,1,8260.0,0,8260.0,Wallet,Footwear,Mobile Web
PUR_002652,CUST_01078,PROD_00407,SC-2026-003300,2026-07-09 06:29:08,1,7220.0,15,6137.0,Wallet,Sports,Mobile Web
PUR_002653,CUST_01776,PROD_00623,SC-2026-003301,2026-06-26 17:35:02,1,2770.0,0,2770.0,Credit Card,Personal Care,Tablet
PUR_002654,CUST_02414,PROD_00565,SC-2026-003302,2026-05-07 09:00:50,1,580.0,5,551.0,Net Banking,Grocery,Mobile App
PUR_002655,CUST_00785,PROD_00081,SC-2026-003303,2026-05-24 04:58:52,1,64450.0,35,41892.5,Cash on Delivery,Mobiles,Mobile App
PUR_002656,CUST_00785,PROD_00022,SC-2026-003303,2026-05-24 04:58:52,1,26570.0,40,15942.0,Cash on Delivery,Electronics,Mobile App
PUR_002657,CUST_01548,PROD_00104,SC-2026-003304,2026-06-27 02:40:58,1,66240.0,10,59616.0,Debit Card,Laptops,Mobile App
PUR_002658,CUST_00728,PROD_00119,SC-2026-003305,2026-04-11 20:57:29,1,95500.0,20,76400.0,UPI,Laptops,Tablet
PUR_002659,CUST_00728,PROD_00471,SC-2026-003305,2026-04-11 20:57:29,1,47910.0,20,38328.0,UPI,Gaming,Tablet
PUR_002660,CUST_01649,PROD_00528,SC-2026-003306,2026-09-01 01:16:29,1,3020.0,30,2114.0,Debit Card,Accessories,Mobile Web
PUR_002661,CUST_01649,PROD_00524,SC-2026-003307,2026-09-01 01:17:06,1,2840.0,35,1846.0,Credit Card,Accessories,Mobile Web
PUR_002662,CUST_01679,PROD_00053,SC-2026-003308,2026-08-17 08:11:57,1,80700.0,15,68595.0,Cash on Delivery,Mobiles,Mobile Web
PUR_002663,CUST_00766,PROD_00154,SC-2026-003309,2026-08-18 15:48:27,1,3390.0,5,3220.5,Wallet,Fashion,Mobile Web
PUR_002664,CUST_00766,PROD_00158,SC-2026-003310,2026-08-18 15:50:05,2,2480.0,10,4464.0,Cash on Delivery,Fashion,Mobile Web
PUR_002665,CUST_01028,PROD_00471,SC-2026-003311,2026-03-21 17:17:48,1,47910.0,20,38328.0,UPI,Gaming,Mobile App
PUR_002666,CUST_01860,PROD_00440,SC-2026-003312,2026-06-03 07:56:16,1,1380.0,35,897.0,Wallet,Books,Tablet
PUR_002667,CUST_02907,PROD_00040,SC-2026-003313,2026-04-01 06:03:30,1,30280.0,50,15140.0,UPI,Electronics,Mobile App
PUR_002668,CUST_02907,PROD_00028,SC-2026-003314,2026-04-01 06:05:10,1,12200.0,0,12200.0,UPI,Electronics,Mobile App
PUR_002669,CUST_02963,PROD_00444,SC-2026-003315,2026-06-20 10:28:24,1,810.0,5,769.5,Cash on Delivery,Books,Desktop
PUR_002670,CUST_01468,PROD_00160,SC-2026-003316,2026-03-14 20:46:22,2,680.0,0,1360.0,Net Banking,Fashion,Tablet
PUR_002671,CUST_01468,PROD_00132,SC-2026-003317,2026-03-14 20:48:35,1,5040.0,30,3528.0,Debit Card,Fashion,Tablet
PUR_002672,CUST_00451,PROD_00098,SC-2026-003318,2026-08-29 23:20:12,1,30190.0,40,18114.0,Debit Card,Laptops,Tablet
PUR_002673,CUST_00451,PROD_00468,SC-2026-003318,2026-08-29 23:20:12,1,40730.0,15,34620.5,Debit Card,Gaming,Tablet
PUR_002674,CUST_02843,PROD_00185,SC-2026-003319,2026-08-14 21:02:20,1,12450.0,20,9960.0,Cash on Delivery,Footwear,Tablet
PUR_002675,CUST_02843,PROD_00169,SC-2026-003320,2026-08-14 21:06:15,1,8270.0,40,4962.0,Wallet,Footwear,Tablet
PUR_002676,CUST_01028,PROD_00485,SC-2026-003321,2026-03-27 20:54:52,1,37250.0,15,31662.5,Net Banking,Gaming,Mobile App
PUR_002677,CUST_02028,PROD_00610,SC-2026-003322,2026-06-18 04:40:53,1,4070.0,5,3866.5,Credit Card,Personal Care,Desktop
PUR_002678,CUST_02987,PROD_00165,SC-2026-003323,2026-06-11 03:06:16,2,1900.0,25,2850.0,Net Banking,Fashion,Desktop
PUR_002679,CUST_02951,PROD_00245,SC-2026-003324,2026-06-26 20:40:02,1,2860.0,30,2002.0,Net Banking,Beauty,Desktop
PUR_002680,CUST_00769,PROD_00152,SC-2026-003325,2026-07-05 08:55:27,1,2880.0,25,2160.0,Debit Card,Fashion,Mobile Web
PUR_002681,CUST_00769,PROD_00141,SC-2026-003326,2026-07-05 08:59:10,1,3550.0,50,1775.0,UPI,Fashion,Mobile Web
PUR_002682,CUST_00751,PROD_00427,SC-2026-003327,2026-04-30 20:20:33,1,600.0,10,540.0,Credit Card,Books,Mobile Web
PUR_002683,CUST_01687,PROD_00260,SC-2026-003328,2026-05-16 12:03:54,2,920.0,15,1564.0,Credit Card,Home,Tablet
PUR_002684,CUST_02983,PROD_00179,SC-2026-003329,2026-08-13 18:19:30,1,2890.0,35,1878.5,Wallet,Footwear,Tablet
PUR_002685,CUST_02983,PROD_00197,SC-2026-003330,2026-08-13 18:22:15,1,3610.0,0,3610.0,Cash on Delivery,Footwear,Tablet
PUR_002686,CUST_02983,PROD_00405,SC-2026-003330,2026-08-13 18:22:15,1,430.0,5,408.5,Cash on Delivery,Sports,Tablet
PUR_002687,CUST_02262,PROD_00194,SC-2026-003331,2026-05-12 04:51:17,1,12910.0,30,9037.0,Wallet,Footwear,Tablet
PUR_002688,CUST_00083,PROD_00113,SC-2026-003332,2026-04-06 11:48:19,1,47190.0,25,35392.5,Wallet,Laptops,Mobile Web
PUR_002689,CUST_00083,PROD_00465,SC-2026-003332,2026-04-06 11:48:19,1,31500.0,25,23625.0,Wallet,Gaming,Mobile Web
PUR_002690,CUST_00083,PROD_00085,SC-2026-003333,2026-04-06 11:49:28,1,33810.0,40,20286.0,UPI,Laptops,Mobile Web
PUR_002691,CUST_00083,PROD_00513,SC-2026-003333,2026-04-06 11:49:28,1,5380.0,15,4573.0,UPI,Accessories,Mobile Web
PUR_002692,CUST_00325,PROD_00031,SC-2026-003334,2026-03-18 10:31:58,1,25720.0,30,18004.0,Net Banking,Electronics,Mobile Web
PUR_002693,CUST_00325,PROD_00036,SC-2026-003335,2026-03-18 10:34:40,1,32240.0,0,32240.0,UPI,Electronics,Mobile Web
PUR_002694,CUST_01973,PROD_00578,SC-2026-003336,2026-04-14 06:58:38,1,150.0,5,142.5,Credit Card,Grocery,Desktop
PUR_002695,CUST_02841,PROD_00069,SC-2026-003337,2026-06-21 13:02:15,1,15050.0,5,14297.5,Net Banking,Mobiles,Mobile Web
PUR_002696,CUST_02841,PROD_00013,SC-2026-003337,2026-06-21 13:02:15,1,26050.0,5,24747.5,Net Banking,Electronics,Mobile Web
PUR_002697,CUST_00767,PROD_00075,SC-2026-003338,2026-03-20 22:48:14,1,59740.0,20,47792.0,Cash on Delivery,Mobiles,Mobile App
PUR_002698,CUST_00767,PROD_00060,SC-2026-003339,2026-03-20 22:50:07,1,101350.0,25,76012.5,Debit Card,Mobiles,Mobile App
PUR_002699,CUST_00767,PROD_00036,SC-2026-003339,2026-03-20 22:50:07,1,32240.0,0,32240.0,Debit Card,Electronics,Mobile App
PUR_002700,CUST_02489,PROD_00260,SC-2026-003340,2026-06-04 20:22:47,2,920.0,15,1564.0,Credit Card,Home,Mobile App
PUR_002701,CUST_01454,PROD_00237,SC-2026-003341,2026-03-22 07:15:30,1,780.0,35,507.0,Net Banking,Beauty,Mobile App
PUR_002702,CUST_00475,PROD_00555,SC-2026-003342,2026-08-16 05:13:47,1,700.0,30,490.0,UPI,Grocery,Mobile App
PUR_002703,CUST_00475,PROD_00549,SC-2026-003343,2026-08-16 05:15:09,1,760.0,0,760.0,Credit Card,Grocery,Mobile App
PUR_002704,CUST_00475,PROD_00558,SC-2026-003344,2026-08-16 05:17:32,1,280.0,10,252.0,Net Banking,Grocery,Mobile App
PUR_002705,CUST_00403,PROD_00510,SC-2026-003345,2026-03-20 18:16:08,1,6420.0,35,4173.0,UPI,Accessories,Mobile App
PUR_002706,CUST_01478,PROD_00299,SC-2026-003346,2026-06-02 21:20:31,1,13520.0,5,12844.0,UPI,Kitchen,Mobile App
PUR_002707,CUST_01478,PROD_00312,SC-2026-003347,2026-06-02 21:25:20,1,12350.0,20,9880.0,Credit Card,Kitchen,Mobile App
PUR_002708,CUST_02399,PROD_00109,SC-2026-003348,2026-06-22 08:42:48,1,47810.0,50,23905.0,Credit Card,Laptops,Mobile App
PUR_002709,CUST_02399,PROD_00488,SC-2026-003348,2026-06-22 08:42:48,1,28870.0,0,28870.0,Credit Card,Gaming,Mobile App
PUR_002710,CUST_00241,PROD_00611,SC-2026-003349,2026-07-30 05:49:33,1,4530.0,20,3624.0,Wallet,Personal Care,Mobile Web
PUR_002711,CUST_00809,PROD_00376,SC-2026-003350,2026-05-15 10:13:03,1,8050.0,30,5635.0,Debit Card,Furniture,Tablet
PUR_002712,CUST_00403,PROD_00104,SC-2026-003351,2026-08-06 15:18:08,1,66240.0,10,59616.0,Net Banking,Laptops,Tablet
PUR_002713,CUST_00403,PROD_00472,SC-2026-003351,2026-08-06 15:18:08,1,12440.0,40,7464.0,Net Banking,Gaming,Tablet
PUR_002714,CUST_02746,PROD_00377,SC-2026-003352,2026-06-04 19:42:24,1,8230.0,0,8230.0,Credit Card,Furniture,Mobile App
PUR_002715,CUST_02746,PROD_00361,SC-2026-003353,2026-06-04 19:43:39,1,23020.0,25,17265.0,Debit Card,Furniture,Mobile App
PUR_002716,CUST_02638,PROD_00071,SC-2026-003354,2026-07-12 05:43:25,1,35310.0,20,28248.0,Credit Card,Mobiles,Mobile App
PUR_002717,CUST_02638,PROD_00515,SC-2026-003354,2026-07-12 05:43:25,1,1450.0,20,1160.0,Credit Card,Accessories,Mobile App
PUR_002718,CUST_00283,PROD_00114,SC-2026-003355,2026-05-08 08:59:05,1,61400.0,35,39910.0,Wallet,Laptops,Tablet
PUR_002719,CUST_00283,PROD_00498,SC-2026-003355,2026-05-08 08:59:05,1,34000.0,50,17000.0,Wallet,Gaming,Tablet
PUR_002720,CUST_02945,PROD_00144,SC-2026-003356,2026-08-05 04:00:26,1,2150.0,0,2150.0,Wallet,Fashion,Desktop
PUR_002721,CUST_02945,PROD_00164,SC-2026-003357,2026-08-05 04:02:25,1,1730.0,10,1557.0,Wallet,Fashion,Desktop
PUR_002722,CUST_01484,PROD_00296,SC-2026-003358,2026-05-12 01:44:26,2,4340.0,15,7378.0,Net Banking,Kitchen,Mobile Web
PUR_002723,CUST_01005,PROD_00315,SC-2026-003359,2026-08-27 21:58:30,1,3410.0,0,3410.0,Wallet,Kitchen,Mobile Web
PUR_002724,CUST_01253,PROD_00445,SC-2026-003360,2026-06-06 20:28:49,1,320.0,35,208.0,UPI,Books,Tablet
PUR_002725,CUST_00976,PROD_00536,SC-2026-003361,2026-03-27 17:48:22,2,4520.0,50,4520.0,Cash on Delivery,Accessories,Mobile App
PUR_002726,CUST_02064,PROD_00129,SC-2026-003362,2026-07-23 06:53:53,1,1480.0,0,1480.0,UPI,Fashion,Desktop
PUR_002727,CUST_02064,PROD_00136,SC-2026-003363,2026-07-23 07:00:53,1,5590.0,15,4751.5,UPI,Fashion,Desktop
PUR_002728,CUST_01909,PROD_00621,SC-2026-003364,2026-08-01 08:11:46,2,2420.0,25,3630.0,Net Banking,Personal Care,Tablet
PUR_002729,CUST_02444,PROD_00026,SC-2026-003365,2026-06-10 19:19:38,1,39780.0,15,33813.0,Credit Card,Electronics,Mobile Web
PUR_002730,CUST_01232,PROD_00470,SC-2026-003366,2026-08-17 07:54:33,1,3420.0,15,2907.0,UPI,Gaming,Mobile App
PUR_002731,CUST_01232,PROD_00465,SC-2026-003367,2026-08-17 07:56:42,1,31500.0,25,23625.0,Debit Card,Gaming,Mobile App
PUR_002732,CUST_01081,PROD_00345,SC-2026-003368,2026-06-12 08:35:05,1,5340.0,25,4005.0,Cash on Delivery,Furniture,Mobile App
PUR_002733,CUST_01787,PROD_00154,SC-2026-003369,2026-03-20 16:52:27,1,3390.0,5,3220.5,Debit Card,Fashion,Tablet
PUR_002734,CUST_02677,PROD_00424,SC-2026-003370,2026-08-29 03:09:05,1,660.0,15,561.0,Net Banking,Books,Mobile App
PUR_002735,CUST_01046,PROD_00579,SC-2026-003371,2026-06-02 05:37:24,1,1620.0,5,1539.0,Net Banking,Grocery,Mobile Web
PUR_002736,CUST_01857,PROD_00186,SC-2026-003372,2026-03-14 06:39:44,1,2920.0,40,1752.0,UPI,Footwear,Tablet
PUR_002737,CUST_01857,PROD_00157,SC-2026-003372,2026-03-14 06:39:44,1,6820.0,5,6479.0,UPI,Fashion,Tablet
PUR_002738,CUST_01857,PROD_00201,SC-2026-003373,2026-03-14 06:43:49,1,3910.0,15,3323.5,Wallet,Footwear,Tablet
PUR_002739,CUST_00962,PROD_00030,SC-2026-003374,2026-06-05 00:51:13,1,6780.0,20,5424.0,Debit Card,Electronics,Mobile Web
PUR_002740,CUST_00962,PROD_00021,SC-2026-003375,2026-06-05 00:51:55,1,35540.0,35,23101.0,UPI,Electronics,Mobile Web
PUR_002741,CUST_00814,PROD_00320,SC-2026-003376,2026-08-07 19:24:17,1,10320.0,50,5160.0,Net Banking,Kitchen,Mobile App
PUR_002742,CUST_01317,PROD_00029,SC-2026-003377,2026-05-24 17:29:01,1,20550.0,30,14385.0,UPI,Electronics,Desktop
PUR_002743,CUST_00306,PROD_00287,SC-2026-003378,2026-08-05 21:09:30,1,9750.0,5,9262.5,Cash on Delivery,Home,Tablet
PUR_002744,CUST_01161,PROD_00501,SC-2026-003379,2026-04-02 17:55:29,1,54260.0,20,43408.0,Wallet,Gaming,Mobile Web
PUR_002745,CUST_01161,PROD_00485,SC-2026-003380,2026-04-02 17:59:24,1,37250.0,15,31662.5,Wallet,Gaming,Mobile Web
PUR_002746,CUST_01029,PROD_00335,SC-2026-003381,2026-03-24 11:15:13,1,14920.0,5,14174.0,Net Banking,Kitchen,Mobile Web
PUR_002747,CUST_00397,PROD_00319,SC-2026-003382,2026-04-12 09:50:20,1,9320.0,20,7456.0,Credit Card,Kitchen,Tablet
PUR_002748,CUST_00325,PROD_00029,SC-2026-003383,2026-04-06 04:56:48,1,20550.0,30,14385.0,Net Banking,Electronics,Mobile App
PUR_002749,CUST_02880,PROD_00307,SC-2026-003384,2026-08-22 19:59:42,1,2920.0,15,2482.0,UPI,Kitchen,Tablet
PUR_002750,CUST_00117,PROD_00486,SC-2026-003385,2026-05-16 04:32:16,1,42910.0,50,21455.0,Debit Card,Gaming,Tablet
PUR_002751,CUST_02541,PROD_00369,SC-2026-003386,2026-07-06 09:43:52,1,15800.0,15,13430.0,Net Banking,Furniture,Mobile App
PUR_002752,CUST_01114,PROD_00224,SC-2026-003387,2026-04-15 06:00:00,1,1680.0,25,1260.0,Net Banking,Beauty,Tablet
PUR_002753,CUST_01978,PROD_00298,SC-2026-003388,2026-04-10 03:39:29,1,12760.0,20,10208.0,Wallet,Kitchen,Mobile App
PUR_002754,CUST_02949,PROD_00149,SC-2026-003389,2026-04-23 03:38:01,2,2490.0,50,2490.0,Wallet,Fashion,Tablet
PUR_002755,CUST_01153,PROD_00258,SC-2026-003390,2026-07-20 21:31:59,1,3770.0,30,2639.0,Debit Card,Home,Tablet
PUR_002756,CUST_01401,PROD_00471,SC-2026-003391,2026-06-04 23:22:19,1,47910.0,20,38328.0,Credit Card,Gaming,Mobile App
PUR_002757,CUST_00927,PROD_00034,SC-2026-003392,2026-08-08 12:59:53,1,4240.0,20,3392.0,Cash on Delivery,Electronics,Mobile Web
PUR_002758,CUST_00927,PROD_00027,SC-2026-003393,2026-08-08 13:01:14,1,7080.0,5,6726.0,UPI,Electronics,Mobile Web
PUR_002759,CUST_01668,PROD_00337,SC-2026-003394,2026-08-21 03:15:30,1,18500.0,5,17575.0,Net Banking,Furniture,Mobile App
PUR_002760,CUST_00614,PROD_00039,SC-2026-003395,2026-03-24 05:11:30,1,20030.0,50,10015.0,Wallet,Electronics,Mobile App
PUR_002761,CUST_01855,PROD_00564,SC-2026-003396,2026-05-23 03:03:31,2,910.0,10,1638.0,Cash on Delivery,Grocery,Mobile Web
PUR_002762,CUST_01967,PROD_00525,SC-2026-003397,2026-07-15 15:56:45,1,2250.0,50,1125.0,Wallet,Accessories,Mobile Web
PUR_002763,CUST_01016,PROD_00054,SC-2026-003398,2026-07-22 07:02:20,1,120760.0,5,114722.0,Cash on Delivery,Mobiles,Tablet
PUR_002764,CUST_01016,PROD_00535,SC-2026-003398,2026-07-22 07:02:20,1,2520.0,25,1890.0,Cash on Delivery,Accessories,Tablet
PUR_002765,CUST_00942,PROD_00483,SC-2026-003399,2026-04-10 06:37:44,1,13470.0,15,11449.5,Wallet,Gaming,Mobile Web
PUR_002766,CUST_01928,PROD_00138,SC-2026-003400,2026-04-26 06:06:06,1,5120.0,40,3072.0,Net Banking,Fashion,Mobile Web
PUR_002767,CUST_01928,PROD_00153,SC-2026-003401,2026-04-26 06:09:48,1,2190.0,35,1423.5,Credit Card,Fashion,Mobile Web
PUR_002768,CUST_01947,PROD_00301,SC-2026-003402,2026-03-12 09:30:05,1,6200.0,40,3720.0,Credit Card,Kitchen,Desktop
PUR_002769,CUST_00922,PROD_00240,SC-2026-003403,2026-06-20 13:12:06,1,2360.0,10,2124.0,Cash on Delivery,Beauty,Tablet
PUR_002770,CUST_02558,PROD_00188,SC-2026-003404,2026-09-03 22:13:39,1,10910.0,15,9273.5,Net Banking,Footwear,Mobile App
PUR_002771,CUST_02868,PROD_00339,SC-2026-003405,2026-06-21 17:42:12,2,3100.0,5,5890.0,Wallet,Furniture,Tablet
PUR_002772,CUST_00928,PROD_00273,SC-2026-003406,2026-08-16 02:50:50,1,4340.0,15,3689.0,Debit Card,Home,Tablet
PUR_002773,CUST_02993,PROD_00282,SC-2026-003407,2026-03-17 06:27:34,1,1280.0,25,960.0,Net Banking,Home,Mobile App
PUR_002774,CUST_00063,PROD_00037,SC-2026-003408,2026-06-07 22:19:23,1,30260.0,5,28747.0,Credit Card,Electronics,Desktop
PUR_002775,CUST_01308,PROD_00134,SC-2026-003409,2026-08-02 23:59:21,1,1160.0,40,696.0,Credit Card,Fashion,Mobile Web
PUR_002776,CUST_01438,PROD_00411,SC-2026-003410,2026-07-13 21:06:31,1,9090.0,40,5454.0,Cash on Delivery,Sports,Desktop
PUR_002777,CUST_01438,PROD_00402,SC-2026-003411,2026-07-13 21:11:04,2,4320.0,40,5184.0,Wallet,Sports,Desktop
PUR_002778,CUST_00497,PROD_00145,SC-2026-003412,2026-05-31 07:22:03,1,4680.0,35,3042.0,Net Banking,Fashion,Tablet
PUR_002779,CUST_02200,PROD_00135,SC-2026-003413,2026-04-09 05:55:29,1,5000.0,50,2500.0,UPI,Fashion,Desktop
PUR_002780,CUST_02305,PROD_00128,SC-2026-003414,2026-04-05 23:32:11,1,6120.0,5,5814.0,Credit Card,Fashion,Tablet
PUR_002781,CUST_02411,PROD_00082,SC-2026-003415,2026-06-30 13:22:27,1,107970.0,25,80977.5,Wallet,Mobiles,Tablet
PUR_002782,CUST_02411,PROD_00012,SC-2026-003415,2026-06-30 13:22:27,1,35300.0,40,21180.0,Wallet,Electronics,Tablet
PUR_002783,CUST_00727,PROD_00051,SC-2026-003416,2026-06-04 10:52:14,1,46300.0,35,30095.0,Cash on Delivery,Mobiles,Tablet
PUR_002784,CUST_00727,PROD_00531,SC-2026-003416,2026-06-04 10:52:14,1,3310.0,25,2482.5,Cash on Delivery,Accessories,Tablet
PUR_002785,CUST_00997,PROD_00050,SC-2026-003417,2026-08-14 18:02:20,1,114110.0,50,57055.0,Wallet,Mobiles,Tablet
PUR_002786,CUST_00997,PROD_00546,SC-2026-003417,2026-08-14 18:02:20,1,920.0,50,460.0,Wallet,Accessories,Tablet
PUR_002787,CUST_00982,PROD_00371,SC-2026-003418,2026-08-20 06:37:51,1,10120.0,40,6072.0,Net Banking,Furniture,Mobile Web
PUR_002788,CUST_01033,PROD_00502,SC-2026-003419,2026-07-01 04:35:03,1,29060.0,35,18889.0,UPI,Gaming,Desktop
PUR_002789,CUST_02234,PROD_00204,SC-2026-003420,2026-08-03 07:53:10,1,7620.0,20,6096.0,Credit Card,Footwear,Mobile App
PUR_002790,CUST_02234,PROD_00400,SC-2026-003420,2026-08-03 07:53:10,1,7820.0,15,6647.0,Credit Card,Sports,Mobile App
PUR_002791,CUST_01486,PROD_00266,SC-2026-003421,2026-08-15 21:58:50,1,9550.0,40,5730.0,Wallet,Home,Desktop
PUR_002792,CUST_01643,PROD_00098,SC-2026-003422,2026-08-18 16:32:54,1,30190.0,40,18114.0,Credit Card,Laptops,Tablet
PUR_002793,CUST_01326,PROD_00454,SC-2026-003423,2026-08-23 20:02:40,1,370.0,40,222.0,Debit Card,Books,Desktop
PUR_002794,CUST_02743,PROD_00382,SC-2026-003424,2026-04-21 05:14:43,1,11490.0,30,8043.0,UPI,Sports,Mobile App
PUR_002795,CUST_00177,PROD_00467,SC-2026-003425,2026-03-26 14:41:15,1,24460.0,10,22014.0,Cash on Delivery,Gaming,Tablet
PUR_002796,CUST_01103,PROD_00273,SC-2026-003426,2026-04-30 21:37:11,2,4340.0,15,7378.0,Wallet,Home,Tablet
PUR_002797,CUST_00591,PROD_00610,SC-2026-003427,2026-04-29 02:25:14,2,4070.0,5,7733.0,Wallet,Personal Care,Mobile App
PUR_002798,CUST_00591,PROD_00602,SC-2026-003428,2026-04-29 02:27:52,2,300.0,20,480.0,Credit Card,Personal Care,Mobile App
PUR_002799,CUST_00591,PROD_00608,SC-2026-003429,2026-04-29 02:29:26,1,5170.0,10,4653.0,Net Banking,Personal Care,Mobile App
PUR_002800,CUST_02998,PROD_00300,SC-2026-003430,2026-05-17 06:21:36,1,1970.0,15,1674.5,Debit Card,Kitchen,Mobile Web
PUR_002801,CUST_02998,PROD_00310,SC-2026-003431,2026-05-17 06:24:05,1,13260.0,30,9282.0,Net Banking,Kitchen,Mobile Web
PUR_002802,CUST_02580,PROD_00332,SC-2026-003432,2026-08-14 06:53:49,1,4940.0,5,4693.0,Net Banking,Kitchen,Mobile App
PUR_002803,CUST_02394,PROD_00612,SC-2026-003433,2026-03-31 12:09:08,2,4630.0,40,5556.0,Cash on Delivery,Personal Care,Desktop
PUR_002804,CUST_02898,PROD_00102,SC-2026-003434,2026-05-17 17:15:25,1,71920.0,25,53940.0,Credit Card,Laptops,Desktop
PUR_002805,CUST_02898,PROD_00498,SC-2026-003434,2026-05-17 17:15:25,1,34000.0,50,17000.0,Credit Card,Gaming,Desktop
PUR_002806,CUST_02193,PROD_00306,SC-2026-003435,2026-04-07 04:00:07,1,1640.0,0,1640.0,UPI,Kitchen,Mobile Web
PUR_002807,CUST_00197,PROD_00020,SC-2026-003436,2026-07-27 08:23:35,1,43640.0,15,37094.0,Net Banking,Electronics,Mobile App
PUR_002808,CUST_02386,PROD_00069,SC-2026-003437,2026-08-08 13:37:00,1,15050.0,5,14297.5,UPI,Mobiles,Tablet
PUR_002809,CUST_02386,PROD_00025,SC-2026-003437,2026-08-08 13:37:00,1,41890.0,5,39795.5,UPI,Electronics,Tablet
PUR_002810,CUST_02686,PROD_00202,SC-2026-003438,2026-04-15 14:15:36,1,8260.0,0,8260.0,Credit Card,Footwear,Tablet
PUR_002811,CUST_02686,PROD_00177,SC-2026-003439,2026-04-15 14:19:54,1,8870.0,35,5765.5,Credit Card,Footwear,Tablet
PUR_002812,CUST_02102,PROD_00002,SC-2026-003440,2026-06-21 17:55:12,1,32560.0,40,19536.0,Net Banking,Electronics,Mobile Web
PUR_002813,CUST_01254,PROD_00230,SC-2026-003441,2026-04-12 09:26:35,1,2870.0,50,1435.0,Credit Card,Beauty,Desktop
PUR_002814,CUST_01254,PROD_00233,SC-2026-003442,2026-04-12 09:28:58,1,2490.0,25,1867.5,Debit Card,Beauty,Desktop
PUR_002815,CUST_01792,PROD_00322,SC-2026-003443,2026-05-27 17:54:54,1,3980.0,0,3980.0,UPI,Kitchen,Mobile Web
PUR_002816,CUST_00897,PROD_00095,SC-2026-003444,2026-04-07 16:13:42,1,129480.0,20,103584.0,UPI,Laptops,Desktop
PUR_002817,CUST_00180,PROD_00007,SC-2026-003445,2026-06-02 17:08:20,1,15400.0,0,15400.0,Cash on Delivery,Electronics,Mobile Web
PUR_002818,CUST_02409,PROD_00470,SC-2026-003446,2026-06-18 09:32:03,1,3420.0,15,2907.0,Net Banking,Gaming,Desktop
PUR_002819,CUST_01979,PROD_00066,SC-2026-003447,2026-08-24 07:11:05,1,62920.0,35,40898.0,Wallet,Mobiles,Mobile App
PUR_002820,CUST_00633,PROD_00164,SC-2026-003448,2026-03-18 20:27:42,1,1730.0,10,1557.0,Wallet,Fashion,Mobile App
PUR_002821,CUST_00406,PROD_00054,SC-2026-003449,2026-07-18 14:28:07,1,120760.0,5,114722.0,Net Banking,Mobiles,Tablet
PUR_002822,CUST_00406,PROD_00526,SC-2026-003449,2026-07-18 14:28:07,1,4200.0,50,2100.0,Net Banking,Accessories,Tablet
PUR_002823,CUST_02017,PROD_00267,SC-2026-003450,2026-05-10 14:13:28,1,680.0,30,476.0,Cash on Delivery,Home,Tablet
PUR_002824,CUST_00499,PROD_00150,SC-2026-003451,2026-03-28 23:02:48,1,4640.0,25,3480.0,Wallet,Fashion,Mobile Web
PUR_002825,CUST_01353,PROD_00424,SC-2026-003452,2026-03-24 13:12:05,1,660.0,15,561.0,Wallet,Books,Mobile App
PUR_002826,CUST_01416,PROD_00459,SC-2026-003453,2026-04-26 15:44:56,2,1740.0,20,2784.0,Wallet,Books,Mobile App
PUR_002827,CUST_02487,PROD_00282,SC-2026-003454,2026-05-28 05:38:03,1,1280.0,25,960.0,UPI,Home,Tablet
PUR_002828,CUST_02487,PROD_00288,SC-2026-003455,2026-05-28 05:44:49,1,6090.0,25,4567.5,Wallet,Home,Tablet
PUR_002829,CUST_00281,PROD_00200,SC-2026-003456,2026-05-31 02:37:25,1,11190.0,20,8952.0,Credit Card,Footwear,Tablet
PUR_002830,CUST_00281,PROD_00391,SC-2026-003456,2026-05-31 02:37:25,1,14150.0,35,9197.5,Credit Card,Sports,Tablet
PUR_002831,CUST_02845,PROD_00459,SC-2026-003457,2026-07-05 04:35:37,1,1740.0,20,1392.0,Debit Card,Books,Tablet
PUR_002832,CUST_02845,PROD_00430,SC-2026-003458,2026-07-05 04:39:13,1,380.0,35,247.0,Debit Card,Books,Tablet
PUR_002833,CUST_01647,PROD_00293,SC-2026-003459,2026-04-19 02:18:37,1,2540.0,50,1270.0,UPI,Home,Mobile App
PUR_002834,CUST_02662,PROD_00492,SC-2026-003460,2026-06-17 07:41:25,1,5610.0,30,3927.0,Cash on Delivery,Gaming,Mobile App
PUR_002835,CUST_00409,PROD_00093,SC-2026-003461,2026-04-26 13:04:36,1,137790.0,0,137790.0,Debit Card,Laptops,Desktop
PUR_002836,CUST_00409,PROD_00487,SC-2026-003461,2026-04-26 13:04:36,1,48290.0,0,48290.0,Debit Card,Gaming,Desktop
PUR_002837,CUST_01825,PROD_00189,SC-2026-003462,2026-08-10 01:14:34,1,2350.0,40,1410.0,Credit Card,Footwear,Mobile App
PUR_002838,CUST_01825,PROD_00405,SC-2026-003462,2026-08-10 01:14:34,1,430.0,5,408.5,Credit Card,Sports,Mobile App
PUR_002839,CUST_01654,PROD_00478,SC-2026-003463,2026-06-18 23:37:42,1,36470.0,5,34646.5,UPI,Gaming,Tablet
PUR_002840,CUST_00691,PROD_00182,SC-2026-003464,2026-06-09 03:17:26,1,11670.0,10,10503.0,Credit Card,Footwear,Desktop
PUR_002841,CUST_01821,PROD_00168,SC-2026-003465,2026-07-12 13:04:25,1,5410.0,15,4598.5,Net Banking,Fashion,Mobile App
PUR_002842,CUST_01821,PROD_00165,SC-2026-003466,2026-07-12 13:05:38,1,1900.0,25,1425.0,Wallet,Fashion,Mobile App
PUR_002843,CUST_01821,PROD_00136,SC-2026-003467,2026-07-12 13:07:54,1,5590.0,15,4751.5,Credit Card,Fashion,Mobile App
PUR_002844,CUST_01821,PROD_00137,SC-2026-003468,2026-07-12 13:08:53,1,3770.0,30,2639.0,Net Banking,Fashion,Mobile App
PUR_002845,CUST_01929,PROD_00611,SC-2026-003469,2026-06-02 19:00:25,1,4530.0,20,3624.0,Credit Card,Personal Care,Desktop
PUR_002846,CUST_02171,PROD_00320,SC-2026-003470,2026-05-12 22:09:55,1,10320.0,50,5160.0,Cash on Delivery,Kitchen,Desktop
PUR_002847,CUST_00150,PROD_00194,SC-2026-003471,2026-08-06 10:17:12,1,12910.0,30,9037.0,Wallet,Footwear,Mobile App
PUR_002848,CUST_00150,PROD_00410,SC-2026-003471,2026-08-06 10:17:12,1,13110.0,15,11143.5,Wallet,Sports,Mobile App
PUR_002849,CUST_02750,PROD_00235,SC-2026-003472,2026-08-10 22:55:21,1,2240.0,30,1568.0,Credit Card,Beauty,Mobile App
PUR_002850,CUST_02750,PROD_00219,SC-2026-003473,2026-08-10 22:56:17,1,950.0,10,855.0,Cash on Delivery,Beauty,Mobile App
PUR_002851,CUST_02409,PROD_00181,SC-2026-003474,2026-09-02 12:05:44,1,12540.0,20,10032.0,UPI,Footwear,Desktop
PUR_002852,CUST_02588,PROD_00005,SC-2026-003475,2026-09-02 02:53:35,1,44350.0,15,37697.5,Wallet,Electronics,Desktop
PUR_002853,CUST_00015,PROD_00036,SC-2026-003476,2026-08-28 03:14:58,1,32240.0,0,32240.0,Wallet,Electronics,Desktop
PUR_002854,CUST_01467,PROD_00259,SC-2026-003477,2026-03-20 05:49:10,1,3130.0,0,3130.0,Debit Card,Home,Mobile App
PUR_002855,CUST_00468,PROD_00353,SC-2026-003478,2026-06-02 23:46:37,1,25600.0,15,21760.0,Wallet,Furniture,Mobile App
PUR_002856,CUST_01796,PROD_00553,SC-2026-003479,2026-03-24 08:47:22,1,160.0,35,104.0,Net Banking,Grocery,Mobile Web
PUR_002857,CUST_01823,PROD_00107,SC-2026-003480,2026-04-01 18:03:59,1,102770.0,25,77077.5,UPI,Laptops,Mobile App
PUR_002858,CUST_01823,PROD_00527,SC-2026-003480,2026-04-01 18:03:59,1,5800.0,25,4350.0,UPI,Accessories,Mobile App
PUR_002859,CUST_01326,PROD_00427,SC-2026-003481,2026-08-04 23:47:13,1,600.0,10,540.0,Debit Card,Books,Desktop
PUR_002860,CUST_00551,PROD_00219,SC-2026-003482,2026-03-26 06:44:45,2,950.0,10,1710.0,Cash on Delivery,Beauty,Desktop
PUR_002861,CUST_00762,PROD_00257,SC-2026-003483,2026-09-05 21:03:32,1,7330.0,10,6597.0,Credit Card,Home,Tablet
PUR_002862,CUST_02468,PROD_00213,SC-2026-003484,2026-04-19 17:37:09,2,2300.0,0,4600.0,UPI,Beauty,Mobile Web
PUR_002863,CUST_00325,PROD_00014,SC-2026-003485,2026-04-27 14:33:11,1,39410.0,30,27587.0,Credit Card,Electronics,Mobile App
PUR_002864,CUST_01927,PROD_00235,SC-2026-003486,2026-04-16 17:40:19,2,2240.0,30,3136.0,Wallet,Beauty,Mobile Web
PUR_002865,CUST_01158,PROD_00116,SC-2026-003487,2026-06-21 20:52:20,1,83110.0,10,74799.0,Debit Card,Laptops,Mobile App
PUR_002866,CUST_01158,PROD_00473,SC-2026-003487,2026-06-21 20:52:20,1,29450.0,20,23560.0,Debit Card,Gaming,Mobile App
PUR_002867,CUST_00487,PROD_00540,SC-2026-003488,2026-07-03 15:30:03,1,5220.0,25,3915.0,UPI,Accessories,Desktop
PUR_002868,CUST_00100,PROD_00227,SC-2026-003489,2026-05-26 15:23:16,1,1180.0,20,944.0,Credit Card,Beauty,Mobile App
PUR_002869,CUST_01763,PROD_00331,SC-2026-003490,2026-08-16 03:09:13,1,8200.0,0,8200.0,Wallet,Kitchen,Desktop
PUR_002870,CUST_02301,PROD_00027,SC-2026-003491,2026-06-25 01:32:29,1,7080.0,5,6726.0,Net Banking,Electronics,Desktop
PUR_002871,CUST_02301,PROD_00005,SC-2026-003492,2026-06-25 01:34:53,1,44350.0,15,37697.5,Credit Card,Electronics,Desktop
PUR_002872,CUST_01874,PROD_00625,SC-2026-003493,2026-08-05 03:49:46,1,1730.0,50,865.0,Debit Card,Personal Care,Desktop
PUR_002873,CUST_00090,PROD_00156,SC-2026-003494,2026-06-06 13:56:08,1,3540.0,40,2124.0,Net Banking,Fashion,Desktop
PUR_002874,CUST_02171,PROD_00297,SC-2026-003495,2026-06-19 04:02:24,1,13330.0,35,8664.5,Cash on Delivery,Kitchen,Desktop
PUR_002875,CUST_02062,PROD_00065,SC-2026-003496,2026-06-15 04:31:09,1,90840.0,10,81756.0,Wallet,Mobiles,Mobile Web
PUR_002876,CUST_02062,PROD_00008,SC-2026-003496,2026-06-15 04:31:09,1,23070.0,35,14995.5,Wallet,Electronics,Mobile Web
PUR_002877,CUST_01952,PROD_00079,SC-2026-003497,2026-05-30 00:45:37,1,89700.0,5,85215.0,Wallet,Mobiles,Tablet
PUR_002878,CUST_01985,PROD_00166,SC-2026-003498,2026-08-28 17:57:35,1,2220.0,25,1665.0,Wallet,Fashion,Desktop
PUR_002879,CUST_02273,PROD_00057,SC-2026-003499,2026-05-22 07:23:49,1,57150.0,35,37147.5,Cash on Delivery,Mobiles,Tablet
PUR_002880,CUST_02273,PROD_00543,SC-2026-003499,2026-05-22 07:23:49,1,6050.0,25,4537.5,Cash on Delivery,Accessories,Tablet
PUR_002881,CUST_00709,PROD_00538,SC-2026-003500,2026-08-27 11:33:37,1,4720.0,25,3540.0,Wallet,Accessories,Mobile Web
PUR_002882,CUST_00492,PROD_00239,SC-2026-003501,2026-05-09 08:31:44,1,890.0,30,623.0,Credit Card,Beauty,Mobile Web
PUR_002883,CUST_00863,PROD_00019,SC-2026-003502,2026-07-09 17:08:41,1,7340.0,10,6606.0,Cash on Delivery,Electronics,Tablet
PUR_002884,CUST_02225,PROD_00366,SC-2026-003503,2026-04-30 05:14:32,1,25080.0,50,12540.0,Wallet,Furniture,Mobile Web
PUR_002885,CUST_01996,PROD_00304,SC-2026-003504,2026-05-21 04:37:35,1,3780.0,20,3024.0,Credit Card,Kitchen,Tablet
PUR_002886,CUST_02777,PROD_00274,SC-2026-003505,2026-08-18 13:45:37,1,5490.0,15,4666.5,Net Banking,Home,Desktop
PUR_002887,CUST_01042,PROD_00364,SC-2026-003506,2026-05-24 22:59:59,1,29820.0,15,25347.0,Net Banking,Furniture,Mobile Web
PUR_002888,CUST_01042,PROD_00348,SC-2026-003507,2026-05-24 23:03:19,1,4860.0,15,4131.0,UPI,Furniture,Mobile Web
PUR_002889,CUST_01083,PROD_00250,SC-2026-003508,2026-07-13 01:48:28,1,2100.0,15,1785.0,Cash on Delivery,Beauty,Tablet
PUR_002890,CUST_02780,PROD_00153,SC-2026-003509,2026-07-27 03:51:16,2,2190.0,35,2847.0,Net Banking,Fashion,Tablet
PUR_002891,CUST_01075,PROD_00069,SC-2026-003510,2026-04-27 10:53:18,1,15050.0,5,14297.5,Wallet,Mobiles,Tablet
PUR_002892,CUST_01075,PROD_00042,SC-2026-003510,2026-04-27 10:53:18,1,29940.0,0,29940.0,Wallet,Electronics,Tablet
PUR_002893,CUST_01990,PROD_00330,SC-2026-003511,2026-06-04 14:26:32,1,6790.0,30,4753.0,Debit Card,Kitchen,Mobile Web
PUR_002894,CUST_01576,PROD_00005,SC-2026-003512,2026-03-27 21:07:10,1,44350.0,15,37697.5,Cash on Delivery,Electronics,Desktop
PUR_002895,CUST_02383,PROD_00411,SC-2026-003513,2026-04-19 18:45:39,1,9090.0,40,5454.0,Wallet,Sports,Mobile Web
PUR_002896,CUST_02383,PROD_00403,SC-2026-003514,2026-04-19 18:47:09,1,6140.0,40,3684.0,UPI,Sports,Mobile Web
PUR_002897,CUST_01378,PROD_00463,SC-2026-003515,2026-05-24 23:55:36,2,6150.0,20,9840.0,Net Banking,Gaming,Mobile Web
PUR_002898,CUST_00475,PROD_00394,SC-2026-003516,2026-04-25 00:00:17,1,14790.0,40,8874.0,Cash on Delivery,Sports,Mobile Web
PUR_002899,CUST_00706,PROD_00132,SC-2026-003517,2026-06-10 07:12:31,1,5040.0,30,3528.0,Wallet,Fashion,Desktop
PUR_002900,CUST_01553,PROD_00546,SC-2026-003518,2026-04-14 15:04:00,2,920.0,50,920.0,Cash on Delivery,Accessories,Desktop
PUR_002901,CUST_02537,PROD_00099,SC-2026-003519,2026-09-02 00:35:47,1,64710.0,0,64710.0,UPI,Laptops,Mobile App
PUR_002902,CUST_00394,PROD_00020,SC-2026-003520,2026-08-14 13:03:38,1,43640.0,15,37094.0,Debit Card,Electronics,Mobile App
PUR_002903,CUST_02564,PROD_00190,SC-2026-003521,2026-04-26 01:07:47,1,9600.0,35,6240.0,Credit Card,Footwear,Tablet
PUR_002904,CUST_02564,PROD_00410,SC-2026-003521,2026-04-26 01:07:47,1,13110.0,15,11143.5,Credit Card,Sports,Tablet
PUR_002905,CUST_00304,PROD_00518,SC-2026-003522,2026-05-05 10:53:23,1,2380.0,35,1547.0,Debit Card,Accessories,Mobile App
PUR_002906,CUST_00304,PROD_00510,SC-2026-003523,2026-05-05 10:55:26,1,6420.0,35,4173.0,Credit Card,Accessories,Mobile App
PUR_002907,CUST_01850,PROD_00625,SC-2026-003524,2026-06-02 18:38:37,1,1730.0,50,865.0,Wallet,Personal Care,Mobile App
PUR_002908,CUST_02434,PROD_00622,SC-2026-003525,2026-08-09 03:30:43,1,1720.0,25,1290.0,Cash on Delivery,Personal Care,Tablet
PUR_002909,CUST_01179,PROD_00049,SC-2026-003526,2026-08-01 15:09:02,1,39930.0,35,25954.5,Net Banking,Mobiles,Mobile App
PUR_002910,CUST_01179,PROD_00039,SC-2026-003526,2026-08-01 15:09:02,1,20030.0,50,10015.0,Net Banking,Electronics,Mobile App
PUR_002911,CUST_02137,PROD_00262,SC-2026-003527,2026-07-31 17:48:30,2,780.0,0,1560.0,Credit Card,Home,Desktop
PUR_002912,CUST_01781,PROD_00123,SC-2026-003528,2026-06-18 00:01:31,1,54980.0,50,27490.0,Debit Card,Laptops,Mobile App
PUR_002913,CUST_01781,PROD_00481,SC-2026-003528,2026-06-18 00:01:31,1,39850.0,10,35865.0,Debit Card,Gaming,Mobile App
PUR_002914,CUST_01394,PROD_00346,SC-2026-003529,2026-05-13 06:02:49,1,25870.0,30,18109.0,Cash on Delivery,Furniture,Mobile Web
PUR_002915,CUST_01261,PROD_00466,SC-2026-003530,2026-08-20 05:11:56,1,24320.0,30,17024.0,UPI,Gaming,Desktop
PUR_002916,CUST_00502,PROD_00065,SC-2026-003531,2026-07-26 12:38:05,1,90840.0,10,81756.0,Net Banking,Mobiles,Mobile Web
PUR_002917,CUST_00502,PROD_00062,SC-2026-003532,2026-07-26 12:40:30,1,88940.0,20,71152.0,Debit Card,Mobiles,Mobile Web
PUR_002918,CUST_00502,PROD_00521,SC-2026-003532,2026-07-26 12:40:30,1,3070.0,50,1535.0,Debit Card,Accessories,Mobile Web
PUR_002919,CUST_01893,PROD_00109,SC-2026-003533,2026-04-10 00:16:35,1,47810.0,50,23905.0,Debit Card,Laptops,Desktop
PUR_002920,CUST_00725,PROD_00009,SC-2026-003534,2026-08-13 16:02:51,1,10810.0,10,9729.0,Net Banking,Electronics,Desktop
PUR_002921,CUST_00552,PROD_00325,SC-2026-003535,2026-06-23 04:17:12,1,1910.0,10,1719.0,Debit Card,Kitchen,Desktop
PUR_002922,CUST_00136,PROD_00087,SC-2026-003536,2026-09-05 22:02:28,1,161820.0,40,97092.0,Wallet,Laptops,Mobile Web
PUR_002923,CUST_00136,PROD_00108,SC-2026-003537,2026-09-05 22:04:37,1,32890.0,35,21378.5,UPI,Laptops,Mobile Web
PUR_002924,CUST_02159,PROD_00599,SC-2026-003538,2026-06-24 11:26:53,1,1960.0,40,1176.0,Net Banking,Personal Care,Mobile App
PUR_002925,CUST_01894,PROD_00628,SC-2026-003539,2026-08-22 04:55:50,1,2090.0,35,1358.5,Cash on Delivery,Personal Care,Tablet
PUR_002926,CUST_00173,PROD_00104,SC-2026-003540,2026-05-21 11:00:00,1,66240.0,10,59616.0,Cash on Delivery,Laptops,Tablet
PUR_002927,CUST_00173,PROD_00498,SC-2026-003540,2026-05-21 11:00:00,1,34000.0,50,17000.0,Cash on Delivery,Gaming,Tablet
PUR_002928,CUST_02394,PROD_00142,SC-2026-003541,2026-06-24 11:02:59,1,2050.0,50,1025.0,Debit Card,Fashion,Desktop
PUR_002929,CUST_02625,PROD_00479,SC-2026-003542,2026-07-31 11:07:03,1,17870.0,50,8935.0,Wallet,Gaming,Tablet
PUR_002930,CUST_02625,PROD_00476,SC-2026-003543,2026-07-31 11:11:35,1,17470.0,35,11355.5,Credit Card,Gaming,Tablet
PUR_002931,CUST_00383,PROD_00127,SC-2026-003544,2026-07-17 01:06:14,1,4600.0,20,3680.0,Net Banking,Fashion,Desktop
PUR_002932,CUST_00383,PROD_00145,SC-2026-003545,2026-07-17 01:11:39,1,4680.0,35,3042.0,Cash on Delivery,Fashion,Desktop
PUR_002933,CUST_02229,PROD_00145,SC-2026-003546,2026-08-13 13:33:47,1,4680.0,35,3042.0,Debit Card,Fashion,Desktop
PUR_002934,CUST_02810,PROD_00461,SC-2026-003547,2026-05-03 10:41:31,2,1800.0,5,3420.0,Net Banking,Books,Tablet
PUR_002935,CUST_01607,PROD_00159,SC-2026-003548,2026-05-18 23:22:38,1,4560.0,50,2280.0,Cash on Delivery,Fashion,Desktop
PUR_002936,CUST_00720,PROD_00310,SC-2026-003549,2026-06-20 03:36:20,1,13260.0,30,9282.0,Cash on Delivery,Kitchen,Desktop
PUR_002937,CUST_01047,PROD_00629,SC-2026-003550,2026-05-04 01:35:56,1,2390.0,30,1673.0,Net Banking,Personal Care,Tablet
PUR_002938,CUST_01914,PROD_00207,SC-2026-003551,2026-09-04 03:02:23,1,12320.0,25,9240.0,Wallet,Footwear,Mobile App
PUR_002939,CUST_01914,PROD_00189,SC-2026-003552,2026-09-04 03:03:49,1,2350.0,40,1410.0,Net Banking,Footwear,Mobile App
PUR_002940,CUST_01914,PROD_00131,SC-2026-003552,2026-09-04 03:03:49,1,1110.0,30,777.0,Net Banking,Fashion,Mobile App
PUR_002941,CUST_01184,PROD_00254,SC-2026-003553,2026-08-29 03:21:52,1,4980.0,10,4482.0,UPI,Home,Tablet
PUR_002942,CUST_01184,PROD_00271,SC-2026-003554,2026-08-29 03:28:52,1,9820.0,30,6874.0,Cash on Delivery,Home,Tablet
PUR_002943,CUST_00136,PROD_00117,SC-2026-003555,2026-04-03 21:46:36,1,93910.0,25,70432.5,UPI,Laptops,Desktop
PUR_002944,CUST_00136,PROD_00483,SC-2026-003555,2026-04-03 21:46:36,1,13470.0,15,11449.5,UPI,Gaming,Desktop
PUR_002945,CUST_01040,PROD_00036,SC-2026-003556,2026-06-30 21:48:23,1,32240.0,0,32240.0,Net Banking,Electronics,Mobile App
PUR_002946,CUST_02084,PROD_00162,SC-2026-003557,2026-04-08 19:09:32,1,1830.0,50,915.0,Debit Card,Fashion,Mobile Web
PUR_002947,CUST_02084,PROD_00168,SC-2026-003558,2026-04-08 19:11:53,2,5410.0,15,9197.0,Credit Card,Fashion,Mobile Web
PUR_002948,CUST_00247,PROD_00216,SC-2026-003559,2026-03-26 21:20:26,1,1930.0,40,1158.0,Debit Card,Beauty,Mobile Web
PUR_002949,CUST_00247,PROD_00229,SC-2026-003560,2026-03-26 21:23:07,1,3620.0,25,2715.0,Wallet,Beauty,Mobile Web
PUR_002950,CUST_00247,PROD_00224,SC-2026-003561,2026-03-26 21:24:04,1,1680.0,25,1260.0,UPI,Beauty,Mobile Web
PUR_002951,CUST_00527,PROD_00443,SC-2026-003562,2026-07-02 01:58:18,2,640.0,0,1280.0,Credit Card,Books,Tablet
PUR_002952,CUST_00527,PROD_00437,SC-2026-003563,2026-07-02 01:58:50,1,870.0,50,435.0,UPI,Books,Tablet
PUR_002953,CUST_00299,PROD_00583,SC-2026-003564,2026-06-12 23:15:16,1,1630.0,5,1548.5,Credit Card,Grocery,Mobile Web
PUR_002954,CUST_02293,PROD_00263,SC-2026-003565,2026-07-21 04:57:32,2,5550.0,50,5550.0,Net Banking,Home,Desktop
PUR_002955,CUST_02293,PROD_00283,SC-2026-003566,2026-07-21 04:59:55,1,4490.0,25,3367.5,Wallet,Home,Desktop
PUR_002956,CUST_01372,PROD_00156,SC-2026-003567,2026-04-13 11:32:06,1,3540.0,40,2124.0,Credit Card,Fashion,Mobile Web
PUR_002957,CUST_01121,PROD_00071,SC-2026-003568,2026-08-03 13:00:55,1,35310.0,20,28248.0,Credit Card,Mobiles,Desktop
PUR_002958,CUST_01409,PROD_00453,SC-2026-003569,2026-05-09 17:02:04,1,1670.0,50,835.0,Credit Card,Books,Mobile App
PUR_002959,CUST_01264,PROD_00586,SC-2026-003570,2026-06-28 19:00:19,2,780.0,25,1170.0,Wallet,Grocery,Tablet
PUR_002960,CUST_00322,PROD_00260,SC-2026-003571,2026-05-14 08:14:21,2,920.0,15,1564.0,Wallet,Home,Mobile Web
PUR_002961,CUST_00064,PROD_00157,SC-2026-003572,2026-03-23 02:11:22,1,6820.0,5,6479.0,Credit Card,Fashion,Desktop
PUR_002962,CUST_00035,PROD_00390,SC-2026-003573,2026-05-30 03:55:08,1,13420.0,40,8052.0,Credit Card,Sports,Mobile Web
PUR_002963,CUST_01557,PROD_00126,SC-2026-003574,2026-03-24 07:01:22,1,52000.0,5,49400.0,Debit Card,Laptops,Desktop
PUR_002964,CUST_00846,PROD_00159,SC-2026-003575,2026-05-03 05:44:08,1,4560.0,50,2280.0,Debit Card,Fashion,Mobile Web
PUR_002965,CUST_00267,PROD_00156,SC-2026-003576,2026-07-08 16:11:10,2,3540.0,40,4248.0,Debit Card,Fashion,Tablet
PUR_002966,CUST_00673,PROD_00274,SC-2026-003577,2026-03-13 11:23:55,2,5490.0,15,9333.0,Net Banking,Home,Desktop
PUR_002967,CUST_01155,PROD_00286,SC-2026-003578,2026-08-09 07:15:42,1,4130.0,10,3717.0,Net Banking,Home,Mobile Web
PUR_002968,CUST_02677,PROD_00430,SC-2026-003579,2026-08-03 13:15:15,1,380.0,35,247.0,Debit Card,Books,Desktop
PUR_002969,CUST_00300,PROD_00024,SC-2026-003580,2026-03-23 18:26:23,1,25960.0,25,19470.0,Cash on Delivery,Electronics,Desktop
PUR_002970,CUST_01804,PROD_00096,SC-2026-003581,2026-08-27 07:28:35,1,48750.0,40,29250.0,Credit Card,Laptops,Desktop
PUR_002971,CUST_01804,PROD_00501,SC-2026-003581,2026-08-27 07:28:35,1,54260.0,20,43408.0,Credit Card,Gaming,Desktop
PUR_002972,CUST_00381,PROD_00526,SC-2026-003582,2026-07-13 22:45:07,1,4200.0,50,2100.0,Debit Card,Accessories,Mobile Web
PUR_002973,CUST_00381,PROD_00514,SC-2026-003583,2026-07-13 22:48:06,1,1070.0,50,535.0,Wallet,Accessories,Mobile Web
PUR_002974,CUST_00125,PROD_00201,SC-2026-003584,2026-04-16 01:11:14,2,3910.0,15,6647.0,Wallet,Footwear,Desktop
PUR_002975,CUST_00125,PROD_00157,SC-2026-003584,2026-04-16 01:11:14,1,6820.0,5,6479.0,Wallet,Fashion,Desktop
PUR_002976,CUST_00635,PROD_00457,SC-2026-003585,2026-08-04 05:47:45,1,670.0,10,603.0,Net Banking,Books,Tablet
PUR_002977,CUST_00927,PROD_00003,SC-2026-003586,2026-03-24 08:20:42,1,34640.0,5,32908.0,Cash on Delivery,Electronics,Desktop
PUR_002978,CUST_00617,PROD_00455,SC-2026-003587,2026-08-25 12:30:16,1,2540.0,5,2413.0,Credit Card,Books,Mobile App
PUR_002979,CUST_00617,PROD_00448,SC-2026-003588,2026-08-25 12:31:01,1,1420.0,20,1136.0,Net Banking,Books,Mobile App
PUR_002980,CUST_01898,PROD_00024,SC-2026-003589,2026-05-05 11:59:30,1,25960.0,25,19470.0,Credit Card,Electronics,Desktop
PUR_002981,CUST_01154,PROD_00514,SC-2026-003590,2026-04-23 06:39:41,2,1070.0,50,1070.0,Wallet,Accessories,Desktop
PUR_002982,CUST_01154,PROD_00539,SC-2026-003591,2026-04-23 06:40:30,1,6780.0,50,3390.0,Cash on Delivery,Accessories,Desktop
PUR_002983,CUST_02131,PROD_00111,SC-2026-003592,2026-07-05 18:01:05,1,99200.0,30,69440.0,Credit Card,Laptops,Mobile Web
PUR_002984,CUST_02131,PROD_00472,SC-2026-003592,2026-07-05 18:01:05,1,12440.0,40,7464.0,Credit Card,Gaming,Mobile Web
PUR_002985,CUST_00042,PROD_00333,SC-2026-003593,2026-05-20 15:29:38,1,14930.0,25,11197.5,Net Banking,Kitchen,Mobile Web
PUR_002986,CUST_00475,PROD_00562,SC-2026-003594,2026-07-17 05:26:13,2,1170.0,35,1521.0,Cash on Delivery,Grocery,Desktop
PUR_002987,CUST_02345,PROD_00326,SC-2026-003595,2026-06-09 06:08:07,1,13130.0,30,9191.0,Wallet,Kitchen,Tablet
PUR_002988,CUST_00572,PROD_00146,SC-2026-003596,2026-04-05 19:04:07,1,6260.0,25,4695.0,Debit Card,Fashion,Mobile Web
PUR_002989,CUST_02736,PROD_00403,SC-2026-003597,2026-03-17 03:15:33,1,6140.0,40,3684.0,Credit Card,Sports,Tablet
PUR_002990,CUST_02495,PROD_00191,SC-2026-003598,2026-05-15 21:48:17,1,7700.0,20,6160.0,Credit Card,Footwear,Desktop
PUR_002991,CUST_01685,PROD_00006,SC-2026-003599,2026-08-15 12:44:33,1,31940.0,5,30343.0,Credit Card,Electronics,Mobile App
PUR_002992,CUST_02167,PROD_00519,SC-2026-003600,2026-06-08 02:34:07,1,6210.0,35,4036.5,UPI,Accessories,Desktop
PUR_002993,CUST_01256,PROD_00317,SC-2026-003601,2026-03-25 03:14:12,1,13470.0,5,12796.5,Wallet,Kitchen,Desktop
PUR_002994,CUST_00177,PROD_00503,SC-2026-003602,2026-05-13 06:55:03,1,44020.0,15,37417.0,Net Banking,Gaming,Tablet
PUR_002995,CUST_00663,PROD_00580,SC-2026-003603,2026-04-26 21:06:18,1,1290.0,25,967.5,UPI,Grocery,Mobile App
PUR_002996,CUST_00543,PROD_00261,SC-2026-003604,2026-03-26 20:54:40,1,1670.0,50,835.0,Net Banking,Home,Desktop
PUR_002997,CUST_01894,PROD_00380,SC-2026-003605,2026-07-15 21:22:07,1,5530.0,10,4977.0,Net Banking,Sports,Mobile Web
PUR_002998,CUST_01894,PROD_00382,SC-2026-003606,2026-07-15 21:25:51,1,11490.0,30,8043.0,Wallet,Sports,Mobile Web
PUR_002999,CUST_01204,PROD_00314,SC-2026-003607,2026-06-20 19:07:20,1,7970.0,10,7173.0,UPI,Kitchen,Mobile App
PUR_003000,CUST_00403,PROD_00130,SC-2026-003608,2026-07-07 15:45:17,2,3910.0,50,3910.0,Cash on Delivery,Fashion,Mobile App
PUR_003001,CUST_01875,PROD_00068,SC-2026-003609,2026-07-03 15:28:39,1,100520.0,15,85442.0,Net Banking,Mobiles,Tablet
PUR_003002,CUST_01437,PROD_00284,SC-2026-003610,2026-08-18 09:25:27,1,3230.0,30,2261.0,Net Banking,Home,Desktop
PUR_003003,CUST_01437,PROD_00263,SC-2026-003611,2026-08-18 09:29:37,2,5550.0,50,5550.0,UPI,Home,Desktop
PUR_003004,CUST_01915,PROD_00177,SC-2026-003612,2026-06-11 20:23:37,1,8870.0,35,5765.5,Net Banking,Footwear,Mobile Web
PUR_003005,CUST_01915,PROD_00138,SC-2026-003612,2026-06-11 20:23:37,1,5120.0,40,3072.0,Net Banking,Fashion,Mobile Web
PUR_003006,CUST_00942,PROD_00527,SC-2026-003613,2026-05-20 20:18:33,1,5800.0,25,4350.0,UPI,Accessories,Tablet
PUR_003007,CUST_00064,PROD_00253,SC-2026-003614,2026-08-28 13:11:23,1,9080.0,10,8172.0,Debit Card,Home,Tablet
PUR_003008,CUST_02272,PROD_00534,SC-2026-003615,2026-06-15 11:50:54,2,3910.0,50,3910.0,Net Banking,Accessories,Mobile App
PUR_003009,CUST_02353,PROD_00191,SC-2026-003616,2026-05-09 01:00:44,1,7700.0,20,6160.0,Wallet,Footwear,Desktop
PUR_003010,CUST_02353,PROD_00155,SC-2026-003616,2026-05-09 01:00:44,1,5130.0,10,4617.0,Wallet,Fashion,Desktop
PUR_003011,CUST_01774,PROD_00001,SC-2026-003617,2026-07-27 09:20:18,1,5690.0,40,3414.0,Credit Card,Electronics,Desktop
PUR_003012,CUST_01376,PROD_00470,SC-2026-003618,2026-08-07 08:55:48,1,3420.0,15,2907.0,Cash on Delivery,Gaming,Mobile App
PUR_003013,CUST_01135,PROD_00459,SC-2026-003619,2026-07-23 12:45:54,1,1740.0,20,1392.0,UPI,Books,Desktop
PUR_003014,CUST_01064,PROD_00309,SC-2026-003620,2026-04-16 06:56:37,1,11830.0,5,11238.5,Net Banking,Kitchen,Mobile Web
PUR_003015,CUST_01762,PROD_00090,SC-2026-003621,2026-04-11 02:57:35,1,40400.0,30,28280.0,Net Banking,Laptops,Tablet
PUR_003016,CUST_01762,PROD_00482,SC-2026-003621,2026-04-11 02:57:35,1,45370.0,20,36296.0,Net Banking,Gaming,Tablet
PUR_003017,CUST_01946,PROD_00202,SC-2026-003622,2026-05-09 02:54:41,1,8260.0,0,8260.0,Net Banking,Footwear,Desktop
PUR_003018,CUST_00017,PROD_00178,SC-2026-003623,2026-04-10 14:55:57,1,11860.0,15,10081.0,Cash on Delivery,Footwear,Desktop
PUR_003019,CUST_00017,PROD_00387,SC-2026-003623,2026-04-10 14:55:57,1,15200.0,10,13680.0,Cash on Delivery,Sports,Desktop
PUR_003020,CUST_02590,PROD_00160,SC-2026-003624,2026-06-04 22:31:25,1,680.0,0,680.0,Net Banking,Fashion,Desktop
PUR_003021,CUST_02495,PROD_00199,SC-2026-003625,2026-04-13 19:38:11,1,12670.0,30,8869.0,UPI,Footwear,Desktop
PUR_003022,CUST_02495,PROD_00158,SC-2026-003625,2026-04-13 19:38:11,1,2480.0,10,2232.0,UPI,Fashion,Desktop
PUR_003023,CUST_02495,PROD_00186,SC-2026-003626,2026-04-13 19:40:10,1,2920.0,40,1752.0,Cash on Delivery,Footwear,Desktop
PUR_003024,CUST_00539,PROD_00370,SC-2026-003627,2026-08-08 23:44:59,1,29790.0,0,29790.0,Net Banking,Furniture,Desktop
PUR_003025,CUST_01154,PROD_00521,SC-2026-003628,2026-06-01 04:57:30,1,3070.0,50,1535.0,Wallet,Accessories,Mobile App
PUR_003026,CUST_02681,PROD_00101,SC-2026-003629,2026-08-03 22:24:32,1,99220.0,40,59532.0,UPI,Laptops,Tablet
PUR_003027,CUST_02681,PROD_00491,SC-2026-003629,2026-08-03 22:24:32,1,5870.0,25,4402.5,UPI,Gaming,Tablet
PUR_003028,CUST_02553,PROD_00336,SC-2026-003630,2026-03-16 17:27:19,1,10680.0,15,9078.0,Wallet,Kitchen,Mobile App
PUR_003029,CUST_02553,PROD_00321,SC-2026-003631,2026-03-16 17:28:24,2,2070.0,5,3933.0,Debit Card,Kitchen,Mobile App
PUR_003030,CUST_01035,PROD_00290,SC-2026-003632,2026-07-22 18:33:20,1,410.0,50,205.0,Credit Card,Home,Desktop
PUR_003031,CUST_02708,PROD_00023,SC-2026-003633,2026-05-15 07:13:00,2,4200.0,5,7980.0,Debit Card,Electronics,Desktop
PUR_003032,CUST_02708,PROD_00039,SC-2026-003634,2026-05-15 07:15:01,1,20030.0,50,10015.0,UPI,Electronics,Desktop
PUR_003033,CUST_01062,PROD_00211,SC-2026-003635,2026-05-06 16:51:08,1,4120.0,5,3914.0,UPI,Beauty,Tablet
PUR_003034,CUST_02597,PROD_00056,SC-2026-003636,2026-06-13 09:56:05,1,101160.0,50,50580.0,Wallet,Mobiles,Mobile App
PUR_003035,CUST_02597,PROD_00532,SC-2026-003636,2026-06-13 09:56:05,1,4160.0,0,4160.0,Wallet,Accessories,Mobile App
PUR_003036,CUST_02597,PROD_00067,SC-2026-003637,2026-06-13 09:57:43,1,81650.0,0,81650.0,Credit Card,Mobiles,Mobile App
PUR_003037,CUST_00169,PROD_00451,SC-2026-003638,2026-05-09 12:22:18,1,730.0,35,474.5,UPI,Books,Mobile App
PUR_003038,CUST_00211,PROD_00233,SC-2026-003639,2026-06-05 13:51:16,1,2490.0,25,1867.5,UPI,Beauty,Tablet
PUR_003039,CUST_00211,PROD_00228,SC-2026-003640,2026-06-05 13:56:20,1,950.0,30,665.0,Wallet,Beauty,Tablet
PUR_003040,CUST_02018,PROD_00015,SC-2026-003641,2026-04-15 14:46:47,1,23870.0,5,22676.5,Cash on Delivery,Electronics,Desktop
PUR_003041,CUST_02018,PROD_00014,SC-2026-003642,2026-04-15 14:48:17,1,39410.0,30,27587.0,UPI,Electronics,Desktop
PUR_003042,CUST_01726,PROD_00447,SC-2026-003643,2026-06-12 10:06:05,1,2410.0,25,1807.5,Debit Card,Books,Desktop
PUR_003043,CUST_00735,PROD_00106,SC-2026-003644,2026-03-17 11:26:21,1,84240.0,15,71604.0,Net Banking,Laptops,Desktop
PUR_003044,CUST_00735,PROD_00505,SC-2026-003644,2026-03-17 11:26:21,1,490.0,10,441.0,Net Banking,Accessories,Desktop
PUR_003045,CUST_02458,PROD_00018,SC-2026-003645,2026-07-03 18:22:47,1,19210.0,0,19210.0,Wallet,Electronics,Tablet
PUR_003046,CUST_00683,PROD_00434,SC-2026-003646,2026-06-17 13:02:37,2,1220.0,20,1952.0,Credit Card,Books,Mobile App
PUR_003047,CUST_01160,PROD_00573,SC-2026-003647,2026-04-25 00:21:49,1,1730.0,35,1124.5,UPI,Grocery,Mobile App
PUR_003048,CUST_00028,PROD_00136,SC-2026-003648,2026-08-15 12:39:02,1,5590.0,15,4751.5,UPI,Fashion,Tablet
PUR_003049,CUST_02631,PROD_00033,SC-2026-003649,2026-06-24 09:49:57,1,10940.0,35,7111.0,Cash on Delivery,Electronics,Mobile Web
PUR_003050,CUST_01404,PROD_00176,SC-2026-003650,2026-06-09 18:20:29,1,7880.0,40,4728.0,Net Banking,Footwear,Mobile App
PUR_003051,CUST_01404,PROD_00407,SC-2026-003650,2026-06-09 18:20:29,1,7220.0,15,6137.0,Net Banking,Sports,Mobile App
PUR_003052,CUST_02300,PROD_00096,SC-2026-003651,2026-07-18 19:45:29,1,48750.0,40,29250.0,Debit Card,Laptops,Tablet
PUR_003053,CUST_02300,PROD_00471,SC-2026-003651,2026-07-18 19:45:29,1,47910.0,20,38328.0,Debit Card,Gaming,Tablet
PUR_003054,CUST_02420,PROD_00207,SC-2026-003652,2026-07-26 00:34:25,1,12320.0,25,9240.0,Credit Card,Footwear,Mobile App
PUR_003055,CUST_02420,PROD_00167,SC-2026-003652,2026-07-26 00:34:25,1,5470.0,20,4376.0,Credit Card,Fashion,Mobile App
PUR_003056,CUST_02420,PROD_00183,SC-2026-003653,2026-07-26 00:36:59,1,5040.0,20,4032.0,UPI,Footwear,Mobile App
PUR_003057,CUST_02420,PROD_00415,SC-2026-003653,2026-07-26 00:36:59,1,11040.0,15,9384.0,UPI,Sports,Mobile App
PUR_003058,CUST_02287,PROD_00087,SC-2026-003654,2026-04-04 06:39:33,1,161820.0,40,97092.0,Debit Card,Laptops,Mobile Web
PUR_003059,CUST_02287,PROD_00536,SC-2026-003654,2026-04-04 06:39:33,1,4520.0,50,2260.0,Debit Card,Accessories,Mobile Web
PUR_003060,CUST_00431,PROD_00033,SC-2026-003655,2026-06-06 03:41:54,1,10940.0,35,7111.0,Debit Card,Electronics,Desktop
