Search_ID,Customer_ID,Search_Keyword,Search_Category,Search_Date,Result_Clicked,Product_Clicked
SRCH_000001,CUST_02405,ultrabooks,Laptops,2026-03-22 08:06:35,1,Lenovo Student Essential Laptop
SRCH_000002,CUST_00771,personal,Personal Care,2026-08-15 04:15:35,1,Gillette Cordless Rechargeable Beard Trimmer
SRCH_000003,CUST_02894,sports,Sports,2026-08-04 20:20:35,1,Nivia Quick Dry Athletic Training Shorts
SRCH_000004,CUST_01109,student laptops,Laptops,2026-03-20 17:29:35,1,Acer Ultra-Slim Metal Ultrabook - Space Gray
SRCH_000005,CUST_00373,student laptops,Laptops,2026-04-29 04:00:35,1,Lenovo Ultra-Slim Metal Ultrabook
SRCH_000006,CUST_02544,shaving & grooming,Personal Care,2026-05-11 17:13:35,1,Colgate Deep Cleansing Charcoal Body Wash 500ml - Charcoal
SRCH_000007,CUST_00145,bedding,Home,2026-05-08 05:30:35,1,D'Decor Velvet Touch Blackout Window Curtains - Pearl White
SRCH_000008,CUST_02220,accessories,Accessories,2026-03-18 17:59:35,1,Portronics Water-Resistant Laptop Backpack 15.6-inch - Space Gray
SRCH_000009,CUST_01043,student laptops,Laptops,2026-05-19 06:11:35,1,Acer Ultra-Slim Metal Ultrabook - Space Gray
SRCH_000010,CUST_02479,sports,Sports,2026-06-16 11:23:35,1,Yonex Anti-Burst Gym Exercise Ball with Pump - Olive Green
SRCH_000011,CUST_02989,lighting,Home,2026-06-03 00:55:35,1,Spaces 100% Cotton 300TC Double Bed Sheet - Classic Beige
SRCH_000012,CUST_02145,shaving & grooming,Personal Care,2026-05-16 15:02:35,1,Oral-B Cordless Rechargeable Beard Trimmer
SRCH_000013,CUST_01508,bags & backpacks,Accessories,2026-04-28 07:21:35,1,American Tourister Shockproof Clear Phone Case - Pearl White
SRCH_000014,CUST_01354,ultrabooks,Laptops,2026-07-08 00:09:35,1,Apple Business Productivity Notebook - Pearl White
SRCH_000015,CUST_01668,office,Furniture,2026-06-01 11:51:35,1,Wakefit Minimalist Nesting Coffee Tables - Charcoal
SRCH_000016,CUST_02368,outdoor sports,Sports,2026-06-14 15:40:35,1,Nivia Extra Thick Non-Slip Eco Yoga Mat - Pearl White
SRCH_000017,CUST_00884,wearables,Electronics,2026-03-17 08:56:35,1,Samsung Action Camera 4K Waterproof
SRCH_000018,CUST_02271,bags & backpacks,Accessories,2026-05-04 09:30:35,1,Spigen Shockproof Clear Phone Case - Charcoal
SRCH_000019,CUST_01908,laptops,Laptops,2026-05-09 08:56:35,1,Asus Pro Gaming Laptop RTX 4070 - Charcoal
SRCH_000020,CUST_00615,bath & body,Personal Care,2026-06-25 09:33:35,1,Gillette Sonic Electric Toothbrush with Timer
SRCH_000021,CUST_01261,accessories,Gaming,2026-05-23 15:53:35,1,PlayStation Next-Gen Home Gaming Console 1TB - Charcoal
SRCH_000022,CUST_01571,gaming,Gaming,2026-04-03 18:00:35,1,Logitech G Next-Gen Home Gaming Console 1TB - Silver
SRCH_000023,CUST_00638,electronics,Electronics,2026-08-24 06:26:35,1,Sony Digital Mirrorless Camera - Space Gray
SRCH_000024,CUST_02958,bags & backpacks,Accessories,2026-05-01 02:08:35,1,Logitech Multi-Port 7-in-1 USB-C Hub Adapter - Space Gray
SRCH_000025,CUST_02204,men's clothing,Fashion,2026-07-26 18:52:35,1,Zara Denim Trucker Jacket - Space Gray
SRCH_000026,CUST_00454,fitness equipment,Sports,2026-06-10 21:21:35,1,Nivia Extra Thick Non-Slip Eco Yoga Mat - Pearl White
SRCH_000027,CUST_00267,running shoes,Footwear,2026-07-21 09:42:35,1,Puma Genuine Leather Oxford Shoes
SRCH_000028,CUST_00711,fashion,Fashion,2026-06-19 13:16:35,1,Puma Solid Crew Neck Cotton T-Shirt
SRCH_000029,CUST_00043,accessories,Accessories,2026-04-24 15:32:35,1,Logitech Water-Resistant Laptop Backpack 15.6-inch - Crimson Red
SRCH_000030,CUST_00422,technology,Books,2026-08-11 18:50:35,1,Penguin Atomic Habits: Build Good Habits - Crimson Red
SRCH_000031,CUST_00516,makeup,Beauty,2026-08-16 20:56:35,1,L'Oreal Keratin Smoothing Hair Mask - Classic Beige
SRCH_000032,CUST_01868,personal,Personal Care,2026-07-18 13:09:35,1,Philips Cordless Rechargeable Beard Trimmer
SRCH_000033,CUST_02114,gaming,Gaming,2026-06-02 17:03:35,1,Razer Next-Gen Home Gaming Console 1TB
SRCH_000034,CUST_02985,footwear,Footwear,2026-05-29 19:04:35,1,Clarks Genuine Leather Oxford Shoes
SRCH_000035,CUST_02513,fashion,Fashion,2026-07-17 05:15:35,1,FabIndia Floral Print Maxi Summer Dress
SRCH_000036,CUST_01975,sports,Sports,2026-05-16 15:49:35,1,Nivia Extra Thick Non-Slip Eco Yoga Mat - Pearl White
SRCH_000037,CUST_02135,decor,Home,2026-07-06 23:25:35,1,Home Centre Handwoven Boho Area Rug - Pearl White
SRCH_000038,CUST_01358,men's clothing,Fashion,2026-03-23 05:06:35,1,Nike Classic Denim Slim Jeans - Pearl White
SRCH_000039,CUST_01750,technology,Books,2026-05-22 01:59:35,1,Penguin Designing Data-Intensive Applications - Midnight Black
SRCH_000040,CUST_02202,business & finance,Books,2026-08-15 19:08:35,1,O'Reilly Designing Data-Intensive Applications - Midnight Black
SRCH_000041,CUST_00205,grocery,Grocery,2026-05-01 12:16:35,1,Nestle Cold-Pressed Extra Virgin Olive Oil 1L - Space Gray
SRCH_000042,CUST_00707,men's clothing,Fashion,2026-08-06 00:39:35,1,Puma Casual Stretch Chino Trousers
SRCH_000043,CUST_02074,student laptops,Laptops,2026-09-05 11:35:35,1,Apple Business Productivity Notebook
SRCH_000044,CUST_02159,makeup,Beauty,2026-05-06 14:59:35,1,The Ordinary Matte Velvet Long-Stay Lipstick
SRCH_000045,CUST_02031,decor,Home,2026-03-30 07:11:35,1,IKEA Velvet Touch Blackout Window Curtains
SRCH_000046,CUST_01675,technology,Books,2026-03-30 19:14:35,1,O'Reilly Deep Work: Focused Success in a Distracted World - Navy Blue
SRCH_000047,CUST_01583,fragrances,Beauty,2026-07-03 11:07:35,1,L'Oreal Matte Liquid Longwear Foundation - Charcoal
SRCH_000048,CUST_01225,beauty,Beauty,2026-06-20 21:55:35,1,L'Oreal Matte Velvet Long-Stay Lipstick
SRCH_000049,CUST_01972,sneakers,Footwear,2026-06-16 08:12:35,1,Puma Cushioned Running Shoes - Crimson Red
SRCH_000050,CUST_01995,beauty,Beauty,2026-07-08 08:21:35,1,L'Oreal Matte Liquid Longwear Foundation
SRCH_000051,CUST_01916,electronics,Electronics,2026-03-21 07:49:35,1,Sony Digital Mirrorless Camera - Space Gray
SRCH_000052,CUST_01076,fashion,Fashion,2026-07-20 04:32:35,1,H&M Floral Print Maxi Summer Dress - Olive Green
SRCH_000053,CUST_01006,yoga,Sports,2026-04-18 06:37:35,1,Nivia Anti-Burst Gym Exercise Ball with Pump
SRCH_000054,CUST_01796,running shoes,Footwear,2026-05-12 22:59:35,1,Reebok Cushioned Running Shoes - Classic Beige
SRCH_000055,CUST_00984,winterwear,Fashion,2026-06-07 18:32:35,1,FabIndia Classic Denim Slim Jeans - Classic Beige
SRCH_000056,CUST_00945,books,Books,2026-08-11 11:55:35,1,O'Reilly Python Machine Learning & AI Mastery
SRCH_000057,CUST_01269,fragrances,Beauty,2026-05-26 19:35:35,1,L'Oreal Matte Velvet Long-Stay Lipstick - Pearl White
SRCH_000058,CUST_00104,technology,Books,2026-06-12 12:21:35,1,HarperCollins Python Machine Learning & AI Mastery
SRCH_000059,CUST_01321,fitness equipment,Sports,2026-06-03 15:43:35,1,Cosco Extra Thick Non-Slip Eco Yoga Mat
SRCH_000060,CUST_00741,grocery,Grocery,2026-06-18 08:59:35,1,Organic India Cold-Pressed Extra Virgin Olive Oil 1L
SRCH_000061,CUST_00592,electronics,Electronics,2026-04-18 20:25:35,1,Sennheiser Smart Home Voice Hub - Olive Green
SRCH_000062,CUST_01618,television,Electronics,2026-05-07 16:58:35,1,Samsung Digital Mirrorless Camera
SRCH_000063,CUST_00385,accessories,Gaming,2026-08-28 08:55:35,1,Corsair RGB Mechanical Gaming Keyboard - Rose Gold
SRCH_000064,CUST_00184,office,Furniture,2026-03-20 13:01:35,1,Urban Ladder Ergonomic Mesh High-Back Office Chair
SRCH_000065,CUST_01903,bags & backpacks,Accessories,2026-06-29 12:34:35,1,Spigen Magnetic Qi Fast Wireless Charger Stand - Pearl White
SRCH_000066,CUST_02107,audio,Electronics,2026-04-06 10:38:35,1,Sony Digital Mirrorless Camera - Space Gray
SRCH_000067,CUST_01247,fashion,Fashion,2026-08-16 13:24:35,1,Puma Floral Print Maxi Summer Dress - Space Gray
SRCH_000068,CUST_01991,winterwear,Fashion,2026-08-30 06:45:35,1,Levis Solid Crew Neck Cotton T-Shirt - Midnight Black
SRCH_000069,CUST_01874,bags & backpacks,Accessories,2026-05-19 16:28:35,1,Anker Multi-Port 7-in-1 USB-C Hub Adapter - Olive Green
SRCH_000070,CUST_01082,cookware,Kitchen,2026-09-07 08:14:35,1,Prestige Hard Anodized Non-Stick Cookware Set - Olive Green
SRCH_000071,CUST_01475,mobiles,Mobiles,2026-05-08 04:26:35,1,Xiaomi Smooth Display Mid-Range 5G
SRCH_000072,CUST_02787,living room,Furniture,2026-07-16 22:45:35,1,Sleepyhead Modern Engineered Wood Computer Desk
SRCH_000073,CUST_01806,accessories,Gaming,2026-04-08 05:45:35,1,SteelSeries Next-Gen Home Gaming Console 1TB - Midnight Black
SRCH_000074,CUST_02676,shaving & grooming,Personal Care,2026-07-18 12:57:35,1,Dove Cordless Rechargeable Beard Trimmer - Pearl White
SRCH_000075,CUST_01634,fitness equipment,Sports,2026-08-05 12:02:35,1,Boldfit Extra Thick Non-Slip Eco Yoga Mat - Space Gray
SRCH_000076,CUST_01396,cookware,Kitchen,2026-08-08 22:47:35,1,Pigeon Electric Rapid Air Fryer 4.5L - Silver
SRCH_000077,CUST_01496,mid-range,Mobiles,2026-08-31 02:10:35,1,Motorola Sleek Curve Screen 5G Phone
SRCH_000078,CUST_02149,smart devices,Electronics,2026-04-28 01:35:35,1,Samsung Digital Mirrorless Camera - Space Gray
SRCH_000079,CUST_01269,electronics,Electronics,2026-05-21 18:15:35,1,Sony Digital Mirrorless Camera - Space Gray
SRCH_000080,CUST_00733,mobiles,Mobiles,2026-06-12 19:10:35,1,OnePlus Battery King Phone 6000mAh - Space Gray
SRCH_000081,CUST_02538,student laptops,Laptops,2026-03-13 16:13:35,1,Asus Creator Studio Laptop 4K OLED - Crimson Red
SRCH_000082,CUST_02347,accessories,Gaming,2026-05-04 13:42:35,1,SteelSeries Next-Gen Home Gaming Console 1TB - Midnight Black
SRCH_000083,CUST_02049,small appliances,Kitchen,2026-03-29 02:50:35,1,Prestige Hard Anodized Non-Stick Cookware Set - Olive Green
SRCH_000084,CUST_02588,electronics,Electronics,2026-08-07 15:54:35,1,Boat Noise Cancelling Wireless Earbuds
SRCH_000085,CUST_00729,men's clothing,Fashion,2026-04-13 02:30:35,1,H&M Cozy Fleece Pullover Hoodie - Pearl White
SRCH_000086,CUST_01260,footwear,Footwear,2026-03-17 20:26:35,1,Reebok Comfort Walking Slip-On Shoes
SRCH_000087,CUST_00514,books,Books,2026-04-12 04:15:35,1,Bloomsbury The Psychology of Money
SRCH_000088,CUST_00218,personal,Personal Care,2026-06-30 21:03:35,1,Gillette Sonic Electric Toothbrush with Timer
SRCH_000089,CUST_01118,running shoes,Footwear,2026-06-21 12:57:35,1,Nike Waterproof Outdoor Hiking Boots - Space Gray
SRCH_000090,CUST_02881,sneakers,Footwear,2026-06-23 03:04:35,1,Bata Comfort Walking Slip-On Shoes - Rose Gold
SRCH_000091,CUST_01490,beauty,Beauty,2026-07-11 21:19:35,1,L'Oreal Matte Velvet Long-Stay Lipstick - Pearl White
SRCH_000092,CUST_00751,books,Books,2026-04-29 02:32:35,1,Penguin Atomic Habits: Build Good Habits
SRCH_000093,CUST_02783,grocery,Grocery,2026-07-23 10:41:35,1,Saffola Artisan Dark Roasted Arabica Coffee Beans 250g
SRCH_000094,CUST_02598,beverages,Grocery,2026-07-31 13:21:35,1,Nestle Artisan Dark Roasted Arabica Coffee Beans 250g
SRCH_000095,CUST_02987,winterwear,Fashion,2026-07-04 16:12:35,1,Nike Cozy Fleece Pullover Hoodie - Pearl White
SRCH_000096,CUST_02702,wearables,Electronics,2026-06-07 19:45:35,1,Sennheiser Wireless Bluetooth Headphones
SRCH_000097,CUST_00394,wearables,Electronics,2026-07-13 22:04:35,1,Sony 4K Ultra HD Smart TV 55-inch
SRCH_000098,CUST_01601,television,Electronics,2026-07-06 23:36:35,1,JBL Noise Cancelling Wireless Earbuds - Space Gray
SRCH_000099,CUST_02966,decor,Home,2026-03-20 08:38:35,1,Spaces 100% Cotton 300TC Double Bed Sheet - Space Gray
SRCH_000100,CUST_02132,yoga,Sports,2026-03-27 09:50:35,1,Puma Carbon Fiber Badminton Racket - Midnight Black
SRCH_000101,CUST_01527,mid-range,Mobiles,2026-06-13 01:46:35,1,Motorola Battery King Phone 6000mAh
SRCH_000102,CUST_01521,electronics,Electronics,2026-05-06 19:34:35,1,JBL Smart Fitness Watch
SRCH_000103,CUST_01212,wearables,Electronics,2026-08-28 19:49:35,1,JBL Smart Fitness Watch
SRCH_000104,CUST_00436,personal care,Personal Care,2026-04-15 20:34:35,1,Dove Deep Cleansing Charcoal Body Wash 500ml
SRCH_000105,CUST_01341,accessories,Accessories,2026-09-06 12:53:35,1,American Tourister Magnetic Qi Fast Wireless Charger Stand
SRCH_000106,CUST_00419,fitness equipment,Sports,2026-05-01 18:08:35,1,Boldfit Extra Thick Non-Slip Eco Yoga Mat - Space Gray
SRCH_000107,CUST_00138,sports,Sports,2026-07-20 04:20:35,1,Yonex Anti-Burst Gym Exercise Ball with Pump - Olive Green
SRCH_000108,CUST_00451,ultrabooks,Laptops,2026-07-30 05:34:35,1,Lenovo Pro Gaming Laptop RTX 4070 - Midnight Black
SRCH_000109,CUST_00513,home,Home,2026-06-02 20:05:35,1,IKEA Velvet Touch Blackout Window Curtains
SRCH_000110,CUST_01697,shaving & grooming,Personal Care,2026-06-29 16:55:35,1,Dove Gentle Sulfate-Free Moisturizing Body Lotion
SRCH_000111,CUST_02152,kitchen,Kitchen,2026-04-06 10:42:35,1,Pigeon Heavy-Duty 750W Mixer Grinder - Charcoal
SRCH_000112,CUST_02638,mobiles,Mobiles,2026-05-26 15:19:35,1,Samsung Smartphone Ultra 5G - Space Gray
SRCH_000113,CUST_01821,men's clothing,Fashion,2026-07-12 20:13:35,1,FabIndia Solid Crew Neck Cotton T-Shirt - Midnight Black
SRCH_000114,CUST_00150,running shoes,Footwear,2026-09-01 12:44:35,1,Bata Cushioned Running Shoes
SRCH_000115,CUST_02391,men's clothing,Fashion,2026-03-31 04:45:35,1,FabIndia Floral Print Maxi Summer Dress - Midnight Black
SRCH_000116,CUST_02940,bedding,Home,2026-04-17 06:38:35,1,Philips 100% Cotton 300TC Double Bed Sheet
SRCH_000117,CUST_01973,beverages,Grocery,2026-08-30 03:51:35,1,Organic India Cold-Pressed Extra Virgin Olive Oil 1L
SRCH_000118,CUST_00486,shaving & grooming,Personal Care,2026-08-04 06:58:35,1,Colgate Deep Cleansing Charcoal Body Wash 500ml
SRCH_000119,CUST_02574,men's clothing,Fashion,2026-05-06 18:22:35,1,Raymond Floral Print Maxi Summer Dress
SRCH_000120,CUST_02657,home,Home,2026-08-31 21:20:35,1,Solimo 100% Cotton 300TC Double Bed Sheet
SRCH_000121,CUST_01701,running shoes,Footwear,2026-04-11 02:51:35,1,Puma Cushioned Running Shoes - Olive Green
SRCH_000122,CUST_01538,shaving & grooming,Personal Care,2026-03-16 19:06:35,1,Gillette Cordless Rechargeable Beard Trimmer - Olive Green
SRCH_000123,CUST_02979,books,Books,2026-06-26 14:24:35,1,O'Reilly Atomic Habits: Build Good Habits - Rose Gold
SRCH_000124,CUST_00271,footwear,Footwear,2026-05-12 03:43:35,1,Adidas Genuine Leather Oxford Shoes
SRCH_000125,CUST_00985,yoga,Sports,2026-07-02 21:53:35,1,Decathlon Carbon Fiber Badminton Racket
SRCH_000126,CUST_00476,student laptops,Laptops,2026-07-13 11:00:35,1,Asus Pro Gaming Laptop RTX 4070 - Charcoal
SRCH_000127,CUST_01300,smart devices,Electronics,2026-03-18 20:01:35,1,LG 4K Ultra HD Smart TV 55-inch - Olive Green
SRCH_000128,CUST_01599,business & finance,Books,2026-07-26 14:34:35,1,HarperCollins Designing Data-Intensive Applications
SRCH_000129,CUST_00718,winterwear,Fashion,2026-03-22 21:24:35,1,Nike Floral Print Maxi Summer Dress - Charcoal
SRCH_000130,CUST_01868,personal care,Personal Care,2026-04-25 04:01:35,1,Gillette Deep Cleansing Charcoal Body Wash 500ml
SRCH_000131,CUST_00831,technology,Books,2026-03-29 03:29:35,1,Random House Designing Data-Intensive Applications - Olive Green
SRCH_000132,CUST_02935,laptops,Laptops,2026-04-03 18:43:35,1,Apple Ultra-Slim Metal Ultrabook - Rose Gold
SRCH_000133,CUST_01049,personal,Personal Care,2026-05-21 12:38:35,1,Oral-B Cordless Rechargeable Beard Trimmer - Navy Blue
SRCH_000134,CUST_02906,mobile accessories,Accessories,2026-08-07 04:08:35,1,Spigen Shockproof Clear Phone Case - Charcoal
SRCH_000135,CUST_01692,books,Books,2026-09-06 22:32:35,1,Bloomsbury Python Machine Learning & AI Mastery
SRCH_000136,CUST_02521,electronics,Electronics,2026-07-20 14:22:35,1,JBL Bass Soundbar with Subwoofer - Navy Blue
SRCH_000137,CUST_01868,personal care,Personal Care,2026-06-22 10:31:35,1,Dettol Cordless Rechargeable Beard Trimmer - Charcoal
SRCH_000138,CUST_02262,running shoes,Footwear,2026-08-28 11:00:35,1,Bata Genuine Leather Oxford Shoes - Navy Blue
SRCH_000139,CUST_02186,fitness equipment,Sports,2026-04-09 02:28:35,1,Decathlon Anti-Burst Gym Exercise Ball with Pump
SRCH_000140,CUST_02246,home,Home,2026-06-21 07:14:35,1,IKEA 100% Cotton 300TC Double Bed Sheet
SRCH_000141,CUST_02701,storage & containers,Kitchen,2026-08-09 11:32:35,1,Pigeon Airtight Glass Food Storage Jars - Crimson Red
SRCH_000142,CUST_01345,technology,Books,2026-07-13 11:20:35,1,Bloomsbury Atomic Habits: Build Good Habits - Crimson Red
SRCH_000143,CUST_01927,skincare,Beauty,2026-04-10 08:50:35,1,Maybelline Hydrating Hyaluronic Acid Serum
SRCH_000144,CUST_01350,skincare,Beauty,2026-04-04 23:00:35,1,L'Oreal Keratin Smoothing Hair Mask - Midnight Black
SRCH_000145,CUST_00894,gaming,Gaming,2026-08-29 01:51:35,1,Logitech G Surround Sound Gaming Headset with Mic
SRCH_000146,CUST_00792,technology,Books,2026-08-31 20:38:35,1,Penguin Designing Data-Intensive Applications - Midnight Black
SRCH_000147,CUST_02408,gaming,Gaming,2026-04-19 07:10:35,1,Razer Next-Gen Home Gaming Console 1TB
SRCH_000148,CUST_01167,furniture,Furniture,2026-07-01 22:16:35,1,Sleepyhead Modern Engineered Wood Computer Desk - Charcoal
SRCH_000149,CUST_01286,electronics,Electronics,2026-03-14 03:08:35,1,Boat Smart Fitness Watch
SRCH_000150,CUST_00059,mobiles,Mobiles,2026-08-31 03:36:35,1,Motorola Smartphone Ultra 5G - Midnight Black
SRCH_000151,CUST_02208,fragrances,Beauty,2026-07-14 10:37:35,1,L'Oreal Luxury Eau De Parfum 100ml
SRCH_000152,CUST_01001,grocery,Grocery,2026-06-02 19:59:35,1,Tata Cold-Pressed Extra Virgin Olive Oil 1L
SRCH_000153,CUST_01382,television,Electronics,2026-08-12 02:55:35,1,Samsung Smart Wi-Fi Security Camera
SRCH_000154,CUST_00470,outdoor sports,Sports,2026-08-19 23:44:35,1,Decathlon Quick Dry Athletic Training Shorts
SRCH_000155,CUST_00919,technology,Books,2026-08-17 13:06:35,1,Random House Designing Data-Intensive Applications - Midnight Black
SRCH_000156,CUST_00793,outdoor sports,Sports,2026-03-13 20:00:35,1,Yonex Anti-Burst Gym Exercise Ball with Pump - Space Gray
SRCH_000157,CUST_01708,business & finance,Books,2026-05-21 09:29:35,1,O'Reilly Atomic Habits: Build Good Habits - Rose Gold
SRCH_000158,CUST_01117,fashion,Fashion,2026-05-08 02:34:35,1,H&M Cozy Fleece Pullover Hoodie - Pearl White
SRCH_000159,CUST_02898,student laptops,Laptops,2026-08-08 03:36:35,1,HP Ultra-Slim Metal Ultrabook - Charcoal
SRCH_000160,CUST_01630,business & finance,Books,2026-07-18 16:00:35,1,HarperCollins Designing Data-Intensive Applications
SRCH_000161,CUST_01107,running shoes,Footwear,2026-05-28 17:56:35,1,Adidas Waterproof Outdoor Hiking Boots - Rose Gold
SRCH_000162,CUST_01528,bags & backpacks,Accessories,2026-06-02 03:05:35,1,American Tourister 9H Tempered Glass Screen Protector (2-Pack) - Classic Beige
SRCH_000163,CUST_00210,bedding,Home,2026-08-11 01:36:35,1,Philips Smart LED Color Ambient Bulb
SRCH_000164,CUST_00720,small appliances,Kitchen,2026-09-03 19:31:35,1,Hawkins Electric Rapid Air Fryer 4.5L
SRCH_000165,CUST_00866,mobiles,Mobiles,2026-08-27 19:20:35,1,Samsung Sleek Curve Screen 5G Phone - Olive Green
SRCH_000166,CUST_01544,electronics,Electronics,2026-04-25 07:37:35,1,Sony Smart Fitness Watch
SRCH_000167,CUST_02086,ultrabooks,Laptops,2026-06-29 22:28:35,1,Apple Creator Studio Laptop 4K OLED - Classic Beige
SRCH_000168,CUST_01300,footwear,Footwear,2026-04-09 14:49:35,1,Adidas Waterproof Outdoor Hiking Boots - Rose Gold
SRCH_000169,CUST_00680,cooking essentials,Grocery,2026-06-07 22:51:35,1,Tata Organic Green Tea Herbal Infusion 100 Bags
SRCH_000170,CUST_01155,running shoes,Footwear,2026-07-03 21:46:35,1,Bata Comfort Walking Slip-On Shoes - Rose Gold
SRCH_000171,CUST_00425,footwear,Footwear,2026-04-20 09:56:35,1,Adidas Waterproof Outdoor Hiking Boots - Rose Gold
SRCH_000172,CUST_01928,winterwear,Fashion,2026-06-28 07:18:35,1,Puma Solid Crew Neck Cotton T-Shirt
SRCH_000173,CUST_02163,running shoes,Footwear,2026-06-24 02:12:35,1,Adidas Comfort Walking Slip-On Shoes - Rose Gold
SRCH_000174,CUST_02889,mobile accessories,Accessories,2026-07-08 16:25:35,1,Spigen Magnetic Qi Fast Wireless Charger Stand - Midnight Black
SRCH_000175,CUST_00664,mobiles,Mobiles,2026-05-14 06:31:35,1,Realme Sleek Curve Screen 5G Phone - Rose Gold
SRCH_000176,CUST_02284,student laptops,Laptops,2026-08-26 05:03:35,1,Acer Ultra-Slim Metal Ultrabook - Classic Beige
SRCH_000177,CUST_02144,skincare,Beauty,2026-04-11 17:08:35,1,The Ordinary Matte Velvet Long-Stay Lipstick
SRCH_000178,CUST_01886,personal,Personal Care,2026-07-27 11:23:35,1,Dove Gentle Sulfate-Free Moisturizing Body Lotion - Space Gray
SRCH_000179,CUST_00030,grocery,Grocery,2026-03-21 00:13:35,1,Nestle Organic Raw Honey 500g - Navy Blue
SRCH_000180,CUST_01925,beverages,Grocery,2026-08-06 02:46:35,1,Nestle Roasted California Almonds 500g - Rose Gold
SRCH_000181,CUST_02202,business & finance,Books,2026-04-11 04:10:35,1,HarperCollins Designing Data-Intensive Applications
SRCH_000182,CUST_01443,running shoes,Footwear,2026-05-18 17:33:35,1,Nike Comfort Walking Slip-On Shoes - Pearl White
SRCH_000183,CUST_02230,kitchen,Kitchen,2026-06-08 04:04:35,1,Pigeon Stainless Steel Chef Knife Set - Midnight Black
SRCH_000184,CUST_00895,fragrances,Beauty,2026-06-28 11:48:35,1,Nivea Luxury Eau De Parfum 100ml
SRCH_000185,CUST_01520,men's clothing,Fashion,2026-06-12 07:29:35,1,Puma Cozy Fleece Pullover Hoodie - Rose Gold
SRCH_000186,CUST_00658,kitchen,Kitchen,2026-03-22 06:01:35,1,Milton Stainless Steel Chef Knife Set - Classic Beige
SRCH_000187,CUST_02013,home,Home,2026-06-24 07:38:35,1,Solimo 100% Cotton 300TC Double Bed Sheet - Silver
SRCH_000188,CUST_00992,running shoes,Footwear,2026-08-15 12:47:35,1,Adidas Cushioned Running Shoes - Silver
SRCH_000189,CUST_00159,running shoes,Footwear,2026-03-23 12:55:35,1,Reebok Waterproof Outdoor Hiking Boots - Rose Gold
SRCH_000190,CUST_00363,makeup,Beauty,2026-03-24 10:28:35,1,L'Oreal Luxury Eau De Parfum 100ml
SRCH_000191,CUST_01772,gaming,Gaming,2026-05-20 23:53:35,1,Razer Surround Sound Gaming Headset with Mic
SRCH_000192,CUST_02468,beauty,Beauty,2026-04-20 20:32:35,1,The Ordinary Matte Velvet Long-Stay Lipstick - Charcoal
SRCH_000193,CUST_00378,accessories,Accessories,2026-05-08 08:37:35,1,American Tourister Ergonomic Silent Wireless Mouse
SRCH_000194,CUST_02675,bags & backpacks,Accessories,2026-07-12 15:58:35,1,Logitech Shockproof Clear Phone Case
SRCH_000195,CUST_00248,bedding,Home,2026-05-12 17:46:35,1,IKEA Velvet Touch Blackout Window Curtains - Midnight Black
SRCH_000196,CUST_02841,budget,Mobiles,2026-03-25 12:42:35,1,Realme Battery King Phone 6000mAh - Crimson Red
SRCH_000197,CUST_02305,winterwear,Fashion,2026-07-08 00:23:35,1,Raymond Floral Print Maxi Summer Dress
SRCH_000198,CUST_00362,student laptops,Laptops,2026-05-28 10:46:35,1,Acer Ultra-Slim Metal Ultrabook - Olive Green
SRCH_000199,CUST_00719,running shoes,Footwear,2026-07-06 05:35:35,1,Adidas Genuine Leather Oxford Shoes
SRCH_000200,CUST_00380,books,Books,2026-08-03 13:21:35,1,O'Reilly The Psychology of Money - Charcoal
SRCH_000201,CUST_01478,storage & containers,Kitchen,2026-08-09 16:10:35,1,Prestige Airtight Glass Food Storage Jars
SRCH_000202,CUST_01374,running shoes,Footwear,2026-07-22 22:16:35,1,Reebok Comfort Walking Slip-On Shoes
SRCH_000203,CUST_02713,small appliances,Kitchen,2026-06-17 22:34:35,1,Prestige Airtight Glass Food Storage Jars - Crimson Red
SRCH_000204,CUST_00218,footwear,Footwear,2026-09-04 02:40:35,1,Nike Genuine Leather Oxford Shoes - Crimson Red
SRCH_000205,CUST_01005,shaving & grooming,Personal Care,2026-06-10 13:26:35,1,Colgate Gentle Sulfate-Free Moisturizing Body Lotion - Olive Green
SRCH_000206,CUST_00511,bedding,Home,2026-08-03 04:23:35,1,Spaces Velvet Touch Blackout Window Curtains - Rose Gold
SRCH_000207,CUST_01998,winterwear,Fashion,2026-05-24 14:28:35,1,Nike Classic Denim Slim Jeans - Pearl White
SRCH_000208,CUST_00496,fashion,Fashion,2026-07-07 12:39:35,1,Puma Cozy Fleece Pullover Hoodie - Classic Beige
SRCH_000209,CUST_02399,ultrabooks,Laptops,2026-05-25 19:49:35,1,Asus Pro Gaming Laptop RTX 4070 - Charcoal
SRCH_000210,CUST_00087,sports,Sports,2026-07-07 01:54:35,1,Puma Adjustable Hex Dumbbells Pair - Classic Beige
SRCH_000211,CUST_01677,technology,Books,2026-05-26 06:41:35,1,O'Reilly Designing Data-Intensive Applications - Midnight Black
SRCH_000212,CUST_02042,accessories,Accessories,2026-06-10 18:25:35,1,Spigen 9H Tempered Glass Screen Protector (2-Pack)
SRCH_000213,CUST_00913,small appliances,Kitchen,2026-04-04 17:25:35,1,Prestige Hard Anodized Non-Stick Cookware Set - Olive Green
SRCH_000214,CUST_00501,smart devices,Electronics,2026-04-18 11:43:35,1,Sennheiser 4K Ultra HD Smart TV 55-inch - Olive Green
SRCH_000215,CUST_00856,office,Furniture,2026-05-04 03:43:35,1,Sleepyhead Modern Engineered Wood Computer Desk - Charcoal
SRCH_000216,CUST_00584,audio,Electronics,2026-08-30 11:34:35,1,Sennheiser Compact Bluetooth Speaker
SRCH_000217,CUST_00524,kitchen,Kitchen,2026-05-05 23:51:35,1,Prestige Electric Rapid Air Fryer 4.5L
SRCH_000218,CUST_01580,business & finance,Books,2026-03-31 05:22:35,1,Random House Designing Data-Intensive Applications - Olive Green
SRCH_000219,CUST_01845,audio,Electronics,2026-04-06 03:55:35,1,Noise 4K Ultra HD Smart TV 55-inch
SRCH_000220,CUST_02762,storage & containers,Kitchen,2026-06-07 15:47:35,1,Hawkins Heavy-Duty 750W Mixer Grinder - Space Gray
SRCH_000221,CUST_00583,electronics,Electronics,2026-04-03 15:30:35,1,Sony 4K Ultra HD Smart TV 55-inch
SRCH_000222,CUST_00030,beverages,Grocery,2026-04-16 06:40:35,1,Tata Artisan Dark Roasted Arabica Coffee Beans 250g
SRCH_000223,CUST_00836,care,Personal Care,2026-06-03 10:59:35,1,Oral-B Cordless Rechargeable Beard Trimmer
SRCH_000224,CUST_01833,accessories,Gaming,2026-05-10 01:00:35,1,Xbox Ultra-Lightweight 8KHz Optical Gaming Mouse - Midnight Black
SRCH_000225,CUST_02456,accessories,Gaming,2026-08-14 04:23:35,1,Logitech G Next-Gen Home Gaming Console 1TB - Silver
SRCH_000226,CUST_02932,running shoes,Footwear,2026-05-18 22:56:35,1,Puma Cushioned Running Shoes - Crimson Red
SRCH_000227,CUST_02701,mid-range,Mobiles,2026-05-19 06:46:35,1,Apple Pure Android Experience 5G
SRCH_000228,CUST_01149,kitchen,Kitchen,2026-04-04 20:42:35,1,Milton Airtight Glass Food Storage Jars - Charcoal
SRCH_000229,CUST_01719,sports,Sports,2026-05-21 18:31:35,1,Nivia Extra Thick Non-Slip Eco Yoga Mat - Pearl White
SRCH_000230,CUST_00288,bath & body,Personal Care,2026-06-22 14:21:35,1,Philips Cordless Rechargeable Beard Trimmer
SRCH_000231,CUST_01293,winterwear,Fashion,2026-09-01 12:50:35,1,FabIndia Tailored Formal Oxford Shirt - Rose Gold
SRCH_000232,CUST_01908,gaming laptops,Laptops,2026-08-15 05:45:35,1,Apple Ultra-Slim Metal Ultrabook
SRCH_000233,CUST_01795,winterwear,Fashion,2026-05-19 20:00:35,1,Puma Denim Trucker Jacket - Silver
SRCH_000234,CUST_00836,shaving & grooming,Personal Care,2026-04-18 06:04:35,1,Dove Sonic Electric Toothbrush with Timer - Silver
SRCH_000235,CUST_00743,mobiles,Mobiles,2026-08-05 17:25:35,1,Motorola Smartphone Ultra 5G
SRCH_000236,CUST_02081,furniture,Furniture,2026-08-04 16:31:35,1,Wakefit Minimalist Nesting Coffee Tables - Charcoal
SRCH_000237,CUST_00199,gaming,Gaming,2026-08-31 06:48:35,1,Logitech G Surround Sound Gaming Headset with Mic - Midnight Black
SRCH_000238,CUST_01668,office,Furniture,2026-03-12 15:58:35,1,Sleepyhead Contemporary 3-Seater Fabric Sofa - Crimson Red
SRCH_000239,CUST_00048,electronics,Electronics,2026-05-02 17:21:35,1,Sony Smart Fitness Watch
SRCH_000240,CUST_02695,storage & containers,Kitchen,2026-04-02 06:17:35,1,Milton Heavy-Duty 750W Mixer Grinder - Pearl White
SRCH_000241,CUST_02581,controllers,Gaming,2026-05-10 08:31:35,1,Logitech G Surround Sound Gaming Headset with Mic
SRCH_000242,CUST_01590,business & finance,Books,2026-05-31 05:20:35,1,Bloomsbury Atomic Habits: Build Good Habits - Crimson Red
SRCH_000243,CUST_02037,audio,Electronics,2026-08-16 13:30:35,1,Samsung Noise Cancelling Wireless Earbuds - Pearl White
SRCH_000244,CUST_00232,sneakers,Footwear,2026-07-31 18:16:35,1,Adidas Genuine Leather Oxford Shoes
SRCH_000245,CUST_00942,accessories,Gaming,2026-07-31 10:16:35,1,Razer RGB Mechanical Gaming Keyboard
SRCH_000246,CUST_00927,electronics,Electronics,2026-06-28 18:42:35,1,Bose 4K Ultra HD Smart TV 55-inch
SRCH_000247,CUST_02058,fitness equipment,Sports,2026-09-04 17:05:35,1,Cosco Extra Thick Non-Slip Eco Yoga Mat
SRCH_000248,CUST_01940,business & finance,Books,2026-06-11 14:11:35,1,Penguin Designing Data-Intensive Applications
SRCH_000249,CUST_02157,electronics,Electronics,2026-09-01 07:14:35,1,Samsung Action Camera 4K Waterproof
SRCH_000250,CUST_00324,fashion,Fashion,2026-03-31 02:25:35,1,Puma Casual Stretch Chino Trousers
SRCH_000251,CUST_00839,mobiles,Mobiles,2026-04-07 21:38:35,1,Realme NextGen Smartphone Pro Max - Charcoal
SRCH_000252,CUST_01240,bags & backpacks,Accessories,2026-06-21 22:04:35,1,Logitech Magnetic Qi Fast Wireless Charger Stand - Rose Gold
SRCH_000253,CUST_02045,men's clothing,Fashion,2026-05-14 03:37:35,1,Levis Handcrafted Cotton Kurta
SRCH_000254,CUST_00482,office,Furniture,2026-04-26 11:05:35,1,Wakefit Minimalist Nesting Coffee Tables - Pearl White
SRCH_000255,CUST_00521,living room,Furniture,2026-07-15 01:21:35,1,Wakefit Contemporary 3-Seater Fabric Sofa
SRCH_000256,CUST_02335,small appliances,Kitchen,2026-08-29 04:49:35,1,Prestige Hard Anodized Non-Stick Cookware Set - Olive Green
SRCH_000257,CUST_00963,men's clothing,Fashion,2026-03-17 15:32:35,1,FabIndia Denim Trucker Jacket
SRCH_000258,CUST_02263,sports,Sports,2026-07-03 12:51:35,1,Boldfit Adjustable Hex Dumbbells Pair
SRCH_000259,CUST_02129,winterwear,Fashion,2026-05-06 06:03:35,1,H&M Denim Trucker Jacket - Midnight Black
SRCH_000260,CUST_00299,technology,Books,2026-04-18 17:44:35,1,Penguin Designing Data-Intensive Applications
SRCH_000261,CUST_00357,fragrances,Beauty,2026-04-26 05:06:35,1,Minimalist Vitamin C Brightening Facial Cleanser - Rose Gold
SRCH_000262,CUST_00919,lighting,Home,2026-05-13 21:37:35,1,Spaces Velvet Touch Blackout Window Curtains - Crimson Red
SRCH_000263,CUST_02542,business & finance,Books,2026-03-20 20:30:35,1,O'Reilly Python Machine Learning & AI Mastery
SRCH_000264,CUST_00750,lighting,Home,2026-04-10 04:04:35,1,Spaces Collapsible Fabric Storage Organizers
SRCH_000265,CUST_00690,winterwear,Fashion,2026-07-31 01:49:35,1,H&M Cozy Fleece Pullover Hoodie - Pearl White
SRCH_000266,CUST_02629,accessories,Gaming,2026-09-01 10:27:35,1,Corsair RGB Mechanical Gaming Keyboard - Rose Gold
SRCH_000267,CUST_00814,cookware,Kitchen,2026-04-12 12:06:35,1,Prestige Airtight Glass Food Storage Jars - Crimson Red
SRCH_000268,CUST_00579,storage & containers,Kitchen,2026-04-28 10:41:35,1,Wonderchef Heavy-Duty 750W Mixer Grinder - Pearl White
SRCH_000269,CUST_00806,fashion,Fashion,2026-08-10 07:05:35,1,Levis Casual Stretch Chino Trousers
SRCH_000270,CUST_01979,budget,Mobiles,2026-04-08 07:21:35,1,Xiaomi Smartphone Ultra 5G
SRCH_000271,CUST_02975,lighting,Home,2026-05-10 07:08:35,1,D'Decor Velvet Touch Blackout Window Curtains - Crimson Red
SRCH_000272,CUST_02457,sports,Sports,2026-05-28 15:18:35,1,Puma Extra Thick Non-Slip Eco Yoga Mat
SRCH_000273,CUST_02573,furniture,Furniture,2026-03-27 06:08:35,1,Godrej Interio Orthopedic Memory Foam Mattress 6-inch
SRCH_000274,CUST_02789,fashion,Fashion,2026-04-25 09:22:35,1,Puma Denim Trucker Jacket - Silver
SRCH_000275,CUST_00775,mid-range,Mobiles,2026-04-19 01:16:35,1,Motorola Smartphone Ultra 5G
SRCH_000276,CUST_02257,care,Personal Care,2026-04-10 11:11:35,1,Colgate Deep Cleansing Charcoal Body Wash 500ml - Charcoal
SRCH_000277,CUST_01445,sneakers,Footwear,2026-07-07 17:32:35,1,Reebok Genuine Leather Oxford Shoes
SRCH_000278,CUST_02115,kitchen,Kitchen,2026-05-05 22:04:35,1,Wonderchef Heavy-Duty 750W Mixer Grinder - Pearl White
SRCH_000279,CUST_02404,running shoes,Footwear,2026-05-01 06:49:35,1,Clarks Classic Low-Top Canvas Sneakers
SRCH_000280,CUST_01333,personal care,Personal Care,2026-04-14 13:54:35,1,Dove Deep Cleansing Charcoal Body Wash 500ml
SRCH_000281,CUST_00319,television,Electronics,2026-08-03 19:53:35,1,JBL Bass Soundbar with Subwoofer - Navy Blue
SRCH_000282,CUST_01492,mid-range,Mobiles,2026-06-19 23:07:35,1,Apple Battery King Phone 6000mAh - Rose Gold
SRCH_000283,CUST_02002,business & finance,Books,2026-06-15 06:07:35,1,HarperCollins Python Machine Learning & AI Mastery - Classic Beige
SRCH_000284,CUST_02610,skincare,Beauty,2026-06-13 08:53:35,1,Nivea Keratin Smoothing Hair Mask - Navy Blue
SRCH_000285,CUST_01982,technology,Books,2026-04-30 16:42:35,1,Random House Designing Data-Intensive Applications - Olive Green
SRCH_000286,CUST_00190,wearables,Electronics,2026-03-19 19:20:35,1,Sennheiser 4K Ultra HD Smart TV 55-inch - Olive Green
SRCH_000287,CUST_00778,mid-range,Mobiles,2026-07-13 23:04:35,1,Samsung Sleek Curve Screen 5G Phone - Crimson Red
SRCH_000288,CUST_02227,winterwear,Fashion,2026-04-28 18:40:35,1,Adidas Floral Print Maxi Summer Dress - Midnight Black
SRCH_000289,CUST_01818,shaving & grooming,Personal Care,2026-04-03 23:12:35,1,Gillette Gentle Sulfate-Free Moisturizing Body Lotion - Navy Blue
SRCH_000290,CUST_02520,mobile accessories,Accessories,2026-07-29 21:09:35,1,Anker Water-Resistant Laptop Backpack 15.6-inch - Silver
SRCH_000291,CUST_00264,accessories,Gaming,2026-05-25 01:45:35,1,Corsair Wireless Haptic Feedback Gaming Controller - Classic Beige
SRCH_000292,CUST_02670,men's clothing,Fashion,2026-05-13 01:24:35,1,Puma Denim Trucker Jacket - Silver
SRCH_000293,CUST_00252,television,Electronics,2026-08-15 19:10:35,1,Samsung Action Camera 4K Waterproof
SRCH_000294,CUST_02693,laptops,Laptops,2026-06-12 04:35:35,1,Acer Ultra-Slim Metal Ultrabook - Space Gray
SRCH_000295,CUST_00763,bags & backpacks,Accessories,2026-04-08 18:56:35,1,American Tourister Magnetic Qi Fast Wireless Charger Stand
SRCH_000296,CUST_01665,gaming,Gaming,2026-04-07 17:50:35,1,Corsair Surround Sound Gaming Headset with Mic - Olive Green
SRCH_000297,CUST_00794,decor,Home,2026-09-05 21:07:35,1,Solimo Smart LED Color Ambient Bulb - Olive Green
SRCH_000298,CUST_01685,technology,Books,2026-08-27 12:33:35,1,HarperCollins Python Machine Learning & AI Mastery
SRCH_000299,CUST_02807,gaming,Gaming,2026-05-06 17:07:35,1,Corsair Wireless Haptic Feedback Gaming Controller - Classic Beige
SRCH_000300,CUST_00769,winterwear,Fashion,2026-03-13 10:39:35,1,Zara Solid Crew Neck Cotton T-Shirt - Olive Green
SRCH_000301,CUST_01086,storage & containers,Kitchen,2026-04-25 07:08:35,1,Wonderchef Electric Rapid Air Fryer 4.5L
SRCH_000302,CUST_00266,makeup,Beauty,2026-06-20 23:58:35,1,L'Oreal Matte Velvet Long-Stay Lipstick
SRCH_000303,CUST_00490,television,Electronics,2026-07-02 10:35:35,1,Boat Smart Fitness Watch
SRCH_000304,CUST_00918,ultrabooks,Laptops,2026-04-16 02:29:35,1,Lenovo Student Essential Laptop
SRCH_000305,CUST_02000,bedding,Home,2026-06-25 20:34:35,1,IKEA Velvet Touch Blackout Window Curtains - Midnight Black
SRCH_000306,CUST_01566,fashion,Fashion,2026-04-13 09:38:35,1,FabIndia Casual Stretch Chino Trousers
SRCH_000307,CUST_00497,men's clothing,Fashion,2026-09-02 14:32:35,1,Zara Floral Print Maxi Summer Dress - Crimson Red
SRCH_000308,CUST_02277,fashion,Fashion,2026-05-11 16:52:35,1,Levis Handcrafted Cotton Kurta
SRCH_000309,CUST_02688,kitchen,Kitchen,2026-05-19 17:35:35,1,Philips Hard Anodized Non-Stick Cookware Set
SRCH_000310,CUST_02993,home,Home,2026-08-27 16:53:35,1,D'Decor Velvet Touch Blackout Window Curtains - Pearl White
SRCH_000311,CUST_01258,skincare,Beauty,2026-07-09 05:49:35,1,The Ordinary Matte Velvet Long-Stay Lipstick - Charcoal
SRCH_000312,CUST_02506,decor,Home,2026-03-13 05:34:35,1,Home Centre Handwoven Boho Area Rug - Pearl White
SRCH_000313,CUST_00872,fashion,Fashion,2026-04-18 02:13:35,1,Adidas Denim Trucker Jacket - Midnight Black
SRCH_000314,CUST_00523,winterwear,Fashion,2026-07-13 15:43:35,1,H&M Tailored Formal Oxford Shirt
SRCH_000315,CUST_02028,care,Personal Care,2026-04-16 15:51:35,1,Gillette Cordless Rechargeable Beard Trimmer
SRCH_000316,CUST_01882,men's clothing,Fashion,2026-04-02 09:16:35,1,FabIndia Tailored Formal Oxford Shirt - Rose Gold
SRCH_000317,CUST_00934,mobiles,Mobiles,2026-08-11 16:29:35,1,Motorola Battery King Phone 6000mAh
SRCH_000318,CUST_02571,audio,Electronics,2026-05-16 07:35:35,1,JBL Noise Cancelling Wireless Earbuds - Space Gray
SRCH_000319,CUST_02815,makeup,Beauty,2026-07-22 08:14:35,1,Nivea Keratin Smoothing Hair Mask - Olive Green
SRCH_000320,CUST_01822,shaving & grooming,Personal Care,2026-06-24 10:43:35,1,Dettol Cordless Rechargeable Beard Trimmer - Charcoal
SRCH_000321,CUST_00438,footwear,Footwear,2026-05-28 16:15:35,1,Adidas Genuine Leather Oxford Shoes - Olive Green
SRCH_000322,CUST_00728,ultrabooks,Laptops,2026-07-24 12:44:35,1,HP Student Essential Laptop - Classic Beige
SRCH_000323,CUST_01108,home,Home,2026-08-10 08:50:35,1,Solimo 100% Cotton 300TC Double Bed Sheet
SRCH_000324,CUST_00624,budget,Mobiles,2026-04-30 20:28:35,1,Apple Sleek Curve Screen 5G Phone - Pearl White
SRCH_000325,CUST_01284,personal,Personal Care,2026-07-31 14:40:35,1,Dove Sonic Electric Toothbrush with Timer - Silver
SRCH_000326,CUST_00714,home,Home,2026-08-17 21:03:35,1,Solimo 100% Cotton 300TC Double Bed Sheet
SRCH_000327,CUST_02707,footwear,Footwear,2026-05-21 05:03:35,1,Adidas Waterproof Outdoor Hiking Boots
SRCH_000328,CUST_00564,electronics,Electronics,2026-07-23 03:47:35,1,Samsung Noise Cancelling Wireless Earbuds - Silver
SRCH_000329,CUST_00900,living room,Furniture,2026-04-19 12:46:35,1,Sleepyhead Ergonomic Mesh High-Back Office Chair
SRCH_000330,CUST_00324,controllers,Gaming,2026-07-09 16:08:35,1,Xbox Surround Sound Gaming Headset with Mic
SRCH_000331,CUST_02685,mid-range,Mobiles,2026-05-08 05:45:35,1,Motorola Sleek Curve Screen 5G Phone
SRCH_000332,CUST_00702,laptops,Laptops,2026-04-11 07:11:35,1,HP Ultra-Slim Metal Ultrabook - Charcoal
SRCH_000333,CUST_00853,mobile accessories,Accessories,2026-08-13 17:39:35,1,Portronics Water-Resistant Laptop Backpack 15.6-inch - Space Gray
SRCH_000334,CUST_02480,technology,Books,2026-06-14 17:30:35,1,HarperCollins Python Machine Learning & AI Mastery
SRCH_000335,CUST_00162,technology,Books,2026-03-18 12:39:35,1,Bloomsbury Python Machine Learning & AI Mastery
SRCH_000336,CUST_02679,beverages,Grocery,2026-06-20 19:31:35,1,Tata Roasted California Almonds 500g
SRCH_000337,CUST_01734,bedding,Home,2026-05-03 11:07:35,1,IKEA Velvet Touch Blackout Window Curtains - Midnight Black
SRCH_000338,CUST_02382,bath & body,Personal Care,2026-09-01 17:38:35,1,Dove Sonic Electric Toothbrush with Timer - Silver
SRCH_000339,CUST_00380,business & finance,Books,2026-08-05 16:14:35,1,O'Reilly Deep Work: Focused Success in a Distracted World - Crimson Red
SRCH_000340,CUST_00045,bags & backpacks,Accessories,2026-08-06 17:50:35,1,Portronics Water-Resistant Laptop Backpack 15.6-inch - Space Gray
SRCH_000341,CUST_02445,electronics,Electronics,2026-03-14 02:42:35,1,JBL Smart Fitness Watch - Olive Green
SRCH_000342,CUST_01860,grocery,Grocery,2026-05-09 03:36:35,1,Tata Organic Green Tea Herbal Infusion 100 Bags
SRCH_000343,CUST_02967,sneakers,Footwear,2026-08-09 00:10:35,1,Clarks Comfort Walking Slip-On Shoes - Crimson Red
SRCH_000344,CUST_01253,books,Books,2026-07-08 22:37:35,1,O'Reilly Python Machine Learning & AI Mastery - Charcoal
SRCH_000345,CUST_02690,makeup,Beauty,2026-08-23 19:06:35,1,Maybelline Hydrating Hyaluronic Acid Serum
SRCH_000346,CUST_02204,smart devices,Electronics,2026-08-04 14:56:35,1,Boat Smart Fitness Watch
SRCH_000347,CUST_01504,footwear,Footwear,2026-03-14 18:01:35,1,Clarks Comfort Walking Slip-On Shoes - Crimson Red
SRCH_000348,CUST_02172,books,Books,2026-07-03 22:02:35,1,Random House The Psychology of Money - Rose Gold
SRCH_000349,CUST_01812,small appliances,Kitchen,2026-05-26 22:58:35,1,Hawkins Heavy-Duty 750W Mixer Grinder - Space Gray
SRCH_000350,CUST_01182,personal care,Personal Care,2026-07-06 15:41:35,1,Dove Sonic Electric Toothbrush with Timer - Space Gray
SRCH_000351,CUST_01945,lighting,Home,2026-07-07 09:17:35,1,Home Centre 100% Cotton 300TC Double Bed Sheet
SRCH_000352,CUST_00111,home,Home,2026-06-02 18:09:35,1,Philips Velvet Touch Blackout Window Curtains - Space Gray
SRCH_000353,CUST_01001,home,Home,2026-07-17 23:25:35,1,Spaces Collapsible Fabric Storage Organizers
SRCH_000354,CUST_02188,small appliances,Kitchen,2026-06-15 07:48:35,1,Wonderchef Electric Rapid Air Fryer 4.5L
SRCH_000355,CUST_02031,technology,Books,2026-05-02 19:49:35,1,O'Reilly Atomic Habits: Build Good Habits - Rose Gold
SRCH_000356,CUST_01005,television,Electronics,2026-05-21 08:54:35,1,Sony Compact Bluetooth Speaker
SRCH_000357,CUST_02304,wearables,Electronics,2026-06-24 20:15:35,1,Noise Smart Fitness Watch
SRCH_000358,CUST_01038,footwear,Footwear,2026-07-18 21:57:35,1,Skechers Cushioned Running Shoes
SRCH_000359,CUST_00947,bedding,Home,2026-03-18 20:53:35,1,Spaces 100% Cotton 300TC Double Bed Sheet - Rose Gold
SRCH_000360,CUST_02974,running shoes,Footwear,2026-06-20 21:54:35,1,Reebok Comfort Walking Slip-On Shoes
SRCH_000361,CUST_01378,gaming,Gaming,2026-08-18 12:58:35,1,Logitech G Wireless Haptic Feedback Gaming Controller - Charcoal
SRCH_000362,CUST_00538,ultrabooks,Laptops,2026-05-07 20:22:35,1,HP Creator Studio Laptop 4K OLED
SRCH_000363,CUST_02370,electronics,Electronics,2026-06-11 14:27:35,1,LG 4K Ultra HD Smart TV 55-inch - Olive Green
SRCH_000364,CUST_00933,personal care,Personal Care,2026-04-04 02:17:35,1,Colgate Cordless Rechargeable Beard Trimmer - Space Gray
SRCH_000365,CUST_01144,accessories,Gaming,2026-07-06 22:11:35,1,Razer Next-Gen Home Gaming Console 1TB
SRCH_000366,CUST_02556,wearables,Electronics,2026-08-09 02:50:35,1,Samsung 4K Ultra HD Smart TV 55-inch - Rose Gold
SRCH_000367,CUST_00099,controllers,Gaming,2026-04-28 21:12:35,1,Corsair Ultra-Lightweight 8KHz Optical Gaming Mouse - Navy Blue
SRCH_000368,CUST_00189,mid-range,Mobiles,2026-08-01 14:55:35,1,OnePlus Smooth Display Mid-Range 5G - Navy Blue
SRCH_000369,CUST_01475,accessories,Accessories,2026-06-29 21:22:35,1,Logitech Water-Resistant Laptop Backpack 15.6-inch - Crimson Red
SRCH_000370,CUST_00604,controllers,Gaming,2026-05-17 23:53:35,1,Xbox Surround Sound Gaming Headset with Mic - Charcoal
SRCH_000371,CUST_01529,shaving & grooming,Personal Care,2026-04-12 12:27:35,1,Colgate Deep Cleansing Charcoal Body Wash 500ml
SRCH_000372,CUST_02033,laptops,Laptops,2026-06-06 05:15:35,1,MSI Creator Studio Laptop 4K OLED - Midnight Black
SRCH_000373,CUST_02360,home,Home,2026-04-10 14:37:35,1,IKEA Velvet Touch Blackout Window Curtains
SRCH_000374,CUST_01662,budget,Mobiles,2026-07-21 14:16:35,1,Apple Sleek Curve Screen 5G Phone - Pearl White
SRCH_000375,CUST_02705,care,Personal Care,2026-05-01 18:34:35,1,Colgate Cordless Rechargeable Beard Trimmer - Space Gray
SRCH_000376,CUST_02811,mid-range,Mobiles,2026-03-29 13:03:35,1,Apple Smooth Display Mid-Range 5G
SRCH_000377,CUST_00292,television,Electronics,2026-03-21 09:28:35,1,Samsung Smart Wi-Fi Security Camera
SRCH_000378,CUST_01577,winterwear,Fashion,2026-05-07 05:05:35,1,Levis Handcrafted Cotton Kurta
SRCH_000379,CUST_02836,skincare,Beauty,2026-04-05 12:44:35,1,The Ordinary Vitamin C Brightening Facial Cleanser - Rose Gold
SRCH_000380,CUST_00829,mobiles,Mobiles,2026-07-28 15:33:35,1,Apple Pure Android Experience 5G
SRCH_000381,CUST_01031,electronics,Electronics,2026-04-27 01:32:35,1,Bose Digital Mirrorless Camera - Navy Blue
SRCH_000382,CUST_02144,bath & body,Personal Care,2026-08-20 03:05:35,1,Colgate Cordless Rechargeable Beard Trimmer - Space Gray
SRCH_000383,CUST_01340,bags & backpacks,Accessories,2026-03-14 14:21:35,1,Logitech Multi-Port 7-in-1 USB-C Hub Adapter
SRCH_000384,CUST_01779,electronics,Electronics,2026-04-05 16:53:35,1,LG Action Camera 4K Waterproof
SRCH_000385,CUST_02995,laptops,Laptops,2026-06-21 09:18:35,1,MSI Creator Studio Laptop 4K OLED - Midnight Black
SRCH_000386,CUST_00966,running shoes,Footwear,2026-06-09 17:18:35,1,Skechers Cushioned Running Shoes - Olive Green
SRCH_000387,CUST_00777,sneakers,Footwear,2026-05-06 08:59:35,1,Adidas Genuine Leather Oxford Shoes - Olive Green
SRCH_000388,CUST_02878,fashion,Fashion,2026-05-05 02:20:35,1,Levis Floral Print Maxi Summer Dress - Olive Green
SRCH_000389,CUST_00523,budget,Mobiles,2026-05-12 16:48:35,1,Xiaomi Smooth Display Mid-Range 5G
SRCH_000390,CUST_02333,outdoor sports,Sports,2026-07-29 02:25:35,1,Decathlon Quick Dry Athletic Training Shorts
SRCH_000391,CUST_02324,footwear,Footwear,2026-05-11 19:45:35,1,Adidas Waterproof Outdoor Hiking Boots - Rose Gold
SRCH_000392,CUST_01036,lighting,Home,2026-03-15 18:17:35,1,Spaces Velvet Touch Blackout Window Curtains - Rose Gold
SRCH_000393,CUST_01827,kitchen,Kitchen,2026-05-07 14:55:35,1,Hawkins Stainless Steel Chef Knife Set - Space Gray
SRCH_000394,CUST_01266,shaving & grooming,Personal Care,2026-08-31 10:18:35,1,Dove Deep Cleansing Charcoal Body Wash 500ml
SRCH_000395,CUST_00836,shaving & grooming,Personal Care,2026-08-21 00:58:35,1,Dettol Gentle Sulfate-Free Moisturizing Body Lotion
SRCH_000396,CUST_01509,television,Electronics,2026-03-27 14:05:35,1,Sony Noise Cancelling Wireless Earbuds - Rose Gold
SRCH_000397,CUST_02483,laptops,Laptops,2026-04-04 20:46:35,1,Acer Ultra-Slim Metal Ultrabook - Classic Beige
SRCH_000398,CUST_02555,winterwear,Fashion,2026-05-18 01:17:35,1,Puma Denim Trucker Jacket
SRCH_000399,CUST_01369,lighting,Home,2026-04-14 02:16:35,1,Home Centre Handwoven Boho Area Rug - Pearl White
SRCH_000400,CUST_02214,fashion,Fashion,2026-08-23 19:16:35,1,FabIndia Tailored Formal Oxford Shirt - Rose Gold
SRCH_000401,CUST_02249,shaving & grooming,Personal Care,2026-04-26 18:48:35,1,Philips Sonic Electric Toothbrush with Timer
SRCH_000402,CUST_00416,decor,Home,2026-08-31 14:24:35,1,Spaces 100% Cotton 300TC Double Bed Sheet - Space Gray
SRCH_000403,CUST_00739,fashion,Fashion,2026-03-31 13:19:35,1,Zara Denim Trucker Jacket
SRCH_000404,CUST_01747,small appliances,Kitchen,2026-08-30 14:42:35,1,Pigeon Stainless Steel Chef Knife Set - Rose Gold
SRCH_000405,CUST_02688,care,Personal Care,2026-06-03 06:51:35,1,Philips Cordless Rechargeable Beard Trimmer
SRCH_000406,CUST_02827,home,Home,2026-08-04 02:04:35,1,Solimo 100% Cotton 300TC Double Bed Sheet - Silver
SRCH_000407,CUST_00040,care,Personal Care,2026-03-30 23:09:35,1,Dove Gentle Sulfate-Free Moisturizing Body Lotion - Space Gray
SRCH_000408,CUST_02909,home,Home,2026-07-01 18:43:35,1,IKEA Handwoven Boho Area Rug - Rose Gold
SRCH_000409,CUST_00882,ultrabooks,Laptops,2026-05-03 19:21:35,1,Lenovo Creator Studio Laptop 4K OLED
SRCH_000410,CUST_00954,mid-range,Mobiles,2026-07-05 03:39:35,1,Xiaomi Smooth Display Mid-Range 5G
SRCH_000411,CUST_01814,grocery,Grocery,2026-08-02 23:49:35,1,Organic India Cold-Pressed Extra Virgin Olive Oil 1L
SRCH_000412,CUST_01119,decor,Home,2026-08-19 15:31:35,1,Philips Velvet Touch Blackout Window Curtains - Space Gray
SRCH_000413,CUST_00494,makeup,Beauty,2026-08-13 09:11:35,1,L'Oreal Luxury Eau De Parfum 100ml
SRCH_000414,CUST_02274,running shoes,Footwear,2026-06-10 10:41:35,1,Nike Comfort Walking Slip-On Shoes - Pearl White
SRCH_000415,CUST_02538,shaving & grooming,Personal Care,2026-03-31 06:57:35,1,Colgate Deep Cleansing Charcoal Body Wash 500ml - Charcoal
SRCH_000416,CUST_01574,office,Furniture,2026-06-26 09:27:35,1,Sleepyhead Orthopedic Memory Foam Mattress 6-inch
SRCH_000417,CUST_01660,footwear,Footwear,2026-07-30 02:23:35,1,Skechers Comfort Walking Slip-On Shoes
SRCH_000418,CUST_00797,home,Home,2026-08-23 14:34:35,1,IKEA 100% Cotton 300TC Double Bed Sheet - Pearl White
SRCH_000419,CUST_01362,mid-range,Mobiles,2026-06-26 12:51:35,1,Motorola Sleek Curve Screen 5G Phone
SRCH_000420,CUST_01812,storage & containers,Kitchen,2026-05-18 11:34:35,1,Philips Electric Rapid Air Fryer 4.5L - Midnight Black
SRCH_000421,CUST_00200,smart devices,Electronics,2026-04-18 12:41:35,1,Sennheiser Compact Bluetooth Speaker
SRCH_000422,CUST_00978,home,Home,2026-03-27 19:19:35,1,IKEA Velvet Touch Blackout Window Curtains
SRCH_000423,CUST_02419,outdoor sports,Sports,2026-09-01 05:39:35,1,Puma Quick Dry Athletic Training Shorts - Midnight Black
SRCH_000424,CUST_01969,cooking essentials,Grocery,2026-04-02 00:04:35,1,Organic India Organic Raw Honey 500g - Space Gray
SRCH_000425,CUST_01172,sports,Sports,2026-06-30 13:53:35,1,Cosco Extra Thick Non-Slip Eco Yoga Mat
SRCH_000426,CUST_00695,small appliances,Kitchen,2026-04-06 22:04:35,1,Pigeon Heavy-Duty 750W Mixer Grinder
SRCH_000427,CUST_02194,men's clothing,Fashion,2026-09-06 08:58:35,1,Levis Solid Crew Neck Cotton T-Shirt - Midnight Black
SRCH_000428,CUST_01609,mobiles,Mobiles,2026-06-16 15:45:35,1,Apple Sleek Curve Screen 5G Phone
SRCH_000429,CUST_02626,controllers,Gaming,2026-05-13 22:23:35,1,Logitech G Ultra-Lightweight 8KHz Optical Gaming Mouse - Pearl White
SRCH_000430,CUST_02413,lighting,Home,2026-06-28 23:20:35,1,Spaces Collapsible Fabric Storage Organizers
SRCH_000431,CUST_02723,ultrabooks,Laptops,2026-08-29 03:36:35,1,Apple Student Essential Laptop
SRCH_000432,CUST_01111,laptops,Laptops,2026-06-09 13:44:35,1,MSI Student Essential Laptop - Rose Gold
SRCH_000433,CUST_01005,shaving & grooming,Personal Care,2026-03-18 10:39:35,1,Dettol Cordless Rechargeable Beard Trimmer - Classic Beige
SRCH_000434,CUST_02214,wearables,Electronics,2026-07-28 19:11:35,1,Samsung Action Camera 4K Waterproof
SRCH_000435,CUST_01522,home,Home,2026-08-26 00:12:35,1,Spaces 100% Cotton 300TC Double Bed Sheet - Space Gray
SRCH_000436,CUST_01378,gaming,Gaming,2026-09-02 13:39:35,1,SteelSeries Wireless Haptic Feedback Gaming Controller - Rose Gold
SRCH_000437,CUST_01480,skincare,Beauty,2026-05-12 14:44:35,1,Nivea Vitamin C Brightening Facial Cleanser
SRCH_000438,CUST_02869,running shoes,Footwear,2026-05-29 20:07:35,1,Puma Cushioned Running Shoes - Olive Green
SRCH_000439,CUST_02156,lighting,Home,2026-04-23 06:04:35,1,Solimo 100% Cotton 300TC Double Bed Sheet
SRCH_000440,CUST_02858,running shoes,Footwear,2026-03-15 07:58:35,1,Bata Waterproof Outdoor Hiking Boots - Pearl White
SRCH_000441,CUST_00176,bags & backpacks,Accessories,2026-05-25 15:12:35,1,Anker Water-Resistant Laptop Backpack 15.6-inch - Silver
SRCH_000442,CUST_02731,mid-range,Mobiles,2026-04-17 04:54:35,1,Google Sleek Curve Screen 5G Phone - Pearl White
SRCH_000443,CUST_02385,storage & containers,Kitchen,2026-04-16 10:22:35,1,Prestige Hard Anodized Non-Stick Cookware Set - Classic Beige
SRCH_000444,CUST_00276,bath & body,Personal Care,2026-07-31 20:39:35,1,Oral-B Deep Cleansing Charcoal Body Wash 500ml - Midnight Black
SRCH_000445,CUST_00751,bedding,Home,2026-06-10 23:19:35,1,IKEA Handwoven Boho Area Rug - Rose Gold
SRCH_000446,CUST_02943,books,Books,2026-05-06 05:13:35,1,HarperCollins Python Machine Learning & AI Mastery
SRCH_000447,CUST_01264,home,Home,2026-05-17 08:09:35,1,Spaces Collapsible Fabric Storage Organizers
SRCH_000448,CUST_02213,yoga,Sports,2026-05-20 19:35:35,1,Decathlon Quick Dry Athletic Training Shorts - Crimson Red
SRCH_000449,CUST_00937,men's clothing,Fashion,2026-04-03 08:10:35,1,Puma Casual Stretch Chino Trousers
SRCH_000450,CUST_00896,laptops,Laptops,2026-03-15 11:47:35,1,HP Ultra-Slim Metal Ultrabook - Charcoal
SRCH_000451,CUST_01344,fragrances,Beauty,2026-04-10 02:36:35,1,The Ordinary Matte Velvet Long-Stay Lipstick
SRCH_000452,CUST_01419,mobile accessories,Accessories,2026-07-27 13:58:35,1,Logitech Ergonomic Silent Wireless Mouse
SRCH_000453,CUST_01677,technology,Books,2026-07-09 00:02:35,1,Penguin Atomic Habits: Build Good Habits
SRCH_000454,CUST_02373,technology,Books,2026-07-29 20:48:35,1,Bloomsbury The Psychology of Money
SRCH_000455,CUST_01756,technology,Books,2026-07-28 17:57:35,1,O'Reilly The Psychology of Money - Charcoal
SRCH_000456,CUST_00794,lighting,Home,2026-05-08 17:23:35,1,IKEA 100% Cotton 300TC Double Bed Sheet
SRCH_000457,CUST_02678,business & finance,Books,2026-07-07 19:59:35,1,HarperCollins Atomic Habits: Build Good Habits - Charcoal
SRCH_000458,CUST_02751,personal care,Personal Care,2026-05-15 11:23:35,1,Colgate Deep Cleansing Charcoal Body Wash 500ml - Rose Gold
SRCH_000459,CUST_02219,laptops,Laptops,2026-07-25 06:18:35,1,Lenovo Creator Studio Laptop 4K OLED
SRCH_000460,CUST_02367,laptops,Laptops,2026-03-21 22:50:35,1,Asus Ultra-Slim Metal Ultrabook - Navy Blue
SRCH_000461,CUST_01269,television,Electronics,2026-07-14 23:17:35,1,Bose Smart Home Voice Hub
SRCH_000462,CUST_01427,laptops,Laptops,2026-08-17 23:44:35,1,Asus Business Productivity Notebook
SRCH_000463,CUST_01663,accessories,Gaming,2026-08-19 22:18:35,1,PlayStation Wireless Haptic Feedback Gaming Controller - Olive Green
SRCH_000464,CUST_00857,mid-range,Mobiles,2026-06-03 03:36:35,1,Samsung Sleek Curve Screen 5G Phone - Charcoal
SRCH_000465,CUST_00389,books,Books,2026-07-11 03:06:35,1,Random House Designing Data-Intensive Applications - Olive Green
SRCH_000466,CUST_01310,gaming,Gaming,2026-06-26 04:11:35,1,Corsair Ultra-Lightweight 8KHz Optical Gaming Mouse - Navy Blue
SRCH_000467,CUST_02065,budget,Mobiles,2026-04-11 10:55:35,1,Xiaomi Smooth Display Mid-Range 5G
SRCH_000468,CUST_01649,fashion,Fashion,2026-04-21 18:17:35,1,Zara Solid Crew Neck Cotton T-Shirt - Olive Green
SRCH_000469,CUST_02589,sneakers,Footwear,2026-05-12 09:59:35,1,Puma Genuine Leather Oxford Shoes
SRCH_000470,CUST_00389,technology,Books,2026-06-12 05:59:35,1,Penguin Atomic Habits: Build Good Habits - Crimson Red
SRCH_000471,CUST_02240,cooking essentials,Grocery,2026-05-17 15:07:35,1,Nestle Organic Raw Honey 500g
SRCH_000472,CUST_02205,bedding,Home,2026-09-01 22:52:35,1,Philips 100% Cotton 300TC Double Bed Sheet - Rose Gold
SRCH_000473,CUST_01203,mobile accessories,Accessories,2026-08-12 02:32:35,1,Spigen Multi-Port 7-in-1 USB-C Hub Adapter
SRCH_000474,CUST_02588,gaming,Gaming,2026-07-08 09:52:35,1,PlayStation Surround Sound Gaming Headset with Mic
SRCH_000475,CUST_01768,student laptops,Laptops,2026-08-02 00:39:35,1,Acer Ultra-Slim Metal Ultrabook - Classic Beige
SRCH_000476,CUST_00327,accessories,Accessories,2026-05-24 17:03:35,1,American Tourister Ergonomic Silent Wireless Mouse
SRCH_000477,CUST_02509,office,Furniture,2026-04-29 20:54:35,1,Urban Ladder Orthopedic Memory Foam Mattress 6-inch
SRCH_000478,CUST_01764,care,Personal Care,2026-07-23 19:13:35,1,Gillette Gentle Sulfate-Free Moisturizing Body Lotion - Navy Blue
SRCH_000479,CUST_00703,kitchen,Kitchen,2026-07-26 10:13:35,1,Pigeon Airtight Glass Food Storage Jars
SRCH_000480,CUST_00500,student laptops,Laptops,2026-08-18 09:51:35,1,Acer Ultra-Slim Metal Ultrabook - Olive Green
SRCH_000481,CUST_01199,ultrabooks,Laptops,2026-09-06 12:24:35,1,Apple Business Productivity Notebook
SRCH_000482,CUST_01762,storage & containers,Kitchen,2026-08-27 07:22:35,1,Pigeon Heavy-Duty 750W Mixer Grinder - Charcoal
SRCH_000483,CUST_00692,television,Electronics,2026-07-26 01:56:35,1,JBL Smart Fitness Watch
SRCH_000484,CUST_00863,electronics,Electronics,2026-04-17 06:23:35,1,LG 4K Ultra HD Smart TV 55-inch - Olive Green
SRCH_000485,CUST_00483,fashion,Fashion,2026-05-11 01:53:35,1,Adidas Denim Trucker Jacket
SRCH_000486,CUST_01994,winterwear,Fashion,2026-06-24 09:03:35,1,FabIndia Floral Print Maxi Summer Dress - Midnight Black
SRCH_000487,CUST_02779,bags & backpacks,Accessories,2026-06-21 11:10:35,1,American Tourister Ergonomic Silent Wireless Mouse
SRCH_000488,CUST_02290,winterwear,Fashion,2026-03-21 15:10:35,1,FabIndia Casual Stretch Chino Trousers
SRCH_000489,CUST_00275,winterwear,Fashion,2026-07-07 01:54:35,1,Puma Cozy Fleece Pullover Hoodie - Classic Beige
SRCH_000490,CUST_02887,bedding,Home,2026-08-17 09:52:35,1,IKEA Smart LED Color Ambient Bulb
SRCH_000491,CUST_00449,electronics,Electronics,2026-05-20 21:13:35,1,Boat Smart Fitness Watch
SRCH_000492,CUST_02074,laptops,Laptops,2026-07-10 04:32:35,1,HP Student Essential Laptop - Classic Beige
SRCH_000493,CUST_00589,wearables,Electronics,2026-05-04 23:21:35,1,JBL Noise Cancelling Wireless Earbuds - Space Gray
SRCH_000494,CUST_00792,footwear,Footwear,2026-07-11 16:26:35,1,Clarks Genuine Leather Oxford Shoes
SRCH_000495,CUST_02549,winterwear,Fashion,2026-04-20 15:17:35,1,Puma Denim Trucker Jacket - Silver
SRCH_000496,CUST_00611,footwear,Footwear,2026-08-07 16:48:35,1,Bata Classic Low-Top Canvas Sneakers
SRCH_000497,CUST_01968,business & finance,Books,2026-05-25 04:37:35,1,O'Reilly Python Machine Learning & AI Mastery
SRCH_000498,CUST_01762,ultrabooks,Laptops,2026-08-07 23:29:35,1,Asus Creator Studio Laptop 4K OLED - Crimson Red
SRCH_000499,CUST_00605,laptops,Laptops,2026-09-07 03:36:35,1,Apple Creator Studio Laptop 4K OLED
SRCH_000500,CUST_00517,technology,Books,2026-08-25 08:53:35,1,Penguin Designing Data-Intensive Applications - Midnight Black
SRCH_000501,CUST_01312,electronics,Electronics,2026-03-22 12:14:35,1,Samsung Action Camera 4K Waterproof
SRCH_000502,CUST_02918,small appliances,Kitchen,2026-05-18 03:41:35,1,Hawkins Hard Anodized Non-Stick Cookware Set - Pearl White
SRCH_000503,CUST_01688,office,Furniture,2026-06-14 10:54:35,1,Godrej Interio Orthopedic Memory Foam Mattress 6-inch
SRCH_000504,CUST_02727,ultrabooks,Laptops,2026-09-05 06:07:35,1,Apple Creator Studio Laptop 4K OLED - Rose Gold
SRCH_000505,CUST_00144,accessories,Accessories,2026-07-22 07:07:35,1,Portronics Magnetic Qi Fast Wireless Charger Stand - Olive Green
SRCH_000506,CUST_01708,business & finance,Books,2026-06-28 19:13:35,1,Penguin The Psychology of Money
SRCH_000507,CUST_00075,electronics,Electronics,2026-04-21 22:19:35,1,JBL Bass Soundbar with Subwoofer - Navy Blue
SRCH_000508,CUST_00461,outdoor sports,Sports,2026-06-03 10:59:35,1,Puma Adjustable Hex Dumbbells Pair - Classic Beige
SRCH_000509,CUST_00591,shaving & grooming,Personal Care,2026-03-16 06:42:35,1,Colgate Cordless Rechargeable Beard Trimmer - Space Gray
SRCH_000510,CUST_02453,mobile accessories,Accessories,2026-07-25 05:16:35,1,Spigen Multi-Port 7-in-1 USB-C Hub Adapter
SRCH_000511,CUST_01719,fashion,Fashion,2026-05-05 01:03:35,1,FabIndia Denim Trucker Jacket
SRCH_000512,CUST_02980,home,Home,2026-07-04 15:20:35,1,Solimo 100% Cotton 300TC Double Bed Sheet
SRCH_000513,CUST_02123,footwear,Footwear,2026-06-29 20:55:35,1,Nike Waterproof Outdoor Hiking Boots - Space Gray
SRCH_000514,CUST_00340,mid-range,Mobiles,2026-06-12 10:40:35,1,Motorola Sleek Curve Screen 5G Phone - Crimson Red
SRCH_000515,CUST_02777,home,Home,2026-08-04 23:17:35,1,IKEA Handwoven Boho Area Rug - Rose Gold
SRCH_000516,CUST_01739,accessories,Gaming,2026-05-06 09:46:35,1,Xbox Ultra-Lightweight 8KHz Optical Gaming Mouse - Midnight Black
SRCH_000517,CUST_02285,lighting,Home,2026-09-03 15:39:35,1,Philips Handwoven Boho Area Rug
SRCH_000518,CUST_01155,men's clothing,Fashion,2026-08-30 10:47:35,1,Zara Floral Print Maxi Summer Dress - Crimson Red
SRCH_000519,CUST_01945,grocery,Grocery,2026-04-12 18:36:35,1,Nestle Organic Raw Honey 500g
SRCH_000520,CUST_01824,technology,Books,2026-03-21 16:13:35,1,HarperCollins Atomic Habits: Build Good Habits - Charcoal
SRCH_000521,CUST_00265,laptops,Laptops,2026-04-17 07:06:35,1,Apple Ultra-Slim Metal Ultrabook - Rose Gold
SRCH_000522,CUST_00564,fitness equipment,Sports,2026-07-19 01:18:35,1,Yonex Carbon Fiber Badminton Racket - Navy Blue
SRCH_000523,CUST_01629,accessories,Accessories,2026-03-29 18:44:35,1,Portronics 9H Tempered Glass Screen Protector (2-Pack)
SRCH_000524,CUST_01118,shaving & grooming,Personal Care,2026-07-25 02:02:35,1,Gillette Sonic Electric Toothbrush with Timer - Charcoal
SRCH_000525,CUST_00951,gaming laptops,Laptops,2026-06-03 19:29:35,1,Apple Business Productivity Notebook - Pearl White
SRCH_000526,CUST_02089,fitness equipment,Sports,2026-05-25 15:38:35,1,Nivia Anti-Burst Gym Exercise Ball with Pump
SRCH_000527,CUST_02347,controllers,Gaming,2026-08-02 06:10:35,1,SteelSeries Next-Gen Home Gaming Console 1TB - Classic Beige
SRCH_000528,CUST_01582,mobiles,Mobiles,2026-05-23 19:23:35,1,Motorola Smartphone Ultra 5G
SRCH_000529,CUST_00595,winterwear,Fashion,2026-08-25 06:18:35,1,Nike Classic Denim Slim Jeans - Pearl White
SRCH_000530,CUST_01978,cookware,Kitchen,2026-04-08 07:43:35,1,Wonderchef Airtight Glass Food Storage Jars - Charcoal
SRCH_000531,CUST_00889,home,Home,2026-08-06 05:12:35,1,Philips Handwoven Boho Area Rug
SRCH_000532,CUST_01695,makeup,Beauty,2026-05-18 19:48:35,1,Nivea Hydrating Hyaluronic Acid Serum - Silver
SRCH_000533,CUST_00913,living room,Furniture,2026-08-02 00:00:35,1,Sleepyhead Minimalist Nesting Coffee Tables - Space Gray
SRCH_000534,CUST_02130,makeup,Beauty,2026-09-05 14:21:35,1,Neutrogena Matte Velvet Long-Stay Lipstick
SRCH_000535,CUST_02776,men's clothing,Fashion,2026-08-09 20:20:35,1,Puma Denim Trucker Jacket - Silver
SRCH_000536,CUST_02015,gaming,Gaming,2026-05-03 03:41:35,1,Logitech G RGB Mechanical Gaming Keyboard - Classic Beige
SRCH_000537,CUST_00305,gaming,Gaming,2026-07-23 11:05:35,1,PlayStation Wireless Haptic Feedback Gaming Controller - Olive Green
SRCH_000538,CUST_02160,cookware,Kitchen,2026-05-15 08:19:35,1,Pigeon Airtight Glass Food Storage Jars
SRCH_000539,CUST_02623,accessories,Gaming,2026-08-02 10:57:35,1,PlayStation Wireless Haptic Feedback Gaming Controller - Space Gray
SRCH_000540,CUST_00166,running shoes,Footwear,2026-06-16 22:26:35,1,Adidas Comfort Walking Slip-On Shoes - Rose Gold
SRCH_000541,CUST_00798,cooking essentials,Grocery,2026-05-10 07:50:35,1,Nestle Artisan Dark Roasted Arabica Coffee Beans 250g - Pearl White
SRCH_000542,CUST_00195,wearables,Electronics,2026-07-12 22:43:35,1,Samsung Action Camera 4K Waterproof
SRCH_000543,CUST_02826,footwear,Footwear,2026-06-08 13:30:35,1,Adidas Comfort Walking Slip-On Shoes - Rose Gold
SRCH_000544,CUST_02266,personal care,Personal Care,2026-08-30 01:16:35,1,Oral-B Cordless Rechargeable Beard Trimmer - Navy Blue
SRCH_000545,CUST_01675,furniture,Furniture,2026-07-23 16:20:35,1,Urban Ladder Modern Engineered Wood Computer Desk - Olive Green
SRCH_000546,CUST_02281,sports,Sports,2026-06-25 22:58:35,1,Cosco Carbon Fiber Badminton Racket - Navy Blue
SRCH_000547,CUST_00788,laptops,Laptops,2026-04-25 05:51:35,1,Lenovo Ultra-Slim Metal Ultrabook
SRCH_000548,CUST_01312,television,Electronics,2026-05-16 13:23:35,1,JBL Noise Cancelling Wireless Earbuds - Space Gray
SRCH_000549,CUST_02376,ultrabooks,Laptops,2026-05-27 05:36:35,1,HP Student Essential Laptop - Classic Beige
SRCH_000550,CUST_01789,running shoes,Footwear,2026-03-26 08:50:35,1,Bata Classic Low-Top Canvas Sneakers
SRCH_000551,CUST_02661,men's clothing,Fashion,2026-07-11 20:10:35,1,Puma Casual Stretch Chino Trousers
SRCH_000552,CUST_00145,fitness equipment,Sports,2026-08-30 09:40:35,1,Puma Adjustable Hex Dumbbells Pair
SRCH_000553,CUST_01631,beauty,Beauty,2026-04-17 15:02:35,1,Neutrogena Vitamin C Brightening Facial Cleanser - Silver
SRCH_000554,CUST_02393,small appliances,Kitchen,2026-03-27 22:36:35,1,Hawkins Electric Rapid Air Fryer 4.5L
SRCH_000555,CUST_00491,accessories,Gaming,2026-03-25 11:01:35,1,Razer Surround Sound Gaming Headset with Mic
SRCH_000556,CUST_01512,accessories,Accessories,2026-03-22 19:34:35,1,Anker Multi-Port 7-in-1 USB-C Hub Adapter - Olive Green
SRCH_000557,CUST_00788,gaming,Gaming,2026-04-08 05:09:35,1,Logitech G Ultra-Lightweight 8KHz Optical Gaming Mouse - Olive Green
SRCH_000558,CUST_00504,student laptops,Laptops,2026-08-20 18:14:35,1,MSI Pro Gaming Laptop RTX 4070 - Charcoal
SRCH_000559,CUST_01929,personal,Personal Care,2026-05-30 12:07:35,1,Philips Cordless Rechargeable Beard Trimmer
SRCH_000560,CUST_01799,mobile accessories,Accessories,2026-04-03 07:05:35,1,American Tourister Ergonomic Silent Wireless Mouse
SRCH_000561,CUST_02028,shaving & grooming,Personal Care,2026-05-27 04:35:35,1,Gillette Sonic Electric Toothbrush with Timer
SRCH_000562,CUST_02272,bags & backpacks,Accessories,2026-07-18 15:04:35,1,Logitech Ergonomic Silent Wireless Mouse
SRCH_000563,CUST_00646,mobiles,Mobiles,2026-08-04 00:11:35,1,Realme Battery King Phone 6000mAh - Crimson Red
SRCH_000564,CUST_01301,wearables,Electronics,2026-03-19 05:39:35,1,Sony Noise Cancelling Wireless Earbuds - Rose Gold
SRCH_000565,CUST_01380,gaming laptops,Laptops,2026-04-19 18:46:35,1,Apple Ultra-Slim Metal Ultrabook
SRCH_000566,CUST_01450,business & finance,Books,2026-04-25 05:02:35,1,Bloomsbury The Psychology of Money
SRCH_000567,CUST_00926,shaving & grooming,Personal Care,2026-08-25 00:36:35,1,Colgate Cordless Rechargeable Beard Trimmer - Space Gray
SRCH_000568,CUST_02104,cookware,Kitchen,2026-05-15 21:15:35,1,Pigeon Airtight Glass Food Storage Jars - Crimson Red
SRCH_000569,CUST_01216,makeup,Beauty,2026-03-16 08:27:35,1,Nivea Keratin Smoothing Hair Mask - Olive Green
SRCH_000570,CUST_01099,men's clothing,Fashion,2026-08-25 16:35:35,1,Levis Casual Stretch Chino Trousers
SRCH_000571,CUST_00930,care,Personal Care,2026-05-02 18:28:35,1,Dove Cordless Rechargeable Beard Trimmer - Pearl White
SRCH_000572,CUST_01570,office,Furniture,2026-04-15 11:28:35,1,Urban Ladder Modern Engineered Wood Computer Desk - Space Gray
SRCH_000573,CUST_02612,small appliances,Kitchen,2026-05-24 10:50:35,1,Milton Airtight Glass Food Storage Jars
SRCH_000574,CUST_02532,home,Home,2026-03-18 06:40:35,1,Spaces Collapsible Fabric Storage Organizers
SRCH_000575,CUST_01818,personal,Personal Care,2026-05-10 09:32:35,1,Dove Deep Cleansing Charcoal Body Wash 500ml
SRCH_000576,CUST_01891,grocery,Grocery,2026-08-12 11:30:35,1,Organic India Cold-Pressed Extra Virgin Olive Oil 1L
SRCH_000577,CUST_01465,electronics,Electronics,2026-09-04 17:30:35,1,Samsung Smart Wi-Fi Security Camera
SRCH_000578,CUST_00598,accessories,Gaming,2026-08-22 20:33:35,1,SteelSeries Wireless Haptic Feedback Gaming Controller - Midnight Black
SRCH_000579,CUST_00976,accessories,Accessories,2026-05-22 05:12:35,1,Portronics Water-Resistant Laptop Backpack 15.6-inch
SRCH_000580,CUST_01316,men's clothing,Fashion,2026-06-03 16:43:35,1,Zara Floral Print Maxi Summer Dress - Crimson Red
SRCH_000581,CUST_01476,men's clothing,Fashion,2026-06-07 10:18:35,1,FabIndia Casual Stretch Chino Trousers
SRCH_000582,CUST_00339,cooking essentials,Grocery,2026-06-15 21:20:35,1,Saffola Organic Green Tea Herbal Infusion 100 Bags - Midnight Black
SRCH_000583,CUST_02057,lighting,Home,2026-07-01 03:17:35,1,Spaces Collapsible Fabric Storage Organizers
SRCH_000584,CUST_00010,accessories,Accessories,2026-06-11 03:54:35,1,Logitech Water-Resistant Laptop Backpack 15.6-inch - Charcoal
SRCH_000585,CUST_00415,home,Home,2026-07-31 18:08:35,1,Solimo 100% Cotton 300TC Double Bed Sheet - Silver
SRCH_000586,CUST_02714,bags & backpacks,Accessories,2026-08-03 19:54:35,1,Anker Multi-Port 7-in-1 USB-C Hub Adapter - Olive Green
SRCH_000587,CUST_02243,winterwear,Fashion,2026-04-04 21:50:35,1,Adidas Floral Print Maxi Summer Dress - Midnight Black
SRCH_000588,CUST_00293,books,Books,2026-07-31 15:38:35,1,Random House Atomic Habits: Build Good Habits - Classic Beige
SRCH_000589,CUST_02771,running shoes,Footwear,2026-07-03 04:43:35,1,Bata Cushioned Running Shoes
SRCH_000590,CUST_00137,shaving & grooming,Personal Care,2026-07-06 00:40:35,1,Gillette Cordless Rechargeable Beard Trimmer - Charcoal
SRCH_000591,CUST_02442,accessories,Accessories,2026-08-21 05:50:35,1,Anker Multi-Port 7-in-1 USB-C Hub Adapter
SRCH_000592,CUST_00953,mobiles,Mobiles,2026-03-25 01:13:35,1,OnePlus Smooth Display Mid-Range 5G - Navy Blue
SRCH_000593,CUST_02313,ultrabooks,Laptops,2026-06-17 16:34:35,1,Lenovo Student Essential Laptop
SRCH_000594,CUST_00067,smart devices,Electronics,2026-05-23 19:18:35,1,Samsung Compact Bluetooth Speaker - Rose Gold
SRCH_000595,CUST_01381,mid-range,Mobiles,2026-04-08 10:11:35,1,Samsung Sleek Curve Screen 5G Phone - Charcoal
SRCH_000596,CUST_01316,outdoor sports,Sports,2026-05-22 07:20:35,1,Puma Carbon Fiber Badminton Racket - Midnight Black
SRCH_000597,CUST_02875,mid-range,Mobiles,2026-04-23 15:10:35,1,Motorola Battery King Phone 6000mAh
SRCH_000598,CUST_01150,controllers,Gaming,2026-07-25 16:53:35,1,Corsair Ultra-Lightweight 8KHz Optical Gaming Mouse - Navy Blue
SRCH_000599,CUST_01114,mobiles,Mobiles,2026-06-20 00:49:35,1,Samsung Battery King Phone 6000mAh - Pearl White
SRCH_000600,CUST_01296,furniture,Furniture,2026-08-23 15:42:35,1,Urban Ladder Minimalist Nesting Coffee Tables - Space Gray
SRCH_000601,CUST_01799,small appliances,Kitchen,2026-05-03 09:47:35,1,Prestige Electric Rapid Air Fryer 4.5L
SRCH_000602,CUST_01159,home,Home,2026-03-27 01:18:35,1,Spaces 100% Cotton 300TC Double Bed Sheet - Rose Gold
SRCH_000603,CUST_01330,bath & body,Personal Care,2026-07-01 08:19:35,1,Oral-B Deep Cleansing Charcoal Body Wash 500ml
SRCH_000604,CUST_02230,storage & containers,Kitchen,2026-07-08 22:45:35,1,Hawkins Hard Anodized Non-Stick Cookware Set - Pearl White
SRCH_000605,CUST_01256,small appliances,Kitchen,2026-05-13 03:47:35,1,Pigeon Airtight Glass Food Storage Jars
SRCH_000606,CUST_01455,mobiles,Mobiles,2026-05-16 07:40:35,1,Realme Smooth Display Mid-Range 5G - Crimson Red
SRCH_000607,CUST_00075,audio,Electronics,2026-06-05 08:55:35,1,Boat Smart Fitness Watch
SRCH_000608,CUST_02758,beauty,Beauty,2026-07-08 07:00:35,1,L'Oreal Matte Liquid Longwear Foundation - Rose Gold
SRCH_000609,CUST_00094,ultrabooks,Laptops,2026-05-21 21:43:35,1,HP Pro Gaming Laptop RTX 4070
SRCH_000610,CUST_00712,small appliances,Kitchen,2026-07-24 06:47:35,1,Pigeon Stainless Steel Chef Knife Set - Rose Gold
SRCH_000611,CUST_00950,student laptops,Laptops,2026-05-19 22:57:35,1,MSI Student Essential Laptop - Space Gray
SRCH_000612,CUST_02617,outdoor sports,Sports,2026-04-04 14:31:35,1,Cosco Extra Thick Non-Slip Eco Yoga Mat - Olive Green
SRCH_000613,CUST_00393,grocery,Grocery,2026-08-01 17:36:35,1,Dabur Organic Raw Honey 500g - Rose Gold
SRCH_000614,CUST_00993,cookware,Kitchen,2026-05-08 10:18:35,1,Philips Hard Anodized Non-Stick Cookware Set
SRCH_000615,CUST_01860,books,Books,2026-08-19 04:51:35,1,Penguin Atomic Habits: Build Good Habits
SRCH_000616,CUST_01997,yoga,Sports,2026-04-29 19:49:35,1,Puma Carbon Fiber Badminton Racket - Midnight Black
SRCH_000617,CUST_00342,shaving & grooming,Personal Care,2026-09-03 03:25:35,1,Dettol Deep Cleansing Charcoal Body Wash 500ml - Charcoal
SRCH_000618,CUST_00738,running shoes,Footwear,2026-05-18 00:29:35,1,Nike Comfort Walking Slip-On Shoes
SRCH_000619,CUST_00923,home,Home,2026-07-13 02:15:35,1,IKEA Handwoven Boho Area Rug - Classic Beige
SRCH_000620,CUST_00401,bedding,Home,2026-07-26 04:25:35,1,Solimo Velvet Touch Blackout Window Curtains
SRCH_000621,CUST_01651,footwear,Footwear,2026-03-25 07:51:35,1,Puma Classic Low-Top Canvas Sneakers - Rose Gold
SRCH_000622,CUST_00127,bedding,Home,2026-06-13 16:45:35,1,Philips 100% Cotton 300TC Double Bed Sheet
SRCH_000623,CUST_02569,gaming,Gaming,2026-07-31 02:06:35,1,Corsair RGB Mechanical Gaming Keyboard - Rose Gold
SRCH_000624,CUST_02044,electronics,Electronics,2026-08-09 08:18:35,1,LG 4K Ultra HD Smart TV 55-inch - Olive Green
SRCH_000625,CUST_02557,mid-range,Mobiles,2026-08-01 04:44:35,1,Google Pure Android Experience 5G - Silver
SRCH_000626,CUST_02695,cookware,Kitchen,2026-07-24 04:31:35,1,Milton Heavy-Duty 750W Mixer Grinder - Pearl White
SRCH_000627,CUST_00901,beauty,Beauty,2026-04-13 02:25:35,1,Minimalist Luxury Eau De Parfum 100ml - Crimson Red
SRCH_000628,CUST_00023,audio,Electronics,2026-04-19 10:00:35,1,Sony 4K Ultra HD Smart TV 55-inch - Classic Beige
SRCH_000629,CUST_01900,technology,Books,2026-03-15 16:41:35,1,Random House Atomic Habits: Build Good Habits - Classic Beige
SRCH_000630,CUST_01602,fragrances,Beauty,2026-07-23 19:38:35,1,Nivea Hydrating Hyaluronic Acid Serum
SRCH_000631,CUST_01875,mid-range,Mobiles,2026-06-04 07:02:35,1,Realme Sleek Curve Screen 5G Phone - Rose Gold
SRCH_000632,CUST_01694,television,Electronics,2026-05-27 06:41:35,1,Sennheiser Compact Bluetooth Speaker
SRCH_000633,CUST_02000,bedding,Home,2026-08-22 21:25:35,1,Home Centre 100% Cotton 300TC Double Bed Sheet
SRCH_000634,CUST_02661,winterwear,Fashion,2026-04-23 11:43:35,1,Nike Cozy Fleece Pullover Hoodie - Pearl White
SRCH_000635,CUST_02111,accessories,Accessories,2026-04-16 10:39:35,1,Anker Water-Resistant Laptop Backpack 15.6-inch - Navy Blue
SRCH_000636,CUST_02904,shaving & grooming,Personal Care,2026-06-01 09:07:35,1,Dove Cordless Rechargeable Beard Trimmer - Pearl White
SRCH_000637,CUST_01509,audio,Electronics,2026-09-05 19:08:35,1,Samsung Noise Cancelling Wireless Earbuds
SRCH_000638,CUST_02220,furniture,Furniture,2026-05-06 08:03:35,1,Sleepyhead Minimalist Nesting Coffee Tables
SRCH_000639,CUST_02755,fitness equipment,Sports,2026-06-07 14:22:35,1,Boldfit Quick Dry Athletic Training Shorts - Crimson Red
SRCH_000640,CUST_00872,men's clothing,Fashion,2026-07-30 02:24:35,1,Puma Casual Stretch Chino Trousers - Navy Blue
SRCH_000641,CUST_00186,grocery,Grocery,2026-07-31 08:15:35,1,Tata Organic Green Tea Herbal Infusion 100 Bags
SRCH_000642,CUST_02370,television,Electronics,2026-05-20 08:23:35,1,JBL Bass Soundbar with Subwoofer - Midnight Black
SRCH_000643,CUST_00481,accessories,Accessories,2026-04-20 22:37:35,1,American Tourister 9H Tempered Glass Screen Protector (2-Pack) - Classic Beige
SRCH_000644,CUST_00190,electronics,Electronics,2026-09-05 08:57:35,1,Samsung Action Camera 4K Waterproof
SRCH_000645,CUST_02672,technology,Books,2026-08-28 13:04:35,1,Penguin Designing Data-Intensive Applications - Midnight Black
SRCH_000646,CUST_02585,technology,Books,2026-08-13 00:40:35,1,O'Reilly Deep Work: Focused Success in a Distracted World - Charcoal
SRCH_000647,CUST_01696,books,Books,2026-05-13 00:32:35,1,Penguin Designing Data-Intensive Applications - Midnight Black
SRCH_000648,CUST_02066,smart devices,Electronics,2026-05-05 22:28:35,1,LG Compact Bluetooth Speaker - Silver
SRCH_000649,CUST_01814,cooking essentials,Grocery,2026-08-07 17:08:35,1,Tata Organic Green Tea Herbal Infusion 100 Bags
SRCH_000650,CUST_01055,bags & backpacks,Accessories,2026-04-14 17:01:35,1,Logitech Magnetic Qi Fast Wireless Charger Stand - Rose Gold
SRCH_000651,CUST_01730,storage & containers,Kitchen,2026-05-24 08:23:35,1,Pigeon Stainless Steel Chef Knife Set - Rose Gold
SRCH_000652,CUST_00490,running shoes,Footwear,2026-06-13 05:18:35,1,Adidas Genuine Leather Oxford Shoes - Olive Green
SRCH_000653,CUST_01805,accessories,Accessories,2026-05-28 09:54:35,1,Portronics Multi-Port 7-in-1 USB-C Hub Adapter - Crimson Red
SRCH_000654,CUST_02523,office,Furniture,2026-05-19 19:48:35,1,Sleepyhead Modern Engineered Wood Computer Desk
SRCH_000655,CUST_00832,bedding,Home,2026-07-30 06:19:35,1,D'Decor Velvet Touch Blackout Window Curtains - Pearl White
SRCH_000656,CUST_02399,sports,Sports,2026-06-26 21:54:35,1,Decathlon Extra Thick Non-Slip Eco Yoga Mat - Pearl White
SRCH_000657,CUST_01324,home,Home,2026-06-20 10:03:35,1,Philips Handwoven Boho Area Rug
SRCH_000658,CUST_00809,office,Furniture,2026-07-19 13:09:35,1,Urban Ladder Minimalist Nesting Coffee Tables
SRCH_000659,CUST_01655,small appliances,Kitchen,2026-05-04 15:22:35,1,Pigeon Electric Rapid Air Fryer 4.5L - Silver
SRCH_000660,CUST_01256,small appliances,Kitchen,2026-08-03 03:50:35,1,Pigeon Airtight Glass Food Storage Jars
SRCH_000661,CUST_02251,running shoes,Footwear,2026-06-07 22:05:35,1,Puma Classic Low-Top Canvas Sneakers - Olive Green
SRCH_000662,CUST_00406,men's clothing,Fashion,2026-07-10 17:51:35,1,Levis Handcrafted Cotton Kurta
SRCH_000663,CUST_02089,laptops,Laptops,2026-06-24 15:02:35,1,Lenovo Ultra-Slim Metal Ultrabook
SRCH_000664,CUST_01195,books,Books,2026-04-30 12:54:35,1,O'Reilly Deep Work: Focused Success in a Distracted World - Crimson Red
SRCH_000665,CUST_02347,accessories,Gaming,2026-04-25 09:38:35,1,Logitech G Wireless Haptic Feedback Gaming Controller
SRCH_000666,CUST_02687,technology,Books,2026-06-15 21:24:35,1,Random House The Psychology of Money - Rose Gold
SRCH_000667,CUST_00748,storage & containers,Kitchen,2026-03-28 13:21:35,1,Philips Heavy-Duty 750W Mixer Grinder - Space Gray
SRCH_000668,CUST_02956,mobiles,Mobiles,2026-05-28 14:06:35,1,Realme Battery King Phone 6000mAh - Crimson Red
SRCH_000669,CUST_02670,fashion,Fashion,2026-04-09 21:19:35,1,FabIndia Floral Print Maxi Summer Dress - Midnight Black
SRCH_000670,CUST_02077,lighting,Home,2026-04-15 13:18:35,1,IKEA 100% Cotton 300TC Double Bed Sheet
SRCH_000671,CUST_02024,fashion,Fashion,2026-03-27 07:14:35,1,Puma Casual Stretch Chino Trousers
SRCH_000672,CUST_01261,snacks,Grocery,2026-04-26 19:40:35,1,Saffola Organic Green Tea Herbal Infusion 100 Bags
SRCH_000673,CUST_02596,controllers,Gaming,2026-05-03 08:45:35,1,Razer Next-Gen Home Gaming Console 1TB
SRCH_000674,CUST_00472,outdoor sports,Sports,2026-06-30 07:46:35,1,Nivia Carbon Fiber Badminton Racket - Olive Green
SRCH_000675,CUST_00937,fashion,Fashion,2026-06-15 18:21:35,1,Adidas Denim Trucker Jacket - Midnight Black
SRCH_000676,CUST_00785,mobiles,Mobiles,2026-04-24 03:43:35,1,Xiaomi Smooth Display Mid-Range 5G - Space Gray
SRCH_000677,CUST_00317,laptops,Laptops,2026-05-27 02:52:35,1,Lenovo Creator Studio Laptop 4K OLED
SRCH_000678,CUST_00005,lighting,Home,2026-03-24 05:51:35,1,IKEA Velvet Touch Blackout Window Curtains
SRCH_000679,CUST_00762,lighting,Home,2026-03-12 01:59:35,1,Spaces 100% Cotton 300TC Double Bed Sheet - Rose Gold
SRCH_000680,CUST_00611,audio,Electronics,2026-04-12 20:23:35,1,LG Smart Wi-Fi Security Camera - Midnight Black
SRCH_000681,CUST_01883,gaming,Gaming,2026-04-13 16:32:35,1,PlayStation Wireless Haptic Feedback Gaming Controller - Space Gray
SRCH_000682,CUST_02307,controllers,Gaming,2026-07-14 03:00:35,1,Logitech G Surround Sound Gaming Headset with Mic
SRCH_000683,CUST_00748,books,Books,2026-05-27 08:01:35,1,Bloomsbury The Psychology of Money - Navy Blue
SRCH_000684,CUST_02434,bedding,Home,2026-05-20 08:07:35,1,D'Decor Velvet Touch Blackout Window Curtains - Crimson Red
SRCH_000685,CUST_00638,accessories,Gaming,2026-04-16 15:22:35,1,Corsair Wireless Haptic Feedback Gaming Controller
SRCH_000686,CUST_02141,decor,Home,2026-06-25 08:01:35,1,D'Decor Velvet Touch Blackout Window Curtains - Pearl White
SRCH_000687,CUST_00206,audio,Electronics,2026-04-28 06:47:35,1,Sony Compact Bluetooth Speaker
SRCH_000688,CUST_02644,skincare,Beauty,2026-06-29 22:25:35,1,L'Oreal Matte Liquid Longwear Foundation - Olive Green
SRCH_000689,CUST_01940,business & finance,Books,2026-06-15 22:50:35,1,Penguin Atomic Habits: Build Good Habits
SRCH_000690,CUST_01955,budget,Mobiles,2026-06-29 15:08:35,1,Realme Sleek Curve Screen 5G Phone - Rose Gold
SRCH_000691,CUST_00603,smart devices,Electronics,2026-07-04 18:42:35,1,JBL Smart Fitness Watch
SRCH_000692,CUST_01249,storage & containers,Kitchen,2026-06-25 17:07:35,1,Wonderchef Electric Rapid Air Fryer 4.5L
SRCH_000693,CUST_01505,gaming,Gaming,2026-08-03 19:27:35,1,Xbox Surround Sound Gaming Headset with Mic - Olive Green
SRCH_000694,CUST_01170,living room,Furniture,2026-06-13 05:35:35,1,Urban Ladder Contemporary 3-Seater Fabric Sofa - Rose Gold
SRCH_000695,CUST_01353,small appliances,Kitchen,2026-06-06 11:53:35,1,Prestige Electric Rapid Air Fryer 4.5L
SRCH_000696,CUST_02409,footwear,Footwear,2026-07-16 00:52:35,1,Bata Classic Low-Top Canvas Sneakers - Classic Beige
SRCH_000697,CUST_01295,home,Home,2026-04-12 05:27:35,1,IKEA Handwoven Boho Area Rug - Rose Gold
SRCH_000698,CUST_00128,fitness equipment,Sports,2026-09-07 02:50:35,1,Cosco Extra Thick Non-Slip Eco Yoga Mat - Olive Green
SRCH_000699,CUST_02025,accessories,Accessories,2026-05-24 11:17:35,1,Anker Multi-Port 7-in-1 USB-C Hub Adapter
SRCH_000700,CUST_01217,mobile accessories,Accessories,2026-04-09 02:32:35,1,Portronics Multi-Port 7-in-1 USB-C Hub Adapter - Crimson Red
SRCH_000701,CUST_02834,kitchen,Kitchen,2026-05-31 18:17:35,1,Hawkins Airtight Glass Food Storage Jars
SRCH_000702,CUST_02024,footwear,Footwear,2026-04-20 23:43:35,1,Adidas Waterproof Outdoor Hiking Boots
SRCH_000703,CUST_00741,laptops,Laptops,2026-07-12 05:00:35,1,HP Ultra-Slim Metal Ultrabook - Charcoal
SRCH_000704,CUST_02674,small appliances,Kitchen,2026-04-08 07:54:35,1,Milton Electric Rapid Air Fryer 4.5L
SRCH_000705,CUST_01334,accessories,Accessories,2026-06-19 22:52:35,1,Portronics Water-Resistant Laptop Backpack 15.6-inch
SRCH_000706,CUST_00614,shaving & grooming,Personal Care,2026-05-08 07:59:35,1,Colgate Cordless Rechargeable Beard Trimmer - Space Gray
SRCH_000707,CUST_01098,audio,Electronics,2026-09-06 17:56:35,1,Samsung Noise Cancelling Wireless Earbuds
SRCH_000708,CUST_00460,accessories,Gaming,2026-06-10 17:26:35,1,Razer RGB Mechanical Gaming Keyboard
SRCH_000709,CUST_02475,beverages,Grocery,2026-05-22 00:11:35,1,Organic India Cold-Pressed Extra Virgin Olive Oil 1L
SRCH_000710,CUST_00209,decor,Home,2026-03-30 21:28:35,1,Spaces 100% Cotton 300TC Double Bed Sheet - Classic Beige
SRCH_000711,CUST_01487,laptops,Laptops,2026-06-17 11:38:35,1,HP Ultra-Slim Metal Ultrabook - Charcoal
SRCH_000712,CUST_02360,decor,Home,2026-08-21 01:45:35,1,Solimo 100% Cotton 300TC Double Bed Sheet - Silver
SRCH_000713,CUST_02225,bedding,Home,2026-04-11 04:06:35,1,D'Decor Velvet Touch Blackout Window Curtains - Pearl White
SRCH_000714,CUST_01457,audio,Electronics,2026-06-15 16:55:35,1,LG Smart Wi-Fi Security Camera - Midnight Black
SRCH_000715,CUST_02350,sports,Sports,2026-05-11 18:01:35,1,Decathlon Quick Dry Athletic Training Shorts - Crimson Red
SRCH_000716,CUST_01321,beverages,Grocery,2026-09-05 10:08:35,1,Nestle Artisan Dark Roasted Arabica Coffee Beans 250g - Pearl White
SRCH_000717,CUST_00429,sports,Sports,2026-05-09 02:42:35,1,Cosco Carbon Fiber Badminton Racket - Charcoal
SRCH_000718,CUST_02371,running shoes,Footwear,2026-04-06 06:28:35,1,Adidas Comfort Walking Slip-On Shoes - Rose Gold
SRCH_000719,CUST_01740,television,Electronics,2026-05-11 21:13:35,1,Samsung Noise Cancelling Wireless Earbuds - Pearl White
SRCH_000720,CUST_02523,office,Furniture,2026-03-21 17:10:35,1,Urban Ladder Modern Engineered Wood Computer Desk - Olive Green
SRCH_000721,CUST_02848,personal care,Personal Care,2026-03-29 03:49:35,1,Colgate Deep Cleansing Charcoal Body Wash 500ml - Charcoal
SRCH_000722,CUST_00881,kitchen,Kitchen,2026-04-24 17:00:35,1,Pigeon Airtight Glass Food Storage Jars - Crimson Red
SRCH_000723,CUST_01696,mobiles,Mobiles,2026-08-11 08:45:35,1,Google Pure Android Experience 5G - Silver
SRCH_000724,CUST_01711,television,Electronics,2026-07-20 16:21:35,1,JBL Noise Cancelling Wireless Earbuds - Space Gray
SRCH_000725,CUST_00427,furniture,Furniture,2026-05-20 18:12:35,1,Sleepyhead Modern Engineered Wood Computer Desk
SRCH_000726,CUST_00757,accessories,Gaming,2026-08-22 02:35:35,1,SteelSeries Next-Gen Home Gaming Console 1TB - Classic Beige
SRCH_000727,CUST_00942,accessories,Gaming,2026-08-09 20:12:35,1,Razer Surround Sound Gaming Headset with Mic
SRCH_000728,CUST_02288,home,Home,2026-08-19 06:07:35,1,Spaces 100% Cotton 300TC Double Bed Sheet - Classic Beige
SRCH_000729,CUST_02449,business & finance,Books,2026-07-29 04:25:35,1,HarperCollins Atomic Habits: Build Good Habits - Charcoal
SRCH_000730,CUST_00712,storage & containers,Kitchen,2026-04-03 20:55:35,1,Wonderchef Electric Rapid Air Fryer 4.5L
SRCH_000731,CUST_01024,grocery,Grocery,2026-05-22 22:24:35,1,Organic India Organic Green Tea Herbal Infusion 100 Bags - Pearl White
SRCH_000732,CUST_00407,accessories,Accessories,2026-05-19 19:36:35,1,Anker Multi-Port 7-in-1 USB-C Hub Adapter - Olive Green
SRCH_000733,CUST_00772,cookware,Kitchen,2026-08-22 10:21:35,1,Wonderchef Heavy-Duty 750W Mixer Grinder - Pearl White
SRCH_000734,CUST_01133,smart devices,Electronics,2026-07-10 04:25:35,1,JBL Noise Cancelling Wireless Earbuds - Space Gray
SRCH_000735,CUST_00154,beauty,Beauty,2026-07-01 09:26:35,1,Maybelline Matte Velvet Long-Stay Lipstick - Silver
SRCH_000736,CUST_02975,decor,Home,2026-07-15 01:47:35,1,Philips Handwoven Boho Area Rug
SRCH_000737,CUST_01895,care,Personal Care,2026-05-02 11:29:35,1,Colgate Cordless Rechargeable Beard Trimmer - Space Gray
SRCH_000738,CUST_00609,shaving & grooming,Personal Care,2026-03-15 19:48:35,1,Oral-B Cordless Rechargeable Beard Trimmer - Navy Blue
SRCH_000739,CUST_01805,winterwear,Fashion,2026-09-01 18:53:35,1,Zara Denim Trucker Jacket
SRCH_000740,CUST_02411,beverages,Grocery,2026-08-25 23:53:35,1,Organic India Cold-Pressed Extra Virgin Olive Oil 1L
SRCH_000741,CUST_02461,electronics,Electronics,2026-07-14 16:09:35,1,Sennheiser Compact Bluetooth Speaker
SRCH_000742,CUST_01811,mobiles,Mobiles,2026-03-17 05:54:35,1,Apple Pure Android Experience 5G
SRCH_000743,CUST_00827,lighting,Home,2026-08-05 09:17:35,1,Solimo 100% Cotton 300TC Double Bed Sheet
SRCH_000744,CUST_02387,running shoes,Footwear,2026-08-05 17:31:35,1,Puma Cushioned Running Shoes - Olive Green
SRCH_000745,CUST_01222,mid-range,Mobiles,2026-04-25 13:49:35,1,OnePlus NextGen Smartphone Pro Max
SRCH_000746,CUST_01962,footwear,Footwear,2026-04-16 15:51:35,1,Adidas Waterproof Outdoor Hiking Boots
SRCH_000747,CUST_02465,television,Electronics,2026-05-12 20:23:35,1,Bose 4K Ultra HD Smart TV 55-inch
SRCH_000748,CUST_02948,beverages,Grocery,2026-08-31 14:55:35,1,Tata Organic Green Tea Herbal Infusion 100 Bags - Navy Blue
SRCH_000749,CUST_01616,shaving & grooming,Personal Care,2026-05-08 02:05:35,1,Philips Cordless Rechargeable Beard Trimmer
SRCH_000750,CUST_01102,small appliances,Kitchen,2026-07-03 23:19:35,1,Milton Heavy-Duty 750W Mixer Grinder
SRCH_000751,CUST_00313,bath & body,Personal Care,2026-04-03 10:01:35,1,Dettol Deep Cleansing Charcoal Body Wash 500ml - Charcoal
SRCH_000752,CUST_01579,bedding,Home,2026-06-25 20:56:35,1,D'Decor Velvet Touch Blackout Window Curtains - Pearl White
SRCH_000753,CUST_02939,footwear,Footwear,2026-06-06 16:44:35,1,Adidas Cushioned Running Shoes - Silver
SRCH_000754,CUST_01995,fashion,Fashion,2026-07-22 20:45:35,1,Puma Casual Stretch Chino Trousers
SRCH_000755,CUST_00869,makeup,Beauty,2026-03-28 09:36:35,1,The Ordinary Luxury Eau De Parfum 100ml - Classic Beige
SRCH_000756,CUST_02061,care,Personal Care,2026-06-03 18:41:35,1,Colgate Deep Cleansing Charcoal Body Wash 500ml - Rose Gold
SRCH_000757,CUST_00977,mid-range,Mobiles,2026-08-08 07:46:35,1,Motorola Battery King Phone 6000mAh
SRCH_000758,CUST_00196,beverages,Grocery,2026-05-03 10:15:35,1,Nestle Organic Green Tea Herbal Infusion 100 Bags - Pearl White
SRCH_000759,CUST_02591,laptops,Laptops,2026-04-01 13:07:35,1,HP Creator Studio Laptop 4K OLED
SRCH_000760,CUST_01185,mobiles,Mobiles,2026-08-30 22:48:35,1,Motorola Battery King Phone 6000mAh
SRCH_000761,CUST_00050,personal care,Personal Care,2026-04-05 23:21:35,1,Colgate Deep Cleansing Charcoal Body Wash 500ml - Charcoal
SRCH_000762,CUST_01833,accessories,Gaming,2026-03-28 01:13:35,1,Logitech G RGB Mechanical Gaming Keyboard - Classic Beige
SRCH_000763,CUST_02716,sports,Sports,2026-07-05 04:53:35,1,Decathlon Extra Thick Non-Slip Eco Yoga Mat - Classic Beige
SRCH_000764,CUST_01047,personal,Personal Care,2026-03-17 02:14:35,1,Gillette Gentle Sulfate-Free Moisturizing Body Lotion
SRCH_000765,CUST_01629,mid-range,Mobiles,2026-04-03 19:18:35,1,Samsung Smartphone Ultra 5G - Space Gray
SRCH_000766,CUST_00790,mid-range,Mobiles,2026-09-06 15:58:35,1,Xiaomi Smartphone Ultra 5G
SRCH_000767,CUST_00100,fragrances,Beauty,2026-04-17 19:54:35,1,Maybelline Keratin Smoothing Hair Mask
SRCH_000768,CUST_00252,television,Electronics,2026-03-27 10:27:35,1,Sony 4K Ultra HD Smart TV 55-inch
SRCH_000769,CUST_02184,personal,Personal Care,2026-08-11 20:10:35,1,Oral-B Cordless Rechargeable Beard Trimmer
SRCH_000770,CUST_01312,grocery,Grocery,2026-05-04 21:57:35,1,Nestle Organic Raw Honey 500g
SRCH_000771,CUST_01184,home,Home,2026-07-15 11:56:35,1,Philips Smart LED Color Ambient Bulb
SRCH_000772,CUST_00829,men's clothing,Fashion,2026-06-25 15:29:35,1,Levis Handcrafted Cotton Kurta
SRCH_000773,CUST_02600,fashion,Fashion,2026-07-20 06:38:35,1,FabIndia Casual Stretch Chino Trousers
SRCH_000774,CUST_02057,television,Electronics,2026-06-21 18:35:35,1,JBL Wireless Bluetooth Headphones
SRCH_000775,CUST_02188,storage & containers,Kitchen,2026-03-26 03:45:35,1,Milton Airtight Glass Food Storage Jars - Charcoal
SRCH_000776,CUST_01590,books,Books,2026-07-12 13:03:35,1,O'Reilly Designing Data-Intensive Applications - Space Gray
SRCH_000777,CUST_00254,books,Books,2026-03-26 15:55:35,1,Penguin Atomic Habits: Build Good Habits - Crimson Red
SRCH_000778,CUST_02375,furniture,Furniture,2026-07-21 23:51:35,1,Urban Ladder Modern Engineered Wood Computer Desk - Olive Green
SRCH_000779,CUST_01189,running shoes,Footwear,2026-04-02 04:39:35,1,Nike Genuine Leather Oxford Shoes - Crimson Red
SRCH_000780,CUST_02391,shaving & grooming,Personal Care,2026-05-22 19:36:35,1,Colgate Deep Cleansing Charcoal Body Wash 500ml
SRCH_000781,CUST_01034,grocery,Grocery,2026-05-22 06:54:35,1,Nestle Artisan Dark Roasted Arabica Coffee Beans 250g
SRCH_000782,CUST_00488,home,Home,2026-05-19 16:57:35,1,Spaces 100% Cotton 300TC Double Bed Sheet - Space Gray
SRCH_000783,CUST_00911,office,Furniture,2026-07-25 22:51:35,1,Sleepyhead Orthopedic Memory Foam Mattress 6-inch
SRCH_000784,CUST_02420,men's clothing,Fashion,2026-05-15 08:55:35,1,Nike Classic Denim Slim Jeans - Pearl White
SRCH_000785,CUST_02204,winterwear,Fashion,2026-04-15 20:52:35,1,Nike Classic Denim Slim Jeans - Pearl White
SRCH_000786,CUST_01720,business & finance,Books,2026-08-27 18:05:35,1,Bloomsbury Python Machine Learning & AI Mastery - Charcoal
SRCH_000787,CUST_02238,storage & containers,Kitchen,2026-05-07 21:03:35,1,Philips Airtight Glass Food Storage Jars
SRCH_000788,CUST_02300,storage & containers,Kitchen,2026-09-06 19:22:35,1,Wonderchef Hard Anodized Non-Stick Cookware Set - Olive Green
SRCH_000789,CUST_01600,storage & containers,Kitchen,2026-04-10 20:48:35,1,Philips Airtight Glass Food Storage Jars
SRCH_000790,CUST_01076,men's clothing,Fashion,2026-07-13 20:26:35,1,Puma Casual Stretch Chino Trousers - Pearl White
SRCH_000791,CUST_02000,bedding,Home,2026-09-02 18:43:35,1,Solimo Velvet Touch Blackout Window Curtains - Classic Beige
SRCH_000792,CUST_01126,furniture,Furniture,2026-07-02 00:04:35,1,IKEA Minimalist Nesting Coffee Tables - Space Gray
SRCH_000793,CUST_01233,furniture,Furniture,2026-04-10 09:45:35,1,Wakefit Ergonomic Mesh High-Back Office Chair
SRCH_000794,CUST_02877,audio,Electronics,2026-04-07 18:05:35,1,Samsung Smart Wi-Fi Security Camera
SRCH_000795,CUST_00555,sneakers,Footwear,2026-04-13 18:54:35,1,Bata Classic Low-Top Canvas Sneakers
SRCH_000796,CUST_00223,cookware,Kitchen,2026-05-18 14:02:35,1,Hawkins Heavy-Duty 750W Mixer Grinder - Space Gray
SRCH_000797,CUST_01094,personal,Personal Care,2026-03-30 19:30:35,1,Colgate Deep Cleansing Charcoal Body Wash 500ml - Rose Gold
SRCH_000798,CUST_01953,snacks,Grocery,2026-07-06 11:13:35,1,Organic India Cold-Pressed Extra Virgin Olive Oil 1L
SRCH_000799,CUST_01327,lighting,Home,2026-06-07 17:42:35,1,Home Centre 100% Cotton 300TC Double Bed Sheet
SRCH_000800,CUST_00869,budget,Mobiles,2026-08-28 03:57:35,1,Xiaomi Pure Android Experience 5G - Charcoal
SRCH_000801,CUST_01491,bedding,Home,2026-04-16 09:00:35,1,Home Centre Collapsible Fabric Storage Organizers - Charcoal
SRCH_000802,CUST_01546,winterwear,Fashion,2026-05-13 08:29:35,1,Levis Solid Crew Neck Cotton T-Shirt - Midnight Black
SRCH_000803,CUST_01058,small appliances,Kitchen,2026-05-23 22:58:35,1,Pigeon Stainless Steel Chef Knife Set - Rose Gold
SRCH_000804,CUST_01258,beauty,Beauty,2026-03-19 16:38:35,1,Neutrogena Hydrating Hyaluronic Acid Serum - Pearl White
SRCH_000805,CUST_02545,small appliances,Kitchen,2026-05-17 04:05:35,1,Hawkins Stainless Steel Chef Knife Set - Silver
SRCH_000806,CUST_01072,business & finance,Books,2026-07-25 11:39:35,1,HarperCollins Atomic Habits: Build Good Habits - Charcoal
SRCH_000807,CUST_00851,snacks,Grocery,2026-06-26 22:10:35,1,Nestle Organic Green Tea Herbal Infusion 100 Bags - Pearl White
SRCH_000808,CUST_00303,technology,Books,2026-07-23 22:19:35,1,Random House Designing Data-Intensive Applications - Midnight Black
SRCH_000809,CUST_00695,winterwear,Fashion,2026-03-29 13:42:35,1,Puma Solid Crew Neck Cotton T-Shirt
SRCH_000810,CUST_00805,office,Furniture,2026-05-01 01:45:35,1,Urban Ladder Contemporary 3-Seater Fabric Sofa - Rose Gold
SRCH_000811,CUST_02509,furniture,Furniture,2026-04-25 05:15:35,1,Sleepyhead Minimalist Nesting Coffee Tables
SRCH_000812,CUST_02113,television,Electronics,2026-05-29 07:31:35,1,Sennheiser Smart Home Voice Hub - Olive Green
SRCH_000813,CUST_00413,ultrabooks,Laptops,2026-07-08 06:56:35,1,Lenovo Creator Studio Laptop 4K OLED
SRCH_000814,CUST_02878,winterwear,Fashion,2026-09-01 15:15:35,1,Levis Floral Print Maxi Summer Dress - Classic Beige
SRCH_000815,CUST_00753,business & finance,Books,2026-03-13 00:49:35,1,O'Reilly Deep Work: Focused Success in a Distracted World - Space Gray
SRCH_000816,CUST_02955,small appliances,Kitchen,2026-05-10 12:57:35,1,Hawkins Stainless Steel Chef Knife Set - Space Gray
SRCH_000817,CUST_00801,laptops,Laptops,2026-06-23 11:55:35,1,MSI Pro Gaming Laptop RTX 4070 - Charcoal
SRCH_000818,CUST_00807,mobiles,Mobiles,2026-07-28 11:07:35,1,Motorola Smartphone Ultra 5G
SRCH_000819,CUST_02980,men's clothing,Fashion,2026-04-27 03:17:35,1,Zara Denim Trucker Jacket
SRCH_000820,CUST_01954,books,Books,2026-07-22 18:43:35,1,O'Reilly The Psychology of Money
SRCH_000821,CUST_01244,bags & backpacks,Accessories,2026-03-17 02:58:35,1,Portronics Multi-Port 7-in-1 USB-C Hub Adapter - Midnight Black
SRCH_000822,CUST_02341,beverages,Grocery,2026-08-03 02:54:35,1,Tata Organic Green Tea Herbal Infusion 100 Bags
SRCH_000823,CUST_00586,mid-range,Mobiles,2026-05-26 03:20:35,1,Google Smooth Display Mid-Range 5G - Midnight Black
SRCH_000824,CUST_00851,accessories,Gaming,2026-06-11 13:27:35,1,Xbox Surround Sound Gaming Headset with Mic - Olive Green
SRCH_000825,CUST_02186,accessories,Gaming,2026-08-30 21:25:35,1,Razer Next-Gen Home Gaming Console 1TB - Navy Blue
SRCH_000826,CUST_00253,budget,Mobiles,2026-03-24 21:10:35,1,Apple Pure Android Experience 5G
SRCH_000827,CUST_01800,running shoes,Footwear,2026-07-19 19:04:35,1,Puma Genuine Leather Oxford Shoes
SRCH_000828,CUST_01185,mid-range,Mobiles,2026-08-17 14:06:35,1,Motorola Sleek Curve Screen 5G Phone - Charcoal
SRCH_000829,CUST_01361,mid-range,Mobiles,2026-04-15 06:33:35,1,Motorola NextGen Smartphone Pro Max
SRCH_000830,CUST_00148,sports,Sports,2026-05-03 16:00:35,1,Boldfit Adjustable Hex Dumbbells Pair - Classic Beige
SRCH_000831,CUST_00526,laptops,Laptops,2026-07-11 10:32:35,1,Acer Student Essential Laptop - Olive Green
SRCH_000832,CUST_00757,accessories,Gaming,2026-06-21 15:55:35,1,Logitech G RGB Mechanical Gaming Keyboard - Navy Blue
SRCH_000833,CUST_01963,winterwear,Fashion,2026-05-19 21:12:35,1,H&M Cozy Fleece Pullover Hoodie - Pearl White
SRCH_000834,CUST_01919,running shoes,Footwear,2026-06-30 12:05:35,1,Puma Classic Low-Top Canvas Sneakers - Olive Green
SRCH_000835,CUST_01579,home,Home,2026-05-30 20:36:35,1,IKEA 100% Cotton 300TC Double Bed Sheet
SRCH_000836,CUST_02560,sneakers,Footwear,2026-04-15 12:23:35,1,Bata Waterproof Outdoor Hiking Boots - Pearl White
SRCH_000837,CUST_01209,audio,Electronics,2026-08-18 22:34:35,1,Samsung Digital Mirrorless Camera - Space Gray
SRCH_000838,CUST_01272,personal,Personal Care,2026-05-04 00:44:35,1,Dove Cordless Rechargeable Beard Trimmer - Pearl White
SRCH_000839,CUST_00384,audio,Electronics,2026-05-08 03:41:35,1,Samsung 4K Ultra HD Smart TV 55-inch - Rose Gold
SRCH_000840,CUST_00816,office,Furniture,2026-05-16 06:27:35,1,Sleepyhead Modern Engineered Wood Computer Desk - Charcoal
SRCH_000841,CUST_02023,wearables,Electronics,2026-04-07 13:53:35,1,Noise Smart Fitness Watch
SRCH_000842,CUST_00850,laptops,Laptops,2026-08-16 18:28:35,1,Apple Ultra-Slim Metal Ultrabook - Rose Gold
SRCH_000843,CUST_01659,winterwear,Fashion,2026-03-15 21:34:35,1,Adidas Floral Print Maxi Summer Dress - Silver
SRCH_000844,CUST_01633,gaming,Gaming,2026-03-26 13:43:35,1,PlayStation Wireless Haptic Feedback Gaming Controller - Space Gray
SRCH_000845,CUST_01642,technology,Books,2026-04-13 11:08:35,1,O'Reilly Python Machine Learning & AI Mastery
SRCH_000846,CUST_00152,makeup,Beauty,2026-06-15 03:35:35,1,The Ordinary Vitamin C Brightening Facial Cleanser - Rose Gold
SRCH_000847,CUST_01401,accessories,Gaming,2026-07-18 08:28:35,1,SteelSeries Surround Sound Gaming Headset with Mic - Classic Beige
SRCH_000848,CUST_00019,shaving & grooming,Personal Care,2026-08-16 17:52:35,1,Gillette Sonic Electric Toothbrush with Timer - Space Gray
SRCH_000849,CUST_01545,bedding,Home,2026-09-02 00:41:35,1,Solimo Handwoven Boho Area Rug - Midnight Black
SRCH_000850,CUST_02851,fashion,Fashion,2026-05-22 17:46:35,1,H&M Tailored Formal Oxford Shirt
SRCH_000851,CUST_02902,winterwear,Fashion,2026-06-10 17:44:35,1,Zara Floral Print Maxi Summer Dress - Crimson Red
SRCH_000852,CUST_01364,storage & containers,Kitchen,2026-08-30 07:35:35,1,Pigeon Stainless Steel Chef Knife Set - Midnight Black
SRCH_000853,CUST_02865,budget,Mobiles,2026-07-08 04:19:35,1,Realme NextGen Smartphone Pro Max - Navy Blue
SRCH_000854,CUST_00353,mid-range,Mobiles,2026-09-01 16:29:35,1,Samsung Sleek Curve Screen 5G Phone - Crimson Red
SRCH_000855,CUST_01068,kitchen,Kitchen,2026-07-12 08:23:35,1,Hawkins Hard Anodized Non-Stick Cookware Set - Pearl White
SRCH_000856,CUST_02336,gaming,Gaming,2026-06-03 02:12:35,1,PlayStation Wireless Haptic Feedback Gaming Controller - Space Gray
SRCH_000857,CUST_02574,running shoes,Footwear,2026-03-16 16:52:35,1,Reebok Cushioned Running Shoes - Classic Beige
SRCH_000858,CUST_00674,beverages,Grocery,2026-06-30 10:21:35,1,Saffola Organic Green Tea Herbal Infusion 100 Bags
SRCH_000859,CUST_02194,winterwear,Fashion,2026-03-13 04:04:35,1,Puma Cozy Fleece Pullover Hoodie - Rose Gold
SRCH_000860,CUST_00714,mobiles,Mobiles,2026-06-21 03:33:35,1,OnePlus NextGen Smartphone Pro Max
SRCH_000861,CUST_01868,bath & body,Personal Care,2026-05-17 15:24:35,1,Gillette Gentle Sulfate-Free Moisturizing Body Lotion
SRCH_000862,CUST_00272,kitchen,Kitchen,2026-04-16 07:10:35,1,Pigeon Stainless Steel Chef Knife Set - Rose Gold
SRCH_000863,CUST_01003,laptops,Laptops,2026-07-25 15:31:35,1,HP Creator Studio Laptop 4K OLED
SRCH_000864,CUST_01515,accessories,Accessories,2026-08-28 16:15:35,1,Portronics Multi-Port 7-in-1 USB-C Hub Adapter - Crimson Red
SRCH_000865,CUST_00480,mobile accessories,Accessories,2026-05-27 11:55:35,1,Portronics Water-Resistant Laptop Backpack 15.6-inch
SRCH_000866,CUST_00313,kitchen,Kitchen,2026-07-25 09:27:35,1,Philips Airtight Glass Food Storage Jars
SRCH_000867,CUST_00168,business & finance,Books,2026-09-06 19:48:35,1,Penguin Atomic Habits: Build Good Habits - Crimson Red
SRCH_000868,CUST_02855,storage & containers,Kitchen,2026-04-27 17:58:35,1,Hawkins Stainless Steel Chef Knife Set - Space Gray
SRCH_000869,CUST_00442,kitchen,Kitchen,2026-03-31 20:05:35,1,Prestige Hard Anodized Non-Stick Cookware Set - Classic Beige
SRCH_000870,CUST_00103,footwear,Footwear,2026-05-23 00:48:35,1,Puma Classic Low-Top Canvas Sneakers - Rose Gold
SRCH_000871,CUST_00851,grocery,Grocery,2026-09-06 22:38:35,1,Nestle Organic Raw Honey 500g - Space Gray
SRCH_000872,CUST_02210,small appliances,Kitchen,2026-06-22 22:12:35,1,Pigeon Heavy-Duty 750W Mixer Grinder
SRCH_000873,CUST_00961,storage & containers,Kitchen,2026-05-29 04:53:35,1,Hawkins Heavy-Duty 750W Mixer Grinder - Space Gray
SRCH_000874,CUST_02176,running shoes,Footwear,2026-04-21 20:53:35,1,Skechers Cushioned Running Shoes - Olive Green
SRCH_000875,CUST_00841,bath & body,Personal Care,2026-07-05 00:47:35,1,Gillette Cordless Rechargeable Beard Trimmer
SRCH_000876,CUST_02109,bags & backpacks,Accessories,2026-03-23 14:49:35,1,American Tourister Magnetic Qi Fast Wireless Charger Stand
SRCH_000877,CUST_02867,budget,Mobiles,2026-06-17 06:13:35,1,Motorola Battery King Phone 6000mAh
SRCH_000878,CUST_00442,small appliances,Kitchen,2026-05-20 14:48:35,1,Philips Heavy-Duty 750W Mixer Grinder - Space Gray
SRCH_000879,CUST_01692,electronics,Electronics,2026-08-15 18:33:35,1,Samsung Digital Mirrorless Camera - Space Gray
SRCH_000880,CUST_01599,business & finance,Books,2026-07-22 10:59:35,1,Bloomsbury The Psychology of Money
SRCH_000881,CUST_00282,controllers,Gaming,2026-07-10 04:59:35,1,Razer Surround Sound Gaming Headset with Mic
SRCH_000882,CUST_00501,audio,Electronics,2026-06-03 22:39:35,1,Sony Smart Fitness Watch
SRCH_000883,CUST_02942,business & finance,Books,2026-04-01 04:04:35,1,Penguin The Psychology of Money - Pearl White
SRCH_000884,CUST_02636,business & finance,Books,2026-06-01 07:49:35,1,HarperCollins Python Machine Learning & AI Mastery
SRCH_000885,CUST_01556,home,Home,2026-06-04 10:47:35,1,IKEA Handwoven Boho Area Rug - Rose Gold
SRCH_000886,CUST_02777,bedding,Home,2026-06-04 07:05:35,1,IKEA Handwoven Boho Area Rug - Rose Gold
SRCH_000887,CUST_02870,running shoes,Footwear,2026-05-27 12:03:35,1,Reebok Waterproof Outdoor Hiking Boots
SRCH_000888,CUST_00034,technology,Books,2026-08-05 18:40:35,1,O'Reilly The Psychology of Money - Charcoal
SRCH_000889,CUST_02546,bedding,Home,2026-03-18 08:03:35,1,IKEA Smart LED Color Ambient Bulb
SRCH_000890,CUST_01170,office,Furniture,2026-04-12 11:30:35,1,Sleepyhead Orthopedic Memory Foam Mattress 6-inch - Pearl White
SRCH_000891,CUST_01174,technology,Books,2026-05-29 02:53:35,1,HarperCollins Atomic Habits: Build Good Habits - Charcoal
SRCH_000892,CUST_02130,audio,Electronics,2026-05-24 01:38:35,1,Bose Noise Cancelling Wireless Earbuds
SRCH_000893,CUST_01265,mid-range,Mobiles,2026-07-16 17:38:35,1,Apple Pure Android Experience 5G
SRCH_000894,CUST_02645,shaving & grooming,Personal Care,2026-08-12 01:32:35,1,Colgate Gentle Sulfate-Free Moisturizing Body Lotion - Olive Green
SRCH_000895,CUST_02813,kitchen,Kitchen,2026-06-28 01:01:35,1,Philips Electric Rapid Air Fryer 4.5L - Midnight Black
SRCH_000896,CUST_02328,skincare,Beauty,2026-08-08 19:34:35,1,Maybelline Luxury Eau De Parfum 100ml
SRCH_000897,CUST_00733,mobiles,Mobiles,2026-06-13 00:41:35,1,Apple Sleek Curve Screen 5G Phone
SRCH_000898,CUST_01362,ultrabooks,Laptops,2026-05-28 01:56:35,1,Asus Creator Studio Laptop 4K OLED - Crimson Red
SRCH_000899,CUST_02171,kitchen,Kitchen,2026-05-02 00:56:35,1,Hawkins Heavy-Duty 750W Mixer Grinder - Olive Green
SRCH_000900,CUST_00852,television,Electronics,2026-07-27 13:30:35,1,JBL Bass Soundbar with Subwoofer - Navy Blue
SRCH_000901,CUST_02746,accessories,Accessories,2026-05-31 21:38:35,1,Portronics Water-Resistant Laptop Backpack 15.6-inch - Space Gray
SRCH_000902,CUST_00135,footwear,Footwear,2026-07-17 07:34:35,1,Skechers Comfort Walking Slip-On Shoes
SRCH_000903,CUST_01464,television,Electronics,2026-04-10 22:18:35,1,JBL Wireless Bluetooth Headphones
SRCH_000904,CUST_00598,men's clothing,Fashion,2026-04-05 13:42:35,1,Nike Classic Denim Slim Jeans - Pearl White
SRCH_000905,CUST_02293,home,Home,2026-03-22 08:54:35,1,Spaces 100% Cotton 300TC Double Bed Sheet - Space Gray
SRCH_000906,CUST_02121,controllers,Gaming,2026-09-02 02:07:35,1,Xbox Surround Sound Gaming Headset with Mic - Rose Gold
SRCH_000907,CUST_01494,books,Books,2026-07-17 18:55:35,1,O'Reilly Python Machine Learning & AI Mastery
SRCH_000908,CUST_00357,fragrances,Beauty,2026-03-17 14:44:35,1,Nivea Keratin Smoothing Hair Mask - Olive Green
SRCH_000909,CUST_01066,decor,Home,2026-05-24 14:15:35,1,Philips 100% Cotton 300TC Double Bed Sheet
SRCH_000910,CUST_01416,technology,Books,2026-03-21 04:20:35,1,HarperCollins Python Machine Learning & AI Mastery - Classic Beige
SRCH_000911,CUST_00521,office,Furniture,2026-06-06 21:59:35,1,Sleepyhead Minimalist Nesting Coffee Tables - Space Gray
SRCH_000912,CUST_01608,small appliances,Kitchen,2026-07-21 23:12:35,1,Hawkins Electric Rapid Air Fryer 4.5L
SRCH_000913,CUST_00281,running shoes,Footwear,2026-04-21 04:55:35,1,Reebok Genuine Leather Oxford Shoes
SRCH_000914,CUST_00020,technology,Books,2026-05-12 07:30:35,1,HarperCollins Designing Data-Intensive Applications
SRCH_000915,CUST_01683,running shoes,Footwear,2026-04-11 18:49:35,1,Puma Classic Low-Top Canvas Sneakers - Rose Gold
SRCH_000916,CUST_02344,sneakers,Footwear,2026-08-12 08:40:35,1,Adidas Cushioned Running Shoes - Silver
SRCH_000917,CUST_02785,mobile accessories,Accessories,2026-03-26 14:52:35,1,Spigen Water-Resistant Laptop Backpack 15.6-inch - Charcoal
SRCH_000918,CUST_01859,office,Furniture,2026-08-29 19:57:35,1,Sleepyhead Minimalist Nesting Coffee Tables - Charcoal
SRCH_000919,CUST_01560,men's clothing,Fashion,2026-07-19 06:39:35,1,Puma Floral Print Maxi Summer Dress - Space Gray
SRCH_000920,CUST_01711,electronics,Electronics,2026-04-15 19:53:35,1,Samsung Noise Cancelling Wireless Earbuds - Silver
SRCH_000921,CUST_01192,books,Books,2026-05-20 15:07:35,1,Penguin The Psychology of Money - Pearl White
SRCH_000922,CUST_00714,home,Home,2026-04-24 22:14:35,1,D'Decor Velvet Touch Blackout Window Curtains
SRCH_000923,CUST_01578,personal,Personal Care,2026-07-03 18:03:35,1,Gillette Sonic Electric Toothbrush with Timer
SRCH_000924,CUST_02413,bedding,Home,2026-06-24 15:30:35,1,D'Decor Velvet Touch Blackout Window Curtains - Crimson Red
SRCH_000925,CUST_02097,office,Furniture,2026-06-20 11:37:35,1,Urban Ladder Minimalist Nesting Coffee Tables
SRCH_000926,CUST_02358,small appliances,Kitchen,2026-06-13 20:27:35,1,Pigeon Heavy-Duty 750W Mixer Grinder - Charcoal
SRCH_000927,CUST_02521,wearables,Electronics,2026-03-23 14:09:35,1,Sony Noise Cancelling Wireless Earbuds - Rose Gold
SRCH_000928,CUST_02525,gaming,Gaming,2026-08-17 07:53:35,1,Logitech G RGB Mechanical Gaming Keyboard - Navy Blue
SRCH_000929,CUST_00136,laptops,Laptops,2026-05-31 13:31:35,1,Apple Business Productivity Notebook
SRCH_000930,CUST_01619,television,Electronics,2026-08-12 21:20:35,1,LG Compact Bluetooth Speaker - Silver
SRCH_000931,CUST_00723,gaming,Gaming,2026-06-11 05:54:35,1,Corsair Surround Sound Gaming Headset with Mic - Olive Green
SRCH_000932,CUST_02600,fashion,Fashion,2026-05-24 06:51:35,1,Puma Casual Stretch Chino Trousers
SRCH_000933,CUST_02562,mid-range,Mobiles,2026-06-26 19:05:35,1,Realme Smooth Display Mid-Range 5G - Crimson Red
SRCH_000934,CUST_00112,controllers,Gaming,2026-07-09 00:03:35,1,Razer Next-Gen Home Gaming Console 1TB
SRCH_000935,CUST_02317,footwear,Footwear,2026-06-21 17:58:35,1,Reebok Waterproof Outdoor Hiking Boots
SRCH_000936,CUST_00368,accessories,Gaming,2026-05-07 10:49:35,1,Razer Next-Gen Home Gaming Console 1TB
SRCH_000937,CUST_02865,office,Furniture,2026-06-20 08:12:35,1,Sleepyhead Minimalist Nesting Coffee Tables - Space Gray
SRCH_000938,CUST_00697,bedding,Home,2026-03-25 03:07:35,1,Solimo Velvet Touch Blackout Window Curtains
SRCH_000939,CUST_02448,small appliances,Kitchen,2026-04-08 06:53:35,1,Pigeon Airtight Glass Food Storage Jars
SRCH_000940,CUST_00867,personal,Personal Care,2026-09-02 12:22:35,1,Dove Gentle Sulfate-Free Moisturizing Body Lotion
SRCH_000941,CUST_02972,mid-range,Mobiles,2026-04-07 17:25:35,1,OnePlus NextGen Smartphone Pro Max - Rose Gold
SRCH_000942,CUST_02081,lighting,Home,2026-05-21 07:54:35,1,Spaces 100% Cotton 300TC Double Bed Sheet - Classic Beige
SRCH_000943,CUST_00273,mid-range,Mobiles,2026-04-10 20:39:35,1,Motorola NextGen Smartphone Pro Max
SRCH_000944,CUST_01904,office,Furniture,2026-03-29 20:43:35,1,Sleepyhead Contemporary 3-Seater Fabric Sofa - Midnight Black
SRCH_000945,CUST_01088,accessories,Gaming,2026-08-04 01:44:35,1,PlayStation Next-Gen Home Gaming Console 1TB - Space Gray
SRCH_000946,CUST_02643,business & finance,Books,2026-08-03 23:46:35,1,Penguin The Psychology of Money - Pearl White
SRCH_000947,CUST_02941,ultrabooks,Laptops,2026-06-18 19:41:35,1,Asus Ultra-Slim Metal Ultrabook - Navy Blue
SRCH_000948,CUST_02242,audio,Electronics,2026-06-16 07:19:35,1,Bose Bass Soundbar with Subwoofer - Midnight Black
SRCH_000949,CUST_00462,skincare,Beauty,2026-06-06 15:07:35,1,Minimalist Vitamin C Brightening Facial Cleanser - Rose Gold
SRCH_000950,CUST_00253,bedding,Home,2026-04-02 14:03:35,1,Home Centre Handwoven Boho Area Rug
SRCH_000951,CUST_02884,office,Furniture,2026-07-03 11:54:35,1,Godrej Interio Orthopedic Memory Foam Mattress 6-inch
SRCH_000952,CUST_02499,running shoes,Footwear,2026-07-29 11:26:35,1,Skechers Comfort Walking Slip-On Shoes
SRCH_000953,CUST_02525,electronics,Electronics,2026-04-29 16:12:35,1,Samsung Noise Cancelling Wireless Earbuds - Pearl White
SRCH_000954,CUST_02110,books,Books,2026-07-03 22:32:35,1,Random House Designing Data-Intensive Applications - Midnight Black
SRCH_000955,CUST_02677,technology,Books,2026-03-31 15:17:35,1,O'Reilly Python Machine Learning & AI Mastery
SRCH_000956,CUST_01714,mid-range,Mobiles,2026-05-27 12:33:35,1,OnePlus NextGen Smartphone Pro Max
SRCH_000957,CUST_00544,student laptops,Laptops,2026-05-12 20:08:35,1,Apple Ultra-Slim Metal Ultrabook - Rose Gold
SRCH_000958,CUST_01208,audio,Electronics,2026-07-31 20:03:35,1,JBL Smart Fitness Watch - Olive Green
SRCH_000959,CUST_00656,television,Electronics,2026-04-30 01:06:35,1,Bose Bass Soundbar with Subwoofer - Midnight Black
SRCH_000960,CUST_01808,gaming,Gaming,2026-07-05 13:22:35,1,SteelSeries RGB Mechanical Gaming Keyboard - Midnight Black
SRCH_000961,CUST_01865,fitness equipment,Sports,2026-05-17 08:23:35,1,Yonex Carbon Fiber Badminton Racket - Navy Blue
SRCH_000962,CUST_01514,mobile accessories,Accessories,2026-08-22 23:32:35,1,Logitech Water-Resistant Laptop Backpack 15.6-inch
SRCH_000963,CUST_01108,accessories,Gaming,2026-08-08 01:35:35,1,Razer Next-Gen Home Gaming Console 1TB - Navy Blue
SRCH_000964,CUST_01859,furniture,Furniture,2026-04-08 03:22:35,1,Urban Ladder Modern Engineered Wood Computer Desk - Space Gray
SRCH_000965,CUST_02113,wearables,Electronics,2026-07-26 08:06:35,1,Samsung Action Camera 4K Waterproof
SRCH_000966,CUST_02538,laptops,Laptops,2026-08-19 16:50:35,1,Apple Pro Gaming Laptop RTX 4070
SRCH_000967,CUST_00316,men's clothing,Fashion,2026-04-22 11:21:35,1,Nike Floral Print Maxi Summer Dress - Charcoal
SRCH_000968,CUST_01507,lighting,Home,2026-08-30 17:53:35,1,Philips 100% Cotton 300TC Double Bed Sheet - Rose Gold
SRCH_000969,CUST_01862,books,Books,2026-07-24 19:27:35,1,O'Reilly Python Machine Learning & AI Mastery - Charcoal
SRCH_000970,CUST_01048,laptops,Laptops,2026-05-15 05:26:35,1,Lenovo Ultra-Slim Metal Ultrabook
SRCH_000971,CUST_02181,bath & body,Personal Care,2026-06-30 10:43:35,1,Philips Cordless Rechargeable Beard Trimmer
SRCH_000972,CUST_02550,accessories,Accessories,2026-08-21 14:50:35,1,Anker Water-Resistant Laptop Backpack 15.6-inch - Rose Gold
SRCH_000973,CUST_00110,office,Furniture,2026-04-26 05:56:35,1,Wakefit Minimalist Nesting Coffee Tables - Charcoal
SRCH_000974,CUST_00664,mobiles,Mobiles,2026-06-22 11:16:35,1,Xiaomi Smooth Display Mid-Range 5G - Space Gray
SRCH_000975,CUST_02783,beverages,Grocery,2026-06-27 04:27:35,1,Organic India Roasted California Almonds 500g - Crimson Red
SRCH_000976,CUST_02292,footwear,Footwear,2026-05-15 16:39:35,1,Reebok Cushioned Running Shoes - Classic Beige
SRCH_000977,CUST_01976,office,Furniture,2026-04-15 20:08:35,1,IKEA Modern Engineered Wood Computer Desk - Rose Gold
SRCH_000978,CUST_01949,accessories,Accessories,2026-08-11 04:20:35,1,Portronics Water-Resistant Laptop Backpack 15.6-inch
SRCH_000979,CUST_00293,business & finance,Books,2026-08-14 18:26:35,1,HarperCollins Python Machine Learning & AI Mastery
SRCH_000980,CUST_00543,home,Home,2026-03-12 05:02:35,1,Solimo Velvet Touch Blackout Window Curtains
SRCH_000981,CUST_01788,budget,Mobiles,2026-08-22 17:11:35,1,Google Pure Android Experience 5G - Pearl White
SRCH_000982,CUST_00622,accessories,Accessories,2026-04-15 05:32:35,1,Logitech Multi-Port 7-in-1 USB-C Hub Adapter
SRCH_000983,CUST_00582,running shoes,Footwear,2026-07-01 20:49:35,1,Clarks Genuine Leather Oxford Shoes
SRCH_000984,CUST_01702,electronics,Electronics,2026-05-12 08:59:35,1,Samsung Noise Cancelling Wireless Earbuds - Pearl White
SRCH_000985,CUST_02905,office,Furniture,2026-06-19 21:43:35,1,Sleepyhead Minimalist Nesting Coffee Tables
SRCH_000986,CUST_02384,kitchen,Kitchen,2026-07-25 00:45:35,1,Philips Electric Rapid Air Fryer 4.5L - Midnight Black
SRCH_000987,CUST_02308,laptops,Laptops,2026-07-17 23:38:35,1,Lenovo Ultra-Slim Metal Ultrabook
SRCH_000988,CUST_01510,fashion,Fashion,2026-03-29 13:28:35,1,Adidas Denim Trucker Jacket
SRCH_000989,CUST_01625,technology,Books,2026-04-04 15:53:35,1,O'Reilly Designing Data-Intensive Applications - Space Gray
SRCH_000990,CUST_02165,running shoes,Footwear,2026-06-02 13:18:35,1,Skechers Comfort Walking Slip-On Shoes
SRCH_000991,CUST_01799,cookware,Kitchen,2026-06-05 16:21:35,1,Pigeon Electric Rapid Air Fryer 4.5L
SRCH_000992,CUST_02775,gaming laptops,Laptops,2026-05-28 23:14:35,1,Apple Ultra-Slim Metal Ultrabook
SRCH_000993,CUST_00412,small appliances,Kitchen,2026-07-06 15:50:35,1,Pigeon Heavy-Duty 750W Mixer Grinder - Charcoal
SRCH_000994,CUST_01282,snacks,Grocery,2026-06-08 00:22:35,1,Saffola Artisan Dark Roasted Arabica Coffee Beans 250g
SRCH_000995,CUST_00767,mid-range,Mobiles,2026-06-10 18:55:35,1,Xiaomi Pure Android Experience 5G - Charcoal
SRCH_000996,CUST_01318,books,Books,2026-07-15 23:14:35,1,Random House Designing Data-Intensive Applications - Olive Green
SRCH_000997,CUST_02620,mobile accessories,Accessories,2026-03-14 11:30:35,1,Logitech Shockproof Clear Phone Case
SRCH_000998,CUST_01685,business & finance,Books,2026-04-15 20:58:35,1,HarperCollins Python Machine Learning & AI Mastery
SRCH_000999,CUST_01142,kitchen,Kitchen,2026-05-20 13:07:35,1,Philips Electric Rapid Air Fryer 4.5L - Midnight Black
SRCH_001000,CUST_01934,smart devices,Electronics,2026-08-12 07:48:35,1,Sennheiser Wireless Bluetooth Headphones
SRCH_001001,CUST_00148,outdoor sports,Sports,2026-04-02 22:18:35,1,Puma Extra Thick Non-Slip Eco Yoga Mat
SRCH_001002,CUST_00513,books,Books,2026-08-28 05:07:35,1,HarperCollins Python Machine Learning & AI Mastery
SRCH_001003,CUST_01451,snacks,Grocery,2026-07-17 18:49:35,1,Organic India Organic Green Tea Herbal Infusion 100 Bags - Pearl White
SRCH_001004,CUST_00993,small appliances,Kitchen,2026-08-28 07:12:35,1,Milton Stainless Steel Chef Knife Set - Classic Beige
SRCH_001005,CUST_02525,audio,Electronics,2026-06-11 11:24:35,1,JBL Smart Fitness Watch - Olive Green
SRCH_001006,CUST_01589,smart devices,Electronics,2026-09-06 16:15:35,1,JBL Smart Fitness Watch
SRCH_001007,CUST_02150,furniture,Furniture,2026-06-07 02:57:35,1,Sleepyhead Contemporary 3-Seater Fabric Sofa - Crimson Red
SRCH_001008,CUST_00513,home,Home,2026-08-05 08:05:35,1,IKEA Velvet Touch Blackout Window Curtains
SRCH_001009,CUST_01888,gaming,Gaming,2026-07-07 14:36:35,1,Razer Surround Sound Gaming Headset with Mic
SRCH_001010,CUST_01032,accessories,Gaming,2026-07-25 00:17:35,1,Xbox Surround Sound Gaming Headset with Mic - Olive Green
SRCH_001011,CUST_02923,office,Furniture,2026-04-09 04:21:35,1,Urban Ladder Modern Engineered Wood Computer Desk - Olive Green
SRCH_001012,CUST_00725,living room,Furniture,2026-08-06 07:17:35,1,Sleepyhead Minimalist Nesting Coffee Tables - Space Gray
SRCH_001013,CUST_01080,grocery,Grocery,2026-05-22 05:58:35,1,Tata Organic Green Tea Herbal Infusion 100 Bags - Navy Blue
SRCH_001014,CUST_02801,gaming,Gaming,2026-04-11 02:32:35,1,Logitech G Surround Sound Gaming Headset with Mic
SRCH_001015,CUST_00465,personal,Personal Care,2026-03-16 13:56:35,1,Dove Gentle Sulfate-Free Moisturizing Body Lotion - Space Gray
SRCH_001016,CUST_01474,cookware,Kitchen,2026-05-02 09:26:35,1,Milton Heavy-Duty 750W Mixer Grinder
SRCH_001017,CUST_01204,small appliances,Kitchen,2026-03-25 21:39:35,1,Wonderchef Heavy-Duty 750W Mixer Grinder - Pearl White
SRCH_001018,CUST_02131,student laptops,Laptops,2026-03-21 21:51:35,1,MSI Creator Studio Laptop 4K OLED - Midnight Black
SRCH_001019,CUST_01298,mobiles,Mobiles,2026-08-14 15:15:35,1,Motorola Sleek Curve Screen 5G Phone - Charcoal
SRCH_001020,CUST_01374,sneakers,Footwear,2026-06-17 04:45:35,1,Adidas Genuine Leather Oxford Shoes
SRCH_001021,CUST_00131,gaming,Gaming,2026-08-28 07:54:35,1,Razer Next-Gen Home Gaming Console 1TB
SRCH_001022,CUST_02961,sneakers,Footwear,2026-08-19 11:34:35,1,Adidas Genuine Leather Oxford Shoes
SRCH_001023,CUST_01976,cookware,Kitchen,2026-08-19 02:09:35,1,Hawkins Hard Anodized Non-Stick Cookware Set - Pearl White
SRCH_001024,CUST_01967,books,Books,2026-05-04 19:12:35,1,HarperCollins Python Machine Learning & AI Mastery
SRCH_001025,CUST_01972,running shoes,Footwear,2026-06-10 02:01:35,1,Reebok Waterproof Outdoor Hiking Boots - Rose Gold
SRCH_001026,CUST_00354,small appliances,Kitchen,2026-05-08 18:30:35,1,Philips Hard Anodized Non-Stick Cookware Set
SRCH_001027,CUST_00659,yoga,Sports,2026-06-13 12:18:35,1,Yonex Adjustable Hex Dumbbells Pair
SRCH_001028,CUST_01721,cookware,Kitchen,2026-06-11 23:17:35,1,Milton Airtight Glass Food Storage Jars
SRCH_001029,CUST_00848,makeup,Beauty,2026-06-04 01:47:35,1,L'Oreal Keratin Smoothing Hair Mask - Midnight Black
SRCH_001030,CUST_01292,fashion,Fashion,2026-03-25 20:33:35,1,Puma Solid Crew Neck Cotton T-Shirt
SRCH_001031,CUST_02773,living room,Furniture,2026-08-09 21:04:35,1,Sleepyhead Orthopedic Memory Foam Mattress 6-inch
SRCH_001032,CUST_01416,bedding,Home,2026-07-15 23:31:35,1,Spaces 100% Cotton 300TC Double Bed Sheet - Rose Gold
SRCH_001033,CUST_01544,electronics,Electronics,2026-05-27 17:30:35,1,Bose Digital Mirrorless Camera - Navy Blue
SRCH_001034,CUST_01975,ultrabooks,Laptops,2026-08-20 21:46:35,1,Apple Pro Gaming Laptop RTX 4070
SRCH_001035,CUST_01675,books,Books,2026-07-15 13:43:35,1,HarperCollins Designing Data-Intensive Applications
SRCH_001036,CUST_02082,technology,Books,2026-09-05 17:37:35,1,Penguin Designing Data-Intensive Applications - Midnight Black
SRCH_001037,CUST_00962,electronics,Electronics,2026-06-23 21:26:35,1,LG Smart Wi-Fi Security Camera - Midnight Black
SRCH_001038,CUST_02505,electronics,Electronics,2026-03-14 03:38:35,1,Sony Digital Mirrorless Camera - Space Gray
SRCH_001039,CUST_01546,mobiles,Mobiles,2026-05-19 00:56:35,1,Motorola Sleek Curve Screen 5G Phone - Charcoal
SRCH_001040,CUST_00643,small appliances,Kitchen,2026-07-04 07:40:35,1,Wonderchef Electric Rapid Air Fryer 4.5L
SRCH_001041,CUST_01832,gaming,Gaming,2026-04-07 11:45:35,1,Razer Next-Gen Home Gaming Console 1TB - Navy Blue
SRCH_001042,CUST_01973,yoga,Sports,2026-03-22 19:33:35,1,Cosco Carbon Fiber Badminton Racket - Charcoal
SRCH_001043,CUST_02315,fashion,Fashion,2026-04-30 22:52:35,1,H&M Floral Print Maxi Summer Dress - Olive Green
SRCH_001044,CUST_02260,sports,Sports,2026-06-30 09:15:35,1,Decathlon Quick Dry Athletic Training Shorts
SRCH_001045,CUST_01265,furniture,Furniture,2026-05-30 14:51:35,1,Sleepyhead Modern Engineered Wood Computer Desk - Charcoal
SRCH_001046,CUST_02095,beverages,Grocery,2026-06-03 18:47:35,1,Saffola Roasted California Almonds 500g - Pearl White
SRCH_001047,CUST_00075,audio,Electronics,2026-08-03 02:59:35,1,JBL Smart Fitness Watch - Olive Green
SRCH_001048,CUST_00031,winterwear,Fashion,2026-07-02 05:55:35,1,Raymond Cozy Fleece Pullover Hoodie
SRCH_001049,CUST_01653,skincare,Beauty,2026-04-24 17:23:35,1,Minimalist Hydrating Hyaluronic Acid Serum
SRCH_001050,CUST_02866,accessories,Gaming,2026-08-09 07:22:35,1,Logitech G Surround Sound Gaming Headset with Mic
SRCH_001051,CUST_01156,grocery,Grocery,2026-03-19 20:53:35,1,Tata Artisan Dark Roasted Arabica Coffee Beans 250g
SRCH_001052,CUST_02597,budget,Mobiles,2026-05-03 01:36:35,1,Realme Battery King Phone 6000mAh - Crimson Red
SRCH_001053,CUST_02697,laptops,Laptops,2026-03-30 11:44:35,1,Acer Ultra-Slim Metal Ultrabook - Olive Green
SRCH_001054,CUST_02542,technology,Books,2026-06-02 15:57:35,1,Bloomsbury Designing Data-Intensive Applications - Olive Green
SRCH_001055,CUST_01287,controllers,Gaming,2026-09-04 00:32:35,1,Corsair RGB Mechanical Gaming Keyboard - Rose Gold
SRCH_001056,CUST_01068,books,Books,2026-08-18 22:34:35,1,O'Reilly Designing Data-Intensive Applications - Midnight Black
SRCH_001057,CUST_00735,student laptops,Laptops,2026-06-07 05:32:35,1,HP Business Productivity Notebook
SRCH_001058,CUST_00770,bedding,Home,2026-04-28 09:19:35,1,IKEA 100% Cotton 300TC Double Bed Sheet - Pearl White
SRCH_001059,CUST_02437,business & finance,Books,2026-08-19 00:53:35,1,HarperCollins Python Machine Learning & AI Mastery
SRCH_001060,CUST_02923,sports,Sports,2026-03-25 17:45:35,1,Decathlon Extra Thick Non-Slip Eco Yoga Mat - Classic Beige
SRCH_001061,CUST_01964,mid-range,Mobiles,2026-08-25 17:34:35,1,Motorola Smartphone Ultra 5G
SRCH_001062,CUST_01360,business & finance,Books,2026-05-12 10:34:35,1,Penguin The Psychology of Money
SRCH_001063,CUST_02870,footwear,Footwear,2026-07-02 20:12:35,1,Puma Cushioned Running Shoes - Olive Green
SRCH_001064,CUST_02938,budget,Mobiles,2026-07-28 18:43:35,1,Realme Battery King Phone 6000mAh - Crimson Red
SRCH_001065,CUST_02699,running shoes,Footwear,2026-07-21 00:46:35,1,Clarks Genuine Leather Oxford Shoes
SRCH_001066,CUST_00666,fragrances,Beauty,2026-07-18 00:15:35,1,L'Oreal Luxury Eau De Parfum 100ml
SRCH_001067,CUST_01860,men's clothing,Fashion,2026-05-01 00:34:35,1,H&M Cozy Fleece Pullover Hoodie - Pearl White
SRCH_001068,CUST_02824,beauty,Beauty,2026-06-13 12:38:35,1,Maybelline Keratin Smoothing Hair Mask
SRCH_001069,CUST_00665,bags & backpacks,Accessories,2026-08-03 11:23:35,1,Logitech Ergonomic Silent Wireless Mouse
SRCH_001070,CUST_01063,electronics,Electronics,2026-08-06 12:56:35,1,Samsung Noise Cancelling Wireless Earbuds
SRCH_001071,CUST_01456,kitchen,Kitchen,2026-04-03 19:19:35,1,Milton Electric Rapid Air Fryer 4.5L
SRCH_001072,CUST_02291,laptops,Laptops,2026-03-28 13:01:35,1,HP Pro Gaming Laptop RTX 4070
SRCH_001073,CUST_02030,decor,Home,2026-04-13 21:50:35,1,Home Centre Collapsible Fabric Storage Organizers - Charcoal
SRCH_001074,CUST_02794,smart devices,Electronics,2026-05-31 14:31:35,1,JBL Digital Mirrorless Camera - Silver
SRCH_001075,CUST_00831,technology,Books,2026-08-30 14:05:35,1,HarperCollins Python Machine Learning & AI Mastery
SRCH_001076,CUST_01490,makeup,Beauty,2026-07-18 15:52:35,1,L'Oreal Matte Liquid Longwear Foundation
SRCH_001077,CUST_01889,sneakers,Footwear,2026-05-24 17:08:35,1,Adidas Waterproof Outdoor Hiking Boots
SRCH_001078,CUST_00021,shaving & grooming,Personal Care,2026-08-26 19:16:35,1,Gillette Gentle Sulfate-Free Moisturizing Body Lotion
SRCH_001079,CUST_01196,ultrabooks,Laptops,2026-08-22 23:29:35,1,Lenovo Creator Studio Laptop 4K OLED
SRCH_001080,CUST_00868,cooking essentials,Grocery,2026-06-25 14:13:35,1,Tata Organic Green Tea Herbal Infusion 100 Bags - Olive Green
SRCH_001081,CUST_01772,accessories,Gaming,2026-04-15 15:12:35,1,PlayStation Next-Gen Home Gaming Console 1TB - Space Gray
SRCH_001082,CUST_00662,fitness equipment,Sports,2026-05-10 22:30:35,1,Decathlon Quick Dry Athletic Training Shorts
SRCH_001083,CUST_00966,running shoes,Footwear,2026-08-24 13:55:35,1,Puma Cushioned Running Shoes - Crimson Red
SRCH_001084,CUST_01689,electronics,Electronics,2026-08-16 05:59:35,1,Samsung 4K Ultra HD Smart TV 55-inch - Rose Gold
SRCH_001085,CUST_02624,furniture,Furniture,2026-06-02 03:48:35,1,Wakefit Minimalist Nesting Coffee Tables - Rose Gold
SRCH_001086,CUST_01665,accessories,Gaming,2026-05-14 07:47:35,1,Razer Ultra-Lightweight 8KHz Optical Gaming Mouse
SRCH_001087,CUST_01854,controllers,Gaming,2026-08-11 04:54:35,1,Xbox Ultra-Lightweight 8KHz Optical Gaming Mouse - Midnight Black
SRCH_001088,CUST_01626,fashion,Fashion,2026-05-25 08:23:35,1,Puma Casual Stretch Chino Trousers
SRCH_001089,CUST_00797,home,Home,2026-08-15 18:57:35,1,IKEA Handwoven Boho Area Rug - Rose Gold
SRCH_001090,CUST_01215,accessories,Gaming,2026-08-14 00:06:35,1,PlayStation Wireless Haptic Feedback Gaming Controller - Space Gray
SRCH_001091,CUST_02068,grocery,Grocery,2026-08-27 04:05:35,1,Saffola Organic Green Tea Herbal Infusion 100 Bags
SRCH_001092,CUST_02562,grocery,Grocery,2026-04-14 07:16:35,1,Nestle Roasted California Almonds 500g - Rose Gold
SRCH_001093,CUST_01472,technology,Books,2026-03-13 14:27:35,1,Bloomsbury Python Machine Learning & AI Mastery - Charcoal
SRCH_001094,CUST_02085,technology,Books,2026-05-13 09:18:35,1,Penguin The Psychology of Money
SRCH_001095,CUST_02397,mobiles,Mobiles,2026-08-16 22:46:35,1,Realme Smooth Display Mid-Range 5G - Crimson Red
SRCH_001096,CUST_01677,business & finance,Books,2026-06-02 22:20:35,1,HarperCollins Atomic Habits: Build Good Habits - Charcoal
SRCH_001097,CUST_02188,winterwear,Fashion,2026-06-10 15:41:35,1,Levis Floral Print Maxi Summer Dress - Olive Green
SRCH_001098,CUST_02539,cooking essentials,Grocery,2026-08-13 16:32:35,1,Organic India Roasted California Almonds 500g - Crimson Red
SRCH_001099,CUST_02426,kitchen,Kitchen,2026-07-28 01:08:35,1,Prestige Electric Rapid Air Fryer 4.5L
SRCH_001100,CUST_01635,television,Electronics,2026-06-02 05:03:35,1,Noise Smart Fitness Watch
SRCH_001101,CUST_00815,gaming,Gaming,2026-05-02 19:41:35,1,Logitech G Wireless Haptic Feedback Gaming Controller
SRCH_001102,CUST_00883,bath & body,Personal Care,2026-08-17 18:45:35,1,Philips Cordless Rechargeable Beard Trimmer
SRCH_001103,CUST_02305,accessories,Accessories,2026-06-22 22:45:35,1,Spigen Magnetic Qi Fast Wireless Charger Stand - Midnight Black
SRCH_001104,CUST_00555,running shoes,Footwear,2026-04-27 01:52:35,1,Clarks Cushioned Running Shoes
SRCH_001105,CUST_00701,gaming,Gaming,2026-07-12 23:04:35,1,Corsair Ultra-Lightweight 8KHz Optical Gaming Mouse - Navy Blue
SRCH_001106,CUST_01955,mid-range,Mobiles,2026-08-20 21:14:35,1,Xiaomi Smooth Display Mid-Range 5G
SRCH_001107,CUST_01500,audio,Electronics,2026-07-29 04:19:35,1,LG 4K Ultra HD Smart TV 55-inch - Olive Green
SRCH_001108,CUST_01505,mobile accessories,Accessories,2026-03-29 22:25:35,1,American Tourister Ergonomic Silent Wireless Mouse
SRCH_001109,CUST_02065,mid-range,Mobiles,2026-03-19 18:57:35,1,Apple Pure Android Experience 5G
SRCH_001110,CUST_01722,gaming,Gaming,2026-06-19 20:08:35,1,PlayStation Next-Gen Home Gaming Console 1TB - Space Gray
SRCH_001111,CUST_02449,smart devices,Electronics,2026-06-15 21:42:35,1,Sony Smart Fitness Watch
SRCH_001112,CUST_02437,business & finance,Books,2026-07-20 00:44:35,1,HarperCollins Atomic Habits: Build Good Habits - Charcoal
SRCH_001113,CUST_01946,running shoes,Footwear,2026-05-13 07:41:35,1,Puma Genuine Leather Oxford Shoes
SRCH_001114,CUST_02199,grocery,Grocery,2026-04-27 22:21:35,1,Saffola Organic Raw Honey 500g - Olive Green
SRCH_001115,CUST_01141,winterwear,Fashion,2026-07-26 17:48:35,1,Adidas Denim Trucker Jacket
SRCH_001116,CUST_00931,mobiles,Mobiles,2026-05-01 19:59:35,1,Motorola Battery King Phone 6000mAh
SRCH_001117,CUST_02941,fitness equipment,Sports,2026-05-09 23:13:35,1,Cosco Carbon Fiber Badminton Racket - Charcoal
SRCH_001118,CUST_01420,footwear,Footwear,2026-04-08 18:33:35,1,Clarks Comfort Walking Slip-On Shoes - Crimson Red
SRCH_001119,CUST_01313,technology,Books,2026-08-31 14:32:35,1,HarperCollins Designing Data-Intensive Applications
SRCH_001120,CUST_02998,laptops,Laptops,2026-04-05 11:57:35,1,Apple Ultra-Slim Metal Ultrabook
SRCH_001121,CUST_00145,personal care,Personal Care,2026-06-08 02:17:35,1,Oral-B Gentle Sulfate-Free Moisturizing Body Lotion - Rose Gold
SRCH_001122,CUST_01960,accessories,Accessories,2026-06-23 03:21:35,1,Logitech Multi-Port 7-in-1 USB-C Hub Adapter
SRCH_001123,CUST_00734,snacks,Grocery,2026-04-15 04:16:35,1,Nestle Artisan Dark Roasted Arabica Coffee Beans 250g - Pearl White
SRCH_001124,CUST_02178,personal,Personal Care,2026-04-30 03:58:35,1,Colgate Deep Cleansing Charcoal Body Wash 500ml - Charcoal
SRCH_001125,CUST_00737,mid-range,Mobiles,2026-05-12 14:18:35,1,Apple Sleek Curve Screen 5G Phone
SRCH_001126,CUST_00211,makeup,Beauty,2026-04-24 09:52:35,1,L'Oreal Keratin Smoothing Hair Mask - Midnight Black
SRCH_001127,CUST_02102,television,Electronics,2026-06-30 05:14:35,1,JBL Smart Fitness Watch
SRCH_001128,CUST_00224,business & finance,Books,2026-05-22 08:37:35,1,Penguin Designing Data-Intensive Applications - Midnight Black
SRCH_001129,CUST_01450,business & finance,Books,2026-06-01 01:09:35,1,O'Reilly Designing Data-Intensive Applications - Midnight Black
SRCH_001130,CUST_02087,beverages,Grocery,2026-07-28 04:00:35,1,Nestle Artisan Dark Roasted Arabica Coffee Beans 250g - Pearl White
SRCH_001131,CUST_02204,running shoes,Footwear,2026-04-02 04:07:35,1,Adidas Genuine Leather Oxford Shoes - Olive Green
SRCH_001132,CUST_01352,electronics,Electronics,2026-03-22 04:28:35,1,Sony Smart Fitness Watch
SRCH_001133,CUST_00423,controllers,Gaming,2026-08-10 05:47:35,1,Logitech G Surround Sound Gaming Headset with Mic
SRCH_001134,CUST_01521,electronics,Electronics,2026-08-13 18:07:35,1,JBL Bass Soundbar with Subwoofer - Midnight Black
SRCH_001135,CUST_02002,technology,Books,2026-05-23 20:47:35,1,Random House Designing Data-Intensive Applications - Midnight Black
SRCH_001136,CUST_00706,accessories,Gaming,2026-08-08 01:11:35,1,PlayStation Surround Sound Gaming Headset with Mic
SRCH_001137,CUST_00538,ultrabooks,Laptops,2026-04-21 22:31:35,1,Acer Ultra-Slim Metal Ultrabook - Olive Green
SRCH_001138,CUST_01831,technology,Books,2026-09-04 15:24:35,1,HarperCollins Designing Data-Intensive Applications
SRCH_001139,CUST_00497,men's clothing,Fashion,2026-07-08 06:39:35,1,FabIndia Solid Crew Neck Cotton T-Shirt - Midnight Black
SRCH_001140,CUST_00250,winterwear,Fashion,2026-06-29 15:32:35,1,Zara Denim Trucker Jacket - Space Gray
SRCH_001141,CUST_01817,decor,Home,2026-05-16 01:07:35,1,Spaces 100% Cotton 300TC Double Bed Sheet - Rose Gold
SRCH_001142,CUST_01791,mobiles,Mobiles,2026-03-12 20:18:35,1,OnePlus NextGen Smartphone Pro Max
SRCH_001143,CUST_02563,bedding,Home,2026-04-29 19:51:35,1,D'Decor Velvet Touch Blackout Window Curtains - Crimson Red
SRCH_001144,CUST_02968,technology,Books,2026-05-05 16:41:35,1,O'Reilly Python Machine Learning & AI Mastery
SRCH_001145,CUST_00937,winterwear,Fashion,2026-08-29 16:16:35,1,FabIndia Tailored Formal Oxford Shirt - Rose Gold
SRCH_001146,CUST_00340,kitchen,Kitchen,2026-04-13 10:35:35,1,Wonderchef Electric Rapid Air Fryer 4.5L
SRCH_001147,CUST_02256,technology,Books,2026-09-03 02:08:35,1,Penguin Designing Data-Intensive Applications
SRCH_001148,CUST_02372,lighting,Home,2026-03-16 04:45:35,1,Spaces Collapsible Fabric Storage Organizers
SRCH_001149,CUST_01007,furniture,Furniture,2026-06-24 21:29:35,1,Sleepyhead Minimalist Nesting Coffee Tables
SRCH_001150,CUST_02809,mid-range,Mobiles,2026-05-02 15:51:35,1,Xiaomi Smooth Display Mid-Range 5G - Space Gray
SRCH_001151,CUST_00074,electronics,Electronics,2026-09-04 15:28:35,1,Samsung Noise Cancelling Wireless Earbuds
SRCH_001152,CUST_02632,men's clothing,Fashion,2026-06-08 20:00:35,1,Puma Casual Stretch Chino Trousers
SRCH_001153,CUST_02603,mid-range,Mobiles,2026-05-29 07:20:35,1,Motorola Battery King Phone 6000mAh
SRCH_001154,CUST_02817,footwear,Footwear,2026-07-21 18:44:35,1,Reebok Waterproof Outdoor Hiking Boots
SRCH_001155,CUST_02226,bedding,Home,2026-06-03 04:47:35,1,Spaces 100% Cotton 300TC Double Bed Sheet - Classic Beige
SRCH_001156,CUST_02567,running shoes,Footwear,2026-05-12 07:41:35,1,Clarks Cushioned Running Shoes
SRCH_001157,CUST_01508,bags & backpacks,Accessories,2026-05-27 18:26:35,1,Spigen Multi-Port 7-in-1 USB-C Hub Adapter
SRCH_001158,CUST_02754,makeup,Beauty,2026-08-06 12:07:35,1,Neutrogena Hydrating Hyaluronic Acid Serum - Pearl White
SRCH_001159,CUST_02400,bags & backpacks,Accessories,2026-07-04 11:39:35,1,Logitech Water-Resistant Laptop Backpack 15.6-inch - Crimson Red
SRCH_001160,CUST_01525,skincare,Beauty,2026-05-16 16:26:35,1,Nivea Matte Liquid Longwear Foundation - Classic Beige
SRCH_001161,CUST_00975,running shoes,Footwear,2026-05-07 09:47:35,1,Adidas Comfort Walking Slip-On Shoes - Rose Gold
SRCH_001162,CUST_00097,office,Furniture,2026-07-18 10:36:35,1,Wakefit Minimalist Nesting Coffee Tables - Pearl White
SRCH_001163,CUST_01775,yoga,Sports,2026-04-11 16:20:35,1,Nivia Extra Thick Non-Slip Eco Yoga Mat - Pearl White
SRCH_001164,CUST_00311,ultrabooks,Laptops,2026-06-03 11:25:35,1,Apple Student Essential Laptop
SRCH_001165,CUST_02359,bath & body,Personal Care,2026-09-03 06:10:35,1,Dove Sonic Electric Toothbrush with Timer - Silver
SRCH_001166,CUST_00550,smart devices,Electronics,2026-05-05 14:27:35,1,Boat Noise Cancelling Wireless Earbuds
SRCH_001167,CUST_02686,running shoes,Footwear,2026-06-06 14:35:35,1,Adidas Waterproof Outdoor Hiking Boots - Rose Gold
SRCH_001168,CUST_00680,beverages,Grocery,2026-04-22 20:20:35,1,Nestle Cold-Pressed Extra Virgin Olive Oil 1L - Charcoal
SRCH_001169,CUST_01034,living room,Furniture,2026-05-20 11:43:35,1,Sleepyhead Ergonomic Mesh High-Back Office Chair - Olive Green
SRCH_001170,CUST_02136,wearables,Electronics,2026-04-22 08:59:35,1,Sony Compact Bluetooth Speaker
SRCH_001171,CUST_00951,ultrabooks,Laptops,2026-06-04 14:29:35,1,Apple Creator Studio Laptop 4K OLED - Rose Gold
SRCH_001172,CUST_02024,technology,Books,2026-04-21 14:25:35,1,HarperCollins Python Machine Learning & AI Mastery - Classic Beige
SRCH_001173,CUST_00024,mobiles,Mobiles,2026-05-21 23:47:35,1,Motorola Sleek Curve Screen 5G Phone
SRCH_001174,CUST_00530,men's clothing,Fashion,2026-03-31 14:37:35,1,Raymond Casual Stretch Chino Trousers - Navy Blue
SRCH_001175,CUST_02380,home,Home,2026-04-12 18:09:35,1,Philips Smart LED Color Ambient Bulb
SRCH_001176,CUST_02153,business & finance,Books,2026-04-03 18:57:35,1,Random House The Psychology of Money - Rose Gold
SRCH_001177,CUST_01570,office,Furniture,2026-04-13 22:38:35,1,Godrej Interio Minimalist Nesting Coffee Tables - Pearl White
SRCH_001178,CUST_02514,mid-range,Mobiles,2026-08-11 13:34:35,1,Apple Sleek Curve Screen 5G Phone - Pearl White
SRCH_001179,CUST_02692,makeup,Beauty,2026-04-14 19:00:35,1,Minimalist Matte Velvet Long-Stay Lipstick
SRCH_001180,CUST_00913,lighting,Home,2026-07-31 14:38:35,1,Spaces Smart LED Color Ambient Bulb - Rose Gold
SRCH_001181,CUST_02220,office,Furniture,2026-06-03 14:47:35,1,Wakefit Minimalist Nesting Coffee Tables - Silver
SRCH_001182,CUST_02447,cookware,Kitchen,2026-08-01 05:21:35,1,Wonderchef Electric Rapid Air Fryer 4.5L
SRCH_001183,CUST_02329,sneakers,Footwear,2026-03-21 01:00:35,1,Reebok Waterproof Outdoor Hiking Boots
SRCH_001184,CUST_00690,men's clothing,Fashion,2026-06-01 08:43:35,1,Raymond Floral Print Maxi Summer Dress
SRCH_001185,CUST_02322,accessories,Accessories,2026-05-20 09:03:35,1,Logitech Water-Resistant Laptop Backpack 15.6-inch - Crimson Red
SRCH_001186,CUST_02999,business & finance,Books,2026-05-09 21:07:35,1,Bloomsbury Designing Data-Intensive Applications - Olive Green
SRCH_001187,CUST_00495,smart devices,Electronics,2026-05-22 14:09:35,1,Samsung Noise Cancelling Wireless Earbuds - Pearl White
SRCH_001188,CUST_01843,winterwear,Fashion,2026-08-06 09:33:35,1,FabIndia Denim Trucker Jacket
SRCH_001189,CUST_02521,smart devices,Electronics,2026-08-20 20:02:35,1,Sennheiser Smart Home Voice Hub - Olive Green
SRCH_001190,CUST_02757,small appliances,Kitchen,2026-05-27 05:13:35,1,Philips Electric Rapid Air Fryer 4.5L - Midnight Black
SRCH_001191,CUST_02556,sports,Sports,2026-04-30 16:53:35,1,Cosco Extra Thick Non-Slip Eco Yoga Mat
SRCH_001192,CUST_01467,shaving & grooming,Personal Care,2026-09-07 15:39:35,1,Oral-B Deep Cleansing Charcoal Body Wash 500ml - Midnight Black
SRCH_001193,CUST_00544,books,Books,2026-07-27 07:28:35,1,Random House Designing Data-Intensive Applications - Midnight Black
SRCH_001194,CUST_02276,mid-range,Mobiles,2026-07-19 19:07:35,1,OnePlus Smooth Display Mid-Range 5G - Navy Blue
SRCH_001195,CUST_02262,footwear,Footwear,2026-09-07 15:17:35,1,Puma Classic Low-Top Canvas Sneakers - Rose Gold
SRCH_001196,CUST_00177,accessories,Gaming,2026-06-05 18:59:35,1,Razer RGB Mechanical Gaming Keyboard
SRCH_001197,CUST_01850,technology,Books,2026-08-22 16:12:35,1,Penguin Atomic Habits: Build Good Habits
SRCH_001198,CUST_01930,smart devices,Electronics,2026-07-04 14:15:35,1,Bose Noise Cancelling Wireless Earbuds
SRCH_001199,CUST_00555,care,Personal Care,2026-04-25 10:41:35,1,Gillette Sonic Electric Toothbrush with Timer
SRCH_001200,CUST_02971,makeup,Beauty,2026-05-12 02:24:35,1,L'Oreal Matte Liquid Longwear Foundation - Olive Green
SRCH_001201,CUST_02384,sneakers,Footwear,2026-05-27 17:23:35,1,Clarks Genuine Leather Oxford Shoes
SRCH_001202,CUST_02782,sneakers,Footwear,2026-04-14 08:39:35,1,Bata Comfort Walking Slip-On Shoes - Rose Gold
SRCH_001203,CUST_01373,kitchen,Kitchen,2026-07-16 03:28:35,1,Pigeon Heavy-Duty 750W Mixer Grinder
SRCH_001204,CUST_00864,student laptops,Laptops,2026-05-17 10:29:35,1,Lenovo Student Essential Laptop
SRCH_001205,CUST_00505,beauty,Beauty,2026-06-07 04:34:35,1,The Ordinary Matte Velvet Long-Stay Lipstick
SRCH_001206,CUST_01466,ultrabooks,Laptops,2026-04-18 22:57:35,1,Asus Business Productivity Notebook
SRCH_001207,CUST_02426,men's clothing,Fashion,2026-03-17 04:45:35,1,H&M Denim Trucker Jacket - Midnight Black
SRCH_001208,CUST_01203,skincare,Beauty,2026-06-05 19:49:35,1,Nivea Luxury Eau De Parfum 100ml
SRCH_001209,CUST_01746,fashion,Fashion,2026-06-15 03:42:35,1,Puma Casual Stretch Chino Trousers
SRCH_001210,CUST_01067,audio,Electronics,2026-03-13 01:41:35,1,Sony 4K Ultra HD Smart TV 55-inch - Classic Beige
SRCH_001211,CUST_01300,running shoes,Footwear,2026-05-30 22:12:35,1,Adidas Cushioned Running Shoes - Silver
SRCH_001212,CUST_02290,fashion,Fashion,2026-04-30 22:48:35,1,FabIndia Denim Trucker Jacket
SRCH_001213,CUST_00957,running shoes,Footwear,2026-05-12 20:46:35,1,Nike Genuine Leather Oxford Shoes - Crimson Red
SRCH_001214,CUST_01813,furniture,Furniture,2026-05-17 02:22:35,1,IKEA Modern Engineered Wood Computer Desk - Rose Gold
SRCH_001215,CUST_01431,footwear,Footwear,2026-03-13 04:52:35,1,Nike Genuine Leather Oxford Shoes - Crimson Red
SRCH_001216,CUST_02575,electronics,Electronics,2026-04-19 00:40:35,1,Bose Bass Soundbar with Subwoofer - Midnight Black
SRCH_001217,CUST_01557,student laptops,Laptops,2026-05-14 09:03:35,1,Acer Ultra-Slim Metal Ultrabook - Space Gray
SRCH_001218,CUST_00836,personal,Personal Care,2026-08-16 18:12:35,1,Philips Deep Cleansing Charcoal Body Wash 500ml - Pearl White
SRCH_001219,CUST_02813,beverages,Grocery,2026-05-19 15:15:35,1,Nestle Roasted California Almonds 500g - Rose Gold
SRCH_001220,CUST_02208,beauty,Beauty,2026-05-08 18:15:35,1,Maybelline Keratin Smoothing Hair Mask
SRCH_001221,CUST_01197,laptops,Laptops,2026-05-18 21:50:35,1,Apple Business Productivity Notebook - Crimson Red
SRCH_001222,CUST_00105,sneakers,Footwear,2026-07-08 11:26:35,1,Bata Genuine Leather Oxford Shoes - Navy Blue
SRCH_001223,CUST_01320,gaming,Gaming,2026-04-08 01:25:35,1,PlayStation Wireless Haptic Feedback Gaming Controller - Olive Green
SRCH_001224,CUST_00336,shaving & grooming,Personal Care,2026-05-04 20:56:35,1,Colgate Deep Cleansing Charcoal Body Wash 500ml - Charcoal
SRCH_001225,CUST_00839,care,Personal Care,2026-04-23 11:08:35,1,Colgate Gentle Sulfate-Free Moisturizing Body Lotion - Midnight Black
SRCH_001226,CUST_02735,running shoes,Footwear,2026-04-20 22:36:35,1,Adidas Waterproof Outdoor Hiking Boots
SRCH_001227,CUST_02790,bags & backpacks,Accessories,2026-07-03 06:46:35,1,American Tourister Shockproof Clear Phone Case - Crimson Red
SRCH_001228,CUST_02513,men's clothing,Fashion,2026-08-30 11:05:35,1,Zara Denim Trucker Jacket
SRCH_001229,CUST_00911,furniture,Furniture,2026-08-26 16:46:35,1,Urban Ladder Ergonomic Mesh High-Back Office Chair
SRCH_001230,CUST_01458,fashion,Fashion,2026-08-15 07:43:35,1,Zara Floral Print Maxi Summer Dress - Crimson Red
SRCH_001231,CUST_01879,storage & containers,Kitchen,2026-08-11 21:39:35,1,Pigeon Airtight Glass Food Storage Jars - Crimson Red
SRCH_001232,CUST_00620,electronics,Electronics,2026-05-08 18:53:35,1,Bose Noise Cancelling Wireless Earbuds
SRCH_001233,CUST_02481,storage & containers,Kitchen,2026-05-05 14:18:35,1,Milton Heavy-Duty 750W Mixer Grinder
SRCH_001234,CUST_02358,personal,Personal Care,2026-03-18 19:27:35,1,Gillette Cordless Rechargeable Beard Trimmer - Olive Green
SRCH_001235,CUST_00041,books,Books,2026-06-05 09:21:35,1,O'Reilly Python Machine Learning & AI Mastery
SRCH_001236,CUST_02043,accessories,Gaming,2026-04-16 02:45:35,1,Razer Next-Gen Home Gaming Console 1TB
SRCH_001237,CUST_02210,small appliances,Kitchen,2026-04-13 15:20:35,1,Milton Stainless Steel Chef Knife Set - Charcoal
SRCH_001238,CUST_00161,wearables,Electronics,2026-06-01 18:42:35,1,Sony Noise Cancelling Wireless Earbuds - Rose Gold
SRCH_001239,CUST_02153,shaving & grooming,Personal Care,2026-06-13 01:22:35,1,Philips Cordless Rechargeable Beard Trimmer
SRCH_001240,CUST_00689,footwear,Footwear,2026-03-21 13:31:35,1,Bata Genuine Leather Oxford Shoes - Navy Blue
SRCH_001241,CUST_02006,home,Home,2026-03-14 08:38:35,1,Solimo Velvet Touch Blackout Window Curtains
SRCH_001242,CUST_02446,electronics,Electronics,2026-08-22 15:38:35,1,Samsung Digital Mirrorless Camera
SRCH_001243,CUST_00946,yoga,Sports,2026-05-09 09:44:35,1,Boldfit Anti-Burst Gym Exercise Ball with Pump - Crimson Red
SRCH_001244,CUST_01069,television,Electronics,2026-03-17 05:43:35,1,Samsung Noise Cancelling Wireless Earbuds - Silver
SRCH_001245,CUST_02310,accessories,Accessories,2026-08-21 12:30:35,1,American Tourister Ergonomic Silent Wireless Mouse
SRCH_001246,CUST_00138,bags & backpacks,Accessories,2026-07-26 12:43:35,1,Logitech Ergonomic Silent Wireless Mouse
SRCH_001247,CUST_02217,mobiles,Mobiles,2026-07-04 17:35:35,1,OnePlus NextGen Smartphone Pro Max
SRCH_001248,CUST_00629,gaming laptops,Laptops,2026-04-02 04:59:35,1,Asus Business Productivity Notebook - Crimson Red
SRCH_001249,CUST_02795,mid-range,Mobiles,2026-08-10 08:12:35,1,Realme Battery King Phone 6000mAh - Crimson Red
SRCH_001250,CUST_00716,footwear,Footwear,2026-04-04 21:28:35,1,Puma Classic Low-Top Canvas Sneakers - Rose Gold
SRCH_001251,CUST_01923,decor,Home,2026-07-08 21:25:35,1,IKEA Smart LED Color Ambient Bulb
SRCH_001252,CUST_01225,television,Electronics,2026-03-13 22:48:35,1,JBL Smart Fitness Watch
SRCH_001253,CUST_01458,sports,Sports,2026-08-31 19:22:35,1,Nivia Carbon Fiber Badminton Racket
SRCH_001254,CUST_00263,office,Furniture,2026-05-06 08:18:35,1,Wakefit Minimalist Nesting Coffee Tables - Rose Gold
SRCH_001255,CUST_01077,student laptops,Laptops,2026-07-17 20:32:35,1,Apple Creator Studio Laptop 4K OLED
SRCH_001256,CUST_01745,budget,Mobiles,2026-03-29 17:04:35,1,Realme NextGen Smartphone Pro Max - Navy Blue
SRCH_001257,CUST_02744,sneakers,Footwear,2026-04-22 05:48:35,1,Adidas Genuine Leather Oxford Shoes
SRCH_001258,CUST_00516,accessories,Gaming,2026-04-10 13:26:35,1,Corsair Wireless Haptic Feedback Gaming Controller - Classic Beige
SRCH_001259,CUST_02666,running shoes,Footwear,2026-06-26 01:06:35,1,Nike Comfort Walking Slip-On Shoes - Pearl White
SRCH_001260,CUST_00001,lighting,Home,2026-07-17 12:49:35,1,IKEA 100% Cotton 300TC Double Bed Sheet - Pearl White
SRCH_001261,CUST_01696,shaving & grooming,Personal Care,2026-07-31 21:45:35,1,Dettol Deep Cleansing Charcoal Body Wash 500ml - Charcoal
SRCH_001262,CUST_01481,wearables,Electronics,2026-07-18 02:58:35,1,LG Compact Bluetooth Speaker - Silver
SRCH_001263,CUST_01540,fashion,Fashion,2026-08-03 21:51:35,1,Levis Floral Print Maxi Summer Dress - Classic Beige
SRCH_001264,CUST_01203,mobile accessories,Accessories,2026-09-02 00:08:35,1,Portronics Ergonomic Silent Wireless Mouse
SRCH_001265,CUST_00829,budget,Mobiles,2026-07-17 10:57:35,1,Apple Smooth Display Mid-Range 5G
SRCH_001266,CUST_01693,electronics,Electronics,2026-06-06 06:24:35,1,Samsung Digital Mirrorless Camera - Space Gray
SRCH_001267,CUST_02416,skincare,Beauty,2026-06-17 12:01:35,1,L'Oreal Matte Liquid Longwear Foundation
SRCH_001268,CUST_01999,makeup,Beauty,2026-04-01 08:39:35,1,The Ordinary Matte Velvet Long-Stay Lipstick - Charcoal
SRCH_001269,CUST_00299,beverages,Grocery,2026-03-29 03:53:35,1,Nestle Roasted California Almonds 500g - Rose Gold
SRCH_001270,CUST_02156,bedding,Home,2026-05-20 07:50:35,1,IKEA Velvet Touch Blackout Window Curtains
SRCH_001271,CUST_02859,personal,Personal Care,2026-04-14 17:25:35,1,Dove Sonic Electric Toothbrush with Timer - Space Gray
SRCH_001272,CUST_02815,care,Personal Care,2026-08-05 02:46:35,1,Dettol Cordless Rechargeable Beard Trimmer - Classic Beige
SRCH_001273,CUST_02786,lighting,Home,2026-09-07 16:06:35,1,Spaces 100% Cotton 300TC Double Bed Sheet - Rose Gold
SRCH_001274,CUST_00989,gaming,Gaming,2026-03-21 22:45:35,1,Logitech G Surround Sound Gaming Headset with Mic
SRCH_001275,CUST_01202,audio,Electronics,2026-04-12 12:33:35,1,Samsung 4K Ultra HD Smart TV 55-inch - Rose Gold
SRCH_001276,CUST_00709,bags & backpacks,Accessories,2026-06-01 16:34:35,1,American Tourister Ergonomic Silent Wireless Mouse
SRCH_001277,CUST_02869,cookware,Kitchen,2026-06-18 02:58:35,1,Pigeon Heavy-Duty 750W Mixer Grinder - Charcoal
SRCH_001278,CUST_02009,mid-range,Mobiles,2026-06-10 11:35:35,1,Apple Pure Android Experience 5G
SRCH_001279,CUST_01459,bath & body,Personal Care,2026-03-30 05:17:35,1,Colgate Deep Cleansing Charcoal Body Wash 500ml
SRCH_001280,CUST_02632,men's clothing,Fashion,2026-08-05 23:12:35,1,FabIndia Tailored Formal Oxford Shirt - Rose Gold
SRCH_001281,CUST_00113,kitchen,Kitchen,2026-08-20 01:23:35,1,Wonderchef Heavy-Duty 750W Mixer Grinder - Pearl White
SRCH_001282,CUST_01459,shaving & grooming,Personal Care,2026-03-26 09:38:35,1,Dettol Cordless Rechargeable Beard Trimmer - Charcoal
SRCH_001283,CUST_02499,footwear,Footwear,2026-07-01 10:07:35,1,Nike Comfort Walking Slip-On Shoes
SRCH_001284,CUST_00494,living room,Furniture,2026-08-29 11:37:35,1,Wakefit Ergonomic Mesh High-Back Office Chair
SRCH_001285,CUST_00335,audio,Electronics,2026-08-18 16:35:35,1,Samsung Compact Bluetooth Speaker - Rose Gold
SRCH_001286,CUST_01864,technology,Books,2026-08-20 23:13:35,1,Random House The Psychology of Money - Rose Gold
SRCH_001287,CUST_02047,furniture,Furniture,2026-08-12 10:29:35,1,Urban Ladder Minimalist Nesting Coffee Tables
SRCH_001288,CUST_02662,furniture,Furniture,2026-08-04 21:02:35,1,Urban Ladder Contemporary 3-Seater Fabric Sofa - Rose Gold
SRCH_001289,CUST_00959,grocery,Grocery,2026-03-25 18:15:35,1,Organic India Roasted California Almonds 500g - Crimson Red
SRCH_001290,CUST_01376,accessories,Gaming,2026-04-09 11:59:35,1,Logitech G RGB Mechanical Gaming Keyboard - Navy Blue
SRCH_001291,CUST_01210,ultrabooks,Laptops,2026-05-05 15:02:35,1,Apple Creator Studio Laptop 4K OLED - Midnight Black
SRCH_001292,CUST_01869,men's clothing,Fashion,2026-04-27 04:14:35,1,H&M Floral Print Maxi Summer Dress - Olive Green
SRCH_001293,CUST_00031,gaming,Gaming,2026-04-28 09:51:35,1,Razer Ultra-Lightweight 8KHz Optical Gaming Mouse
SRCH_001294,CUST_02984,beverages,Grocery,2026-07-28 12:19:35,1,Saffola Organic Raw Honey 500g - Crimson Red
SRCH_001295,CUST_01961,grocery,Grocery,2026-06-22 05:49:35,1,Organic India Artisan Dark Roasted Arabica Coffee Beans 250g
SRCH_001296,CUST_02225,decor,Home,2026-06-03 04:22:35,1,Spaces 100% Cotton 300TC Double Bed Sheet - Space Gray
SRCH_001297,CUST_01015,winterwear,Fashion,2026-05-31 01:33:35,1,Adidas Denim Trucker Jacket - Midnight Black
SRCH_001298,CUST_02471,bedding,Home,2026-06-13 09:41:35,1,Spaces Smart LED Color Ambient Bulb - Rose Gold
SRCH_001299,CUST_02945,fashion,Fashion,2026-09-03 02:54:35,1,Adidas Floral Print Maxi Summer Dress - Silver
SRCH_001300,CUST_01729,home,Home,2026-06-13 18:54:35,1,Solimo 100% Cotton 300TC Double Bed Sheet
SRCH_001301,CUST_02376,student laptops,Laptops,2026-07-17 01:10:35,1,HP Creator Studio Laptop 4K OLED - Pearl White
SRCH_001302,CUST_02619,mid-range,Mobiles,2026-08-26 00:49:35,1,Apple Sleek Curve Screen 5G Phone
SRCH_001303,CUST_00587,books,Books,2026-04-06 01:32:35,1,Penguin Designing Data-Intensive Applications - Midnight Black
SRCH_001304,CUST_01216,makeup,Beauty,2026-07-27 12:52:35,1,Nivea Luxury Eau De Parfum 100ml - Space Gray
SRCH_001305,CUST_00152,running shoes,Footwear,2026-03-25 22:40:35,1,Reebok Cushioned Running Shoes - Classic Beige
SRCH_001306,CUST_00411,television,Electronics,2026-04-29 16:06:35,1,Samsung Noise Cancelling Wireless Earbuds - Silver
SRCH_001307,CUST_01839,technology,Books,2026-06-17 09:02:35,1,O'Reilly Python Machine Learning & AI Mastery
SRCH_001308,CUST_00323,mobiles,Mobiles,2026-04-27 18:51:35,1,Apple Sleek Curve Screen 5G Phone
SRCH_001309,CUST_00599,running shoes,Footwear,2026-07-12 07:08:35,1,Puma Cushioned Running Shoes - Crimson Red
SRCH_001310,CUST_02187,running shoes,Footwear,2026-06-17 02:31:35,1,Nike Comfort Walking Slip-On Shoes - Pearl White
SRCH_001311,CUST_02100,gaming laptops,Laptops,2026-08-27 14:22:35,1,Acer Ultra-Slim Metal Ultrabook
SRCH_001312,CUST_01627,bags & backpacks,Accessories,2026-06-04 03:35:35,1,American Tourister Magnetic Qi Fast Wireless Charger Stand
SRCH_001313,CUST_01384,footwear,Footwear,2026-06-03 07:42:35,1,Puma Cushioned Running Shoes - Olive Green
SRCH_001314,CUST_02331,makeup,Beauty,2026-05-03 21:03:35,1,Maybelline Matte Velvet Long-Stay Lipstick - Silver
SRCH_001315,CUST_02536,kitchen,Kitchen,2026-08-21 10:33:35,1,Hawkins Hard Anodized Non-Stick Cookware Set - Pearl White
SRCH_001316,CUST_01773,accessories,Accessories,2026-07-07 23:49:35,1,Logitech Shockproof Clear Phone Case
SRCH_001317,CUST_01163,office,Furniture,2026-05-25 15:56:35,1,Urban Ladder Contemporary 3-Seater Fabric Sofa - Rose Gold
SRCH_001318,CUST_02374,men's clothing,Fashion,2026-03-18 00:42:35,1,H&M Floral Print Maxi Summer Dress - Olive Green
SRCH_001319,CUST_02820,storage & containers,Kitchen,2026-05-07 13:08:35,1,Philips Electric Rapid Air Fryer 4.5L - Midnight Black
SRCH_001320,CUST_00637,mobiles,Mobiles,2026-08-05 01:14:35,1,Apple Sleek Curve Screen 5G Phone
SRCH_001321,CUST_02428,winterwear,Fashion,2026-04-13 12:34:35,1,Puma Floral Print Maxi Summer Dress - Space Gray
SRCH_001322,CUST_01736,television,Electronics,2026-08-21 23:50:35,1,Samsung Noise Cancelling Wireless Earbuds - Silver
SRCH_001323,CUST_01265,student laptops,Laptops,2026-08-31 00:33:35,1,Lenovo Pro Gaming Laptop RTX 4070 - Midnight Black
SRCH_001324,CUST_01311,fashion,Fashion,2026-05-01 01:00:35,1,FabIndia Solid Crew Neck Cotton T-Shirt - Midnight Black
SRCH_001325,CUST_00090,fashion,Fashion,2026-04-21 03:29:35,1,FabIndia Floral Print Maxi Summer Dress - Midnight Black
SRCH_001326,CUST_02799,electronics,Electronics,2026-07-14 02:09:35,1,JBL Smart Fitness Watch
SRCH_001327,CUST_01516,mid-range,Mobiles,2026-04-30 00:25:35,1,Samsung Smartphone Ultra 5G - Space Gray
SRCH_001328,CUST_02722,personal care,Personal Care,2026-06-25 20:19:35,1,Philips Cordless Rechargeable Beard Trimmer
SRCH_001329,CUST_01761,office,Furniture,2026-07-31 06:14:35,1,Sleepyhead Minimalist Nesting Coffee Tables
SRCH_001330,CUST_01378,electronics,Electronics,2026-04-19 06:54:35,1,LG Action Camera 4K Waterproof
SRCH_001331,CUST_02762,kitchen,Kitchen,2026-04-08 05:56:35,1,Prestige Electric Rapid Air Fryer 4.5L
SRCH_001332,CUST_00246,gaming,Gaming,2026-08-30 23:22:35,1,Razer RGB Mechanical Gaming Keyboard
SRCH_001333,CUST_01902,ultrabooks,Laptops,2026-08-12 01:40:35,1,Apple Student Essential Laptop
SRCH_001334,CUST_02881,running shoes,Footwear,2026-07-11 06:43:35,1,Reebok Cushioned Running Shoes - Classic Beige
SRCH_001335,CUST_02906,accessories,Accessories,2026-05-05 02:33:35,1,Portronics Water-Resistant Laptop Backpack 15.6-inch
SRCH_001336,CUST_02116,snacks,Grocery,2026-06-25 11:01:35,1,Tata Organic Green Tea Herbal Infusion 100 Bags
SRCH_001337,CUST_01453,furniture,Furniture,2026-04-29 13:30:35,1,Urban Ladder Ergonomic Mesh High-Back Office Chair
SRCH_001338,CUST_02381,television,Electronics,2026-04-29 00:16:35,1,LG 4K Ultra HD Smart TV 55-inch - Olive Green
SRCH_001339,CUST_00520,books,Books,2026-06-19 21:44:35,1,O'Reilly Designing Data-Intensive Applications - Space Gray
SRCH_001340,CUST_02654,accessories,Gaming,2026-04-23 17:44:35,1,SteelSeries Surround Sound Gaming Headset with Mic - Classic Beige
SRCH_001341,CUST_02627,books,Books,2026-07-18 13:37:35,1,HarperCollins Atomic Habits: Build Good Habits - Charcoal
SRCH_001342,CUST_01794,winterwear,Fashion,2026-07-06 02:26:35,1,Adidas Denim Trucker Jacket - Midnight Black
SRCH_001343,CUST_00560,bath & body,Personal Care,2026-08-11 20:44:35,1,Oral-B Cordless Rechargeable Beard Trimmer - Navy Blue
SRCH_001344,CUST_02475,books,Books,2026-09-03 01:53:35,1,O'Reilly The Psychology of Money - Charcoal
SRCH_001345,CUST_01608,winterwear,Fashion,2026-07-08 16:17:35,1,Adidas Floral Print Maxi Summer Dress - Silver
SRCH_001346,CUST_02811,bedding,Home,2026-04-03 18:57:35,1,Philips Handwoven Boho Area Rug
SRCH_001347,CUST_01695,business & finance,Books,2026-08-18 00:36:35,1,Penguin Atomic Habits: Build Good Habits
SRCH_001348,CUST_01400,fragrances,Beauty,2026-05-17 05:19:35,1,Minimalist Luxury Eau De Parfum 100ml - Crimson Red
SRCH_001349,CUST_02010,men's clothing,Fashion,2026-03-31 06:05:35,1,Adidas Floral Print Maxi Summer Dress - Midnight Black
SRCH_001350,CUST_00197,electronics,Electronics,2026-03-15 20:47:35,1,Bose Bass Soundbar with Subwoofer - Midnight Black
SRCH_001351,CUST_00544,gaming laptops,Laptops,2026-06-01 10:37:35,1,Apple Business Productivity Notebook - Pearl White
SRCH_001352,CUST_02627,business & finance,Books,2026-04-28 12:36:35,1,O'Reilly Deep Work: Focused Success in a Distracted World - Crimson Red
SRCH_001353,CUST_01653,living room,Furniture,2026-08-25 08:21:35,1,Sleepyhead Ergonomic Mesh High-Back Office Chair
SRCH_001354,CUST_01865,technology,Books,2026-07-03 22:53:35,1,O'Reilly Python Machine Learning & AI Mastery
SRCH_001355,CUST_01229,makeup,Beauty,2026-08-25 21:22:35,1,Maybelline Luxury Eau De Parfum 100ml - Rose Gold
SRCH_001356,CUST_02739,mid-range,Mobiles,2026-07-24 13:05:35,1,Samsung Sleek Curve Screen 5G Phone - Olive Green
SRCH_001357,CUST_01326,home,Home,2026-04-06 20:12:35,1,Spaces Collapsible Fabric Storage Organizers
SRCH_001358,CUST_00466,small appliances,Kitchen,2026-05-10 16:06:35,1,Wonderchef Heavy-Duty 750W Mixer Grinder - Pearl White
SRCH_001359,CUST_01364,cookware,Kitchen,2026-03-14 01:14:35,1,Wonderchef Electric Rapid Air Fryer 4.5L
SRCH_001360,CUST_02643,beverages,Grocery,2026-06-22 14:20:35,1,Nestle Roasted California Almonds 500g - Rose Gold
SRCH_001361,CUST_00275,winterwear,Fashion,2026-07-27 15:22:35,1,H&M Handcrafted Cotton Kurta - Rose Gold
SRCH_001362,CUST_00837,personal care,Personal Care,2026-06-14 05:27:35,1,Dettol Gentle Sulfate-Free Moisturizing Body Lotion - Space Gray
SRCH_001363,CUST_02737,office,Furniture,2026-06-18 16:40:35,1,Sleepyhead Orthopedic Memory Foam Mattress 6-inch - Olive Green
SRCH_001364,CUST_02538,gaming laptops,Laptops,2026-08-30 04:32:35,1,HP Ultra-Slim Metal Ultrabook - Charcoal
SRCH_001365,CUST_02945,fashion,Fashion,2026-08-14 14:00:35,1,FabIndia Floral Print Maxi Summer Dress
SRCH_001366,CUST_02805,office,Furniture,2026-06-30 12:47:35,1,Urban Ladder Modern Engineered Wood Computer Desk - Olive Green
SRCH_001367,CUST_01070,grocery,Grocery,2026-04-28 20:58:35,1,Nestle Cold-Pressed Extra Virgin Olive Oil 1L - Charcoal
SRCH_001368,CUST_02164,running shoes,Footwear,2026-03-27 23:57:35,1,Adidas Cushioned Running Shoes - Silver
SRCH_001369,CUST_00199,accessories,Gaming,2026-03-27 14:01:35,1,Logitech G Surround Sound Gaming Headset with Mic
SRCH_001370,CUST_00795,footwear,Footwear,2026-05-02 15:27:35,1,Nike Comfort Walking Slip-On Shoes - Pearl White
SRCH_001371,CUST_01448,ultrabooks,Laptops,2026-06-21 15:05:35,1,Apple Creator Studio Laptop 4K OLED
SRCH_001372,CUST_02827,bedding,Home,2026-08-18 04:07:35,1,Spaces Smart LED Color Ambient Bulb - Rose Gold
SRCH_001373,CUST_01336,bedding,Home,2026-06-30 07:58:35,1,IKEA Velvet Touch Blackout Window Curtains - Midnight Black
SRCH_001374,CUST_01372,home,Home,2026-06-21 20:53:35,1,IKEA 100% Cotton 300TC Double Bed Sheet
SRCH_001375,CUST_01741,technology,Books,2026-05-18 06:45:35,1,Penguin Atomic Habits: Build Good Habits - Crimson Red
SRCH_001376,CUST_02703,grocery,Grocery,2026-04-26 02:26:35,1,Saffola Organic Green Tea Herbal Infusion 100 Bags
SRCH_001377,CUST_02557,accessories,Gaming,2026-04-14 03:48:35,1,Logitech G RGB Mechanical Gaming Keyboard - Classic Beige
SRCH_001378,CUST_01501,snacks,Grocery,2026-06-07 19:48:35,1,Tata Organic Green Tea Herbal Infusion 100 Bags - Olive Green
SRCH_001379,CUST_00290,student laptops,Laptops,2026-06-12 23:25:35,1,Asus Creator Studio Laptop 4K OLED - Crimson Red
SRCH_001380,CUST_01619,accessories,Gaming,2026-05-27 08:24:35,1,Razer Wireless Haptic Feedback Gaming Controller - Silver
SRCH_001381,CUST_01969,beverages,Grocery,2026-06-27 02:14:35,1,Organic India Organic Green Tea Herbal Infusion 100 Bags - Olive Green
SRCH_001382,CUST_02459,decor,Home,2026-05-01 16:02:35,1,Solimo 100% Cotton 300TC Double Bed Sheet - Silver
SRCH_001383,CUST_02135,lighting,Home,2026-07-01 00:46:35,1,Philips Handwoven Boho Area Rug
SRCH_001384,CUST_01538,shaving & grooming,Personal Care,2026-07-30 19:54:35,1,Oral-B Gentle Sulfate-Free Moisturizing Body Lotion
SRCH_001385,CUST_00854,gaming,Gaming,2026-04-09 07:15:35,1,Xbox Surround Sound Gaming Headset with Mic - Olive Green
SRCH_001386,CUST_01562,accessories,Gaming,2026-06-03 23:33:35,1,Corsair Wireless Haptic Feedback Gaming Controller - Classic Beige
SRCH_001387,CUST_01009,sports,Sports,2026-06-04 01:51:35,1,Nivia Quick Dry Athletic Training Shorts - Midnight Black
SRCH_001388,CUST_00771,bath & body,Personal Care,2026-08-16 16:11:35,1,Philips Cordless Rechargeable Beard Trimmer
SRCH_001389,CUST_00014,accessories,Gaming,2026-03-20 16:35:35,1,Razer Surround Sound Gaming Headset with Mic
SRCH_001390,CUST_02919,mid-range,Mobiles,2026-07-18 18:07:35,1,Google Pure Android Experience 5G - Pearl White
SRCH_001391,CUST_01736,electronics,Electronics,2026-06-22 10:49:35,1,Samsung Compact Bluetooth Speaker - Rose Gold
SRCH_001392,CUST_01971,bags & backpacks,Accessories,2026-04-08 15:28:35,1,Spigen Shockproof Clear Phone Case - Charcoal
SRCH_001393,CUST_01808,gaming,Gaming,2026-08-16 01:58:35,1,Xbox Next-Gen Home Gaming Console 1TB - Silver
SRCH_001394,CUST_00748,shaving & grooming,Personal Care,2026-05-23 21:21:35,1,Dettol Deep Cleansing Charcoal Body Wash 500ml - Charcoal
SRCH_001395,CUST_00715,electronics,Electronics,2026-05-22 22:41:35,1,LG Action Camera 4K Waterproof
SRCH_001396,CUST_01729,decor,Home,2026-06-05 04:08:35,1,IKEA Velvet Touch Blackout Window Curtains
SRCH_001397,CUST_00821,outdoor sports,Sports,2026-07-03 07:21:35,1,Cosco Extra Thick Non-Slip Eco Yoga Mat
SRCH_001398,CUST_00340,small appliances,Kitchen,2026-06-26 13:38:35,1,Pigeon Electric Rapid Air Fryer 4.5L
SRCH_001399,CUST_02502,kitchen,Kitchen,2026-08-07 15:47:35,1,Philips Electric Rapid Air Fryer 4.5L - Midnight Black
SRCH_001400,CUST_02474,decor,Home,2026-03-18 20:58:35,1,Solimo Velvet Touch Blackout Window Curtains - Classic Beige
SRCH_001401,CUST_00158,electronics,Electronics,2026-03-16 17:36:35,1,Samsung 4K Ultra HD Smart TV 55-inch - Rose Gold
SRCH_001402,CUST_01914,running shoes,Footwear,2026-05-21 05:23:35,1,Nike Comfort Walking Slip-On Shoes
SRCH_001403,CUST_02279,personal,Personal Care,2026-06-02 19:43:35,1,Gillette Sonic Electric Toothbrush with Timer
SRCH_001404,CUST_01109,gaming laptops,Laptops,2026-04-30 15:33:35,1,HP Pro Gaming Laptop RTX 4070
SRCH_001405,CUST_00136,student laptops,Laptops,2026-06-05 22:33:35,1,HP Creator Studio Laptop 4K OLED - Pearl White
SRCH_001406,CUST_02772,footwear,Footwear,2026-04-11 21:55:35,1,Nike Comfort Walking Slip-On Shoes - Pearl White
SRCH_001407,CUST_01584,business & finance,Books,2026-07-20 23:24:35,1,Bloomsbury Python Machine Learning & AI Mastery - Charcoal
SRCH_001408,CUST_02943,laptops,Laptops,2026-07-19 13:26:35,1,Acer Ultra-Slim Metal Ultrabook - Olive Green
SRCH_001409,CUST_00766,mobile accessories,Accessories,2026-09-01 01:44:35,1,Anker 9H Tempered Glass Screen Protector (2-Pack)
SRCH_001410,CUST_00285,kitchen,Kitchen,2026-08-16 20:22:35,1,Milton Stainless Steel Chef Knife Set - Charcoal
SRCH_001411,CUST_01016,mobiles,Mobiles,2026-08-21 00:55:35,1,Xiaomi Smooth Display Mid-Range 5G
SRCH_001412,CUST_00862,smart devices,Electronics,2026-08-02 10:37:35,1,Samsung Compact Bluetooth Speaker - Rose Gold
SRCH_001413,CUST_02761,mid-range,Mobiles,2026-05-21 08:56:35,1,Apple Battery King Phone 6000mAh - Rose Gold
SRCH_001414,CUST_02722,personal care,Personal Care,2026-04-23 07:27:35,1,Gillette Sonic Electric Toothbrush with Timer
SRCH_001415,CUST_02719,technology,Books,2026-05-21 13:23:35,1,HarperCollins Atomic Habits: Build Good Habits - Charcoal
SRCH_001416,CUST_01544,electronics,Electronics,2026-04-13 12:22:35,1,LG 4K Ultra HD Smart TV 55-inch - Olive Green
SRCH_001417,CUST_02311,running shoes,Footwear,2026-06-30 11:26:35,1,Clarks Classic Low-Top Canvas Sneakers
SRCH_001418,CUST_00647,grocery,Grocery,2026-07-10 23:20:35,1,Saffola Cold-Pressed Extra Virgin Olive Oil 1L - Crimson Red
SRCH_001419,CUST_01091,accessories,Gaming,2026-04-07 04:50:35,1,Corsair RGB Mechanical Gaming Keyboard - Rose Gold
SRCH_001420,CUST_01229,fragrances,Beauty,2026-07-14 13:02:35,1,The Ordinary Matte Velvet Long-Stay Lipstick - Charcoal
SRCH_001421,CUST_02216,cookware,Kitchen,2026-08-08 20:20:35,1,Hawkins Stainless Steel Chef Knife Set - Space Gray
SRCH_001422,CUST_00196,grocery,Grocery,2026-05-21 16:09:35,1,Tata Cold-Pressed Extra Virgin Olive Oil 1L
SRCH_001423,CUST_01453,outdoor sports,Sports,2026-07-12 10:41:35,1,Decathlon Extra Thick Non-Slip Eco Yoga Mat - Pearl White
SRCH_001424,CUST_00304,bags & backpacks,Accessories,2026-05-14 15:37:35,1,Anker 9H Tempered Glass Screen Protector (2-Pack)
SRCH_001425,CUST_02901,fashion,Fashion,2026-08-03 10:14:35,1,Raymond Casual Stretch Chino Trousers - Navy Blue
SRCH_001426,CUST_00172,small appliances,Kitchen,2026-09-06 09:15:35,1,Wonderchef Airtight Glass Food Storage Jars - Charcoal
SRCH_001427,CUST_02577,mobiles,Mobiles,2026-06-26 18:08:35,1,Motorola NextGen Smartphone Pro Max
SRCH_001428,CUST_02828,lighting,Home,2026-03-23 02:20:35,1,Solimo Smart LED Color Ambient Bulb - Olive Green
SRCH_001429,CUST_00146,shaving & grooming,Personal Care,2026-05-06 08:04:35,1,Gillette Gentle Sulfate-Free Moisturizing Body Lotion
SRCH_001430,CUST_00403,winterwear,Fashion,2026-06-23 15:15:35,1,Adidas Denim Trucker Jacket
SRCH_001431,CUST_01373,small appliances,Kitchen,2026-04-19 10:00:35,1,Prestige Electric Rapid Air Fryer 4.5L
SRCH_001432,CUST_01343,smart devices,Electronics,2026-04-04 17:39:35,1,JBL Digital Mirrorless Camera - Silver
SRCH_001433,CUST_00700,gaming,Gaming,2026-08-01 14:49:35,1,PlayStation Surround Sound Gaming Headset with Mic
SRCH_001434,CUST_00981,kitchen,Kitchen,2026-07-16 17:12:35,1,Pigeon Stainless Steel Chef Knife Set - Midnight Black
SRCH_001435,CUST_01911,yoga,Sports,2026-05-03 01:00:35,1,Nivia Extra Thick Non-Slip Eco Yoga Mat - Pearl White
SRCH_001436,CUST_02288,books,Books,2026-08-30 04:00:35,1,Penguin Designing Data-Intensive Applications
SRCH_001437,CUST_01362,accessories,Gaming,2026-09-05 21:07:35,1,Corsair Ultra-Lightweight 8KHz Optical Gaming Mouse - Navy Blue
SRCH_001438,CUST_00510,ultrabooks,Laptops,2026-04-10 06:57:35,1,HP Ultra-Slim Metal Ultrabook - Charcoal
SRCH_001439,CUST_01791,mobiles,Mobiles,2026-04-06 14:18:35,1,Realme NextGen Smartphone Pro Max - Charcoal
SRCH_001440,CUST_00167,mid-range,Mobiles,2026-05-05 02:27:35,1,Motorola Sleek Curve Screen 5G Phone
SRCH_001441,CUST_02116,snacks,Grocery,2026-03-15 04:47:35,1,Tata Organic Green Tea Herbal Infusion 100 Bags
SRCH_001442,CUST_01155,student laptops,Laptops,2026-06-18 11:13:35,1,Apple Creator Studio Laptop 4K OLED - Midnight Black
SRCH_001443,CUST_02340,shaving & grooming,Personal Care,2026-09-03 17:20:35,1,Philips Cordless Rechargeable Beard Trimmer
SRCH_001444,CUST_02079,kitchen,Kitchen,2026-03-15 06:07:35,1,Pigeon Airtight Glass Food Storage Jars
SRCH_001445,CUST_01718,lighting,Home,2026-06-21 10:48:35,1,Solimo 100% Cotton 300TC Double Bed Sheet
SRCH_001446,CUST_02639,running shoes,Footwear,2026-04-02 15:01:35,1,Reebok Genuine Leather Oxford Shoes
SRCH_001447,CUST_01680,business & finance,Books,2026-07-12 11:26:35,1,Bloomsbury The Psychology of Money
SRCH_001448,CUST_00127,home,Home,2026-07-05 12:30:35,1,IKEA Handwoven Boho Area Rug - Rose Gold
SRCH_001449,CUST_00226,books,Books,2026-04-17 23:19:35,1,Bloomsbury The Psychology of Money
SRCH_001450,CUST_02136,audio,Electronics,2026-07-13 01:00:35,1,LG Compact Bluetooth Speaker - Silver
SRCH_001451,CUST_02326,bags & backpacks,Accessories,2026-08-13 15:42:35,1,American Tourister Magnetic Qi Fast Wireless Charger Stand
SRCH_001452,CUST_01456,accessories,Gaming,2026-07-19 04:01:35,1,Logitech G Surround Sound Gaming Headset with Mic
SRCH_001453,CUST_00771,care,Personal Care,2026-08-13 08:33:35,1,Philips Cordless Rechargeable Beard Trimmer
SRCH_001454,CUST_00371,office,Furniture,2026-04-16 16:02:35,1,Urban Ladder Minimalist Nesting Coffee Tables
SRCH_001455,CUST_01779,television,Electronics,2026-05-08 15:22:35,1,LG Compact Bluetooth Speaker - Silver
SRCH_001456,CUST_00404,wearables,Electronics,2026-06-14 09:23:35,1,JBL Wireless Bluetooth Headphones
SRCH_001457,CUST_01910,fashion,Fashion,2026-08-10 18:47:35,1,Puma Cozy Fleece Pullover Hoodie - Rose Gold
SRCH_001458,CUST_01506,running shoes,Footwear,2026-04-28 06:03:35,1,Clarks Classic Low-Top Canvas Sneakers - Classic Beige
SRCH_001459,CUST_02008,office,Furniture,2026-06-30 01:05:35,1,Sleepyhead Ergonomic Mesh High-Back Office Chair - Classic Beige
SRCH_001460,CUST_02602,cookware,Kitchen,2026-09-02 16:59:35,1,Hawkins Hard Anodized Non-Stick Cookware Set - Pearl White
SRCH_001461,CUST_00255,living room,Furniture,2026-04-28 03:21:35,1,Sleepyhead Ergonomic Mesh High-Back Office Chair
SRCH_001462,CUST_00754,cooking essentials,Grocery,2026-04-16 13:04:35,1,Organic India Artisan Dark Roasted Arabica Coffee Beans 250g
SRCH_001463,CUST_02823,technology,Books,2026-04-28 11:35:35,1,Bloomsbury Designing Data-Intensive Applications - Olive Green
SRCH_001464,CUST_00870,electronics,Electronics,2026-04-03 00:41:35,1,Bose 4K Ultra HD Smart TV 55-inch
SRCH_001465,CUST_01804,ultrabooks,Laptops,2026-08-21 07:45:35,1,Acer Ultra-Slim Metal Ultrabook - Classic Beige
SRCH_001466,CUST_01655,kitchen,Kitchen,2026-07-02 17:20:35,1,Wonderchef Electric Rapid Air Fryer 4.5L
SRCH_001467,CUST_02631,wearables,Electronics,2026-06-15 08:03:35,1,LG Action Camera 4K Waterproof
SRCH_001468,CUST_02869,skincare,Beauty,2026-08-03 05:20:35,1,Maybelline Hydrating Hyaluronic Acid Serum - Navy Blue
SRCH_001469,CUST_00470,fitness equipment,Sports,2026-03-15 04:34:35,1,Cosco Extra Thick Non-Slip Eco Yoga Mat - Olive Green
SRCH_001470,CUST_01675,books,Books,2026-06-02 23:24:35,1,HarperCollins Python Machine Learning & AI Mastery - Classic Beige
SRCH_001471,CUST_00536,smart devices,Electronics,2026-07-15 12:20:35,1,Bose Bass Soundbar with Subwoofer - Midnight Black
SRCH_001472,CUST_00280,technology,Books,2026-05-19 16:55:35,1,Penguin The Psychology of Money
SRCH_001473,CUST_00947,bedding,Home,2026-06-02 07:53:35,1,Solimo 100% Cotton 300TC Double Bed Sheet
SRCH_001474,CUST_00709,mobile accessories,Accessories,2026-07-13 09:30:35,1,Logitech Water-Resistant Laptop Backpack 15.6-inch - Crimson Red
SRCH_001475,CUST_00572,winterwear,Fashion,2026-07-16 10:19:35,1,Adidas Floral Print Maxi Summer Dress - Silver
SRCH_001476,CUST_01610,accessories,Accessories,2026-07-15 12:52:35,1,Anker Shockproof Clear Phone Case - Crimson Red
SRCH_001477,CUST_00930,bath & body,Personal Care,2026-06-09 11:34:35,1,Gillette Cordless Rechargeable Beard Trimmer - Silver
SRCH_001478,CUST_00460,accessories,Gaming,2026-06-29 17:16:35,1,PlayStation Next-Gen Home Gaming Console 1TB - Charcoal
SRCH_001479,CUST_00397,smart devices,Electronics,2026-04-14 06:22:35,1,Sony 4K Ultra HD Smart TV 55-inch - Classic Beige
SRCH_001480,CUST_01626,mid-range,Mobiles,2026-06-30 18:48:35,1,Samsung Sleek Curve Screen 5G Phone - Crimson Red
SRCH_001481,CUST_00485,accessories,Gaming,2026-05-08 18:03:35,1,SteelSeries Next-Gen Home Gaming Console 1TB - Midnight Black
SRCH_001482,CUST_01555,shaving & grooming,Personal Care,2026-04-06 14:45:35,1,Dove Sonic Electric Toothbrush with Timer - Space Gray
SRCH_001483,CUST_00060,accessories,Accessories,2026-08-19 08:36:35,1,American Tourister Magnetic Qi Fast Wireless Charger Stand
SRCH_001484,CUST_02054,controllers,Gaming,2026-09-07 03:14:35,1,Logitech G Next-Gen Home Gaming Console 1TB - Silver
SRCH_001485,CUST_01539,bedding,Home,2026-07-18 19:20:35,1,IKEA Smart LED Color Ambient Bulb
SRCH_001486,CUST_01286,winterwear,Fashion,2026-07-06 05:20:35,1,FabIndia Tailored Formal Oxford Shirt - Rose Gold
SRCH_001487,CUST_00782,ultrabooks,Laptops,2026-07-03 13:02:35,1,MSI Creator Studio Laptop 4K OLED - Midnight Black
SRCH_001488,CUST_01565,winterwear,Fashion,2026-08-25 12:33:35,1,Puma Solid Crew Neck Cotton T-Shirt
SRCH_001489,CUST_00914,winterwear,Fashion,2026-05-29 18:39:35,1,FabIndia Tailored Formal Oxford Shirt - Rose Gold
SRCH_001490,CUST_01719,men's clothing,Fashion,2026-03-22 14:23:35,1,FabIndia Floral Print Maxi Summer Dress
SRCH_001491,CUST_00178,wearables,Electronics,2026-07-04 03:17:35,1,Samsung Noise Cancelling Wireless Earbuds - Pearl White
SRCH_001492,CUST_00547,mid-range,Mobiles,2026-07-02 12:43:35,1,Google Smooth Display Mid-Range 5G - Midnight Black
SRCH_001493,CUST_01263,books,Books,2026-05-22 10:43:35,1,Penguin Designing Data-Intensive Applications - Midnight Black
SRCH_001494,CUST_02528,office,Furniture,2026-03-22 07:15:35,1,Godrej Interio Orthopedic Memory Foam Mattress 6-inch
SRCH_001495,CUST_02439,men's clothing,Fashion,2026-04-14 19:47:35,1,Adidas Denim Trucker Jacket - Midnight Black
SRCH_001496,CUST_01162,laptops,Laptops,2026-06-18 07:49:35,1,Acer Creator Studio Laptop 4K OLED - Olive Green
SRCH_001497,CUST_00883,shaving & grooming,Personal Care,2026-08-25 18:25:35,1,Colgate Cordless Rechargeable Beard Trimmer - Space Gray
SRCH_001498,CUST_00841,personal,Personal Care,2026-05-05 16:48:35,1,Dove Gentle Sulfate-Free Moisturizing Body Lotion - Space Gray
SRCH_001499,CUST_02238,small appliances,Kitchen,2026-07-22 01:14:35,1,Milton Electric Rapid Air Fryer 4.5L
SRCH_001500,CUST_00207,running shoes,Footwear,2026-08-19 20:42:35,1,Adidas Genuine Leather Oxford Shoes
SRCH_001501,CUST_00781,ultrabooks,Laptops,2026-05-18 20:47:35,1,HP Student Essential Laptop - Classic Beige
SRCH_001502,CUST_00361,smart devices,Electronics,2026-04-19 09:08:35,1,Noise Smart Fitness Watch
SRCH_001503,CUST_02743,kitchen,Kitchen,2026-07-30 08:38:35,1,Hawkins Heavy-Duty 750W Mixer Grinder - Olive Green
SRCH_001504,CUST_01327,controllers,Gaming,2026-05-25 21:42:35,1,Logitech G Wireless Haptic Feedback Gaming Controller - Charcoal
SRCH_001505,CUST_02490,sneakers,Footwear,2026-07-14 18:22:35,1,Bata Classic Low-Top Canvas Sneakers - Classic Beige
SRCH_001506,CUST_01352,electronics,Electronics,2026-03-19 13:26:35,1,Samsung Digital Mirrorless Camera - Space Gray
SRCH_001507,CUST_02682,fashion,Fashion,2026-03-13 09:54:35,1,Levis Handcrafted Cotton Kurta
SRCH_001508,CUST_00045,mobile accessories,Accessories,2026-04-24 01:03:35,1,Anker 9H Tempered Glass Screen Protector (2-Pack)
SRCH_001509,CUST_00296,personal,Personal Care,2026-05-16 02:27:35,1,Dove Sonic Electric Toothbrush with Timer - Silver
SRCH_001510,CUST_00469,personal care,Personal Care,2026-08-20 21:11:35,1,Gillette Cordless Rechargeable Beard Trimmer - Silver
SRCH_001511,CUST_00551,bath & body,Personal Care,2026-05-12 21:17:35,1,Colgate Gentle Sulfate-Free Moisturizing Body Lotion - Olive Green
SRCH_001512,CUST_01800,running shoes,Footwear,2026-03-17 17:27:35,1,Clarks Classic Low-Top Canvas Sneakers
SRCH_001513,CUST_00880,bedding,Home,2026-08-06 11:24:35,1,IKEA 100% Cotton 300TC Double Bed Sheet - Navy Blue
SRCH_001514,CUST_01957,books,Books,2026-07-26 00:40:35,1,Bloomsbury The Psychology of Money - Navy Blue
SRCH_001515,CUST_02493,outdoor sports,Sports,2026-08-19 21:16:35,1,Cosco Carbon Fiber Badminton Racket - Navy Blue
SRCH_001516,CUST_01706,mobiles,Mobiles,2026-09-04 08:52:35,1,OnePlus Smooth Display Mid-Range 5G - Navy Blue
SRCH_001517,CUST_00088,mid-range,Mobiles,2026-05-02 17:39:35,1,Xiaomi Smooth Display Mid-Range 5G - Rose Gold
SRCH_001518,CUST_00214,electronics,Electronics,2026-08-02 09:08:35,1,Samsung Digital Mirrorless Camera
SRCH_001519,CUST_01823,office,Furniture,2026-04-02 07:47:35,1,Godrej Interio Orthopedic Memory Foam Mattress 6-inch
SRCH_001520,CUST_01322,accessories,Gaming,2026-08-21 08:36:35,1,Corsair Wireless Haptic Feedback Gaming Controller
SRCH_001521,CUST_01944,ultrabooks,Laptops,2026-08-21 03:37:35,1,Asus Ultra-Slim Metal Ultrabook - Navy Blue
SRCH_001522,CUST_02737,fashion,Fashion,2026-03-26 21:59:35,1,Raymond Denim Trucker Jacket
SRCH_001523,CUST_00014,gaming,Gaming,2026-06-03 15:23:35,1,PlayStation Surround Sound Gaming Headset with Mic
SRCH_001524,CUST_02351,accessories,Accessories,2026-07-20 03:56:35,1,Portronics Water-Resistant Laptop Backpack 15.6-inch - Space Gray
SRCH_001525,CUST_00234,winterwear,Fashion,2026-05-12 08:16:35,1,H&M Floral Print Maxi Summer Dress - Olive Green
SRCH_001526,CUST_02470,smart devices,Electronics,2026-06-20 16:23:35,1,LG Compact Bluetooth Speaker - Silver
SRCH_001527,CUST_02072,winterwear,Fashion,2026-03-14 06:18:35,1,Nike Floral Print Maxi Summer Dress - Charcoal
SRCH_001528,CUST_02925,men's clothing,Fashion,2026-06-04 07:29:35,1,Nike Classic Denim Slim Jeans - Pearl White
SRCH_001529,CUST_00964,accessories,Gaming,2026-07-20 20:16:35,1,SteelSeries Wireless Haptic Feedback Gaming Controller - Rose Gold
SRCH_001530,CUST_02096,makeup,Beauty,2026-08-07 11:20:35,1,Nivea Luxury Eau De Parfum 100ml - Pearl White
SRCH_001531,CUST_02477,lighting,Home,2026-03-25 21:49:35,1,Philips Smart LED Color Ambient Bulb
SRCH_001532,CUST_02720,budget,Mobiles,2026-08-08 09:28:35,1,Xiaomi Pure Android Experience 5G - Charcoal
SRCH_001533,CUST_01120,office,Furniture,2026-03-24 06:47:35,1,Urban Ladder Modern Engineered Wood Computer Desk - Silver
SRCH_001534,CUST_02624,office,Furniture,2026-04-10 23:41:35,1,Sleepyhead Orthopedic Memory Foam Mattress 6-inch - Pearl White
SRCH_001535,CUST_00437,student laptops,Laptops,2026-07-06 09:17:35,1,HP Creator Studio Laptop 4K OLED
SRCH_001536,CUST_01594,wearables,Electronics,2026-03-21 09:23:35,1,Boat Noise Cancelling Wireless Earbuds
SRCH_001537,CUST_02440,business & finance,Books,2026-07-15 03:42:35,1,O'Reilly Python Machine Learning & AI Mastery
SRCH_001538,CUST_00959,gaming,Gaming,2026-05-22 06:25:35,1,PlayStation Wireless Haptic Feedback Gaming Controller - Space Gray
SRCH_001539,CUST_01192,technology,Books,2026-08-16 02:30:35,1,O'Reilly Designing Data-Intensive Applications - Midnight Black
SRCH_001540,CUST_02131,student laptops,Laptops,2026-05-09 00:59:35,1,Lenovo Ultra-Slim Metal Ultrabook
SRCH_001541,CUST_01796,mobiles,Mobiles,2026-07-04 14:51:35,1,Google Smooth Display Mid-Range 5G - Midnight Black
SRCH_001542,CUST_00575,technology,Books,2026-03-13 11:04:35,1,Random House Deep Work: Focused Success in a Distracted World - Navy Blue
SRCH_001543,CUST_01832,sports,Sports,2026-07-01 19:32:35,1,Boldfit Quick Dry Athletic Training Shorts - Crimson Red
SRCH_001544,CUST_02101,running shoes,Footwear,2026-08-01 14:52:35,1,Nike Comfort Walking Slip-On Shoes - Pearl White
SRCH_001545,CUST_01368,small appliances,Kitchen,2026-09-06 16:11:35,1,Pigeon Heavy-Duty 750W Mixer Grinder
SRCH_001546,CUST_02048,electronics,Electronics,2026-07-07 00:47:35,1,Noise Smart Fitness Watch
SRCH_001547,CUST_01909,personal care,Personal Care,2026-04-18 18:09:35,1,Gillette Gentle Sulfate-Free Moisturizing Body Lotion
SRCH_001548,CUST_01165,grocery,Grocery,2026-05-01 20:02:35,1,Organic India Organic Green Tea Herbal Infusion 100 Bags - Pearl White
SRCH_001549,CUST_02014,controllers,Gaming,2026-03-16 07:03:35,1,Corsair Wireless Haptic Feedback Gaming Controller - Classic Beige
SRCH_001550,CUST_02826,footwear,Footwear,2026-07-21 02:42:35,1,Clarks Classic Low-Top Canvas Sneakers - Classic Beige
SRCH_001551,CUST_00008,personal,Personal Care,2026-08-13 05:45:35,1,Colgate Sonic Electric Toothbrush with Timer - Charcoal
SRCH_001552,CUST_00496,men's clothing,Fashion,2026-04-12 20:47:35,1,Raymond Cozy Fleece Pullover Hoodie
SRCH_001553,CUST_00215,gaming,Gaming,2026-04-12 06:57:35,1,SteelSeries Surround Sound Gaming Headset with Mic - Classic Beige
SRCH_001554,CUST_00501,electronics,Electronics,2026-04-23 15:35:35,1,Samsung 4K Ultra HD Smart TV 55-inch - Rose Gold
SRCH_001555,CUST_00857,mobiles,Mobiles,2026-05-18 18:58:35,1,Apple Sleek Curve Screen 5G Phone
SRCH_001556,CUST_00781,ultrabooks,Laptops,2026-06-05 13:35:35,1,Apple Pro Gaming Laptop RTX 4070
SRCH_001557,CUST_01316,men's clothing,Fashion,2026-03-25 12:54:35,1,Raymond Casual Stretch Chino Trousers - Navy Blue
SRCH_001558,CUST_02245,beauty,Beauty,2026-05-19 14:35:35,1,Nivea Hydrating Hyaluronic Acid Serum
SRCH_001559,CUST_00533,running shoes,Footwear,2026-04-22 09:36:35,1,Clarks Comfort Walking Slip-On Shoes - Crimson Red
SRCH_001560,CUST_00762,audio,Electronics,2026-08-22 08:53:35,1,Samsung Noise Cancelling Wireless Earbuds - Silver
SRCH_001561,CUST_00205,snacks,Grocery,2026-07-30 17:04:35,1,Saffola Artisan Dark Roasted Arabica Coffee Beans 250g
SRCH_001562,CUST_01791,mid-range,Mobiles,2026-04-03 06:06:35,1,OnePlus Smooth Display Mid-Range 5G - Navy Blue
SRCH_001563,CUST_01147,ultrabooks,Laptops,2026-06-29 21:58:35,1,MSI Student Essential Laptop - Rose Gold
SRCH_001564,CUST_01204,cookware,Kitchen,2026-07-22 01:01:35,1,Philips Hard Anodized Non-Stick Cookware Set
SRCH_001565,CUST_02177,men's clothing,Fashion,2026-06-27 16:15:35,1,H&M Denim Trucker Jacket - Midnight Black
SRCH_001566,CUST_01425,living room,Furniture,2026-08-12 14:26:35,1,Godrej Interio Minimalist Nesting Coffee Tables - Pearl White
SRCH_001567,CUST_00912,grocery,Grocery,2026-03-17 08:28:35,1,Nestle Organic Green Tea Herbal Infusion 100 Bags - Pearl White
SRCH_001568,CUST_01350,gaming laptops,Laptops,2026-06-26 15:25:35,1,Apple Creator Studio Laptop 4K OLED
SRCH_001569,CUST_01491,bedding,Home,2026-05-30 07:46:35,1,Solimo 100% Cotton 300TC Double Bed Sheet
SRCH_001570,CUST_02461,electronics,Electronics,2026-06-19 15:41:35,1,Sony 4K Ultra HD Smart TV 55-inch
SRCH_001571,CUST_02718,shaving & grooming,Personal Care,2026-04-04 00:06:35,1,Dettol Cordless Rechargeable Beard Trimmer - Charcoal
SRCH_001572,CUST_00831,home,Home,2026-08-05 00:12:35,1,IKEA 100% Cotton 300TC Double Bed Sheet
SRCH_001573,CUST_01379,television,Electronics,2026-05-13 10:38:35,1,Boat Smart Fitness Watch
SRCH_001574,CUST_01445,footwear,Footwear,2026-08-08 04:19:35,1,Nike Comfort Walking Slip-On Shoes - Pearl White
SRCH_001575,CUST_01046,personal care,Personal Care,2026-05-16 12:36:35,1,Gillette Sonic Electric Toothbrush with Timer
SRCH_001576,CUST_02012,fragrances,Beauty,2026-03-30 10:23:35,1,L'Oreal Luxury Eau De Parfum 100ml
SRCH_001577,CUST_02743,kitchen,Kitchen,2026-06-15 15:35:35,1,Wonderchef Electric Rapid Air Fryer 4.5L
SRCH_001578,CUST_01628,technology,Books,2026-06-27 00:35:35,1,HarperCollins Atomic Habits: Build Good Habits - Charcoal
SRCH_001579,CUST_01289,decor,Home,2026-03-16 22:39:35,1,IKEA Smart LED Color Ambient Bulb
SRCH_001580,CUST_00829,mid-range,Mobiles,2026-04-08 22:03:35,1,Realme NextGen Smartphone Pro Max - Navy Blue
SRCH_001581,CUST_02294,cookware,Kitchen,2026-04-18 21:04:35,1,Philips Hard Anodized Non-Stick Cookware Set
SRCH_001582,CUST_01840,smart devices,Electronics,2026-07-05 05:55:35,1,JBL Wireless Bluetooth Headphones
SRCH_001583,CUST_01957,technology,Books,2026-03-18 22:50:35,1,O'Reilly Python Machine Learning & AI Mastery - Charcoal
SRCH_001584,CUST_00071,fashion,Fashion,2026-07-06 19:09:35,1,Adidas Floral Print Maxi Summer Dress - Midnight Black
SRCH_001585,CUST_00161,electronics,Electronics,2026-04-08 17:06:35,1,JBL Smart Fitness Watch
SRCH_001586,CUST_01353,business & finance,Books,2026-08-18 20:02:35,1,Bloomsbury Designing Data-Intensive Applications - Olive Green
SRCH_001587,CUST_02791,office,Furniture,2026-06-03 02:04:35,1,Wakefit Minimalist Nesting Coffee Tables - Rose Gold
SRCH_001588,CUST_00952,makeup,Beauty,2026-04-26 00:51:35,1,L'Oreal Matte Liquid Longwear Foundation
SRCH_001589,CUST_02228,cooking essentials,Grocery,2026-06-26 19:07:35,1,Organic India Roasted California Almonds 500g - Crimson Red
SRCH_001590,CUST_02928,fitness equipment,Sports,2026-07-10 20:02:35,1,Yonex Carbon Fiber Badminton Racket - Space Gray
SRCH_001591,CUST_00034,business & finance,Books,2026-05-25 10:39:35,1,HarperCollins Python Machine Learning & AI Mastery
SRCH_001592,CUST_01969,accessories,Gaming,2026-04-27 04:54:35,1,SteelSeries Next-Gen Home Gaming Console 1TB - Classic Beige
SRCH_001593,CUST_02799,fragrances,Beauty,2026-05-24 07:02:35,1,Nivea Hydrating Hyaluronic Acid Serum - Silver
SRCH_001594,CUST_00415,home,Home,2026-04-06 22:15:35,1,Philips Handwoven Boho Area Rug
SRCH_001595,CUST_02005,yoga,Sports,2026-08-13 15:02:35,1,Nivia Adjustable Hex Dumbbells Pair - Classic Beige
SRCH_001596,CUST_00456,accessories,Gaming,2026-04-14 16:18:35,1,Razer Ultra-Lightweight 8KHz Optical Gaming Mouse
SRCH_001597,CUST_02086,laptops,Laptops,2026-04-20 08:38:35,1,Acer Ultra-Slim Metal Ultrabook - Classic Beige
SRCH_001598,CUST_00771,furniture,Furniture,2026-03-23 08:12:35,1,IKEA Minimalist Nesting Coffee Tables
SRCH_001599,CUST_02915,audio,Electronics,2026-05-20 15:50:35,1,JBL Smart Fitness Watch
SRCH_001600,CUST_01067,television,Electronics,2026-03-26 20:47:35,1,LG Smart Wi-Fi Security Camera - Midnight Black
SRCH_001601,CUST_01948,office,Furniture,2026-03-17 19:02:35,1,Urban Ladder Ergonomic Mesh High-Back Office Chair
SRCH_001602,CUST_02069,office,Furniture,2026-04-19 22:25:35,1,Godrej Interio Orthopedic Memory Foam Mattress 6-inch
SRCH_001603,CUST_01412,books,Books,2026-07-24 14:55:35,1,HarperCollins Python Machine Learning & AI Mastery - Classic Beige
SRCH_001604,CUST_00222,mobiles,Mobiles,2026-05-12 20:55:35,1,Xiaomi Smooth Display Mid-Range 5G - Space Gray
SRCH_001605,CUST_01589,electronics,Electronics,2026-08-14 10:37:35,1,Samsung Action Camera 4K Waterproof
SRCH_001606,CUST_01155,home,Home,2026-04-26 18:39:35,1,IKEA Velvet Touch Blackout Window Curtains
SRCH_001607,CUST_00874,furniture,Furniture,2026-05-05 13:28:35,1,IKEA Minimalist Nesting Coffee Tables - Space Gray
SRCH_001608,CUST_01935,audio,Electronics,2026-06-18 08:48:35,1,Bose Bass Soundbar with Subwoofer - Midnight Black
SRCH_001609,CUST_00481,accessories,Accessories,2026-08-12 18:07:35,1,Spigen Water-Resistant Laptop Backpack 15.6-inch - Charcoal
SRCH_001610,CUST_02819,small appliances,Kitchen,2026-05-15 13:31:35,1,Hawkins Stainless Steel Chef Knife Set - Silver
SRCH_001611,CUST_02375,office,Furniture,2026-08-02 06:44:35,1,Sleepyhead Orthopedic Memory Foam Mattress 6-inch
SRCH_001612,CUST_00967,electronics,Electronics,2026-05-18 19:54:35,1,JBL Smart Fitness Watch
SRCH_001613,CUST_02495,accessories,Gaming,2026-06-16 17:15:35,1,PlayStation Next-Gen Home Gaming Console 1TB - Space Gray
SRCH_001614,CUST_01074,running shoes,Footwear,2026-04-02 23:30:35,1,Puma Genuine Leather Oxford Shoes
SRCH_001615,CUST_02262,outdoor sports,Sports,2026-06-09 01:50:35,1,Decathlon Quick Dry Athletic Training Shorts
SRCH_001616,CUST_00089,mid-range,Mobiles,2026-05-21 01:53:35,1,Samsung Sleek Curve Screen 5G Phone - Olive Green
SRCH_001617,CUST_02860,office,Furniture,2026-05-27 11:40:35,1,Godrej Interio Ergonomic Mesh High-Back Office Chair - Crimson Red
SRCH_001618,CUST_01413,gaming laptops,Laptops,2026-07-19 04:04:35,1,Apple Creator Studio Laptop 4K OLED - Midnight Black
SRCH_001619,CUST_02210,cookware,Kitchen,2026-07-07 17:59:35,1,Pigeon Airtight Glass Food Storage Jars - Crimson Red
SRCH_001620,CUST_02795,footwear,Footwear,2026-08-06 15:18:35,1,Bata Classic Low-Top Canvas Sneakers
SRCH_001621,CUST_01522,beverages,Grocery,2026-03-14 16:23:35,1,Organic India Roasted California Almonds 500g - Crimson Red
SRCH_001622,CUST_00441,electronics,Electronics,2026-06-29 05:55:35,1,Samsung Action Camera 4K Waterproof
SRCH_001623,CUST_01390,footwear,Footwear,2026-07-29 02:35:35,1,Puma Cushioned Running Shoes - Charcoal
SRCH_001624,CUST_01459,footwear,Footwear,2026-03-26 05:40:35,1,Nike Waterproof Outdoor Hiking Boots - Space Gray
SRCH_001625,CUST_00136,accessories,Gaming,2026-05-09 11:29:35,1,Razer Ultra-Lightweight 8KHz Optical Gaming Mouse
SRCH_001626,CUST_01341,budget,Mobiles,2026-05-18 08:23:35,1,Motorola Battery King Phone 6000mAh
SRCH_001627,CUST_02522,outdoor sports,Sports,2026-06-18 07:02:35,1,Nivia Carbon Fiber Badminton Racket
SRCH_001628,CUST_02216,cookware,Kitchen,2026-04-05 02:48:35,1,Philips Airtight Glass Food Storage Jars
SRCH_001629,CUST_00200,ultrabooks,Laptops,2026-03-27 18:22:35,1,HP Creator Studio Laptop 4K OLED
SRCH_001630,CUST_00641,books,Books,2026-05-12 20:45:35,1,O'Reilly Python Machine Learning & AI Mastery
SRCH_001631,CUST_01681,lighting,Home,2026-05-16 13:53:35,1,Home Centre Handwoven Boho Area Rug - Pearl White
SRCH_001632,CUST_01412,budget,Mobiles,2026-08-25 11:06:35,1,Google Pure Android Experience 5G - Silver
SRCH_001633,CUST_02017,office,Furniture,2026-05-12 15:00:35,1,IKEA Minimalist Nesting Coffee Tables
SRCH_001634,CUST_02939,books,Books,2026-03-13 13:29:35,1,Bloomsbury Python Machine Learning & AI Mastery
SRCH_001635,CUST_01679,skincare,Beauty,2026-08-10 02:01:35,1,Nivea Luxury Eau De Parfum 100ml - Space Gray
SRCH_001636,CUST_01717,smart devices,Electronics,2026-04-20 11:49:35,1,Bose 4K Ultra HD Smart TV 55-inch
SRCH_001637,CUST_01012,beverages,Grocery,2026-04-12 18:30:35,1,Saffola Cold-Pressed Extra Virgin Olive Oil 1L - Crimson Red
SRCH_001638,CUST_00898,ultrabooks,Laptops,2026-04-24 01:40:35,1,Apple Student Essential Laptop
SRCH_001639,CUST_01753,mobiles,Mobiles,2026-06-06 11:48:35,1,Xiaomi Smooth Display Mid-Range 5G - Rose Gold
SRCH_001640,CUST_01500,wearables,Electronics,2026-06-27 12:16:35,1,JBL Digital Mirrorless Camera - Silver
SRCH_001641,CUST_01738,laptops,Laptops,2026-05-24 01:37:35,1,HP Creator Studio Laptop 4K OLED - Pearl White
SRCH_001642,CUST_02363,electronics,Electronics,2026-05-06 12:31:35,1,JBL Smart Fitness Watch - Olive Green
SRCH_001643,CUST_00774,technology,Books,2026-04-27 22:24:35,1,O'Reilly Designing Data-Intensive Applications - Midnight Black
SRCH_001644,CUST_01949,books,Books,2026-03-16 04:49:35,1,HarperCollins Designing Data-Intensive Applications
SRCH_001645,CUST_02400,mobile accessories,Accessories,2026-06-20 12:13:35,1,Spigen 9H Tempered Glass Screen Protector (2-Pack)
SRCH_001646,CUST_01942,fashion,Fashion,2026-03-14 02:06:35,1,Adidas Denim Trucker Jacket
SRCH_001647,CUST_02877,wearables,Electronics,2026-08-11 04:07:35,1,Samsung Action Camera 4K Waterproof
SRCH_001648,CUST_01171,home,Home,2026-09-02 14:43:35,1,IKEA Velvet Touch Blackout Window Curtains
SRCH_001649,CUST_00311,laptops,Laptops,2026-07-20 00:46:35,1,Lenovo Student Essential Laptop
SRCH_001650,CUST_02674,kitchen,Kitchen,2026-05-04 09:56:35,1,Milton Electric Rapid Air Fryer 4.5L
SRCH_001651,CUST_01174,books,Books,2026-05-02 10:06:35,1,Penguin Designing Data-Intensive Applications
SRCH_001652,CUST_01538,personal care,Personal Care,2026-03-25 06:28:35,1,Colgate Cordless Rechargeable Beard Trimmer
SRCH_001653,CUST_02849,outdoor sports,Sports,2026-04-29 15:42:35,1,Cosco Extra Thick Non-Slip Eco Yoga Mat
SRCH_001654,CUST_02008,cooking essentials,Grocery,2026-04-20 17:19:35,1,Saffola Artisan Dark Roasted Arabica Coffee Beans 250g
SRCH_001655,CUST_00771,running shoes,Footwear,2026-07-10 11:34:35,1,Puma Cushioned Running Shoes - Crimson Red
SRCH_001656,CUST_01442,snacks,Grocery,2026-06-09 02:14:35,1,Tata Organic Green Tea Herbal Infusion 100 Bags - Olive Green
SRCH_001657,CUST_00928,business & finance,Books,2026-05-29 12:51:35,1,Penguin Atomic Habits: Build Good Habits
SRCH_001658,CUST_00995,business & finance,Books,2026-08-19 10:35:35,1,O'Reilly Deep Work: Focused Success in a Distracted World - Charcoal
SRCH_001659,CUST_00162,office,Furniture,2026-05-29 21:03:35,1,Urban Ladder Ergonomic Mesh High-Back Office Chair
SRCH_001660,CUST_01360,technology,Books,2026-09-03 14:09:35,1,Penguin Designing Data-Intensive Applications
SRCH_001661,CUST_00054,footwear,Footwear,2026-06-17 11:49:35,1,Adidas Genuine Leather Oxford Shoes - Olive Green
SRCH_001662,CUST_00604,fitness equipment,Sports,2026-05-24 05:45:35,1,Puma Adjustable Hex Dumbbells Pair
SRCH_001663,CUST_02460,sneakers,Footwear,2026-07-27 21:16:35,1,Bata Genuine Leather Oxford Shoes - Navy Blue
SRCH_001664,CUST_00024,running shoes,Footwear,2026-04-07 01:49:35,1,Bata Waterproof Outdoor Hiking Boots - Pearl White
SRCH_001665,CUST_01876,mobiles,Mobiles,2026-05-20 19:39:35,1,Xiaomi Smooth Display Mid-Range 5G
SRCH_001666,CUST_01418,shaving & grooming,Personal Care,2026-06-03 13:20:35,1,Oral-B Gentle Sulfate-Free Moisturizing Body Lotion
SRCH_001667,CUST_02915,fashion,Fashion,2026-08-31 01:59:35,1,Puma Casual Stretch Chino Trousers - Navy Blue
SRCH_001668,CUST_01380,ultrabooks,Laptops,2026-07-15 09:12:35,1,Lenovo Ultra-Slim Metal Ultrabook
SRCH_001669,CUST_01726,books,Books,2026-05-27 14:51:35,1,Random House Designing Data-Intensive Applications - Olive Green
SRCH_001670,CUST_01608,men's clothing,Fashion,2026-04-17 06:45:35,1,Puma Casual Stretch Chino Trousers - Pearl White
SRCH_001671,CUST_02616,mid-range,Mobiles,2026-04-20 13:05:35,1,Motorola Battery King Phone 6000mAh
SRCH_001672,CUST_01583,sports,Sports,2026-07-28 19:32:35,1,Boldfit Adjustable Hex Dumbbells Pair
SRCH_001673,CUST_01549,laptops,Laptops,2026-04-13 23:45:35,1,Apple Creator Studio Laptop 4K OLED - Classic Beige
SRCH_001674,CUST_01990,kitchen,Kitchen,2026-09-03 17:35:35,1,Milton Airtight Glass Food Storage Jars
SRCH_001675,CUST_01759,lighting,Home,2026-08-06 23:31:35,1,Spaces 100% Cotton 300TC Double Bed Sheet - Space Gray
SRCH_001676,CUST_01728,television,Electronics,2026-05-28 06:40:35,1,JBL Wireless Bluetooth Headphones
SRCH_001677,CUST_00984,winterwear,Fashion,2026-03-24 14:33:35,1,FabIndia Solid Crew Neck Cotton T-Shirt - Midnight Black
SRCH_001678,CUST_01925,grocery,Grocery,2026-05-23 00:13:35,1,Tata Cold-Pressed Extra Virgin Olive Oil 1L
SRCH_001679,CUST_01797,accessories,Gaming,2026-03-24 12:38:35,1,Xbox Surround Sound Gaming Headset with Mic - Rose Gold
SRCH_001680,CUST_01137,student laptops,Laptops,2026-06-04 01:07:35,1,Lenovo Pro Gaming Laptop RTX 4070 - Midnight Black
SRCH_001681,CUST_01610,accessories,Accessories,2026-03-12 21:30:35,1,Spigen Multi-Port 7-in-1 USB-C Hub Adapter
SRCH_001682,CUST_02843,running shoes,Footwear,2026-03-26 03:21:35,1,Bata Classic Low-Top Canvas Sneakers - Classic Beige
SRCH_001683,CUST_00555,beverages,Grocery,2026-06-02 14:49:35,1,Saffola Artisan Dark Roasted Arabica Coffee Beans 250g
SRCH_001684,CUST_01541,grocery,Grocery,2026-03-15 23:46:35,1,Saffola Organic Raw Honey 500g - Crimson Red
SRCH_001685,CUST_02062,business & finance,Books,2026-04-11 11:51:35,1,Penguin Atomic Habits: Build Good Habits
SRCH_001686,CUST_00894,mobiles,Mobiles,2026-06-20 12:13:35,1,Realme NextGen Smartphone Pro Max - Charcoal
SRCH_001687,CUST_01270,decor,Home,2026-07-27 00:59:35,1,IKEA Handwoven Boho Area Rug - Classic Beige
SRCH_001688,CUST_00416,accessories,Gaming,2026-05-22 20:48:35,1,Xbox Wireless Haptic Feedback Gaming Controller
SRCH_001689,CUST_00142,technology,Books,2026-07-26 00:50:35,1,Bloomsbury The Psychology of Money - Silver
SRCH_001690,CUST_00076,small appliances,Kitchen,2026-06-09 20:36:35,1,Milton Heavy-Duty 750W Mixer Grinder - Crimson Red
SRCH_001691,CUST_02320,outdoor sports,Sports,2026-07-15 19:22:35,1,Puma Anti-Burst Gym Exercise Ball with Pump - Silver
SRCH_001692,CUST_01643,student laptops,Laptops,2026-05-25 14:17:35,1,Asus Business Productivity Notebook - Crimson Red
SRCH_001693,CUST_02493,sports,Sports,2026-05-07 12:54:35,1,Boldfit Anti-Burst Gym Exercise Ball with Pump - Crimson Red
SRCH_001694,CUST_00698,electronics,Electronics,2026-04-10 17:34:35,1,JBL Bass Soundbar with Subwoofer - Midnight Black
SRCH_001695,CUST_00444,sneakers,Footwear,2026-04-10 00:33:35,1,Bata Genuine Leather Oxford Shoes - Navy Blue
SRCH_001696,CUST_01543,makeup,Beauty,2026-03-23 08:13:35,1,The Ordinary Matte Velvet Long-Stay Lipstick
SRCH_001697,CUST_02960,gaming,Gaming,2026-07-21 03:24:35,1,PlayStation Wireless Haptic Feedback Gaming Controller - Space Gray
SRCH_001698,CUST_01682,business & finance,Books,2026-03-14 08:12:35,1,O'Reilly Deep Work: Focused Success in a Distracted World - Navy Blue
SRCH_001699,CUST_01414,small appliances,Kitchen,2026-04-05 01:38:35,1,Milton Heavy-Duty 750W Mixer Grinder - Pearl White
SRCH_001700,CUST_01709,makeup,Beauty,2026-07-26 03:22:35,1,Minimalist Keratin Smoothing Hair Mask
SRCH_001701,CUST_00797,home,Home,2026-06-19 17:18:35,1,Philips 100% Cotton 300TC Double Bed Sheet
SRCH_001702,CUST_02798,television,Electronics,2026-04-01 16:22:35,1,Sennheiser 4K Ultra HD Smart TV 55-inch - Olive Green
SRCH_001703,CUST_02486,outdoor sports,Sports,2026-03-14 02:47:35,1,Boldfit Adjustable Hex Dumbbells Pair
SRCH_001704,CUST_01612,running shoes,Footwear,2026-04-24 01:29:35,1,Bata Classic Low-Top Canvas Sneakers
SRCH_001705,CUST_01310,mobiles,Mobiles,2026-06-25 07:53:35,1,Motorola Smartphone Ultra 5G - Midnight Black
SRCH_001706,CUST_00965,wearables,Electronics,2026-08-30 08:35:35,1,Bose Digital Mirrorless Camera - Navy Blue
SRCH_001707,CUST_01306,budget,Mobiles,2026-05-14 18:46:35,1,Motorola Smartphone Ultra 5G - Midnight Black
SRCH_001708,CUST_00428,television,Electronics,2026-09-01 02:20:35,1,LG 4K Ultra HD Smart TV 55-inch - Olive Green
SRCH_001709,CUST_00566,personal care,Personal Care,2026-03-21 13:45:35,1,Dettol Gentle Sulfate-Free Moisturizing Body Lotion - Space Gray
SRCH_001710,CUST_00525,office,Furniture,2026-08-11 14:13:35,1,Sleepyhead Orthopedic Memory Foam Mattress 6-inch
SRCH_001711,CUST_02058,bath & body,Personal Care,2026-08-12 18:37:35,1,Philips Cordless Rechargeable Beard Trimmer
SRCH_001712,CUST_02306,gaming laptops,Laptops,2026-05-04 19:50:35,1,Acer Ultra-Slim Metal Ultrabook
SRCH_001713,CUST_01258,kitchen,Kitchen,2026-03-22 04:22:35,1,Hawkins Heavy-Duty 750W Mixer Grinder - Space Gray
SRCH_001714,CUST_01573,lighting,Home,2026-07-11 15:49:35,1,Philips Velvet Touch Blackout Window Curtains - Space Gray
SRCH_001715,CUST_00059,business & finance,Books,2026-08-20 16:33:35,1,Bloomsbury Python Machine Learning & AI Mastery - Charcoal
SRCH_001716,CUST_01945,home,Home,2026-06-13 20:59:35,1,Spaces Smart LED Color Ambient Bulb - Rose Gold
SRCH_001717,CUST_02873,furniture,Furniture,2026-08-24 05:43:35,1,Wakefit Modern Engineered Wood Computer Desk
SRCH_001718,CUST_01120,laptops,Laptops,2026-03-23 20:36:35,1,Asus Business Productivity Notebook - Crimson Red
SRCH_001719,CUST_02624,office,Furniture,2026-08-03 13:22:35,1,Godrej Interio Orthopedic Memory Foam Mattress 6-inch
SRCH_001720,CUST_00174,bags & backpacks,Accessories,2026-03-24 23:29:35,1,Logitech Shockproof Clear Phone Case - Charcoal
SRCH_001721,CUST_01943,home,Home,2026-05-30 23:16:35,1,Spaces Velvet Touch Blackout Window Curtains - Crimson Red
SRCH_001722,CUST_02927,books,Books,2026-03-12 07:22:35,1,O'Reilly Designing Data-Intensive Applications - Midnight Black
SRCH_001723,CUST_02901,mobiles,Mobiles,2026-04-20 07:14:35,1,Realme NextGen Smartphone Pro Max - Navy Blue
SRCH_001724,CUST_01540,sneakers,Footwear,2026-06-14 05:56:35,1,Adidas Genuine Leather Oxford Shoes
SRCH_001725,CUST_02841,mobiles,Mobiles,2026-06-02 17:36:35,1,Google Smooth Display Mid-Range 5G - Midnight Black
SRCH_001726,CUST_01163,office,Furniture,2026-07-31 21:19:35,1,Sleepyhead Minimalist Nesting Coffee Tables - Charcoal
SRCH_001727,CUST_00730,footwear,Footwear,2026-06-15 20:47:35,1,Puma Cushioned Running Shoes - Olive Green
SRCH_001728,CUST_00150,fragrances,Beauty,2026-05-03 02:37:35,1,Neutrogena Hydrating Hyaluronic Acid Serum - Pearl White
SRCH_001729,CUST_02538,ultrabooks,Laptops,2026-06-13 14:27:35,1,Asus Pro Gaming Laptop RTX 4070 - Charcoal
SRCH_001730,CUST_00225,shaving & grooming,Personal Care,2026-06-06 10:04:35,1,Gillette Cordless Rechargeable Beard Trimmer - Silver
SRCH_001731,CUST_01826,grocery,Grocery,2026-06-24 15:29:35,1,Tata Organic Green Tea Herbal Infusion 100 Bags - Navy Blue
SRCH_001732,CUST_01778,office,Furniture,2026-07-24 08:51:35,1,Godrej Interio Modern Engineered Wood Computer Desk - Rose Gold
SRCH_001733,CUST_02654,television,Electronics,2026-04-09 08:57:35,1,Bose Digital Mirrorless Camera - Navy Blue
SRCH_001734,CUST_00202,grocery,Grocery,2026-06-24 11:19:35,1,Organic India Artisan Dark Roasted Arabica Coffee Beans 250g
SRCH_001735,CUST_00152,student laptops,Laptops,2026-03-29 13:30:35,1,Lenovo Pro Gaming Laptop RTX 4070 - Pearl White
SRCH_001736,CUST_01491,technology,Books,2026-08-15 17:44:35,1,Bloomsbury Atomic Habits: Build Good Habits - Crimson Red
SRCH_001737,CUST_00560,mid-range,Mobiles,2026-07-16 01:12:35,1,Google Pure Android Experience 5G - Silver
SRCH_001738,CUST_00566,shaving & grooming,Personal Care,2026-06-30 15:02:35,1,Colgate Deep Cleansing Charcoal Body Wash 500ml - Rose Gold
SRCH_001739,CUST_02743,small appliances,Kitchen,2026-07-21 14:04:35,1,Pigeon Stainless Steel Chef Knife Set - Midnight Black
SRCH_001740,CUST_00235,accessories,Accessories,2026-09-03 19:03:35,1,Logitech Multi-Port 7-in-1 USB-C Hub Adapter
SRCH_001741,CUST_01910,winterwear,Fashion,2026-08-28 16:25:35,1,Raymond Floral Print Maxi Summer Dress
SRCH_001742,CUST_02389,smart devices,Electronics,2026-07-30 03:27:35,1,Bose Bass Soundbar with Subwoofer - Midnight Black
SRCH_001743,CUST_00259,budget,Mobiles,2026-04-20 09:49:35,1,Samsung Sleek Curve Screen 5G Phone - Charcoal
SRCH_001744,CUST_02169,winterwear,Fashion,2026-07-01 02:26:35,1,Zara Solid Crew Neck Cotton T-Shirt - Olive Green
SRCH_001745,CUST_00764,shaving & grooming,Personal Care,2026-05-21 15:05:35,1,Philips Cordless Rechargeable Beard Trimmer
SRCH_001746,CUST_02239,personal care,Personal Care,2026-09-05 06:23:35,1,Gillette Cordless Rechargeable Beard Trimmer - Silver
SRCH_001747,CUST_01549,winterwear,Fashion,2026-07-08 10:19:35,1,Zara Solid Crew Neck Cotton T-Shirt - Olive Green
SRCH_001748,CUST_01675,technology,Books,2026-03-26 21:24:35,1,O'Reilly Designing Data-Intensive Applications - Space Gray
SRCH_001749,CUST_02097,office,Furniture,2026-08-01 02:12:35,1,Sleepyhead Minimalist Nesting Coffee Tables
SRCH_001750,CUST_00954,mobiles,Mobiles,2026-03-14 04:45:35,1,Apple Pure Android Experience 5G
SRCH_001751,CUST_02906,mobiles,Mobiles,2026-05-27 05:56:35,1,Apple Pure Android Experience 5G
SRCH_001752,CUST_01803,bath & body,Personal Care,2026-04-14 23:13:35,1,Colgate Gentle Sulfate-Free Moisturizing Body Lotion - Olive Green
SRCH_001753,CUST_01454,electronics,Electronics,2026-06-14 10:41:35,1,Samsung Noise Cancelling Wireless Earbuds
SRCH_001754,CUST_01024,cooking essentials,Grocery,2026-08-08 20:34:35,1,Tata Organic Green Tea Herbal Infusion 100 Bags
SRCH_001755,CUST_01904,office,Furniture,2026-04-30 00:54:35,1,Urban Ladder Orthopedic Memory Foam Mattress 6-inch
SRCH_001756,CUST_01053,skincare,Beauty,2026-05-22 07:26:35,1,Minimalist Matte Velvet Long-Stay Lipstick
SRCH_001757,CUST_02179,laptops,Laptops,2026-05-28 01:31:35,1,Acer Creator Studio Laptop 4K OLED - Olive Green
SRCH_001758,CUST_00693,wearables,Electronics,2026-05-07 20:28:35,1,Sennheiser Compact Bluetooth Speaker
SRCH_001759,CUST_00959,ultrabooks,Laptops,2026-03-27 04:34:35,1,HP Student Essential Laptop - Space Gray
SRCH_001760,CUST_00986,gaming,Gaming,2026-06-25 17:48:35,1,Logitech G Wireless Haptic Feedback Gaming Controller
SRCH_001761,CUST_00692,audio,Electronics,2026-08-05 11:04:35,1,Samsung Action Camera 4K Waterproof
SRCH_001762,CUST_01674,makeup,Beauty,2026-08-23 19:23:35,1,Nivea Vitamin C Brightening Facial Cleanser
SRCH_001763,CUST_00192,laptops,Laptops,2026-06-17 07:01:35,1,Asus Pro Gaming Laptop RTX 4070 - Charcoal
SRCH_001764,CUST_02561,kitchen,Kitchen,2026-07-07 05:33:35,1,Pigeon Stainless Steel Chef Knife Set - Rose Gold
SRCH_001765,CUST_01435,home,Home,2026-04-16 22:52:35,1,Spaces Collapsible Fabric Storage Organizers
SRCH_001766,CUST_02142,laptops,Laptops,2026-08-21 15:00:35,1,Lenovo Ultra-Slim Metal Ultrabook
SRCH_001767,CUST_01597,cooking essentials,Grocery,2026-05-22 22:16:35,1,Organic India Roasted California Almonds 500g - Crimson Red
SRCH_001768,CUST_02220,office,Furniture,2026-06-23 01:54:35,1,Sleepyhead Contemporary 3-Seater Fabric Sofa - Crimson Red
SRCH_001769,CUST_01723,business & finance,Books,2026-04-03 11:49:35,1,Penguin Atomic Habits: Build Good Habits
SRCH_001770,CUST_00452,kitchen,Kitchen,2026-03-23 00:44:35,1,Hawkins Airtight Glass Food Storage Jars
SRCH_001771,CUST_02331,skincare,Beauty,2026-07-24 00:47:35,1,Nivea Luxury Eau De Parfum 100ml - Space Gray
SRCH_001772,CUST_02113,wearables,Electronics,2026-05-12 06:57:35,1,Samsung Digital Mirrorless Camera
SRCH_001773,CUST_00642,small appliances,Kitchen,2026-08-26 07:35:35,1,Pigeon Electric Rapid Air Fryer 4.5L
SRCH_001774,CUST_00722,technology,Books,2026-04-22 02:32:35,1,HarperCollins Python Machine Learning & AI Mastery
SRCH_001775,CUST_01861,lighting,Home,2026-04-14 22:42:35,1,Spaces 100% Cotton 300TC Double Bed Sheet - Rose Gold
SRCH_001776,CUST_01363,furniture,Furniture,2026-05-17 04:37:35,1,Sleepyhead Ergonomic Mesh High-Back Office Chair - Classic Beige
SRCH_001777,CUST_01417,business & finance,Books,2026-03-21 09:56:35,1,O'Reilly Python Machine Learning & AI Mastery
SRCH_001778,CUST_00722,technology,Books,2026-07-19 23:29:35,1,O'Reilly Deep Work: Focused Success in a Distracted World - Charcoal
SRCH_001779,CUST_00995,winterwear,Fashion,2026-03-16 06:49:35,1,Puma Cozy Fleece Pullover Hoodie - Rose Gold
SRCH_001780,CUST_02983,footwear,Footwear,2026-04-02 23:58:35,1,Puma Cushioned Running Shoes - Crimson Red
SRCH_001781,CUST_02737,makeup,Beauty,2026-08-01 21:22:35,1,The Ordinary Matte Velvet Long-Stay Lipstick
SRCH_001782,CUST_02763,ultrabooks,Laptops,2026-08-13 17:51:35,1,HP Pro Gaming Laptop RTX 4070
SRCH_001783,CUST_02858,running shoes,Footwear,2026-03-27 16:13:35,1,Clarks Comfort Walking Slip-On Shoes - Crimson Red
SRCH_001784,CUST_02032,office,Furniture,2026-07-05 15:31:35,1,Sleepyhead Minimalist Nesting Coffee Tables
SRCH_001785,CUST_02335,cookware,Kitchen,2026-03-28 11:18:35,1,Hawkins Heavy-Duty 750W Mixer Grinder - Olive Green
SRCH_001786,CUST_01300,sneakers,Footwear,2026-05-15 10:32:35,1,Nike Comfort Walking Slip-On Shoes - Pearl White
SRCH_001787,CUST_02670,winterwear,Fashion,2026-04-02 05:04:35,1,Puma Solid Crew Neck Cotton T-Shirt
SRCH_001788,CUST_01241,business & finance,Books,2026-06-12 12:41:35,1,Penguin Atomic Habits: Build Good Habits - Crimson Red
SRCH_001789,CUST_00028,books,Books,2026-04-23 04:43:35,1,Bloomsbury The Psychology of Money
SRCH_001790,CUST_01213,footwear,Footwear,2026-08-19 11:41:35,1,Bata Cushioned Running Shoes
SRCH_001791,CUST_02163,running shoes,Footwear,2026-03-14 23:46:35,1,Reebok Waterproof Outdoor Hiking Boots - Rose Gold
SRCH_001792,CUST_02129,men's clothing,Fashion,2026-06-08 01:43:35,1,FabIndia Casual Stretch Chino Trousers
SRCH_001793,CUST_02592,business & finance,Books,2026-05-13 12:01:35,1,O'Reilly The Psychology of Money
SRCH_001794,CUST_01184,home,Home,2026-04-21 23:33:35,1,Spaces 100% Cotton 300TC Double Bed Sheet - Space Gray
SRCH_001795,CUST_02046,books,Books,2026-04-20 08:08:35,1,Random House Atomic Habits: Build Good Habits - Classic Beige
SRCH_001796,CUST_01123,books,Books,2026-08-05 23:03:35,1,O'Reilly The Psychology of Money
SRCH_001797,CUST_02665,gaming laptops,Laptops,2026-05-02 00:19:35,1,Apple Creator Studio Laptop 4K OLED - Classic Beige
SRCH_001798,CUST_00771,shaving & grooming,Personal Care,2026-04-20 05:08:35,1,Gillette Cordless Rechargeable Beard Trimmer - Charcoal
SRCH_001799,CUST_01208,bags & backpacks,Accessories,2026-07-14 23:37:35,1,Logitech Magnetic Qi Fast Wireless Charger Stand - Rose Gold
SRCH_001800,CUST_00040,care,Personal Care,2026-08-10 17:23:35,1,Philips Cordless Rechargeable Beard Trimmer
SRCH_001801,CUST_00291,mid-range,Mobiles,2026-03-22 03:57:35,1,Google Pure Android Experience 5G - Silver
SRCH_001802,CUST_00831,books,Books,2026-07-06 05:00:35,1,Penguin Atomic Habits: Build Good Habits
SRCH_001803,CUST_01598,student laptops,Laptops,2026-07-01 19:21:35,1,HP Pro Gaming Laptop RTX 4070
SRCH_001804,CUST_01044,electronics,Electronics,2026-07-16 18:19:35,1,Sony 4K Ultra HD Smart TV 55-inch - Classic Beige
SRCH_001805,CUST_02201,men's clothing,Fashion,2026-05-05 11:54:35,1,Nike Floral Print Maxi Summer Dress - Charcoal
SRCH_001806,CUST_01441,television,Electronics,2026-08-29 12:40:35,1,LG Action Camera 4K Waterproof
SRCH_001807,CUST_01227,controllers,Gaming,2026-06-23 18:53:35,1,SteelSeries Next-Gen Home Gaming Console 1TB - Classic Beige
SRCH_001808,CUST_01448,business & finance,Books,2026-05-26 02:06:35,1,Bloomsbury The Psychology of Money
SRCH_001809,CUST_00045,fashion,Fashion,2026-05-07 02:31:35,1,H&M Denim Trucker Jacket - Midnight Black
SRCH_001810,CUST_02146,shaving & grooming,Personal Care,2026-06-23 16:07:35,1,Gillette Cordless Rechargeable Beard Trimmer
SRCH_001811,CUST_01308,business & finance,Books,2026-07-09 03:01:35,1,Bloomsbury The Psychology of Money - Silver
SRCH_001812,CUST_02078,kitchen,Kitchen,2026-09-07 00:49:35,1,Pigeon Airtight Glass Food Storage Jars
SRCH_001813,CUST_02964,mid-range,Mobiles,2026-04-27 05:38:35,1,Motorola Battery King Phone 6000mAh
SRCH_001814,CUST_02643,sports,Sports,2026-07-08 22:49:35,1,Nivia Quick Dry Athletic Training Shorts
SRCH_001815,CUST_02330,cooking essentials,Grocery,2026-05-13 13:46:35,1,Nestle Organic Green Tea Herbal Infusion 100 Bags - Pearl White
SRCH_001816,CUST_02043,accessories,Gaming,2026-06-26 02:20:35,1,PlayStation Wireless Haptic Feedback Gaming Controller - Space Gray
SRCH_001817,CUST_00785,mid-range,Mobiles,2026-08-08 05:10:35,1,Realme NextGen Smartphone Pro Max - Navy Blue
SRCH_001818,CUST_01839,living room,Furniture,2026-06-16 04:36:35,1,Urban Ladder Contemporary 3-Seater Fabric Sofa - Rose Gold
SRCH_001819,CUST_02209,bags & backpacks,Accessories,2026-04-24 21:51:35,1,Portronics Ergonomic Silent Wireless Mouse
SRCH_001820,CUST_02291,fitness equipment,Sports,2026-04-29 02:32:35,1,Decathlon Extra Thick Non-Slip Eco Yoga Mat - Classic Beige
SRCH_001821,CUST_01672,grocery,Grocery,2026-08-02 14:30:35,1,Saffola Organic Raw Honey 500g - Crimson Red
SRCH_001822,CUST_02710,kitchen,Kitchen,2026-08-07 18:23:35,1,Hawkins Electric Rapid Air Fryer 4.5L
SRCH_001823,CUST_02976,television,Electronics,2026-03-21 00:09:35,1,Samsung 4K Ultra HD Smart TV 55-inch - Rose Gold
SRCH_001824,CUST_00973,accessories,Gaming,2026-08-03 11:55:35,1,Razer Next-Gen Home Gaming Console 1TB - Navy Blue
SRCH_001825,CUST_02001,living room,Furniture,2026-03-17 21:09:35,1,Wakefit Minimalist Nesting Coffee Tables - Charcoal
SRCH_001826,CUST_00570,controllers,Gaming,2026-04-11 22:18:35,1,SteelSeries Next-Gen Home Gaming Console 1TB - Classic Beige
SRCH_001827,CUST_00864,electronics,Electronics,2026-08-01 00:32:35,1,Samsung Noise Cancelling Wireless Earbuds - Pearl White
SRCH_001828,CUST_02389,personal care,Personal Care,2026-08-17 19:03:35,1,Dettol Deep Cleansing Charcoal Body Wash 500ml - Charcoal
SRCH_001829,CUST_00066,winterwear,Fashion,2026-08-12 10:21:35,1,FabIndia Solid Crew Neck Cotton T-Shirt - Midnight Black
SRCH_001830,CUST_00290,snacks,Grocery,2026-04-23 21:38:35,1,Nestle Artisan Dark Roasted Arabica Coffee Beans 250g
SRCH_001831,CUST_02357,storage & containers,Kitchen,2026-07-18 08:51:35,1,Prestige Hard Anodized Non-Stick Cookware Set - Olive Green
SRCH_001832,CUST_02020,electronics,Electronics,2026-08-03 04:27:35,1,Bose Bass Soundbar with Subwoofer - Midnight Black
SRCH_001833,CUST_02979,books,Books,2026-05-28 21:53:35,1,O'Reilly Deep Work: Focused Success in a Distracted World - Space Gray
SRCH_001834,CUST_01445,footwear,Footwear,2026-03-17 18:32:35,1,Clarks Classic Low-Top Canvas Sneakers
SRCH_001835,CUST_02568,fashion,Fashion,2026-09-02 07:12:35,1,Puma Casual Stretch Chino Trousers - Pearl White
SRCH_001836,CUST_01480,fragrances,Beauty,2026-06-14 09:34:35,1,Neutrogena Hydrating Hyaluronic Acid Serum - Rose Gold
SRCH_001837,CUST_01534,accessories,Accessories,2026-08-10 05:02:35,1,American Tourister Ergonomic Silent Wireless Mouse
SRCH_001838,CUST_02930,laptops,Laptops,2026-07-31 06:37:35,1,Apple Ultra-Slim Metal Ultrabook
SRCH_001839,CUST_00186,controllers,Gaming,2026-07-25 07:45:35,1,Razer Surround Sound Gaming Headset with Mic
SRCH_001840,CUST_01349,mobiles,Mobiles,2026-05-19 16:08:35,1,Samsung Sleek Curve Screen 5G Phone - Charcoal
SRCH_001841,CUST_00933,running shoes,Footwear,2026-06-20 04:54:35,1,Puma Genuine Leather Oxford Shoes
SRCH_001842,CUST_00895,makeup,Beauty,2026-07-11 13:23:35,1,Maybelline Luxury Eau De Parfum 100ml
SRCH_001843,CUST_00702,laptops,Laptops,2026-08-02 21:19:35,1,Lenovo Student Essential Laptop
SRCH_001844,CUST_01293,men's clothing,Fashion,2026-06-22 18:41:35,1,Puma Casual Stretch Chino Trousers - Pearl White
SRCH_001845,CUST_00363,smart devices,Electronics,2026-05-28 22:22:35,1,Sennheiser Wireless Bluetooth Headphones
SRCH_001846,CUST_01775,yoga,Sports,2026-06-26 22:24:35,1,Decathlon Extra Thick Non-Slip Eco Yoga Mat - Classic Beige
SRCH_001847,CUST_01281,sports,Sports,2026-04-01 08:48:35,1,Yonex Adjustable Hex Dumbbells Pair
SRCH_001848,CUST_01493,beverages,Grocery,2026-03-23 15:58:35,1,Nestle Organic Raw Honey 500g - Navy Blue
SRCH_001849,CUST_00554,bedding,Home,2026-07-25 13:56:35,1,IKEA Smart LED Color Ambient Bulb
SRCH_001850,CUST_02781,technology,Books,2026-03-23 03:41:35,1,Penguin Atomic Habits: Build Good Habits - Crimson Red
SRCH_001851,CUST_02653,bedding,Home,2026-05-30 09:42:35,1,IKEA 100% Cotton 300TC Double Bed Sheet
SRCH_001852,CUST_01228,mobile accessories,Accessories,2026-05-04 09:56:35,1,Anker Multi-Port 7-in-1 USB-C Hub Adapter
SRCH_001853,CUST_00776,business & finance,Books,2026-03-16 23:29:35,1,O'Reilly Deep Work: Focused Success in a Distracted World - Charcoal
SRCH_001854,CUST_01532,decor,Home,2026-04-18 02:38:35,1,Home Centre 100% Cotton 300TC Double Bed Sheet
SRCH_001855,CUST_01967,books,Books,2026-03-27 20:58:35,1,Random House The Psychology of Money - Rose Gold
SRCH_001856,CUST_02981,decor,Home,2026-05-26 01:29:35,1,Home Centre 100% Cotton 300TC Double Bed Sheet
SRCH_001857,CUST_00136,laptops,Laptops,2026-04-12 01:17:35,1,Apple Creator Studio Laptop 4K OLED
SRCH_001858,CUST_01062,home,Home,2026-07-10 05:20:35,1,Philips Smart LED Color Ambient Bulb
SRCH_001859,CUST_02624,office,Furniture,2026-04-14 13:27:35,1,Urban Ladder Modern Engineered Wood Computer Desk - Olive Green
SRCH_001860,CUST_00228,office,Furniture,2026-07-22 20:23:35,1,Urban Ladder Modern Engineered Wood Computer Desk - Silver
SRCH_001861,CUST_00920,running shoes,Footwear,2026-04-02 00:46:35,1,Bata Waterproof Outdoor Hiking Boots - Pearl White
SRCH_001862,CUST_00746,smart devices,Electronics,2026-07-30 22:48:35,1,Bose Digital Mirrorless Camera - Navy Blue
SRCH_001863,CUST_01748,cooking essentials,Grocery,2026-04-07 06:04:35,1,Nestle Cold-Pressed Extra Virgin Olive Oil 1L - Charcoal
SRCH_001864,CUST_02634,personal,Personal Care,2026-08-22 22:21:35,1,Philips Deep Cleansing Charcoal Body Wash 500ml - Pearl White
SRCH_001865,CUST_01765,home,Home,2026-05-22 10:18:35,1,Home Centre Smart LED Color Ambient Bulb
SRCH_001866,CUST_02960,accessories,Gaming,2026-05-13 13:00:35,1,Razer Surround Sound Gaming Headset with Mic
SRCH_001867,CUST_01557,laptops,Laptops,2026-03-19 10:27:35,1,Asus Creator Studio Laptop 4K OLED - Crimson Red
SRCH_001868,CUST_01982,books,Books,2026-05-26 09:02:35,1,Random House Deep Work: Focused Success in a Distracted World - Navy Blue
SRCH_001869,CUST_00911,office,Furniture,2026-08-01 13:31:35,1,Wakefit Contemporary 3-Seater Fabric Sofa
SRCH_001870,CUST_00352,small appliances,Kitchen,2026-04-21 10:27:35,1,Pigeon Stainless Steel Chef Knife Set - Midnight Black
SRCH_001871,CUST_02115,kitchen,Kitchen,2026-08-25 10:19:35,1,Hawkins Hard Anodized Non-Stick Cookware Set - Pearl White
SRCH_001872,CUST_01243,small appliances,Kitchen,2026-08-16 23:03:35,1,Philips Heavy-Duty 750W Mixer Grinder - Space Gray
SRCH_001873,CUST_00214,television,Electronics,2026-07-31 09:50:35,1,JBL Bass Soundbar with Subwoofer - Midnight Black
SRCH_001874,CUST_00280,books,Books,2026-07-28 08:43:35,1,O'Reilly Deep Work: Focused Success in a Distracted World - Pearl White
SRCH_001875,CUST_02122,sports,Sports,2026-07-27 11:45:35,1,Yonex Carbon Fiber Badminton Racket - Space Gray
SRCH_001876,CUST_02228,lighting,Home,2026-03-15 19:33:35,1,Spaces Velvet Touch Blackout Window Curtains - Pearl White
SRCH_001877,CUST_00959,men's clothing,Fashion,2026-08-03 10:13:35,1,Nike Cozy Fleece Pullover Hoodie - Pearl White
SRCH_001878,CUST_00131,gaming,Gaming,2026-07-16 07:16:35,1,Razer Surround Sound Gaming Headset with Mic
SRCH_001879,CUST_02372,fitness equipment,Sports,2026-03-24 07:27:35,1,Boldfit Anti-Burst Gym Exercise Ball with Pump - Crimson Red
SRCH_001880,CUST_00863,electronics,Electronics,2026-08-17 12:38:35,1,Sony Compact Bluetooth Speaker
SRCH_001881,CUST_02760,beverages,Grocery,2026-07-02 08:22:35,1,Organic India Organic Raw Honey 500g - Space Gray
SRCH_001882,CUST_02954,running shoes,Footwear,2026-04-18 01:53:35,1,Bata Waterproof Outdoor Hiking Boots - Pearl White
SRCH_001883,CUST_02079,winterwear,Fashion,2026-07-19 04:56:35,1,Puma Casual Stretch Chino Trousers
SRCH_001884,CUST_02705,shaving & grooming,Personal Care,2026-06-26 06:28:35,1,Colgate Deep Cleansing Charcoal Body Wash 500ml - Charcoal
SRCH_001885,CUST_02879,mid-range,Mobiles,2026-04-12 22:54:35,1,Apple Battery King Phone 6000mAh - Rose Gold
SRCH_001886,CUST_00252,electronics,Electronics,2026-07-26 21:20:35,1,Sennheiser Compact Bluetooth Speaker
SRCH_001887,CUST_00628,television,Electronics,2026-03-14 12:40:35,1,Boat Noise Cancelling Wireless Earbuds
SRCH_001888,CUST_01436,small appliances,Kitchen,2026-04-03 04:13:35,1,Pigeon Heavy-Duty 750W Mixer Grinder
SRCH_001889,CUST_01060,electronics,Electronics,2026-04-12 15:19:35,1,LG 4K Ultra HD Smart TV 55-inch - Olive Green
SRCH_001890,CUST_02859,care,Personal Care,2026-03-19 10:58:35,1,Colgate Gentle Sulfate-Free Moisturizing Body Lotion - Olive Green
SRCH_001891,CUST_02868,office,Furniture,2026-08-15 05:59:35,1,Sleepyhead Modern Engineered Wood Computer Desk
SRCH_001892,CUST_01403,student laptops,Laptops,2026-03-16 05:26:35,1,Acer Pro Gaming Laptop RTX 4070
SRCH_001893,CUST_01385,personal care,Personal Care,2026-08-17 02:10:35,1,Gillette Cordless Rechargeable Beard Trimmer - Olive Green
SRCH_001894,CUST_00267,footwear,Footwear,2026-05-21 08:26:35,1,Skechers Cushioned Running Shoes - Olive Green
SRCH_001895,CUST_01074,sneakers,Footwear,2026-08-21 12:23:35,1,Puma Genuine Leather Oxford Shoes
SRCH_001896,CUST_02282,running shoes,Footwear,2026-03-26 20:00:35,1,Reebok Genuine Leather Oxford Shoes
SRCH_001897,CUST_01157,fashion,Fashion,2026-05-17 17:55:35,1,FabIndia Casual Stretch Chino Trousers
SRCH_001898,CUST_02755,fitness equipment,Sports,2026-08-31 02:06:35,1,Decathlon Quick Dry Athletic Training Shorts
SRCH_001899,CUST_01401,gaming,Gaming,2026-07-13 08:06:35,1,Logitech G Wireless Haptic Feedback Gaming Controller
SRCH_001900,CUST_00520,business & finance,Books,2026-08-21 16:30:35,1,O'Reilly Deep Work: Focused Success in a Distracted World - Crimson Red
SRCH_001901,CUST_00438,footwear,Footwear,2026-03-27 16:57:35,1,Bata Comfort Walking Slip-On Shoes - Rose Gold
SRCH_001902,CUST_00496,winterwear,Fashion,2026-08-28 23:19:35,1,FabIndia Denim Trucker Jacket
SRCH_001903,CUST_02121,controllers,Gaming,2026-05-31 20:59:35,1,Logitech G Ultra-Lightweight 8KHz Optical Gaming Mouse - Olive Green
SRCH_001904,CUST_00827,personal,Personal Care,2026-06-10 08:41:35,1,Philips Cordless Rechargeable Beard Trimmer
SRCH_001905,CUST_01790,furniture,Furniture,2026-06-20 02:09:35,1,Wakefit Ergonomic Mesh High-Back Office Chair
SRCH_001906,CUST_02408,gaming,Gaming,2026-08-20 01:01:35,1,SteelSeries RGB Mechanical Gaming Keyboard - Midnight Black
SRCH_001907,CUST_01382,footwear,Footwear,2026-06-21 09:29:35,1,Skechers Comfort Walking Slip-On Shoes
SRCH_001908,CUST_01005,bath & body,Personal Care,2026-06-01 15:07:35,1,Gillette Sonic Electric Toothbrush with Timer
SRCH_001909,CUST_00043,mobile accessories,Accessories,2026-08-11 18:27:35,1,Portronics Multi-Port 7-in-1 USB-C Hub Adapter - Midnight Black
SRCH_001910,CUST_02108,bedding,Home,2026-05-11 14:41:35,1,D'Decor Velvet Touch Blackout Window Curtains - Crimson Red
SRCH_001911,CUST_00565,mobiles,Mobiles,2026-06-01 23:36:35,1,OnePlus NextGen Smartphone Pro Max - Rose Gold
SRCH_001912,CUST_00905,laptops,Laptops,2026-07-30 13:30:35,1,Apple Business Productivity Notebook
SRCH_001913,CUST_01677,business & finance,Books,2026-05-18 01:36:35,1,Bloomsbury The Psychology of Money - Silver
SRCH_001914,CUST_00075,controllers,Gaming,2026-08-21 23:11:35,1,Logitech G Wireless Haptic Feedback Gaming Controller
SRCH_001915,CUST_02655,mobiles,Mobiles,2026-07-16 23:29:35,1,OnePlus NextGen Smartphone Pro Max
SRCH_001916,CUST_00861,small appliances,Kitchen,2026-07-21 08:13:35,1,Philips Airtight Glass Food Storage Jars
SRCH_001917,CUST_00812,skincare,Beauty,2026-06-08 02:14:35,1,Neutrogena Keratin Smoothing Hair Mask - Midnight Black
SRCH_001918,CUST_02085,running shoes,Footwear,2026-07-22 09:00:35,1,Puma Classic Low-Top Canvas Sneakers - Olive Green
SRCH_001919,CUST_02975,lighting,Home,2026-08-26 03:41:35,1,Home Centre Smart LED Color Ambient Bulb
SRCH_001920,CUST_02088,electronics,Electronics,2026-06-28 11:24:35,1,JBL Bass Soundbar with Subwoofer - Navy Blue
SRCH_001921,CUST_01089,beverages,Grocery,2026-06-18 11:07:35,1,Organic India Organic Green Tea Herbal Infusion 100 Bags - Olive Green
SRCH_001922,CUST_01933,accessories,Accessories,2026-05-11 08:53:35,1,American Tourister Ergonomic Silent Wireless Mouse
SRCH_001923,CUST_01872,fashion,Fashion,2026-05-12 11:45:35,1,Adidas Floral Print Maxi Summer Dress - Midnight Black
SRCH_001924,CUST_01418,shaving & grooming,Personal Care,2026-06-05 20:42:35,1,Colgate Deep Cleansing Charcoal Body Wash 500ml - Rose Gold
SRCH_001925,CUST_02225,outdoor sports,Sports,2026-08-23 04:20:35,1,Cosco Carbon Fiber Badminton Racket - Navy Blue
SRCH_001926,CUST_00091,gaming,Gaming,2026-06-09 12:43:35,1,SteelSeries Surround Sound Gaming Headset with Mic - Classic Beige
SRCH_001927,CUST_02311,footwear,Footwear,2026-06-23 02:38:35,1,Adidas Cushioned Running Shoes - Silver
SRCH_001928,CUST_00153,gaming,Gaming,2026-04-16 11:00:35,1,Logitech G Ultra-Lightweight 8KHz Optical Gaming Mouse - Olive Green
SRCH_001929,CUST_00571,home,Home,2026-04-07 00:15:35,1,Home Centre Handwoven Boho Area Rug
SRCH_001930,CUST_02741,kitchen,Kitchen,2026-05-09 00:46:35,1,Pigeon Stainless Steel Chef Knife Set - Midnight Black
SRCH_001931,CUST_02481,fragrances,Beauty,2026-04-16 15:05:35,1,Maybelline Matte Velvet Long-Stay Lipstick - Silver
SRCH_001932,CUST_02727,running shoes,Footwear,2026-09-02 13:29:35,1,Bata Classic Low-Top Canvas Sneakers - Classic Beige
SRCH_001933,CUST_00637,budget,Mobiles,2026-04-26 04:27:35,1,Motorola Sleek Curve Screen 5G Phone - Charcoal
SRCH_001934,CUST_00715,audio,Electronics,2026-06-08 07:16:35,1,JBL Smart Fitness Watch
SRCH_001935,CUST_02155,ultrabooks,Laptops,2026-08-01 08:17:35,1,Acer Ultra-Slim Metal Ultrabook
SRCH_001936,CUST_00119,ultrabooks,Laptops,2026-06-17 08:05:35,1,Apple Pro Gaming Laptop RTX 4070
SRCH_001937,CUST_00548,decor,Home,2026-08-13 01:54:35,1,Home Centre Handwoven Boho Area Rug - Pearl White
SRCH_001938,CUST_02447,mobiles,Mobiles,2026-07-16 11:05:35,1,OnePlus NextGen Smartphone Pro Max - Rose Gold
SRCH_001939,CUST_00396,shaving & grooming,Personal Care,2026-05-02 16:37:35,1,Dove Gentle Sulfate-Free Moisturizing Body Lotion - Space Gray
SRCH_001940,CUST_00329,laptops,Laptops,2026-05-06 02:44:35,1,Asus Business Productivity Notebook - Crimson Red
SRCH_001941,CUST_01972,running shoes,Footwear,2026-04-25 12:16:35,1,Reebok Genuine Leather Oxford Shoes - Pearl White
SRCH_001942,CUST_01298,mobiles,Mobiles,2026-06-16 12:52:35,1,OnePlus NextGen Smartphone Pro Max
SRCH_001943,CUST_01847,laptops,Laptops,2026-04-11 14:03:35,1,HP Ultra-Slim Metal Ultrabook - Charcoal
SRCH_001944,CUST_00756,ultrabooks,Laptops,2026-05-18 03:45:35,1,Apple Student Essential Laptop
SRCH_001945,CUST_00108,footwear,Footwear,2026-08-30 21:17:35,1,Adidas Waterproof Outdoor Hiking Boots
SRCH_001946,CUST_01288,accessories,Gaming,2026-05-08 03:48:35,1,Logitech G RGB Mechanical Gaming Keyboard - Navy Blue
SRCH_001947,CUST_01229,fragrances,Beauty,2026-05-02 23:58:35,1,Neutrogena Vitamin C Brightening Facial Cleanser - Silver
SRCH_001948,CUST_01705,technology,Books,2026-05-22 14:07:35,1,O'Reilly Deep Work: Focused Success in a Distracted World - Crimson Red
SRCH_001949,CUST_01279,personal care,Personal Care,2026-08-04 08:45:35,1,Philips Sonic Electric Toothbrush with Timer
SRCH_001950,CUST_02208,fragrances,Beauty,2026-05-25 00:53:35,1,L'Oreal Matte Liquid Longwear Foundation - Olive Green
SRCH_001951,CUST_01240,mobile accessories,Accessories,2026-06-22 12:18:35,1,American Tourister Ergonomic Silent Wireless Mouse
SRCH_001952,CUST_00515,shaving & grooming,Personal Care,2026-05-13 21:01:35,1,Philips Cordless Rechargeable Beard Trimmer
SRCH_001953,CUST_00915,outdoor sports,Sports,2026-04-04 06:45:35,1,Yonex Anti-Burst Gym Exercise Ball with Pump - Olive Green
SRCH_001954,CUST_00983,mid-range,Mobiles,2026-03-30 09:53:35,1,Apple Sleek Curve Screen 5G Phone - Pearl White
SRCH_001955,CUST_00508,wearables,Electronics,2026-06-17 03:40:35,1,Samsung Noise Cancelling Wireless Earbuds - Silver
SRCH_001956,CUST_02596,skincare,Beauty,2026-07-22 09:22:35,1,Minimalist Vitamin C Brightening Facial Cleanser - Rose Gold
SRCH_001957,CUST_01855,small appliances,Kitchen,2026-08-31 21:21:35,1,Hawkins Heavy-Duty 750W Mixer Grinder - Olive Green
SRCH_001958,CUST_01844,laptops,Laptops,2026-06-30 06:08:35,1,Apple Student Essential Laptop
SRCH_001959,CUST_01306,mid-range,Mobiles,2026-08-17 20:20:35,1,Realme NextGen Smartphone Pro Max - Charcoal
SRCH_001960,CUST_00213,footwear,Footwear,2026-07-19 02:35:35,1,Adidas Genuine Leather Oxford Shoes - Olive Green
SRCH_001961,CUST_00888,smart devices,Electronics,2026-05-20 12:16:35,1,Sennheiser 4K Ultra HD Smart TV 55-inch - Olive Green
SRCH_001962,CUST_02381,winterwear,Fashion,2026-07-04 16:31:35,1,H&M Cozy Fleece Pullover Hoodie - Pearl White
SRCH_001963,CUST_00248,lighting,Home,2026-07-24 18:02:35,1,D'Decor Velvet Touch Blackout Window Curtains - Pearl White
SRCH_001964,CUST_02446,running shoes,Footwear,2026-03-26 21:46:35,1,Puma Cushioned Running Shoes - Olive Green
SRCH_001965,CUST_01879,small appliances,Kitchen,2026-07-31 07:00:35,1,Pigeon Heavy-Duty 750W Mixer Grinder
SRCH_001966,CUST_02609,smart devices,Electronics,2026-07-10 21:53:35,1,Sony 4K Ultra HD Smart TV 55-inch
SRCH_001967,CUST_01057,office,Furniture,2026-09-06 04:51:35,1,Sleepyhead Orthopedic Memory Foam Mattress 6-inch - Pearl White
SRCH_001968,CUST_02291,personal care,Personal Care,2026-04-03 19:04:35,1,Oral-B Deep Cleansing Charcoal Body Wash 500ml
SRCH_001969,CUST_01183,bedding,Home,2026-07-07 03:14:35,1,IKEA Handwoven Boho Area Rug - Classic Beige
SRCH_001970,CUST_00955,mid-range,Mobiles,2026-07-22 03:06:35,1,Motorola Smartphone Ultra 5G - Midnight Black
SRCH_001971,CUST_01261,gaming,Gaming,2026-06-24 14:08:35,1,Razer Ultra-Lightweight 8KHz Optical Gaming Mouse
SRCH_001972,CUST_02031,gaming laptops,Laptops,2026-04-26 02:09:35,1,Lenovo Creator Studio Laptop 4K OLED
SRCH_001973,CUST_02074,shaving & grooming,Personal Care,2026-05-13 01:04:35,1,Philips Sonic Electric Toothbrush with Timer
SRCH_001974,CUST_00670,mobiles,Mobiles,2026-06-22 00:06:35,1,OnePlus Smooth Display Mid-Range 5G - Navy Blue
SRCH_001975,CUST_02976,electronics,Electronics,2026-08-20 11:19:35,1,Bose Digital Mirrorless Camera - Navy Blue
SRCH_001976,CUST_02693,ultrabooks,Laptops,2026-08-09 14:46:35,1,Asus Pro Gaming Laptop RTX 4070 - Charcoal
SRCH_001977,CUST_00442,cookware,Kitchen,2026-04-29 13:31:35,1,Prestige Airtight Glass Food Storage Jars - Crimson Red
SRCH_001978,CUST_00262,controllers,Gaming,2026-09-02 16:11:35,1,Logitech G Ultra-Lightweight 8KHz Optical Gaming Mouse - Pearl White
SRCH_001979,CUST_01353,business & finance,Books,2026-08-16 16:01:35,1,O'Reilly The Psychology of Money - Charcoal
SRCH_001980,CUST_00427,furniture,Furniture,2026-08-14 04:11:35,1,Wakefit Modern Engineered Wood Computer Desk
SRCH_001981,CUST_00900,snacks,Grocery,2026-08-10 14:03:35,1,Tata Roasted California Almonds 500g
SRCH_001982,CUST_00078,audio,Electronics,2026-06-22 07:55:35,1,Samsung Digital Mirrorless Camera - Space Gray
SRCH_001983,CUST_00703,outdoor sports,Sports,2026-09-02 11:51:35,1,Nivia Quick Dry Athletic Training Shorts
SRCH_001984,CUST_02364,business & finance,Books,2026-04-08 16:49:35,1,O'Reilly Deep Work: Focused Success in a Distracted World - Pearl White
SRCH_001985,CUST_01310,accessories,Gaming,2026-06-07 02:22:35,1,Xbox Surround Sound Gaming Headset with Mic - Olive Green
SRCH_001986,CUST_02009,budget,Mobiles,2026-03-17 23:05:35,1,Google Smooth Display Mid-Range 5G - Midnight Black
SRCH_001987,CUST_01529,fragrances,Beauty,2026-08-12 05:58:35,1,Neutrogena Vitamin C Brightening Facial Cleanser - Silver
SRCH_001988,CUST_02680,running shoes,Footwear,2026-05-23 15:51:35,1,Nike Comfort Walking Slip-On Shoes
SRCH_001989,CUST_00501,electronics,Electronics,2026-05-17 17:11:35,1,LG Compact Bluetooth Speaker - Silver
SRCH_001990,CUST_01521,television,Electronics,2026-08-23 13:41:35,1,Samsung Action Camera 4K Waterproof
SRCH_001991,CUST_02500,books,Books,2026-06-10 08:16:35,1,Bloomsbury The Psychology of Money
SRCH_001992,CUST_02894,fitness equipment,Sports,2026-05-25 18:00:35,1,Cosco Carbon Fiber Badminton Racket
SRCH_001993,CUST_01011,grocery,Grocery,2026-08-26 03:20:35,1,Nestle Cold-Pressed Extra Virgin Olive Oil 1L
SRCH_001994,CUST_00918,student laptops,Laptops,2026-07-14 19:48:35,1,Acer Ultra-Slim Metal Ultrabook - Classic Beige
SRCH_001995,CUST_02887,men's clothing,Fashion,2026-07-25 15:47:35,1,Puma Cozy Fleece Pullover Hoodie - Classic Beige
SRCH_001996,CUST_02870,running shoes,Footwear,2026-04-10 05:34:35,1,Reebok Genuine Leather Oxford Shoes
SRCH_001997,CUST_00820,accessories,Gaming,2026-03-22 00:21:35,1,Corsair Wireless Haptic Feedback Gaming Controller
SRCH_001998,CUST_02620,ultrabooks,Laptops,2026-08-18 07:39:35,1,Lenovo Student Essential Laptop
SRCH_001999,CUST_02564,sports,Sports,2026-03-23 02:57:35,1,Cosco Extra Thick Non-Slip Eco Yoga Mat - Olive Green
SRCH_002000,CUST_00139,fashion,Fashion,2026-05-16 04:48:35,1,Puma Solid Crew Neck Cotton T-Shirt
SRCH_002001,CUST_00759,cookware,Kitchen,2026-05-18 21:32:35,1,Wonderchef Airtight Glass Food Storage Jars - Charcoal
SRCH_002002,CUST_00480,smart devices,Electronics,2026-08-23 08:27:35,1,JBL Smart Fitness Watch
SRCH_002003,CUST_00468,men's clothing,Fashion,2026-05-08 02:09:35,1,FabIndia Floral Print Maxi Summer Dress - Midnight Black
SRCH_002004,CUST_01736,home,Home,2026-06-23 01:42:35,1,Solimo Smart LED Color Ambient Bulb - Olive Green
SRCH_002005,CUST_00601,bath & body,Personal Care,2026-05-26 13:48:35,1,Philips Cordless Rechargeable Beard Trimmer
SRCH_002006,CUST_01086,student laptops,Laptops,2026-08-03 10:16:35,1,Apple Ultra-Slim Metal Ultrabook
SRCH_002007,CUST_01592,audio,Electronics,2026-03-31 01:04:35,1,Samsung Digital Mirrorless Camera - Space Gray
SRCH_002008,CUST_02681,ultrabooks,Laptops,2026-07-20 12:45:35,1,Apple Ultra-Slim Metal Ultrabook - Rose Gold
SRCH_002009,CUST_00658,kitchen,Kitchen,2026-05-03 15:29:35,1,Pigeon Heavy-Duty 750W Mixer Grinder
SRCH_002010,CUST_02631,television,Electronics,2026-05-06 23:52:35,1,JBL Noise Cancelling Wireless Earbuds - Space Gray
SRCH_002011,CUST_01620,business & finance,Books,2026-05-03 18:08:35,1,Penguin The Psychology of Money - Pearl White
SRCH_002012,CUST_02364,business & finance,Books,2026-08-29 19:53:35,1,Penguin Atomic Habits: Build Good Habits
SRCH_002013,CUST_00144,personal care,Personal Care,2026-03-29 05:00:35,1,Oral-B Cordless Rechargeable Beard Trimmer
SRCH_002014,CUST_02763,laptops,Laptops,2026-05-13 01:40:35,1,Lenovo Pro Gaming Laptop RTX 4070 - Midnight Black
SRCH_002015,CUST_02786,home,Home,2026-06-01 05:30:35,1,IKEA 100% Cotton 300TC Double Bed Sheet - Pearl White
SRCH_002016,CUST_02197,accessories,Gaming,2026-04-11 11:41:35,1,PlayStation Wireless Haptic Feedback Gaming Controller - Space Gray
SRCH_002017,CUST_02743,cookware,Kitchen,2026-03-28 20:53:35,1,Prestige Airtight Glass Food Storage Jars
SRCH_002018,CUST_00026,mid-range,Mobiles,2026-07-01 02:49:35,1,Google Sleek Curve Screen 5G Phone - Pearl White
SRCH_002019,CUST_01323,office,Furniture,2026-08-27 09:04:35,1,Wakefit Ergonomic Mesh High-Back Office Chair - Midnight Black
SRCH_002020,CUST_01038,running shoes,Footwear,2026-05-25 06:41:35,1,Reebok Genuine Leather Oxford Shoes
SRCH_002021,CUST_01797,controllers,Gaming,2026-08-14 04:07:35,1,Xbox Next-Gen Home Gaming Console 1TB - Silver
SRCH_002022,CUST_00435,smart devices,Electronics,2026-05-23 19:42:35,1,Sennheiser Wireless Bluetooth Headphones
SRCH_002023,CUST_01213,running shoes,Footwear,2026-04-26 16:40:35,1,Clarks Classic Low-Top Canvas Sneakers - Classic Beige
SRCH_002024,CUST_00536,television,Electronics,2026-07-31 08:30:35,1,JBL Noise Cancelling Wireless Earbuds - Space Gray
SRCH_002025,CUST_02146,budget,Mobiles,2026-09-05 12:36:35,1,Apple Battery King Phone 6000mAh - Rose Gold
SRCH_002026,CUST_01191,men's clothing,Fashion,2026-06-05 00:15:35,1,H&M Denim Trucker Jacket - Midnight Black
SRCH_002027,CUST_00758,fashion,Fashion,2026-04-08 02:15:35,1,FabIndia Casual Stretch Chino Trousers
SRCH_002028,CUST_02083,cookware,Kitchen,2026-08-07 00:01:35,1,Hawkins Stainless Steel Chef Knife Set - Silver
SRCH_002029,CUST_02388,home,Home,2026-03-21 15:03:35,1,IKEA 100% Cotton 300TC Double Bed Sheet
SRCH_002030,CUST_02437,business & finance,Books,2026-07-21 09:40:35,1,O'Reilly Deep Work: Focused Success in a Distracted World - Navy Blue
SRCH_002031,CUST_02513,winterwear,Fashion,2026-07-23 13:28:35,1,Raymond Casual Stretch Chino Trousers - Navy Blue
SRCH_002032,CUST_00150,running shoes,Footwear,2026-04-09 11:05:35,1,Nike Waterproof Outdoor Hiking Boots - Space Gray
SRCH_002033,CUST_02179,student laptops,Laptops,2026-06-21 05:13:35,1,Acer Ultra-Slim Metal Ultrabook
SRCH_002034,CUST_01608,fashion,Fashion,2026-08-28 05:02:35,1,Levis Solid Crew Neck Cotton T-Shirt - Midnight Black
SRCH_002035,CUST_02382,shaving & grooming,Personal Care,2026-07-29 21:41:35,1,Colgate Gentle Sulfate-Free Moisturizing Body Lotion - Olive Green
SRCH_002036,CUST_00966,running shoes,Footwear,2026-04-26 03:51:35,1,Skechers Cushioned Running Shoes
SRCH_002037,CUST_00783,home,Home,2026-03-19 04:33:35,1,IKEA Handwoven Boho Area Rug - Rose Gold
SRCH_002038,CUST_00729,outdoor sports,Sports,2026-03-30 04:44:35,1,Boldfit Quick Dry Athletic Training Shorts - Crimson Red
SRCH_002039,CUST_00747,snacks,Grocery,2026-08-14 19:17:35,1,Saffola Organic Green Tea Herbal Infusion 100 Bags
SRCH_002040,CUST_00348,winterwear,Fashion,2026-05-07 23:16:35,1,H&M Handcrafted Cotton Kurta - Rose Gold
SRCH_002041,CUST_00872,mobiles,Mobiles,2026-07-22 15:21:35,1,Realme Sleek Curve Screen 5G Phone - Rose Gold
SRCH_002042,CUST_02680,shaving & grooming,Personal Care,2026-08-01 18:47:35,1,Dove Gentle Sulfate-Free Moisturizing Body Lotion - Space Gray
SRCH_002043,CUST_02838,footwear,Footwear,2026-08-25 00:05:35,1,Nike Comfort Walking Slip-On Shoes
SRCH_002044,CUST_00158,mobiles,Mobiles,2026-05-06 15:13:35,1,Samsung Battery King Phone 6000mAh - Pearl White
SRCH_002045,CUST_00121,shaving & grooming,Personal Care,2026-06-04 06:39:35,1,Oral-B Cordless Rechargeable Beard Trimmer - Navy Blue
SRCH_002046,CUST_01092,technology,Books,2026-08-10 21:02:35,1,Penguin The Psychology of Money
SRCH_002047,CUST_00002,outdoor sports,Sports,2026-05-31 04:39:35,1,Cosco Carbon Fiber Badminton Racket - Navy Blue
SRCH_002048,CUST_02237,books,Books,2026-07-10 23:07:35,1,Bloomsbury The Psychology of Money
SRCH_002049,CUST_01413,laptops,Laptops,2026-03-31 04:46:35,1,Apple Ultra-Slim Metal Ultrabook - Rose Gold
SRCH_002050,CUST_02915,fitness equipment,Sports,2026-08-02 04:11:35,1,Yonex Carbon Fiber Badminton Racket - Space Gray
SRCH_002051,CUST_01116,furniture,Furniture,2026-05-30 11:29:35,1,Urban Ladder Minimalist Nesting Coffee Tables
SRCH_002052,CUST_01693,grocery,Grocery,2026-04-30 23:18:35,1,Organic India Roasted California Almonds 500g - Crimson Red
SRCH_002053,CUST_00953,mid-range,Mobiles,2026-03-26 17:56:35,1,Samsung Sleek Curve Screen 5G Phone - Olive Green
SRCH_002054,CUST_00652,ultrabooks,Laptops,2026-06-30 13:44:35,1,Apple Ultra-Slim Metal Ultrabook - Rose Gold
SRCH_002055,CUST_00368,gaming,Gaming,2026-08-24 19:11:35,1,Logitech G RGB Mechanical Gaming Keyboard - Classic Beige
SRCH_002056,CUST_00003,men's clothing,Fashion,2026-07-23 00:39:35,1,Levis Floral Print Maxi Summer Dress - Classic Beige
SRCH_002057,CUST_02794,television,Electronics,2026-04-15 00:37:35,1,JBL Smart Fitness Watch
SRCH_002058,CUST_01474,personal,Personal Care,2026-06-10 07:12:35,1,Colgate Deep Cleansing Charcoal Body Wash 500ml - Rose Gold
SRCH_002059,CUST_02812,mid-range,Mobiles,2026-06-15 19:51:35,1,Realme NextGen Smartphone Pro Max - Charcoal
SRCH_002060,CUST_01943,decor,Home,2026-05-14 20:09:35,1,IKEA Handwoven Boho Area Rug - Rose Gold
SRCH_002061,CUST_01010,technology,Books,2026-05-10 09:40:35,1,O'Reilly Deep Work: Focused Success in a Distracted World - Navy Blue
SRCH_002062,CUST_00040,bags & backpacks,Accessories,2026-07-20 18:16:35,1,Portronics Water-Resistant Laptop Backpack 15.6-inch - Silver
SRCH_002063,CUST_01017,cookware,Kitchen,2026-07-18 02:20:35,1,Pigeon Heavy-Duty 750W Mixer Grinder
SRCH_002064,CUST_02916,sneakers,Footwear,2026-04-02 03:29:35,1,Nike Comfort Walking Slip-On Shoes
SRCH_002065,CUST_01714,mobiles,Mobiles,2026-05-28 12:13:35,1,Samsung Sleek Curve Screen 5G Phone - Charcoal
SRCH_002066,CUST_01262,snacks,Grocery,2026-07-31 04:35:35,1,Organic India Organic Raw Honey 500g - Space Gray
SRCH_002067,CUST_00516,accessories,Gaming,2026-08-22 10:46:35,1,SteelSeries Wireless Haptic Feedback Gaming Controller - Midnight Black
SRCH_002068,CUST_02566,accessories,Gaming,2026-03-26 15:50:35,1,Razer Next-Gen Home Gaming Console 1TB
SRCH_002069,CUST_00263,electronics,Electronics,2026-08-09 06:03:35,1,JBL Digital Mirrorless Camera - Silver
SRCH_002070,CUST_01724,bedding,Home,2026-08-08 00:44:35,1,IKEA Velvet Touch Blackout Window Curtains
SRCH_002071,CUST_00637,mid-range,Mobiles,2026-05-31 06:20:35,1,Samsung Sleek Curve Screen 5G Phone - Crimson Red
SRCH_002072,CUST_02638,mid-range,Mobiles,2026-09-05 01:19:35,1,Xiaomi Smooth Display Mid-Range 5G - Space Gray
SRCH_002073,CUST_00322,decor,Home,2026-05-31 10:52:35,1,Solimo Velvet Touch Blackout Window Curtains - Classic Beige
SRCH_002074,CUST_01827,small appliances,Kitchen,2026-05-01 18:51:35,1,Milton Airtight Glass Food Storage Jars - Charcoal
SRCH_002075,CUST_00181,business & finance,Books,2026-04-19 16:12:35,1,Bloomsbury Python Machine Learning & AI Mastery
SRCH_002076,CUST_02761,mobiles,Mobiles,2026-06-08 01:20:35,1,Motorola Smartphone Ultra 5G
SRCH_002077,CUST_01504,gaming,Gaming,2026-05-13 08:15:35,1,Xbox Surround Sound Gaming Headset with Mic - Rose Gold
SRCH_002078,CUST_00708,wearables,Electronics,2026-08-06 09:00:35,1,JBL Smart Fitness Watch - Olive Green
SRCH_002079,CUST_01908,ultrabooks,Laptops,2026-05-10 17:29:35,1,HP Student Essential Laptop - Classic Beige
SRCH_002080,CUST_01187,gaming,Gaming,2026-06-15 17:58:35,1,Xbox Surround Sound Gaming Headset with Mic
SRCH_002081,CUST_02672,business & finance,Books,2026-04-15 12:39:35,1,Bloomsbury The Psychology of Money - Navy Blue
SRCH_002082,CUST_02702,electronics,Electronics,2026-05-15 00:18:35,1,Sennheiser Wireless Bluetooth Headphones
SRCH_002083,CUST_01844,ultrabooks,Laptops,2026-04-08 08:57:35,1,Apple Business Productivity Notebook - Pearl White
SRCH_002084,CUST_01087,shaving & grooming,Personal Care,2026-06-04 18:15:35,1,Dettol Cordless Rechargeable Beard Trimmer - Classic Beige
SRCH_002085,CUST_01869,fashion,Fashion,2026-03-28 23:37:35,1,Puma Casual Stretch Chino Trousers
SRCH_002086,CUST_01774,lighting,Home,2026-07-28 00:51:35,1,Spaces Velvet Touch Blackout Window Curtains - Pearl White
SRCH_002087,CUST_02742,winterwear,Fashion,2026-08-30 19:42:35,1,Puma Denim Trucker Jacket
SRCH_002088,CUST_00919,business & finance,Books,2026-07-05 17:53:35,1,O'Reilly Deep Work: Focused Success in a Distracted World - Space Gray
SRCH_002089,CUST_00783,personal,Personal Care,2026-09-07 04:31:35,1,Gillette Cordless Rechargeable Beard Trimmer - Charcoal
SRCH_002090,CUST_01938,accessories,Gaming,2026-03-18 17:29:35,1,Xbox Surround Sound Gaming Headset with Mic - Olive Green
SRCH_002091,CUST_02033,kitchen,Kitchen,2026-08-11 08:06:35,1,Prestige Hard Anodized Non-Stick Cookware Set - Olive Green
SRCH_002092,CUST_01253,business & finance,Books,2026-04-17 19:12:35,1,HarperCollins Designing Data-Intensive Applications
SRCH_002093,CUST_00885,accessories,Gaming,2026-04-27 12:08:35,1,PlayStation Wireless Haptic Feedback Gaming Controller - Olive Green
SRCH_002094,CUST_01976,furniture,Furniture,2026-03-12 12:15:35,1,Godrej Interio Orthopedic Memory Foam Mattress 6-inch
SRCH_002095,CUST_02898,laptops,Laptops,2026-08-06 09:24:35,1,Apple Business Productivity Notebook
SRCH_002096,CUST_02462,accessories,Accessories,2026-06-18 01:41:35,1,Spigen 9H Tempered Glass Screen Protector (2-Pack)
SRCH_002097,CUST_00655,accessories,Gaming,2026-05-24 22:38:35,1,Logitech G RGB Mechanical Gaming Keyboard - Classic Beige
SRCH_002098,CUST_02638,mid-range,Mobiles,2026-03-17 11:59:35,1,Xiaomi Pure Android Experience 5G - Charcoal
SRCH_002099,CUST_00027,decor,Home,2026-05-25 15:08:35,1,Spaces Smart LED Color Ambient Bulb - Rose Gold
SRCH_002100,CUST_02477,home,Home,2026-08-10 23:07:35,1,Spaces Velvet Touch Blackout Window Curtains - Pearl White
SRCH_002101,CUST_01665,gaming,Gaming,2026-07-23 22:53:35,1,SteelSeries Next-Gen Home Gaming Console 1TB - Midnight Black
SRCH_002102,CUST_02767,ultrabooks,Laptops,2026-08-13 22:18:35,1,Asus Pro Gaming Laptop RTX 4070 - Charcoal
SRCH_002103,CUST_00915,fashion,Fashion,2026-08-03 02:35:35,1,Levis Solid Crew Neck Cotton T-Shirt - Midnight Black
SRCH_002104,CUST_02198,men's clothing,Fashion,2026-07-07 04:33:35,1,Raymond Cozy Fleece Pullover Hoodie
SRCH_002105,CUST_01641,running shoes,Footwear,2026-06-07 16:09:35,1,Bata Classic Low-Top Canvas Sneakers
SRCH_002106,CUST_00419,bedding,Home,2026-08-04 03:15:35,1,Solimo 100% Cotton 300TC Double Bed Sheet - Silver
SRCH_002107,CUST_01378,fashion,Fashion,2026-07-08 20:24:35,1,Zara Denim Trucker Jacket - Space Gray
SRCH_002108,CUST_00271,winterwear,Fashion,2026-03-23 22:34:35,1,H&M Floral Print Maxi Summer Dress - Olive Green
SRCH_002109,CUST_01082,storage & containers,Kitchen,2026-06-29 14:03:35,1,Philips Airtight Glass Food Storage Jars
SRCH_002110,CUST_01808,accessories,Gaming,2026-07-13 04:27:35,1,Razer Next-Gen Home Gaming Console 1TB
SRCH_002111,CUST_00966,laptops,Laptops,2026-08-21 14:38:35,1,Acer Creator Studio Laptop 4K OLED - Olive Green
SRCH_002112,CUST_00775,care,Personal Care,2026-04-07 21:13:35,1,Dove Deep Cleansing Charcoal Body Wash 500ml
SRCH_002113,CUST_01660,outdoor sports,Sports,2026-05-28 09:22:35,1,Decathlon Quick Dry Athletic Training Shorts - Crimson Red
SRCH_002114,CUST_02382,bath & body,Personal Care,2026-07-01 07:47:35,1,Philips Cordless Rechargeable Beard Trimmer
SRCH_002115,CUST_00876,controllers,Gaming,2026-05-05 08:39:35,1,Corsair RGB Mechanical Gaming Keyboard - Rose Gold
SRCH_002116,CUST_02197,electronics,Electronics,2026-06-25 11:46:35,1,Sony Noise Cancelling Wireless Earbuds - Rose Gold
SRCH_002117,CUST_01296,mid-range,Mobiles,2026-05-15 10:25:35,1,Google Sleek Curve Screen 5G Phone - Pearl White
SRCH_002118,CUST_00295,smart devices,Electronics,2026-06-05 12:19:35,1,Bose Smart Home Voice Hub
SRCH_002119,CUST_01947,makeup,Beauty,2026-03-22 19:53:35,1,Minimalist Hydrating Hyaluronic Acid Serum
SRCH_002120,CUST_00421,mid-range,Mobiles,2026-09-07 07:50:35,1,Motorola Smartphone Ultra 5G - Midnight Black
SRCH_002121,CUST_00449,electronics,Electronics,2026-08-26 16:49:35,1,Bose Smart Home Voice Hub
SRCH_002122,CUST_02171,small appliances,Kitchen,2026-08-12 07:08:35,1,Milton Heavy-Duty 750W Mixer Grinder
SRCH_002123,CUST_02436,office,Furniture,2026-06-06 05:58:35,1,IKEA Modern Engineered Wood Computer Desk - Rose Gold
SRCH_002124,CUST_01660,shaving & grooming,Personal Care,2026-07-02 13:24:35,1,Gillette Deep Cleansing Charcoal Body Wash 500ml
SRCH_002125,CUST_00249,home,Home,2026-09-01 03:50:35,1,Spaces 100% Cotton 300TC Double Bed Sheet - Rose Gold
SRCH_002126,CUST_02524,audio,Electronics,2026-08-30 01:21:35,1,Bose 4K Ultra HD Smart TV 55-inch
SRCH_002127,CUST_00725,beverages,Grocery,2026-08-16 20:05:35,1,Organic India Organic Green Tea Herbal Infusion 100 Bags - Pearl White
SRCH_002128,CUST_02603,snacks,Grocery,2026-06-10 20:04:35,1,Saffola Organic Green Tea Herbal Infusion 100 Bags
SRCH_002129,CUST_02561,home,Home,2026-04-14 07:38:35,1,Spaces 100% Cotton 300TC Double Bed Sheet - Classic Beige
SRCH_002130,CUST_00570,office,Furniture,2026-05-23 15:18:35,1,Wakefit Minimalist Nesting Coffee Tables - Pearl White
SRCH_002131,CUST_01405,mobile accessories,Accessories,2026-04-18 01:04:35,1,Anker 9H Tempered Glass Screen Protector (2-Pack)
SRCH_002132,CUST_00266,budget,Mobiles,2026-07-15 06:23:35,1,Google Smooth Display Mid-Range 5G - Midnight Black
SRCH_002133,CUST_01609,business & finance,Books,2026-08-07 23:05:35,1,Random House Deep Work: Focused Success in a Distracted World - Navy Blue
SRCH_002134,CUST_01985,men's clothing,Fashion,2026-06-13 13:06:35,1,Raymond Cozy Fleece Pullover Hoodie
SRCH_002135,CUST_00455,grocery,Grocery,2026-03-29 00:11:35,1,Tata Organic Green Tea Herbal Infusion 100 Bags
SRCH_002136,CUST_01906,gaming,Gaming,2026-03-31 02:47:35,1,SteelSeries Surround Sound Gaming Headset with Mic - Classic Beige
SRCH_002137,CUST_02918,small appliances,Kitchen,2026-08-23 05:05:35,1,Pigeon Stainless Steel Chef Knife Set - Midnight Black
SRCH_002138,CUST_02490,footwear,Footwear,2026-06-02 20:46:35,1,Nike Waterproof Outdoor Hiking Boots - Space Gray
SRCH_002139,CUST_01087,bath & body,Personal Care,2026-03-23 13:25:35,1,Gillette Cordless Rechargeable Beard Trimmer
SRCH_002140,CUST_02393,beauty,Beauty,2026-05-25 18:25:35,1,L'Oreal Matte Liquid Longwear Foundation - Rose Gold
SRCH_002141,CUST_01276,laptops,Laptops,2026-07-05 22:34:35,1,HP Student Essential Laptop - Classic Beige
SRCH_002142,CUST_02007,running shoes,Footwear,2026-03-13 12:47:35,1,Clarks Genuine Leather Oxford Shoes
SRCH_002143,CUST_00816,furniture,Furniture,2026-08-31 20:54:35,1,Sleepyhead Minimalist Nesting Coffee Tables
SRCH_002144,CUST_01461,mobiles,Mobiles,2026-08-13 08:37:35,1,Apple Sleek Curve Screen 5G Phone - Pearl White
SRCH_002145,CUST_02447,technology,Books,2026-07-25 10:18:35,1,Bloomsbury Atomic Habits: Build Good Habits - Crimson Red
SRCH_002146,CUST_02102,electronics,Electronics,2026-04-28 11:30:35,1,Bose 4K Ultra HD Smart TV 55-inch
SRCH_002147,CUST_00002,ultrabooks,Laptops,2026-07-24 13:32:35,1,Apple Pro Gaming Laptop RTX 4070
SRCH_002148,CUST_01993,outdoor sports,Sports,2026-07-31 23:26:35,1,Nivia Extra Thick Non-Slip Eco Yoga Mat - Pearl White
SRCH_002149,CUST_00531,office,Furniture,2026-07-24 07:03:35,1,Sleepyhead Minimalist Nesting Coffee Tables - Charcoal
SRCH_002150,CUST_01441,accessories,Accessories,2026-07-02 09:24:35,1,Anker 9H Tempered Glass Screen Protector (2-Pack)
SRCH_002151,CUST_02134,running shoes,Footwear,2026-04-29 10:20:35,1,Reebok Waterproof Outdoor Hiking Boots - Rose Gold
SRCH_002152,CUST_02951,skincare,Beauty,2026-04-11 16:15:35,1,Neutrogena Matte Velvet Long-Stay Lipstick
SRCH_002153,CUST_00840,sneakers,Footwear,2026-04-26 05:09:35,1,Adidas Waterproof Outdoor Hiking Boots - Rose Gold
SRCH_002154,CUST_00371,office,Furniture,2026-07-22 16:21:35,1,IKEA Modern Engineered Wood Computer Desk - Rose Gold
SRCH_002155,CUST_00528,office,Furniture,2026-06-27 20:59:35,1,Sleepyhead Ergonomic Mesh High-Back Office Chair - Navy Blue
SRCH_002156,CUST_01775,sports,Sports,2026-04-17 20:45:35,1,Nivia Carbon Fiber Badminton Racket - Olive Green
SRCH_002157,CUST_02082,business & finance,Books,2026-08-04 23:14:35,1,O'Reilly Deep Work: Focused Success in a Distracted World - Navy Blue
SRCH_002158,CUST_00559,running shoes,Footwear,2026-05-10 13:16:35,1,Puma Genuine Leather Oxford Shoes
SRCH_002159,CUST_02360,home,Home,2026-03-26 05:32:35,1,Spaces Collapsible Fabric Storage Organizers
SRCH_002160,CUST_00996,running shoes,Footwear,2026-04-18 21:43:35,1,Adidas Comfort Walking Slip-On Shoes - Rose Gold
SRCH_002161,CUST_01166,bedding,Home,2026-05-11 09:45:35,1,D'Decor Velvet Touch Blackout Window Curtains - Pearl White
SRCH_002162,CUST_01059,accessories,Accessories,2026-08-25 03:24:35,1,Anker Multi-Port 7-in-1 USB-C Hub Adapter
SRCH_002163,CUST_02338,kitchen,Kitchen,2026-09-06 01:02:35,1,Pigeon Airtight Glass Food Storage Jars - Crimson Red
SRCH_002164,CUST_02613,winterwear,Fashion,2026-05-17 13:23:35,1,Adidas Floral Print Maxi Summer Dress - Midnight Black
SRCH_002165,CUST_00695,cookware,Kitchen,2026-09-01 17:44:35,1,Pigeon Heavy-Duty 750W Mixer Grinder
SRCH_002166,CUST_02847,shaving & grooming,Personal Care,2026-05-26 11:31:35,1,Colgate Sonic Electric Toothbrush with Timer - Charcoal
SRCH_002167,CUST_00038,business & finance,Books,2026-08-08 13:14:35,1,O'Reilly Designing Data-Intensive Applications - Space Gray
SRCH_002168,CUST_02264,kitchen,Kitchen,2026-04-28 04:32:35,1,Pigeon Airtight Glass Food Storage Jars
SRCH_002169,CUST_01623,grocery,Grocery,2026-05-26 21:56:35,1,Nestle Artisan Dark Roasted Arabica Coffee Beans 250g
SRCH_002170,CUST_01015,fashion,Fashion,2026-07-31 10:02:35,1,Nike Cozy Fleece Pullover Hoodie - Pearl White
SRCH_002171,CUST_01454,television,Electronics,2026-08-31 14:49:35,1,LG 4K Ultra HD Smart TV 55-inch - Olive Green
SRCH_002172,CUST_01871,bags & backpacks,Accessories,2026-08-16 21:54:35,1,Portronics Water-Resistant Laptop Backpack 15.6-inch - Space Gray
SRCH_002173,CUST_01389,accessories,Gaming,2026-06-20 00:20:35,1,Corsair Wireless Haptic Feedback Gaming Controller - Classic Beige
SRCH_002174,CUST_02449,television,Electronics,2026-06-11 08:08:35,1,Samsung Noise Cancelling Wireless Earbuds - Pearl White
SRCH_002175,CUST_00306,books,Books,2026-05-21 17:23:35,1,O'Reilly Deep Work: Focused Success in a Distracted World - Crimson Red
SRCH_002176,CUST_01276,bags & backpacks,Accessories,2026-04-13 18:50:35,1,Logitech Shockproof Clear Phone Case - Charcoal
SRCH_002177,CUST_00889,home,Home,2026-05-10 20:02:35,1,Solimo 100% Cotton 300TC Double Bed Sheet
SRCH_002178,CUST_02986,laptops,Laptops,2026-03-20 04:28:35,1,Acer Pro Gaming Laptop RTX 4070
SRCH_002179,CUST_01149,kitchen,Kitchen,2026-09-07 00:49:35,1,Pigeon Stainless Steel Chef Knife Set - Midnight Black
SRCH_002180,CUST_01186,budget,Mobiles,2026-07-26 22:10:35,1,Apple Pure Android Experience 5G
SRCH_002181,CUST_02671,bedding,Home,2026-04-08 05:37:35,1,Philips Handwoven Boho Area Rug
SRCH_002182,CUST_01746,winterwear,Fashion,2026-05-27 02:04:35,1,H&M Tailored Formal Oxford Shirt
SRCH_002183,CUST_01560,fashion,Fashion,2026-08-02 20:25:35,1,Puma Denim Trucker Jacket - Silver
SRCH_002184,CUST_01988,mobile accessories,Accessories,2026-03-25 20:05:35,1,Anker 9H Tempered Glass Screen Protector (2-Pack)
SRCH_002185,CUST_00421,mobiles,Mobiles,2026-04-03 20:12:35,1,Xiaomi Smooth Display Mid-Range 5G - Rose Gold
SRCH_002186,CUST_02828,bedding,Home,2026-08-04 15:29:35,1,Spaces 100% Cotton 300TC Double Bed Sheet - Classic Beige
SRCH_002187,CUST_00759,kitchen,Kitchen,2026-04-24 21:19:35,1,Pigeon Heavy-Duty 750W Mixer Grinder
SRCH_002188,CUST_01457,television,Electronics,2026-03-22 07:43:35,1,JBL Smart Fitness Watch - Olive Green
SRCH_002189,CUST_02336,accessories,Gaming,2026-04-28 03:58:35,1,Xbox Surround Sound Gaming Headset with Mic - Charcoal
SRCH_002190,CUST_02697,furniture,Furniture,2026-06-20 21:38:35,1,Sleepyhead Modern Engineered Wood Computer Desk
SRCH_002191,CUST_00536,makeup,Beauty,2026-05-30 20:22:35,1,L'Oreal Matte Liquid Longwear Foundation - Charcoal
SRCH_002192,CUST_01659,winterwear,Fashion,2026-04-26 07:23:35,1,Raymond Denim Trucker Jacket
SRCH_002193,CUST_00242,business & finance,Books,2026-04-05 00:48:35,1,HarperCollins Python Machine Learning & AI Mastery
SRCH_002194,CUST_01304,mobiles,Mobiles,2026-05-20 18:45:35,1,Motorola Smartphone Ultra 5G
SRCH_002195,CUST_00701,bedding,Home,2026-07-29 21:33:35,1,Spaces Collapsible Fabric Storage Organizers
SRCH_002196,CUST_00596,mobiles,Mobiles,2026-03-18 02:37:35,1,Apple Pure Android Experience 5G
SRCH_002197,CUST_01718,gaming,Gaming,2026-07-04 06:20:35,1,Xbox Ultra-Lightweight 8KHz Optical Gaming Mouse - Midnight Black
SRCH_002198,CUST_01694,television,Electronics,2026-08-01 12:14:35,1,Sennheiser Compact Bluetooth Speaker
SRCH_002199,CUST_00419,fitness equipment,Sports,2026-08-29 15:19:35,1,Boldfit Anti-Burst Gym Exercise Ball with Pump - Crimson Red
SRCH_002200,CUST_00901,skincare,Beauty,2026-06-17 16:14:35,1,The Ordinary Matte Velvet Long-Stay Lipstick
SRCH_002201,CUST_00590,laptops,Laptops,2026-04-03 22:01:35,1,Acer Ultra-Slim Metal Ultrabook - Classic Beige
SRCH_002202,CUST_01403,skincare,Beauty,2026-07-22 20:21:35,1,Nivea Hydrating Hyaluronic Acid Serum - Silver
SRCH_002203,CUST_02776,winterwear,Fashion,2026-05-29 09:52:35,1,FabIndia Denim Trucker Jacket
SRCH_002204,CUST_01014,books,Books,2026-07-29 21:57:35,1,Penguin Atomic Habits: Build Good Habits
SRCH_002205,CUST_00383,men's clothing,Fashion,2026-06-18 23:27:35,1,Nike Classic Denim Slim Jeans - Pearl White
SRCH_002206,CUST_00642,storage & containers,Kitchen,2026-07-22 08:02:35,1,Milton Heavy-Duty 750W Mixer Grinder
SRCH_002207,CUST_01749,electronics,Electronics,2026-07-21 03:34:35,1,Sony Smart Fitness Watch
SRCH_002208,CUST_01515,personal,Personal Care,2026-04-27 12:47:35,1,Dove Gentle Sulfate-Free Moisturizing Body Lotion
SRCH_002209,CUST_01783,care,Personal Care,2026-06-22 12:04:35,1,Dettol Deep Cleansing Charcoal Body Wash 500ml - Charcoal
SRCH_002210,CUST_01611,shaving & grooming,Personal Care,2026-07-26 01:29:35,1,Gillette Sonic Electric Toothbrush with Timer
SRCH_002211,CUST_00686,mobile accessories,Accessories,2026-04-24 09:33:35,1,Portronics Ergonomic Silent Wireless Mouse
SRCH_002212,CUST_01431,running shoes,Footwear,2026-06-04 22:13:35,1,Nike Waterproof Outdoor Hiking Boots - Space Gray
SRCH_002213,CUST_01178,shaving & grooming,Personal Care,2026-05-27 18:38:35,1,Gillette Sonic Electric Toothbrush with Timer
SRCH_002214,CUST_01970,sneakers,Footwear,2026-06-23 15:59:35,1,Bata Comfort Walking Slip-On Shoes - Rose Gold
SRCH_002215,CUST_00350,business & finance,Books,2026-03-12 07:46:35,1,HarperCollins Atomic Habits: Build Good Habits - Charcoal
SRCH_002216,CUST_02312,mobiles,Mobiles,2026-06-04 02:40:35,1,Xiaomi Smooth Display Mid-Range 5G
SRCH_002217,CUST_02826,running shoes,Footwear,2026-06-30 11:29:35,1,Clarks Classic Low-Top Canvas Sneakers - Classic Beige
SRCH_002218,CUST_02075,office,Furniture,2026-03-31 00:49:35,1,Sleepyhead Orthopedic Memory Foam Mattress 6-inch - Pearl White
SRCH_002219,CUST_01926,mobiles,Mobiles,2026-04-13 02:27:35,1,Google Pure Android Experience 5G - Pearl White
SRCH_002220,CUST_00439,bedding,Home,2026-06-11 08:58:35,1,Solimo Velvet Touch Blackout Window Curtains - Classic Beige
SRCH_002221,CUST_01304,budget,Mobiles,2026-05-28 17:44:35,1,Motorola Battery King Phone 6000mAh
SRCH_002222,CUST_01154,bags & backpacks,Accessories,2026-05-15 09:36:35,1,Logitech Shockproof Clear Phone Case - Charcoal
SRCH_002223,CUST_01684,laptops,Laptops,2026-04-07 20:11:35,1,Apple Ultra-Slim Metal Ultrabook
SRCH_002224,CUST_00524,small appliances,Kitchen,2026-08-05 05:47:35,1,Wonderchef Heavy-Duty 750W Mixer Grinder - Pearl White
SRCH_002225,CUST_00460,accessories,Gaming,2026-06-19 01:43:35,1,Razer Next-Gen Home Gaming Console 1TB
SRCH_002226,CUST_01803,running shoes,Footwear,2026-04-20 18:43:35,1,Clarks Cushioned Running Shoes
SRCH_002227,CUST_00729,sports,Sports,2026-06-21 02:35:35,1,Puma Adjustable Hex Dumbbells Pair - Classic Beige
SRCH_002228,CUST_01360,business & finance,Books,2026-05-08 21:44:35,1,Bloomsbury The Psychology of Money - Navy Blue
SRCH_002229,CUST_01510,fashion,Fashion,2026-03-30 13:11:35,1,FabIndia Casual Stretch Chino Trousers
SRCH_002230,CUST_01008,men's clothing,Fashion,2026-06-20 14:21:35,1,FabIndia Denim Trucker Jacket
SRCH_002231,CUST_02542,footwear,Footwear,2026-05-11 01:01:35,1,Clarks Genuine Leather Oxford Shoes
SRCH_002232,CUST_01116,gaming laptops,Laptops,2026-03-25 14:32:35,1,MSI Creator Studio Laptop 4K OLED - Midnight Black
SRCH_002233,CUST_02239,personal,Personal Care,2026-05-04 05:08:35,1,Oral-B Gentle Sulfate-Free Moisturizing Body Lotion - Rose Gold
SRCH_002234,CUST_02840,mid-range,Mobiles,2026-08-13 19:35:35,1,Apple Sleek Curve Screen 5G Phone - Pearl White
SRCH_002235,CUST_01987,running shoes,Footwear,2026-03-29 19:16:35,1,Bata Classic Low-Top Canvas Sneakers - Classic Beige
SRCH_002236,CUST_02323,kitchen,Kitchen,2026-08-06 12:57:35,1,Pigeon Airtight Glass Food Storage Jars
SRCH_002237,CUST_01366,smart devices,Electronics,2026-08-26 11:01:35,1,Noise 4K Ultra HD Smart TV 55-inch
SRCH_002238,CUST_02383,fitness equipment,Sports,2026-08-05 01:24:35,1,Puma Carbon Fiber Badminton Racket - Midnight Black
SRCH_002239,CUST_00333,accessories,Gaming,2026-07-26 11:11:35,1,SteelSeries RGB Mechanical Gaming Keyboard - Midnight Black
SRCH_002240,CUST_00437,laptops,Laptops,2026-07-13 18:25:35,1,Apple Ultra-Slim Metal Ultrabook - Rose Gold
SRCH_002241,CUST_02681,living room,Furniture,2026-05-18 10:56:35,1,Sleepyhead Orthopedic Memory Foam Mattress 6-inch
SRCH_002242,CUST_02487,bedding,Home,2026-07-23 05:38:35,1,IKEA 100% Cotton 300TC Double Bed Sheet - Pearl White
SRCH_002243,CUST_00422,small appliances,Kitchen,2026-03-23 17:47:35,1,Wonderchef Airtight Glass Food Storage Jars - Charcoal
SRCH_002244,CUST_00580,wearables,Electronics,2026-07-05 12:46:35,1,JBL Bass Soundbar with Subwoofer - Navy Blue
SRCH_002245,CUST_01665,accessories,Gaming,2026-06-24 13:47:35,1,Razer Ultra-Lightweight 8KHz Optical Gaming Mouse
SRCH_002246,CUST_01273,men's clothing,Fashion,2026-06-14 05:57:35,1,Levis Handcrafted Cotton Kurta
SRCH_002247,CUST_02925,winterwear,Fashion,2026-05-09 20:02:35,1,Puma Casual Stretch Chino Trousers - Navy Blue
SRCH_002248,CUST_01742,living room,Furniture,2026-06-13 05:42:35,1,Sleepyhead Contemporary 3-Seater Fabric Sofa - Crimson Red
SRCH_002249,CUST_01717,fashion,Fashion,2026-04-10 20:02:35,1,Adidas Denim Trucker Jacket - Midnight Black
SRCH_002250,CUST_02865,cooking essentials,Grocery,2026-08-19 06:42:35,1,Nestle Organic Raw Honey 500g
SRCH_002251,CUST_00077,mid-range,Mobiles,2026-06-15 23:05:35,1,Realme NextGen Smartphone Pro Max - Charcoal
SRCH_002252,CUST_01561,technology,Books,2026-06-28 04:08:35,1,Penguin Designing Data-Intensive Applications - Midnight Black
SRCH_002253,CUST_02956,snacks,Grocery,2026-03-26 15:50:35,1,Tata Organic Green Tea Herbal Infusion 100 Bags
SRCH_002254,CUST_00972,beauty,Beauty,2026-05-10 16:56:35,1,The Ordinary Matte Velvet Long-Stay Lipstick - Charcoal
SRCH_002255,CUST_00741,technology,Books,2026-07-06 03:36:35,1,Bloomsbury Python Machine Learning & AI Mastery - Charcoal
SRCH_002256,CUST_01549,ultrabooks,Laptops,2026-06-19 18:53:35,1,Asus Ultra-Slim Metal Ultrabook - Navy Blue
SRCH_002257,CUST_02759,decor,Home,2026-04-05 16:40:35,1,IKEA Velvet Touch Blackout Window Curtains
SRCH_002258,CUST_02189,shaving & grooming,Personal Care,2026-03-27 12:49:35,1,Philips Deep Cleansing Charcoal Body Wash 500ml - Pearl White
SRCH_002259,CUST_00782,ultrabooks,Laptops,2026-07-13 14:50:35,1,HP Creator Studio Laptop 4K OLED
SRCH_002260,CUST_01579,home,Home,2026-07-22 00:05:35,1,IKEA Velvet Touch Blackout Window Curtains
SRCH_002261,CUST_02644,electronics,Electronics,2026-09-02 02:05:35,1,Samsung Digital Mirrorless Camera
SRCH_002262,CUST_00008,ultrabooks,Laptops,2026-06-28 06:46:35,1,HP Pro Gaming Laptop RTX 4070
SRCH_002263,CUST_02396,accessories,Accessories,2026-03-14 19:57:35,1,Portronics Multi-Port 7-in-1 USB-C Hub Adapter - Crimson Red
SRCH_002264,CUST_01259,home,Home,2026-06-23 04:02:35,1,Spaces 100% Cotton 300TC Double Bed Sheet - Space Gray
SRCH_002265,CUST_00209,electronics,Electronics,2026-07-12 17:54:35,1,Samsung Smart Wi-Fi Security Camera
SRCH_002266,CUST_00492,fashion,Fashion,2026-07-10 05:44:35,1,H&M Floral Print Maxi Summer Dress - Olive Green
SRCH_002267,CUST_01225,running shoes,Footwear,2026-03-27 18:57:35,1,Adidas Comfort Walking Slip-On Shoes - Rose Gold
SRCH_002268,CUST_02887,bedding,Home,2026-04-18 16:38:35,1,IKEA 100% Cotton 300TC Double Bed Sheet
SRCH_002269,CUST_02545,storage & containers,Kitchen,2026-03-16 17:56:35,1,Wonderchef Airtight Glass Food Storage Jars - Charcoal
SRCH_002270,CUST_00513,fitness equipment,Sports,2026-08-28 04:22:35,1,Cosco Extra Thick Non-Slip Eco Yoga Mat
SRCH_002271,CUST_00338,audio,Electronics,2026-04-18 01:53:35,1,JBL Digital Mirrorless Camera - Silver
SRCH_002272,CUST_02277,fashion,Fashion,2026-04-23 00:12:35,1,Levis Floral Print Maxi Summer Dress - Olive Green
SRCH_002273,CUST_02110,technology,Books,2026-05-28 08:05:35,1,O'Reilly Deep Work: Focused Success in a Distracted World - Space Gray
SRCH_002274,CUST_02142,office,Furniture,2026-07-17 03:06:35,1,Sleepyhead Modern Engineered Wood Computer Desk
SRCH_002275,CUST_01793,running shoes,Footwear,2026-06-02 20:04:35,1,Adidas Waterproof Outdoor Hiking Boots
SRCH_002276,CUST_02017,home,Home,2026-05-25 20:55:35,1,IKEA Velvet Touch Blackout Window Curtains - Midnight Black
SRCH_002277,CUST_01756,books,Books,2026-04-07 05:18:35,1,Penguin Atomic Habits: Build Good Habits - Crimson Red
SRCH_002278,CUST_02169,men's clothing,Fashion,2026-06-22 00:02:35,1,H&M Tailored Formal Oxford Shirt
SRCH_002279,CUST_02195,technology,Books,2026-06-23 15:36:35,1,Bloomsbury Designing Data-Intensive Applications - Olive Green
SRCH_002280,CUST_00316,winterwear,Fashion,2026-06-05 06:42:35,1,Levis Casual Stretch Chino Trousers
SRCH_002281,CUST_01690,running shoes,Footwear,2026-06-29 06:21:35,1,Adidas Cushioned Running Shoes - Silver
SRCH_002282,CUST_01915,footwear,Footwear,2026-05-15 22:15:35,1,Puma Genuine Leather Oxford Shoes
SRCH_002283,CUST_01542,technology,Books,2026-08-31 12:31:35,1,HarperCollins Atomic Habits: Build Good Habits - Charcoal
SRCH_002284,CUST_01711,electronics,Electronics,2026-05-09 11:08:35,1,JBL Smart Fitness Watch
SRCH_002285,CUST_01656,television,Electronics,2026-03-26 02:59:35,1,Sony 4K Ultra HD Smart TV 55-inch
SRCH_002286,CUST_01904,furniture,Furniture,2026-03-18 00:53:35,1,Urban Ladder Orthopedic Memory Foam Mattress 6-inch
SRCH_002287,CUST_01509,accessories,Accessories,2026-09-06 06:55:35,1,Spigen 9H Tempered Glass Screen Protector (2-Pack)
SRCH_002288,CUST_00422,kitchen,Kitchen,2026-08-03 00:38:35,1,Prestige Airtight Glass Food Storage Jars
SRCH_002289,CUST_02882,electronics,Electronics,2026-08-10 01:51:35,1,JBL Noise Cancelling Wireless Earbuds - Space Gray
SRCH_002290,CUST_02192,accessories,Gaming,2026-05-12 21:52:35,1,Logitech G Surround Sound Gaming Headset with Mic
SRCH_002291,CUST_02392,footwear,Footwear,2026-08-23 23:51:35,1,Bata Genuine Leather Oxford Shoes - Navy Blue
SRCH_002292,CUST_02114,accessories,Gaming,2026-08-01 23:46:35,1,SteelSeries Surround Sound Gaming Headset with Mic - Classic Beige
SRCH_002293,CUST_02047,furniture,Furniture,2026-07-21 13:27:35,1,Wakefit Modern Engineered Wood Computer Desk - Silver
SRCH_002294,CUST_01718,shaving & grooming,Personal Care,2026-08-29 04:38:35,1,Oral-B Gentle Sulfate-Free Moisturizing Body Lotion
SRCH_002295,CUST_01807,office,Furniture,2026-04-06 21:52:35,1,Urban Ladder Minimalist Nesting Coffee Tables
SRCH_002296,CUST_01226,student laptops,Laptops,2026-04-12 19:55:35,1,Apple Student Essential Laptop
SRCH_002297,CUST_02486,outdoor sports,Sports,2026-03-29 22:51:35,1,Nivia Anti-Burst Gym Exercise Ball with Pump
SRCH_002298,CUST_01875,budget,Mobiles,2026-04-19 16:18:35,1,Motorola Battery King Phone 6000mAh
SRCH_002299,CUST_00840,technology,Books,2026-06-02 07:45:35,1,Bloomsbury The Psychology of Money
SRCH_002300,CUST_02781,business & finance,Books,2026-07-10 11:04:35,1,Bloomsbury The Psychology of Money
SRCH_002301,CUST_02140,audio,Electronics,2026-03-13 03:26:35,1,LG Action Camera 4K Waterproof
SRCH_002302,CUST_00977,mobiles,Mobiles,2026-06-13 11:14:35,1,Xiaomi Smooth Display Mid-Range 5G - Space Gray
SRCH_002303,CUST_02876,bags & backpacks,Accessories,2026-07-19 11:49:35,1,American Tourister Magnetic Qi Fast Wireless Charger Stand
SRCH_002304,CUST_00252,wearables,Electronics,2026-07-23 12:49:35,1,Sennheiser Compact Bluetooth Speaker
SRCH_002305,CUST_02947,fashion,Fashion,2026-07-12 05:31:35,1,Adidas Floral Print Maxi Summer Dress - Silver
SRCH_002306,CUST_02479,sports,Sports,2026-06-01 03:35:35,1,Puma Extra Thick Non-Slip Eco Yoga Mat
SRCH_002307,CUST_01464,office,Furniture,2026-08-12 14:48:35,1,Urban Ladder Contemporary 3-Seater Fabric Sofa - Rose Gold
SRCH_002308,CUST_02986,ultrabooks,Laptops,2026-07-16 19:54:35,1,MSI Pro Gaming Laptop RTX 4070 - Charcoal
SRCH_002309,CUST_00355,ultrabooks,Laptops,2026-06-05 03:52:35,1,Asus Ultra-Slim Metal Ultrabook - Navy Blue
SRCH_002310,CUST_00070,business & finance,Books,2026-05-21 03:48:35,1,Bloomsbury Atomic Habits: Build Good Habits - Crimson Red
SRCH_002311,CUST_02528,gaming,Gaming,2026-06-11 00:46:35,1,Corsair RGB Mechanical Gaming Keyboard - Rose Gold
SRCH_002312,CUST_00447,home,Home,2026-05-23 01:25:35,1,Home Centre Handwoven Boho Area Rug
SRCH_002313,CUST_01907,mobiles,Mobiles,2026-04-17 08:56:35,1,Google Smooth Display Mid-Range 5G - Midnight Black
SRCH_002314,CUST_02344,mobile accessories,Accessories,2026-04-12 21:06:35,1,Portronics Water-Resistant Laptop Backpack 15.6-inch - Space Gray
SRCH_002315,CUST_02178,budget,Mobiles,2026-08-28 16:36:35,1,Motorola Smartphone Ultra 5G
SRCH_002316,CUST_00276,audio,Electronics,2026-07-20 20:14:35,1,JBL Smart Fitness Watch
SRCH_002317,CUST_01302,fashion,Fashion,2026-03-28 06:53:35,1,FabIndia Solid Crew Neck Cotton T-Shirt - Midnight Black
SRCH_002318,CUST_01026,cooking essentials,Grocery,2026-05-15 08:03:35,1,Saffola Organic Green Tea Herbal Infusion 100 Bags - Midnight Black
SRCH_002319,CUST_02749,business & finance,Books,2026-05-09 01:47:35,1,O'Reilly Deep Work: Focused Success in a Distracted World - Charcoal
SRCH_002320,CUST_02239,shaving & grooming,Personal Care,2026-05-17 15:55:35,1,Gillette Cordless Rechargeable Beard Trimmer - Charcoal
SRCH_002321,CUST_01682,technology,Books,2026-03-18 18:16:35,1,Penguin Designing Data-Intensive Applications
SRCH_002322,CUST_00460,skincare,Beauty,2026-06-12 07:41:35,1,L'Oreal Matte Liquid Longwear Foundation - Olive Green
SRCH_002323,CUST_01800,running shoes,Footwear,2026-09-07 01:15:35,1,Puma Comfort Walking Slip-On Shoes
SRCH_002324,CUST_02959,television,Electronics,2026-04-12 15:11:35,1,Bose Noise Cancelling Wireless Earbuds
SRCH_002325,CUST_01566,men's clothing,Fashion,2026-05-13 02:57:35,1,Puma Cozy Fleece Pullover Hoodie - Rose Gold
SRCH_002326,CUST_01157,wearables,Electronics,2026-06-21 18:32:35,1,Boat Smart Fitness Watch
SRCH_002327,CUST_00708,personal care,Personal Care,2026-07-17 22:46:35,1,Gillette Sonic Electric Toothbrush with Timer
SRCH_002328,CUST_01148,audio,Electronics,2026-06-22 22:43:35,1,JBL Digital Mirrorless Camera - Silver
SRCH_002329,CUST_00502,budget,Mobiles,2026-08-11 03:52:35,1,Motorola Sleek Curve Screen 5G Phone - Charcoal
SRCH_002330,CUST_02173,decor,Home,2026-04-15 02:51:35,1,Spaces 100% Cotton 300TC Double Bed Sheet - Classic Beige
SRCH_002331,CUST_02224,home,Home,2026-03-20 18:21:35,1,Philips Velvet Touch Blackout Window Curtains - Space Gray
SRCH_002332,CUST_01707,running shoes,Footwear,2026-08-17 12:52:35,1,Bata Waterproof Outdoor Hiking Boots - Pearl White
SRCH_002333,CUST_00358,business & finance,Books,2026-05-30 16:18:35,1,Random House Designing Data-Intensive Applications - Midnight Black
SRCH_002334,CUST_01142,mobiles,Mobiles,2026-04-22 11:59:35,1,Motorola Battery King Phone 6000mAh
SRCH_002335,CUST_02162,makeup,Beauty,2026-09-03 18:35:35,1,Maybelline Matte Velvet Long-Stay Lipstick - Silver
SRCH_002336,CUST_01118,running shoes,Footwear,2026-03-18 18:23:35,1,Bata Cushioned Running Shoes
SRCH_002337,CUST_00275,care,Personal Care,2026-05-18 19:07:35,1,Gillette Gentle Sulfate-Free Moisturizing Body Lotion - Navy Blue
SRCH_002338,CUST_00949,accessories,Accessories,2026-04-03 02:12:35,1,Portronics Water-Resistant Laptop Backpack 15.6-inch - Space Gray
SRCH_002339,CUST_00681,ultrabooks,Laptops,2026-05-05 19:37:35,1,Lenovo Student Essential Laptop
SRCH_002340,CUST_00875,home,Home,2026-08-08 07:40:35,1,D'Decor Velvet Touch Blackout Window Curtains
SRCH_002341,CUST_01533,home,Home,2026-04-13 22:31:35,1,Philips Velvet Touch Blackout Window Curtains - Space Gray
SRCH_002342,CUST_00582,beverages,Grocery,2026-05-12 23:39:35,1,Tata Organic Green Tea Herbal Infusion 100 Bags
SRCH_002343,CUST_00789,electronics,Electronics,2026-08-15 12:09:35,1,LG 4K Ultra HD Smart TV 55-inch - Olive Green
SRCH_002344,CUST_02386,television,Electronics,2026-04-27 23:15:35,1,LG Action Camera 4K Waterproof
SRCH_002345,CUST_00127,bath & body,Personal Care,2026-05-04 09:51:35,1,Colgate Deep Cleansing Charcoal Body Wash 500ml
SRCH_002346,CUST_01435,bedding,Home,2026-07-19 06:30:35,1,Spaces 100% Cotton 300TC Double Bed Sheet - Classic Beige
SRCH_002347,CUST_01873,fashion,Fashion,2026-03-28 11:56:35,1,FabIndia Tailored Formal Oxford Shirt - Rose Gold
SRCH_002348,CUST_01234,beauty,Beauty,2026-08-18 20:27:35,1,The Ordinary Matte Velvet Long-Stay Lipstick - Charcoal
SRCH_002349,CUST_01657,fragrances,Beauty,2026-07-03 16:42:35,1,Nivea Luxury Eau De Parfum 100ml
SRCH_002350,CUST_00327,yoga,Sports,2026-04-20 14:02:35,1,Puma Quick Dry Athletic Training Shorts - Midnight Black
SRCH_002351,CUST_02124,office,Furniture,2026-08-12 05:35:35,1,Sleepyhead Ergonomic Mesh High-Back Office Chair
SRCH_002352,CUST_01729,decor,Home,2026-03-17 23:42:35,1,IKEA 100% Cotton 300TC Double Bed Sheet - Pearl White
SRCH_002353,CUST_00519,wearables,Electronics,2026-09-01 11:40:35,1,Samsung Noise Cancelling Wireless Earbuds - Pearl White
SRCH_002354,CUST_00138,fitness equipment,Sports,2026-05-24 13:37:35,1,Puma Adjustable Hex Dumbbells Pair
SRCH_002355,CUST_01386,accessories,Gaming,2026-08-28 00:50:35,1,Logitech G Surround Sound Gaming Headset with Mic - Midnight Black
SRCH_002356,CUST_00769,fashion,Fashion,2026-03-21 20:48:35,1,Nike Floral Print Maxi Summer Dress - Charcoal
SRCH_002357,CUST_01543,small appliances,Kitchen,2026-04-08 21:37:35,1,Milton Stainless Steel Chef Knife Set - Charcoal
SRCH_002358,CUST_02049,television,Electronics,2026-05-13 23:20:35,1,Samsung Noise Cancelling Wireless Earbuds - Silver
SRCH_002359,CUST_00218,running shoes,Footwear,2026-04-01 05:53:35,1,Puma Comfort Walking Slip-On Shoes
SRCH_002360,CUST_02028,bags & backpacks,Accessories,2026-06-03 22:17:35,1,Logitech Shockproof Clear Phone Case - Charcoal
SRCH_002361,CUST_02384,footwear,Footwear,2026-05-20 21:03:35,1,Reebok Waterproof Outdoor Hiking Boots - Rose Gold
SRCH_002362,CUST_02297,home,Home,2026-08-30 17:53:35,1,Spaces 100% Cotton 300TC Double Bed Sheet - Rose Gold
SRCH_002363,CUST_01908,laptops,Laptops,2026-04-08 13:00:35,1,Acer Ultra-Slim Metal Ultrabook - Olive Green
SRCH_002364,CUST_01964,mid-range,Mobiles,2026-08-31 00:39:35,1,Motorola Battery King Phone 6000mAh
SRCH_002365,CUST_01456,sports,Sports,2026-04-29 03:45:35,1,Puma Anti-Burst Gym Exercise Ball with Pump - Silver
SRCH_002366,CUST_02765,footwear,Footwear,2026-05-24 02:53:35,1,Skechers Comfort Walking Slip-On Shoes
SRCH_002367,CUST_00400,beauty,Beauty,2026-05-17 11:40:35,1,Maybelline Keratin Smoothing Hair Mask
SRCH_002368,CUST_02665,gaming laptops,Laptops,2026-06-11 05:20:35,1,Apple Creator Studio Laptop 4K OLED - Midnight Black
SRCH_002369,CUST_00248,home,Home,2026-04-24 03:43:35,1,Philips 100% Cotton 300TC Double Bed Sheet - Rose Gold
SRCH_002370,CUST_00875,bedding,Home,2026-08-06 00:15:35,1,Solimo 100% Cotton 300TC Double Bed Sheet
SRCH_002371,CUST_02121,bath & body,Personal Care,2026-09-06 01:25:35,1,Gillette Gentle Sulfate-Free Moisturizing Body Lotion - Navy Blue
SRCH_002372,CUST_02097,office,Furniture,2026-07-24 09:10:35,1,Sleepyhead Modern Engineered Wood Computer Desk - Charcoal
SRCH_002373,CUST_01816,accessories,Accessories,2026-06-12 04:18:35,1,Portronics Multi-Port 7-in-1 USB-C Hub Adapter - Midnight Black
SRCH_002374,CUST_01436,grocery,Grocery,2026-05-14 03:11:35,1,Saffola Cold-Pressed Extra Virgin Olive Oil 1L - Crimson Red
SRCH_002375,CUST_02648,living room,Furniture,2026-04-29 09:29:35,1,Wakefit Ergonomic Mesh High-Back Office Chair
SRCH_002376,CUST_00245,books,Books,2026-07-12 01:09:35,1,O'Reilly The Psychology of Money - Charcoal
SRCH_002377,CUST_01040,technology,Books,2026-07-25 01:58:35,1,HarperCollins Python Machine Learning & AI Mastery
SRCH_002378,CUST_02874,budget,Mobiles,2026-07-06 20:58:35,1,Motorola Sleek Curve Screen 5G Phone
SRCH_002379,CUST_01950,bedding,Home,2026-04-29 12:59:35,1,Spaces Velvet Touch Blackout Window Curtains - Rose Gold
SRCH_002380,CUST_01541,technology,Books,2026-03-13 07:01:35,1,Penguin Designing Data-Intensive Applications - Midnight Black
SRCH_002381,CUST_01198,technology,Books,2026-03-11 19:43:35,1,O'Reilly The Psychology of Money
SRCH_002382,CUST_01154,bags & backpacks,Accessories,2026-04-17 15:47:35,1,Anker Shockproof Clear Phone Case - Crimson Red
SRCH_002383,CUST_00114,shaving & grooming,Personal Care,2026-05-23 20:15:35,1,Gillette Deep Cleansing Charcoal Body Wash 500ml
SRCH_002384,CUST_00803,outdoor sports,Sports,2026-04-25 12:58:35,1,Yonex Carbon Fiber Badminton Racket - Navy Blue
SRCH_002385,CUST_01957,books,Books,2026-07-18 16:41:35,1,Random House Designing Data-Intensive Applications - Olive Green
SRCH_002386,CUST_01717,smart devices,Electronics,2026-04-16 13:52:35,1,LG Smart Wi-Fi Security Camera - Midnight Black
SRCH_002387,CUST_01227,accessories,Gaming,2026-07-31 12:53:35,1,Razer Next-Gen Home Gaming Console 1TB - Navy Blue
SRCH_002388,CUST_00004,fragrances,Beauty,2026-06-04 10:52:35,1,L'Oreal Matte Velvet Long-Stay Lipstick
SRCH_002389,CUST_02453,mobile accessories,Accessories,2026-08-15 09:29:35,1,Logitech Water-Resistant Laptop Backpack 15.6-inch - Crimson Red
SRCH_002390,CUST_00504,ultrabooks,Laptops,2026-06-25 18:00:35,1,Apple Student Essential Laptop
SRCH_002391,CUST_02900,winterwear,Fashion,2026-08-15 15:59:35,1,FabIndia Casual Stretch Chino Trousers
SRCH_002392,CUST_02671,decor,Home,2026-03-20 14:56:35,1,Spaces Velvet Touch Blackout Window Curtains - Rose Gold
SRCH_002393,CUST_02133,television,Electronics,2026-07-07 13:17:35,1,Bose Bass Soundbar with Subwoofer - Midnight Black
SRCH_002394,CUST_02682,men's clothing,Fashion,2026-04-01 07:38:35,1,H&M Denim Trucker Jacket - Midnight Black
SRCH_002395,CUST_00295,accessories,Gaming,2026-06-10 00:15:35,1,PlayStation Next-Gen Home Gaming Console 1TB - Charcoal
SRCH_002396,CUST_00835,sports,Sports,2026-05-27 19:29:35,1,Boldfit Anti-Burst Gym Exercise Ball with Pump - Crimson Red
SRCH_002397,CUST_02480,books,Books,2026-04-20 10:41:35,1,Random House Deep Work: Focused Success in a Distracted World - Navy Blue
SRCH_002398,CUST_00131,controllers,Gaming,2026-04-17 03:35:35,1,Razer Next-Gen Home Gaming Console 1TB - Navy Blue
SRCH_002399,CUST_02923,storage & containers,Kitchen,2026-04-14 12:34:35,1,Philips Electric Rapid Air Fryer 4.5L - Midnight Black
SRCH_002400,CUST_00664,budget,Mobiles,2026-03-17 02:37:35,1,Realme NextGen Smartphone Pro Max - Charcoal
SRCH_002401,CUST_01457,electronics,Electronics,2026-06-25 07:22:35,1,Samsung Noise Cancelling Wireless Earbuds
SRCH_002402,CUST_00306,fitness equipment,Sports,2026-05-03 18:02:35,1,Cosco Extra Thick Non-Slip Eco Yoga Mat - Olive Green
SRCH_002403,CUST_01101,business & finance,Books,2026-07-14 21:27:35,1,O'Reilly Python Machine Learning & AI Mastery
SRCH_002404,CUST_00603,audio,Electronics,2026-04-04 13:16:35,1,Bose Smart Home Voice Hub
SRCH_002405,CUST_00005,yoga,Sports,2026-03-15 19:26:35,1,Boldfit Adjustable Hex Dumbbells Pair
SRCH_002406,CUST_02616,mid-range,Mobiles,2026-08-17 09:27:35,1,Realme Battery King Phone 6000mAh - Crimson Red
SRCH_002407,CUST_00668,business & finance,Books,2026-06-26 03:04:35,1,O'Reilly Atomic Habits: Build Good Habits - Rose Gold
SRCH_002408,CUST_02066,yoga,Sports,2026-05-14 09:58:35,1,Yonex Carbon Fiber Badminton Racket - Navy Blue
SRCH_002409,CUST_02509,office,Furniture,2026-06-21 06:55:35,1,Godrej Interio Orthopedic Memory Foam Mattress 6-inch
SRCH_002410,CUST_02878,beverages,Grocery,2026-03-30 21:46:35,1,Nestle Organic Green Tea Herbal Infusion 100 Bags - Pearl White
SRCH_002411,CUST_02006,sneakers,Footwear,2026-07-16 04:17:35,1,Reebok Genuine Leather Oxford Shoes
SRCH_002412,CUST_02891,men's clothing,Fashion,2026-05-11 14:42:35,1,Zara Denim Trucker Jacket - Space Gray
SRCH_002413,CUST_02421,gaming,Gaming,2026-06-21 02:59:35,1,Logitech G Surround Sound Gaming Headset with Mic
SRCH_002414,CUST_01747,bedding,Home,2026-06-09 23:01:35,1,Home Centre Handwoven Boho Area Rug - Pearl White
SRCH_002415,CUST_02844,snacks,Grocery,2026-08-08 00:52:35,1,Nestle Cold-Pressed Extra Virgin Olive Oil 1L - Charcoal
SRCH_002416,CUST_02210,cookware,Kitchen,2026-09-04 06:07:35,1,Hawkins Heavy-Duty 750W Mixer Grinder - Olive Green
SRCH_002417,CUST_00381,technology,Books,2026-03-16 11:53:35,1,Penguin Atomic Habits: Build Good Habits
SRCH_002418,CUST_00543,home,Home,2026-03-28 15:38:35,1,Solimo 100% Cotton 300TC Double Bed Sheet
SRCH_002419,CUST_01590,books,Books,2026-03-25 07:56:35,1,O'Reilly Deep Work: Focused Success in a Distracted World - Navy Blue
SRCH_002420,CUST_00682,books,Books,2026-06-23 16:25:35,1,O'Reilly Deep Work: Focused Success in a Distracted World - Pearl White
SRCH_002421,CUST_01012,winterwear,Fashion,2026-09-03 05:01:35,1,H&M Cozy Fleece Pullover Hoodie - Pearl White
SRCH_002422,CUST_02667,ultrabooks,Laptops,2026-06-18 04:04:35,1,Asus Ultra-Slim Metal Ultrabook - Navy Blue
SRCH_002423,CUST_00458,sports,Sports,2026-05-10 01:36:35,1,Nivia Carbon Fiber Badminton Racket - Midnight Black
SRCH_002424,CUST_00733,mid-range,Mobiles,2026-05-04 10:25:35,1,Motorola Sleek Curve Screen 5G Phone - Charcoal
SRCH_002425,CUST_02126,technology,Books,2026-08-05 14:36:35,1,O'Reilly Python Machine Learning & AI Mastery
SRCH_002426,CUST_00905,student laptops,Laptops,2026-07-25 07:53:35,1,MSI Student Essential Laptop - Rose Gold
SRCH_002427,CUST_02234,running shoes,Footwear,2026-06-19 13:15:35,1,Adidas Genuine Leather Oxford Shoes - Olive Green
SRCH_002428,CUST_00561,care,Personal Care,2026-07-11 01:35:35,1,Dettol Gentle Sulfate-Free Moisturizing Body Lotion - Space Gray
SRCH_002429,CUST_01304,mid-range,Mobiles,2026-06-29 07:49:35,1,Motorola Battery King Phone 6000mAh
SRCH_002430,CUST_00156,office,Furniture,2026-03-22 00:49:35,1,Sleepyhead Orthopedic Memory Foam Mattress 6-inch - Pearl White
SRCH_002431,CUST_02919,smart devices,Electronics,2026-05-24 17:34:35,1,LG Action Camera 4K Waterproof
SRCH_002432,CUST_02725,audio,Electronics,2026-06-28 23:13:35,1,Sony 4K Ultra HD Smart TV 55-inch
SRCH_002433,CUST_02895,books,Books,2026-05-29 05:59:35,1,O'Reilly Designing Data-Intensive Applications - Midnight Black
SRCH_002434,CUST_02281,fitness equipment,Sports,2026-03-26 03:10:35,1,Nivia Carbon Fiber Badminton Racket - Midnight Black
SRCH_002435,CUST_00993,small appliances,Kitchen,2026-07-13 03:41:35,1,Pigeon Stainless Steel Chef Knife Set - Rose Gold
SRCH_002436,CUST_02347,gaming,Gaming,2026-04-20 16:06:35,1,SteelSeries RGB Mechanical Gaming Keyboard - Midnight Black
SRCH_002437,CUST_01171,yoga,Sports,2026-04-15 03:36:35,1,Puma Anti-Burst Gym Exercise Ball with Pump - Silver
SRCH_002438,CUST_00038,office,Furniture,2026-06-13 08:27:35,1,Sleepyhead Orthopedic Memory Foam Mattress 6-inch
SRCH_002439,CUST_00518,furniture,Furniture,2026-06-16 17:53:35,1,Godrej Interio Minimalist Nesting Coffee Tables - Pearl White
SRCH_002440,CUST_01819,small appliances,Kitchen,2026-05-19 10:36:35,1,Philips Hard Anodized Non-Stick Cookware Set
SRCH_002441,CUST_00673,home,Home,2026-03-26 20:04:35,1,Philips 100% Cotton 300TC Double Bed Sheet - Rose Gold
SRCH_002442,CUST_00167,budget,Mobiles,2026-08-02 18:01:35,1,Realme Battery King Phone 6000mAh
SRCH_002443,CUST_01977,storage & containers,Kitchen,2026-03-24 13:46:35,1,Prestige Airtight Glass Food Storage Jars
SRCH_002444,CUST_01827,storage & containers,Kitchen,2026-04-12 00:18:35,1,Wonderchef Hard Anodized Non-Stick Cookware Set - Olive Green
SRCH_002445,CUST_01207,audio,Electronics,2026-07-26 22:19:35,1,Sennheiser 4K Ultra HD Smart TV 55-inch - Olive Green
SRCH_002446,CUST_01548,television,Electronics,2026-06-27 06:48:35,1,Boat Smart Fitness Watch
SRCH_002447,CUST_00154,footwear,Footwear,2026-05-09 08:43:35,1,Puma Cushioned Running Shoes - Olive Green
SRCH_002448,CUST_00522,men's clothing,Fashion,2026-05-20 00:47:35,1,Raymond Casual Stretch Chino Trousers - Navy Blue
SRCH_002449,CUST_01838,shaving & grooming,Personal Care,2026-06-15 11:38:35,1,Dove Cordless Rechargeable Beard Trimmer - Pearl White
SRCH_002450,CUST_02217,ultrabooks,Laptops,2026-04-09 07:49:35,1,Lenovo Ultra-Slim Metal Ultrabook
SRCH_002451,CUST_02806,accessories,Gaming,2026-07-19 11:58:35,1,Logitech G Next-Gen Home Gaming Console 1TB - Silver
SRCH_002452,CUST_01131,fashion,Fashion,2026-07-06 07:32:35,1,Adidas Denim Trucker Jacket
SRCH_002453,CUST_00237,running shoes,Footwear,2026-05-27 01:39:35,1,Reebok Cushioned Running Shoes - Classic Beige
SRCH_002454,CUST_00008,student laptops,Laptops,2026-07-18 16:25:35,1,Apple Business Productivity Notebook
SRCH_002455,CUST_01889,footwear,Footwear,2026-05-25 08:12:35,1,Adidas Waterproof Outdoor Hiking Boots - Rose Gold
SRCH_002456,CUST_01313,personal,Personal Care,2026-07-14 20:56:35,1,Philips Cordless Rechargeable Beard Trimmer
SRCH_002457,CUST_02077,home,Home,2026-07-19 01:15:35,1,Home Centre Handwoven Boho Area Rug - Pearl White
SRCH_002458,CUST_00236,bath & body,Personal Care,2026-07-13 17:44:35,1,Gillette Cordless Rechargeable Beard Trimmer - Charcoal
SRCH_002459,CUST_00253,mid-range,Mobiles,2026-08-15 14:01:35,1,Apple Sleek Curve Screen 5G Phone
SRCH_002460,CUST_01749,mid-range,Mobiles,2026-07-22 13:40:35,1,Xiaomi Smooth Display Mid-Range 5G
SRCH_002461,CUST_01583,fitness equipment,Sports,2026-08-13 09:25:35,1,Puma Extra Thick Non-Slip Eco Yoga Mat
SRCH_002462,CUST_00769,accessories,Accessories,2026-05-30 03:31:35,1,Spigen Shockproof Clear Phone Case - Charcoal
SRCH_002463,CUST_00319,electronics,Electronics,2026-03-20 02:36:35,1,Samsung Digital Mirrorless Camera - Space Gray
SRCH_002464,CUST_00776,technology,Books,2026-03-20 00:27:35,1,HarperCollins Python Machine Learning & AI Mastery
SRCH_002465,CUST_00131,accessories,Gaming,2026-07-08 13:15:35,1,PlayStation Surround Sound Gaming Headset with Mic
SRCH_002466,CUST_01151,technology,Books,2026-07-04 12:18:35,1,Penguin The Psychology of Money - Pearl White
SRCH_002467,CUST_01627,budget,Mobiles,2026-05-05 07:49:35,1,Google Smooth Display Mid-Range 5G - Midnight Black
SRCH_002468,CUST_01792,business & finance,Books,2026-07-24 23:03:35,1,O'Reilly Atomic Habits: Build Good Habits - Rose Gold
SRCH_002469,CUST_01691,technology,Books,2026-08-08 18:17:35,1,O'Reilly The Psychology of Money - Charcoal
SRCH_002470,CUST_02570,gaming,Gaming,2026-05-09 19:53:35,1,Corsair Wireless Haptic Feedback Gaming Controller
SRCH_002471,CUST_02029,technology,Books,2026-05-06 04:01:35,1,O'Reilly Python Machine Learning & AI Mastery - Charcoal
SRCH_002472,CUST_00031,gaming,Gaming,2026-07-01 23:20:35,1,Logitech G RGB Mechanical Gaming Keyboard - Navy Blue
SRCH_002473,CUST_01376,accessories,Gaming,2026-05-21 09:31:35,1,Corsair Ultra-Lightweight 8KHz Optical Gaming Mouse - Navy Blue
SRCH_002474,CUST_01642,office,Furniture,2026-03-19 13:27:35,1,Wakefit Minimalist Nesting Coffee Tables - Charcoal
SRCH_002475,CUST_01342,running shoes,Footwear,2026-05-02 16:27:35,1,Skechers Cushioned Running Shoes
SRCH_002476,CUST_02964,bedding,Home,2026-07-19 15:54:35,1,Solimo Velvet Touch Blackout Window Curtains
SRCH_002477,CUST_00642,small appliances,Kitchen,2026-04-24 12:40:35,1,Milton Stainless Steel Chef Knife Set - Classic Beige
SRCH_002478,CUST_00365,laptops,Laptops,2026-04-05 17:29:35,1,Apple Creator Studio Laptop 4K OLED - Midnight Black
SRCH_002479,CUST_00717,books,Books,2026-06-02 14:57:35,1,O'Reilly Deep Work: Focused Success in a Distracted World - Pearl White
SRCH_002480,CUST_02036,small appliances,Kitchen,2026-08-25 21:38:35,1,Milton Electric Rapid Air Fryer 4.5L
SRCH_002481,CUST_02127,kitchen,Kitchen,2026-05-11 09:58:35,1,Hawkins Stainless Steel Chef Knife Set - Silver
SRCH_002482,CUST_01104,home,Home,2026-05-31 12:58:35,1,Solimo Smart LED Color Ambient Bulb - Olive Green
SRCH_002483,CUST_00191,accessories,Gaming,2026-06-21 06:26:35,1,Razer Next-Gen Home Gaming Console 1TB
SRCH_002484,CUST_02177,business & finance,Books,2026-08-19 18:19:35,1,Penguin Atomic Habits: Build Good Habits - Crimson Red
SRCH_002485,CUST_00624,accessories,Gaming,2026-07-29 16:56:35,1,Corsair RGB Mechanical Gaming Keyboard - Rose Gold
SRCH_002486,CUST_01106,personal,Personal Care,2026-08-25 01:41:35,1,Dove Gentle Sulfate-Free Moisturizing Body Lotion
SRCH_002487,CUST_02321,accessories,Gaming,2026-04-04 00:17:35,1,Razer Next-Gen Home Gaming Console 1TB
SRCH_002488,CUST_02900,office,Furniture,2026-08-20 17:17:35,1,Sleepyhead Ergonomic Mesh High-Back Office Chair - Olive Green
SRCH_002489,CUST_01075,men's clothing,Fashion,2026-04-14 05:55:35,1,FabIndia Denim Trucker Jacket
SRCH_002490,CUST_02165,running shoes,Footwear,2026-08-27 12:46:35,1,Adidas Genuine Leather Oxford Shoes
SRCH_002491,CUST_00807,mobiles,Mobiles,2026-06-07 15:39:35,1,Realme Smooth Display Mid-Range 5G - Crimson Red
SRCH_002492,CUST_00665,bags & backpacks,Accessories,2026-04-04 21:40:35,1,Logitech Ergonomic Silent Wireless Mouse
SRCH_002493,CUST_00446,kitchen,Kitchen,2026-06-18 05:35:35,1,Hawkins Heavy-Duty 750W Mixer Grinder - Olive Green
SRCH_002494,CUST_02647,electronics,Electronics,2026-08-13 08:24:35,1,JBL Bass Soundbar with Subwoofer - Midnight Black
SRCH_002495,CUST_01415,accessories,Gaming,2026-07-06 16:25:35,1,Corsair Wireless Haptic Feedback Gaming Controller - Classic Beige
SRCH_002496,CUST_01071,technology,Books,2026-05-11 16:30:35,1,Penguin Designing Data-Intensive Applications
SRCH_002497,CUST_02648,living room,Furniture,2026-06-13 22:04:35,1,Sleepyhead Orthopedic Memory Foam Mattress 6-inch
SRCH_002498,CUST_01552,shaving & grooming,Personal Care,2026-09-02 00:59:35,1,Dettol Gentle Sulfate-Free Moisturizing Body Lotion
SRCH_002499,CUST_02571,smart devices,Electronics,2026-06-03 12:26:35,1,Samsung Noise Cancelling Wireless Earbuds - Pearl White
SRCH_002500,CUST_00342,personal,Personal Care,2026-04-04 19:47:35,1,Dove Gentle Sulfate-Free Moisturizing Body Lotion - Space Gray
SRCH_002501,CUST_02300,bedding,Home,2026-08-12 03:10:35,1,Spaces Velvet Touch Blackout Window Curtains - Pearl White
SRCH_002502,CUST_02608,business & finance,Books,2026-03-28 03:29:35,1,O'Reilly Deep Work: Focused Success in a Distracted World - Crimson Red
SRCH_002503,CUST_01365,business & finance,Books,2026-04-27 01:35:35,1,O'Reilly Deep Work: Focused Success in a Distracted World - Charcoal
SRCH_002504,CUST_01276,gaming laptops,Laptops,2026-05-22 14:45:35,1,MSI Student Essential Laptop - Space Gray
SRCH_002505,CUST_00632,storage & containers,Kitchen,2026-08-19 19:48:35,1,Prestige Hard Anodized Non-Stick Cookware Set - Classic Beige
SRCH_002506,CUST_02800,kitchen,Kitchen,2026-09-04 07:24:35,1,Milton Electric Rapid Air Fryer 4.5L
SRCH_002507,CUST_00846,fashion,Fashion,2026-04-17 11:04:35,1,Puma Casual Stretch Chino Trousers - Navy Blue
SRCH_002508,CUST_01277,footwear,Footwear,2026-04-26 19:42:35,1,Reebok Waterproof Outdoor Hiking Boots - Rose Gold
SRCH_002509,CUST_02624,office,Furniture,2026-05-17 03:27:35,1,Godrej Interio Orthopedic Memory Foam Mattress 6-inch
SRCH_002510,CUST_00621,men's clothing,Fashion,2026-06-06 03:14:35,1,Levis Floral Print Maxi Summer Dress - Olive Green
SRCH_002511,CUST_02298,mobile accessories,Accessories,2026-08-01 23:58:35,1,Portronics Water-Resistant Laptop Backpack 15.6-inch
SRCH_002512,CUST_01950,office,Furniture,2026-05-13 18:00:35,1,IKEA Modern Engineered Wood Computer Desk - Rose Gold
SRCH_002513,CUST_02529,bedding,Home,2026-05-12 21:49:35,1,IKEA Velvet Touch Blackout Window Curtains - Midnight Black
SRCH_002514,CUST_02263,outdoor sports,Sports,2026-04-25 18:52:35,1,Nivia Anti-Burst Gym Exercise Ball with Pump
SRCH_002515,CUST_00388,gaming,Gaming,2026-06-06 23:06:35,1,SteelSeries Surround Sound Gaming Headset with Mic - Classic Beige
SRCH_002516,CUST_01555,grocery,Grocery,2026-07-19 21:54:35,1,Saffola Organic Green Tea Herbal Infusion 100 Bags
SRCH_002517,CUST_00731,running shoes,Footwear,2026-06-02 03:45:35,1,Nike Genuine Leather Oxford Shoes - Crimson Red
SRCH_002518,CUST_01754,cooking essentials,Grocery,2026-06-29 18:25:35,1,Organic India Organic Green Tea Herbal Infusion 100 Bags - Olive Green
SRCH_002519,CUST_02693,laptops,Laptops,2026-08-29 03:23:35,1,HP Ultra-Slim Metal Ultrabook - Charcoal
SRCH_002520,CUST_02418,grocery,Grocery,2026-08-16 04:14:35,1,Nestle Artisan Dark Roasted Arabica Coffee Beans 250g - Pearl White
SRCH_002521,CUST_00083,ultrabooks,Laptops,2026-07-16 01:38:35,1,Lenovo Student Essential Laptop
SRCH_002522,CUST_01567,bedding,Home,2026-04-04 01:52:35,1,IKEA Velvet Touch Blackout Window Curtains - Midnight Black
SRCH_002523,CUST_02291,laptops,Laptops,2026-06-16 18:02:35,1,Apple Creator Studio Laptop 4K OLED - Rose Gold
SRCH_002524,CUST_02194,men's clothing,Fashion,2026-03-13 16:58:35,1,FabIndia Casual Stretch Chino Trousers
SRCH_002525,CUST_01551,sports,Sports,2026-06-26 21:43:35,1,Yonex Carbon Fiber Badminton Racket - Navy Blue
SRCH_002526,CUST_00006,laptops,Laptops,2026-03-26 10:31:35,1,Acer Ultra-Slim Metal Ultrabook - Classic Beige
SRCH_002527,CUST_00059,beauty,Beauty,2026-08-04 00:50:35,1,L'Oreal Hydrating Hyaluronic Acid Serum
SRCH_002528,CUST_01020,books,Books,2026-03-25 00:16:35,1,O'Reilly Deep Work: Focused Success in a Distracted World - Space Gray
SRCH_002529,CUST_02206,television,Electronics,2026-08-16 08:27:35,1,Noise 4K Ultra HD Smart TV 55-inch
SRCH_002530,CUST_02954,ultrabooks,Laptops,2026-05-27 23:30:35,1,Asus Creator Studio Laptop 4K OLED - Crimson Red
SRCH_002531,CUST_02032,technology,Books,2026-06-10 13:55:35,1,O'Reilly The Psychology of Money - Charcoal
SRCH_002532,CUST_00723,accessories,Gaming,2026-07-25 15:18:35,1,SteelSeries Wireless Haptic Feedback Gaming Controller - Midnight Black
SRCH_002533,CUST_02230,wearables,Electronics,2026-03-29 14:13:35,1,JBL Smart Fitness Watch
SRCH_002534,CUST_00687,office,Furniture,2026-06-06 05:17:35,1,Wakefit Ergonomic Mesh High-Back Office Chair - Midnight Black
SRCH_002535,CUST_01092,mobiles,Mobiles,2026-04-03 09:19:35,1,Apple Sleek Curve Screen 5G Phone
SRCH_002536,CUST_02098,kitchen,Kitchen,2026-08-30 05:34:35,1,Prestige Electric Rapid Air Fryer 4.5L
SRCH_002537,CUST_02762,mobiles,Mobiles,2026-04-29 11:52:35,1,Apple Sleek Curve Screen 5G Phone - Pearl White
SRCH_002538,CUST_01691,men's clothing,Fashion,2026-07-04 23:04:35,1,FabIndia Floral Print Maxi Summer Dress
SRCH_002539,CUST_00038,technology,Books,2026-03-25 14:42:35,1,O'Reilly Deep Work: Focused Success in a Distracted World - Pearl White
SRCH_002540,CUST_02078,kitchen,Kitchen,2026-06-18 23:48:35,1,Pigeon Heavy-Duty 750W Mixer Grinder
SRCH_002541,CUST_02725,smart devices,Electronics,2026-03-21 14:59:35,1,Samsung Digital Mirrorless Camera
SRCH_002542,CUST_01514,mobile accessories,Accessories,2026-06-30 07:08:35,1,Logitech Magnetic Qi Fast Wireless Charger Stand - Rose Gold
SRCH_002543,CUST_01938,accessories,Gaming,2026-06-11 14:41:35,1,Razer Wireless Haptic Feedback Gaming Controller - Silver
SRCH_002544,CUST_01475,accessories,Accessories,2026-08-23 14:01:35,1,Logitech Water-Resistant Laptop Backpack 15.6-inch - Crimson Red
SRCH_002545,CUST_02730,electronics,Electronics,2026-07-18 19:23:35,1,JBL Wireless Bluetooth Headphones
SRCH_002546,CUST_02194,winterwear,Fashion,2026-07-18 00:15:35,1,Raymond Denim Trucker Jacket
SRCH_002547,CUST_02543,storage & containers,Kitchen,2026-04-16 02:42:35,1,Pigeon Heavy-Duty 750W Mixer Grinder - Charcoal
SRCH_002548,CUST_01280,accessories,Gaming,2026-04-25 01:46:35,1,PlayStation Next-Gen Home Gaming Console 1TB - Space Gray
SRCH_002549,CUST_01325,mid-range,Mobiles,2026-04-07 09:48:35,1,Samsung Sleek Curve Screen 5G Phone - Olive Green
SRCH_002550,CUST_01407,running shoes,Footwear,2026-07-23 23:34:35,1,Skechers Cushioned Running Shoes - Olive Green
SRCH_002551,CUST_00277,beverages,Grocery,2026-07-21 04:00:35,1,Saffola Roasted California Almonds 500g - Pearl White
SRCH_002552,CUST_00397,smart devices,Electronics,2026-04-14 22:58:35,1,JBL Noise Cancelling Wireless Earbuds - Space Gray
SRCH_002553,CUST_01548,accessories,Gaming,2026-08-08 19:40:35,1,Logitech G Ultra-Lightweight 8KHz Optical Gaming Mouse - Pearl White
SRCH_002554,CUST_02853,audio,Electronics,2026-04-30 00:13:35,1,Samsung Action Camera 4K Waterproof
SRCH_002555,CUST_01171,bedding,Home,2026-08-02 19:22:35,1,IKEA Velvet Touch Blackout Window Curtains - Midnight Black
SRCH_002556,CUST_01608,fashion,Fashion,2026-06-21 12:17:35,1,Puma Cozy Fleece Pullover Hoodie - Classic Beige
SRCH_002557,CUST_00461,fitness equipment,Sports,2026-04-23 02:02:35,1,Cosco Extra Thick Non-Slip Eco Yoga Mat
SRCH_002558,CUST_02040,small appliances,Kitchen,2026-04-06 15:03:35,1,Pigeon Heavy-Duty 750W Mixer Grinder
SRCH_002559,CUST_00632,kitchen,Kitchen,2026-06-17 20:14:35,1,Philips Electric Rapid Air Fryer 4.5L - Midnight Black
SRCH_002560,CUST_00710,running shoes,Footwear,2026-05-10 05:23:35,1,Bata Classic Low-Top Canvas Sneakers
SRCH_002561,CUST_00134,ultrabooks,Laptops,2026-08-07 20:50:35,1,Apple Ultra-Slim Metal Ultrabook
SRCH_002562,CUST_02444,men's clothing,Fashion,2026-06-13 23:36:35,1,FabIndia Classic Denim Slim Jeans - Classic Beige
SRCH_002563,CUST_00883,care,Personal Care,2026-06-21 18:32:35,1,Colgate Deep Cleansing Charcoal Body Wash 500ml
SRCH_002564,CUST_02571,running shoes,Footwear,2026-06-29 19:18:35,1,Puma Genuine Leather Oxford Shoes
SRCH_002565,CUST_00127,decor,Home,2026-04-26 23:54:35,1,Spaces Velvet Touch Blackout Window Curtains - Pearl White
SRCH_002566,CUST_00281,sneakers,Footwear,2026-09-06 04:17:35,1,Clarks Cushioned Running Shoes
SRCH_002567,CUST_01448,student laptops,Laptops,2026-06-02 06:06:35,1,Apple Student Essential Laptop
SRCH_002568,CUST_00740,beverages,Grocery,2026-06-10 05:52:35,1,Saffola Artisan Dark Roasted Arabica Coffee Beans 250g
SRCH_002569,CUST_00834,accessories,Accessories,2026-03-17 00:56:35,1,Anker Water-Resistant Laptop Backpack 15.6-inch - Navy Blue
SRCH_002570,CUST_01675,technology,Books,2026-08-19 11:54:35,1,O'Reilly Atomic Habits: Build Good Habits - Rose Gold
SRCH_002571,CUST_01375,mobiles,Mobiles,2026-08-27 00:17:35,1,OnePlus NextGen Smartphone Pro Max
SRCH_002572,CUST_02266,care,Personal Care,2026-05-03 08:24:35,1,Colgate Cordless Rechargeable Beard Trimmer
SRCH_002573,CUST_01115,smart devices,Electronics,2026-08-16 02:24:35,1,Samsung Noise Cancelling Wireless Earbuds - Pearl White
SRCH_002574,CUST_00922,fragrances,Beauty,2026-06-26 03:48:35,1,Minimalist Vitamin C Brightening Facial Cleanser - Rose Gold
SRCH_002575,CUST_00871,accessories,Gaming,2026-08-28 03:20:35,1,Logitech G Surround Sound Gaming Headset with Mic
SRCH_002576,CUST_02233,electronics,Electronics,2026-05-19 08:57:35,1,Bose Bass Soundbar with Subwoofer - Midnight Black
SRCH_002577,CUST_01864,technology,Books,2026-04-18 12:28:35,1,Random House Atomic Habits: Build Good Habits - Classic Beige
SRCH_002578,CUST_01999,laptops,Laptops,2026-08-03 13:07:35,1,Asus Ultra-Slim Metal Ultrabook - Navy Blue
SRCH_002579,CUST_01287,accessories,Gaming,2026-06-29 22:26:35,1,Xbox Surround Sound Gaming Headset with Mic
SRCH_002580,CUST_02076,storage & containers,Kitchen,2026-08-18 07:24:35,1,Milton Electric Rapid Air Fryer 4.5L
SRCH_002581,CUST_01572,cookware,Kitchen,2026-06-26 19:23:35,1,Pigeon Airtight Glass Food Storage Jars
SRCH_002582,CUST_00326,home,Home,2026-05-13 02:54:35,1,IKEA Velvet Touch Blackout Window Curtains - Midnight Black
SRCH_002583,CUST_02549,fashion,Fashion,2026-07-15 05:39:35,1,Raymond Casual Stretch Chino Trousers - Navy Blue
SRCH_002584,CUST_00515,shaving & grooming,Personal Care,2026-05-08 04:12:35,1,Colgate Deep Cleansing Charcoal Body Wash 500ml
SRCH_002585,CUST_02377,grocery,Grocery,2026-06-05 05:03:35,1,Organic India Artisan Dark Roasted Arabica Coffee Beans 250g
SRCH_002586,CUST_01717,smart devices,Electronics,2026-07-23 02:02:35,1,Samsung Digital Mirrorless Camera
SRCH_002587,CUST_02423,running shoes,Footwear,2026-04-08 22:22:35,1,Bata Classic Low-Top Canvas Sneakers
SRCH_002588,CUST_01221,grocery,Grocery,2026-06-25 04:52:35,1,Saffola Organic Raw Honey 500g - Crimson Red
SRCH_002589,CUST_01378,accessories,Gaming,2026-05-26 12:30:35,1,Logitech G Surround Sound Gaming Headset with Mic
SRCH_002590,CUST_01483,accessories,Gaming,2026-06-23 06:37:35,1,Logitech G Wireless Haptic Feedback Gaming Controller
SRCH_002591,CUST_00218,running shoes,Footwear,2026-06-13 04:54:35,1,Puma Cushioned Running Shoes - Crimson Red
SRCH_002592,CUST_02626,gaming,Gaming,2026-06-06 03:08:35,1,Xbox Surround Sound Gaming Headset with Mic
SRCH_002593,CUST_01835,mid-range,Mobiles,2026-04-29 00:34:35,1,OnePlus NextGen Smartphone Pro Max
SRCH_002594,CUST_01653,running shoes,Footwear,2026-08-03 00:48:35,1,Adidas Genuine Leather Oxford Shoes
SRCH_002595,CUST_02156,decor,Home,2026-04-10 03:34:35,1,Home Centre Handwoven Boho Area Rug - Pearl White
SRCH_002596,CUST_01129,bedding,Home,2026-05-29 14:12:35,1,Spaces Collapsible Fabric Storage Organizers
SRCH_002597,CUST_01366,smart devices,Electronics,2026-07-16 22:00:35,1,LG Compact Bluetooth Speaker - Silver
SRCH_002598,CUST_00451,ultrabooks,Laptops,2026-03-25 16:54:35,1,Lenovo Creator Studio Laptop 4K OLED
SRCH_002599,CUST_00914,men's clothing,Fashion,2026-05-28 10:47:35,1,Zara Denim Trucker Jacket
SRCH_002600,CUST_02105,accessories,Accessories,2026-08-17 09:07:35,1,Anker Multi-Port 7-in-1 USB-C Hub Adapter - Olive Green
SRCH_002601,CUST_02761,beverages,Grocery,2026-03-17 01:34:35,1,Nestle Artisan Dark Roasted Arabica Coffee Beans 250g
SRCH_002602,CUST_00404,running shoes,Footwear,2026-07-13 09:39:35,1,Puma Classic Low-Top Canvas Sneakers - Olive Green
SRCH_002603,CUST_02836,kitchen,Kitchen,2026-04-19 20:22:35,1,Philips Airtight Glass Food Storage Jars
SRCH_002604,CUST_01846,business & finance,Books,2026-06-30 10:54:35,1,O'Reilly Designing Data-Intensive Applications - Space Gray
SRCH_002605,CUST_00633,ultrabooks,Laptops,2026-06-05 13:37:35,1,Apple Pro Gaming Laptop RTX 4070
SRCH_002606,CUST_00769,fashion,Fashion,2026-08-29 02:10:35,1,Zara Solid Crew Neck Cotton T-Shirt - Olive Green
SRCH_002607,CUST_02886,home,Home,2026-04-01 11:04:35,1,D'Decor Velvet Touch Blackout Window Curtains - Pearl White
SRCH_002608,CUST_02655,mobiles,Mobiles,2026-06-13 06:04:35,1,OnePlus NextGen Smartphone Pro Max
SRCH_002609,CUST_01607,men's clothing,Fashion,2026-08-26 10:11:35,1,Levis Handcrafted Cotton Kurta
SRCH_002610,CUST_01046,shaving & grooming,Personal Care,2026-05-04 17:17:35,1,Oral-B Cordless Rechargeable Beard Trimmer - Navy Blue
SRCH_002611,CUST_00168,television,Electronics,2026-04-01 21:35:35,1,LG Compact Bluetooth Speaker - Silver
SRCH_002612,CUST_01514,budget,Mobiles,2026-04-13 05:23:35,1,Apple Sleek Curve Screen 5G Phone - Pearl White
SRCH_002613,CUST_00848,skincare,Beauty,2026-07-22 09:37:35,1,Neutrogena Hydrating Hyaluronic Acid Serum
SRCH_002614,CUST_00885,wearables,Electronics,2026-07-11 20:43:35,1,Sony Noise Cancelling Wireless Earbuds - Rose Gold
SRCH_002615,CUST_01296,business & finance,Books,2026-05-20 02:08:35,1,Penguin Atomic Habits: Build Good Habits - Crimson Red
SRCH_002616,CUST_01878,business & finance,Books,2026-06-26 07:40:35,1,Random House Deep Work: Focused Success in a Distracted World - Navy Blue
SRCH_002617,CUST_02879,mid-range,Mobiles,2026-06-02 15:35:35,1,Realme NextGen Smartphone Pro Max - Navy Blue
SRCH_002618,CUST_02329,laptops,Laptops,2026-04-11 04:32:35,1,Dell Ultra-Slim Metal Ultrabook - Charcoal
SRCH_002619,CUST_00364,office,Furniture,2026-08-07 12:33:35,1,Wakefit Minimalist Nesting Coffee Tables - Rose Gold
SRCH_002620,CUST_01981,lighting,Home,2026-06-01 15:04:35,1,Solimo Smart LED Color Ambient Bulb - Olive Green
SRCH_002621,CUST_00162,books,Books,2026-03-12 03:09:35,1,Penguin Designing Data-Intensive Applications - Midnight Black
SRCH_002622,CUST_00263,television,Electronics,2026-08-06 13:00:35,1,Samsung Noise Cancelling Wireless Earbuds - Silver
SRCH_002623,CUST_02959,wearables,Electronics,2026-03-30 19:01:35,1,Bose Digital Mirrorless Camera - Navy Blue
SRCH_002624,CUST_01125,kitchen,Kitchen,2026-07-02 21:02:35,1,Milton Stainless Steel Chef Knife Set - Charcoal
SRCH_002625,CUST_01267,accessories,Gaming,2026-05-30 07:17:35,1,Logitech G Next-Gen Home Gaming Console 1TB - Silver
SRCH_002626,CUST_00541,shaving & grooming,Personal Care,2026-08-21 10:55:35,1,Dettol Deep Cleansing Charcoal Body Wash 500ml - Charcoal
SRCH_002627,CUST_02031,books,Books,2026-06-30 20:17:35,1,HarperCollins Python Machine Learning & AI Mastery
SRCH_002628,CUST_01484,kitchen,Kitchen,2026-07-10 13:12:35,1,Milton Heavy-Duty 750W Mixer Grinder - Crimson Red
SRCH_002629,CUST_02820,kitchen,Kitchen,2026-08-04 04:06:35,1,Pigeon Heavy-Duty 750W Mixer Grinder
SRCH_002630,CUST_00325,electronics,Electronics,2026-09-04 12:04:35,1,Sony Noise Cancelling Wireless Earbuds - Rose Gold
SRCH_002631,CUST_01948,accessories,Accessories,2026-06-08 20:57:35,1,American Tourister 9H Tempered Glass Screen Protector (2-Pack) - Rose Gold
SRCH_002632,CUST_00078,electronics,Electronics,2026-04-23 07:21:35,1,Bose 4K Ultra HD Smart TV 55-inch
SRCH_002633,CUST_01606,footwear,Footwear,2026-07-31 17:04:35,1,Puma Cushioned Running Shoes - Olive Green
SRCH_002634,CUST_01498,beverages,Grocery,2026-05-08 05:43:35,1,Organic India Artisan Dark Roasted Arabica Coffee Beans 250g
SRCH_002635,CUST_01325,ultrabooks,Laptops,2026-07-25 08:18:35,1,Lenovo Student Essential Laptop
SRCH_002636,CUST_00361,decor,Home,2026-05-26 12:42:35,1,Spaces Collapsible Fabric Storage Organizers
SRCH_002637,CUST_01789,fragrances,Beauty,2026-06-16 17:28:35,1,Neutrogena Hydrating Hyaluronic Acid Serum
SRCH_002638,CUST_02140,sports,Sports,2026-07-14 05:23:35,1,Boldfit Adjustable Hex Dumbbells Pair
SRCH_002639,CUST_02280,home,Home,2026-04-26 20:43:35,1,Solimo 100% Cotton 300TC Double Bed Sheet
SRCH_002640,CUST_02101,running shoes,Footwear,2026-03-19 10:58:35,1,Clarks Comfort Walking Slip-On Shoes - Crimson Red
SRCH_002641,CUST_02628,men's clothing,Fashion,2026-07-09 01:25:35,1,FabIndia Floral Print Maxi Summer Dress
SRCH_002642,CUST_02566,accessories,Gaming,2026-04-28 01:34:35,1,Corsair RGB Mechanical Gaming Keyboard - Rose Gold
SRCH_002643,CUST_01480,running shoes,Footwear,2026-07-07 20:28:35,1,Puma Genuine Leather Oxford Shoes
SRCH_002644,CUST_01130,office,Furniture,2026-04-16 22:10:35,1,Wakefit Modern Engineered Wood Computer Desk
SRCH_002645,CUST_00791,fashion,Fashion,2026-08-13 23:47:35,1,H&M Handcrafted Cotton Kurta - Rose Gold
SRCH_002646,CUST_02761,mobiles,Mobiles,2026-05-07 14:52:35,1,OnePlus Battery King Phone 6000mAh - Space Gray
SRCH_002647,CUST_02506,men's clothing,Fashion,2026-04-20 10:46:35,1,FabIndia Floral Print Maxi Summer Dress
SRCH_002648,CUST_00175,decor,Home,2026-05-12 01:03:35,1,Spaces Velvet Touch Blackout Window Curtains - Rose Gold
SRCH_002649,CUST_00727,mid-range,Mobiles,2026-06-10 22:29:35,1,Apple Smooth Display Mid-Range 5G
SRCH_002650,CUST_01854,office,Furniture,2026-07-05 09:49:35,1,Urban Ladder Modern Engineered Wood Computer Desk - Space Gray
SRCH_002651,CUST_01454,bags & backpacks,Accessories,2026-08-29 07:11:35,1,Portronics Magnetic Qi Fast Wireless Charger Stand - Olive Green
SRCH_002652,CUST_02003,furniture,Furniture,2026-03-13 16:18:35,1,Urban Ladder Ergonomic Mesh High-Back Office Chair
SRCH_002653,CUST_00852,electronics,Electronics,2026-05-26 15:43:35,1,Samsung 4K Ultra HD Smart TV 55-inch - Rose Gold
SRCH_002654,CUST_02798,smart devices,Electronics,2026-05-09 09:31:35,1,JBL Digital Mirrorless Camera - Silver
SRCH_002655,CUST_02443,men's clothing,Fashion,2026-05-27 03:38:35,1,Puma Casual Stretch Chino Trousers
SRCH_002656,CUST_01084,running shoes,Footwear,2026-08-04 08:10:35,1,Bata Classic Low-Top Canvas Sneakers - Classic Beige
SRCH_002657,CUST_02848,bath & body,Personal Care,2026-07-28 17:52:35,1,Gillette Gentle Sulfate-Free Moisturizing Body Lotion
SRCH_002658,CUST_01494,business & finance,Books,2026-04-26 10:24:35,1,Penguin Designing Data-Intensive Applications - Midnight Black
SRCH_002659,CUST_02752,office,Furniture,2026-06-15 04:29:35,1,IKEA Minimalist Nesting Coffee Tables - Space Gray
SRCH_002660,CUST_00795,running shoes,Footwear,2026-05-03 22:53:35,1,Nike Waterproof Outdoor Hiking Boots - Space Gray
SRCH_002661,CUST_02793,controllers,Gaming,2026-04-16 20:41:35,1,Xbox Ultra-Lightweight 8KHz Optical Gaming Mouse - Midnight Black
SRCH_002662,CUST_00277,gaming laptops,Laptops,2026-05-12 04:10:35,1,Acer Pro Gaming Laptop RTX 4070
SRCH_002663,CUST_01268,accessories,Accessories,2026-04-14 15:09:35,1,Portronics Ergonomic Silent Wireless Mouse
SRCH_002664,CUST_02672,fragrances,Beauty,2026-03-26 15:20:35,1,Maybelline Luxury Eau De Parfum 100ml - Rose Gold
SRCH_002665,CUST_01232,books,Books,2026-04-27 23:58:35,1,Penguin The Psychology of Money - Pearl White
SRCH_002666,CUST_01487,laptops,Laptops,2026-05-13 22:41:35,1,MSI Student Essential Laptop - Space Gray
SRCH_002667,CUST_00209,grocery,Grocery,2026-04-25 21:05:35,1,Nestle Organic Green Tea Herbal Infusion 100 Bags - Pearl White
SRCH_002668,CUST_02211,decor,Home,2026-04-04 11:55:35,1,Spaces Collapsible Fabric Storage Organizers
SRCH_002669,CUST_02368,fragrances,Beauty,2026-04-23 02:24:35,1,Neutrogena Keratin Smoothing Hair Mask - Midnight Black
SRCH_002670,CUST_02261,winterwear,Fashion,2026-04-23 00:17:35,1,Nike Floral Print Maxi Summer Dress - Charcoal
SRCH_002671,CUST_01707,sneakers,Footwear,2026-05-18 10:10:35,1,Nike Genuine Leather Oxford Shoes - Crimson Red
SRCH_002672,CUST_01681,mid-range,Mobiles,2026-07-16 08:26:35,1,Motorola Battery King Phone 6000mAh
SRCH_002673,CUST_01760,mobiles,Mobiles,2026-04-14 07:12:35,1,Google Smooth Display Mid-Range 5G - Midnight Black
SRCH_002674,CUST_01509,audio,Electronics,2026-04-09 07:17:35,1,Samsung Smart Wi-Fi Security Camera
SRCH_002675,CUST_00406,business & finance,Books,2026-04-19 22:43:35,1,O'Reilly Deep Work: Focused Success in a Distracted World - Navy Blue
SRCH_002676,CUST_02614,sneakers,Footwear,2026-08-04 01:13:35,1,Bata Waterproof Outdoor Hiking Boots - Pearl White
SRCH_002677,CUST_02441,sports,Sports,2026-05-29 06:14:35,1,Yonex Anti-Burst Gym Exercise Ball with Pump - Space Gray
SRCH_002678,CUST_02176,sneakers,Footwear,2026-05-06 19:06:35,1,Puma Cushioned Running Shoes - Olive Green
SRCH_002679,CUST_00903,living room,Furniture,2026-07-17 12:46:35,1,Godrej Interio Orthopedic Memory Foam Mattress 6-inch
SRCH_002680,CUST_00033,running shoes,Footwear,2026-07-06 23:24:35,1,Clarks Cushioned Running Shoes
SRCH_002681,CUST_02962,laptops,Laptops,2026-04-28 14:42:35,1,Apple Ultra-Slim Metal Ultrabook - Rose Gold
SRCH_002682,CUST_01362,accessories,Gaming,2026-03-21 02:34:35,1,Logitech G Surround Sound Gaming Headset with Mic
SRCH_002683,CUST_00741,cooking essentials,Grocery,2026-06-06 13:25:35,1,Organic India Artisan Dark Roasted Arabica Coffee Beans 250g
SRCH_002684,CUST_00063,audio,Electronics,2026-04-14 10:12:35,1,Bose Noise Cancelling Wireless Earbuds
SRCH_002685,CUST_00553,furniture,Furniture,2026-08-11 01:22:35,1,Sleepyhead Orthopedic Memory Foam Mattress 6-inch
SRCH_002686,CUST_00053,technology,Books,2026-04-26 13:37:35,1,HarperCollins Python Machine Learning & AI Mastery
SRCH_002687,CUST_00221,cookware,Kitchen,2026-09-01 20:20:35,1,Hawkins Heavy-Duty 750W Mixer Grinder - Space Gray
SRCH_002688,CUST_02033,cookware,Kitchen,2026-04-10 17:40:35,1,Hawkins Heavy-Duty 750W Mixer Grinder - Space Gray
SRCH_002689,CUST_00062,living room,Furniture,2026-04-15 14:49:35,1,Sleepyhead Ergonomic Mesh High-Back Office Chair
SRCH_002690,CUST_01545,lighting,Home,2026-03-18 07:46:35,1,Solimo Velvet Touch Blackout Window Curtains
SRCH_002691,CUST_01835,living room,Furniture,2026-06-01 18:22:35,1,Urban Ladder Minimalist Nesting Coffee Tables
SRCH_002692,CUST_00032,cooking essentials,Grocery,2026-03-21 01:12:35,1,Nestle Organic Raw Honey 500g - Space Gray
SRCH_002693,CUST_00548,personal care,Personal Care,2026-07-03 15:53:35,1,Dove Sonic Electric Toothbrush with Timer - Space Gray
SRCH_002694,CUST_02477,running shoes,Footwear,2026-05-10 19:40:35,1,Puma Comfort Walking Slip-On Shoes
SRCH_002695,CUST_01985,men's clothing,Fashion,2026-08-22 15:04:35,1,Nike Classic Denim Slim Jeans - Pearl White
SRCH_002696,CUST_02359,accessories,Gaming,2026-09-01 11:34:35,1,Corsair Surround Sound Gaming Headset with Mic - Olive Green
SRCH_002697,CUST_02040,lighting,Home,2026-08-02 14:37:35,1,Spaces 100% Cotton 300TC Double Bed Sheet - Rose Gold
SRCH_002698,CUST_02876,smart devices,Electronics,2026-08-22 18:55:35,1,Samsung Noise Cancelling Wireless Earbuds - Pearl White
SRCH_002699,CUST_02839,sneakers,Footwear,2026-09-06 10:34:35,1,Adidas Waterproof Outdoor Hiking Boots - Rose Gold
SRCH_002700,CUST_02337,mid-range,Mobiles,2026-07-29 19:05:35,1,Motorola Sleek Curve Screen 5G Phone
SRCH_002701,CUST_01391,small appliances,Kitchen,2026-07-16 03:04:35,1,Milton Stainless Steel Chef Knife Set - Charcoal
SRCH_002702,CUST_02175,accessories,Gaming,2026-06-02 13:29:35,1,Logitech G Surround Sound Gaming Headset with Mic
SRCH_002703,CUST_02287,ultrabooks,Laptops,2026-05-02 14:33:35,1,Acer Ultra-Slim Metal Ultrabook - Olive Green
SRCH_002704,CUST_01183,sneakers,Footwear,2026-08-27 09:47:35,1,Clarks Genuine Leather Oxford Shoes
SRCH_002705,CUST_02357,audio,Electronics,2026-04-24 13:02:35,1,Sony Compact Bluetooth Speaker
SRCH_002706,CUST_02540,television,Electronics,2026-09-02 22:27:35,1,Samsung Noise Cancelling Wireless Earbuds - Silver
SRCH_002707,CUST_01750,footwear,Footwear,2026-05-20 03:44:35,1,Clarks Classic Low-Top Canvas Sneakers
SRCH_002708,CUST_02648,office,Furniture,2026-06-13 03:21:35,1,Sleepyhead Ergonomic Mesh High-Back Office Chair - Olive Green
SRCH_002709,CUST_01932,mobiles,Mobiles,2026-08-08 18:07:35,1,Realme Battery King Phone 6000mAh
SRCH_002710,CUST_01015,fashion,Fashion,2026-03-18 01:42:35,1,Puma Casual Stretch Chino Trousers - Navy Blue
SRCH_002711,CUST_00766,fashion,Fashion,2026-04-28 01:31:35,1,FabIndia Denim Trucker Jacket
SRCH_002712,CUST_01650,furniture,Furniture,2026-05-19 20:12:35,1,Urban Ladder Minimalist Nesting Coffee Tables - Space Gray
SRCH_002713,CUST_02304,accessories,Gaming,2026-06-26 13:54:35,1,Razer Ultra-Lightweight 8KHz Optical Gaming Mouse
SRCH_002714,CUST_01341,mobile accessories,Accessories,2026-06-21 14:35:35,1,Portronics Magnetic Qi Fast Wireless Charger Stand - Olive Green
SRCH_002715,CUST_01921,men's clothing,Fashion,2026-05-16 14:06:35,1,FabIndia Classic Denim Slim Jeans - Classic Beige
SRCH_002716,CUST_00171,accessories,Gaming,2026-09-03 17:54:35,1,PlayStation Wireless Haptic Feedback Gaming Controller - Olive Green
SRCH_002717,CUST_01856,fashion,Fashion,2026-04-16 04:56:35,1,Puma Solid Crew Neck Cotton T-Shirt
SRCH_002718,CUST_01149,kitchen,Kitchen,2026-07-27 08:29:35,1,Philips Hard Anodized Non-Stick Cookware Set
SRCH_002719,CUST_01496,accessories,Gaming,2026-03-31 14:50:35,1,PlayStation Next-Gen Home Gaming Console 1TB - Space Gray
SRCH_002720,CUST_00201,accessories,Gaming,2026-08-10 08:34:35,1,Corsair Surround Sound Gaming Headset with Mic - Olive Green
SRCH_002721,CUST_02694,sports,Sports,2026-08-13 23:30:35,1,Decathlon Quick Dry Athletic Training Shorts - Crimson Red
SRCH_002722,CUST_00397,electronics,Electronics,2026-04-10 13:20:35,1,Sennheiser Wireless Bluetooth Headphones
SRCH_002723,CUST_01030,office,Furniture,2026-06-19 19:03:35,1,Godrej Interio Orthopedic Memory Foam Mattress 6-inch
SRCH_002724,CUST_00786,shaving & grooming,Personal Care,2026-08-09 10:14:35,1,Colgate Cordless Rechargeable Beard Trimmer - Space Gray
SRCH_002725,CUST_01077,gaming laptops,Laptops,2026-06-25 17:27:35,1,Dell Ultra-Slim Metal Ultrabook - Charcoal
SRCH_002726,CUST_00735,ultrabooks,Laptops,2026-08-15 07:20:35,1,MSI Pro Gaming Laptop RTX 4070 - Charcoal
SRCH_002727,CUST_00941,men's clothing,Fashion,2026-05-22 20:10:35,1,FabIndia Denim Trucker Jacket
SRCH_002728,CUST_00156,running shoes,Footwear,2026-07-23 22:18:35,1,Puma Genuine Leather Oxford Shoes
SRCH_002729,CUST_00851,grocery,Grocery,2026-05-07 11:22:35,1,Saffola Organic Green Tea Herbal Infusion 100 Bags - Midnight Black
SRCH_002730,CUST_00954,mobiles,Mobiles,2026-08-18 20:47:35,1,Realme Battery King Phone 6000mAh - Crimson Red
SRCH_002731,CUST_01757,home,Home,2026-04-14 23:48:35,1,IKEA Velvet Touch Blackout Window Curtains
SRCH_002732,CUST_02051,smart devices,Electronics,2026-05-21 11:44:35,1,JBL Bass Soundbar with Subwoofer - Midnight Black
SRCH_002733,CUST_00046,outdoor sports,Sports,2026-04-24 13:46:35,1,Decathlon Carbon Fiber Badminton Racket
SRCH_002734,CUST_01025,bags & backpacks,Accessories,2026-08-07 07:16:35,1,American Tourister Water-Resistant Laptop Backpack 15.6-inch - Classic Beige
SRCH_002735,CUST_00232,footwear,Footwear,2026-04-20 12:51:35,1,Adidas Comfort Walking Slip-On Shoes - Rose Gold
SRCH_002736,CUST_02058,care,Personal Care,2026-07-04 04:17:35,1,Gillette Cordless Rechargeable Beard Trimmer
SRCH_002737,CUST_01475,mobile accessories,Accessories,2026-03-20 13:46:35,1,Spigen Multi-Port 7-in-1 USB-C Hub Adapter
SRCH_002738,CUST_01068,mobile accessories,Accessories,2026-04-20 17:04:35,1,Spigen 9H Tempered Glass Screen Protector (2-Pack)
SRCH_002739,CUST_00092,furniture,Furniture,2026-08-17 10:23:35,1,Sleepyhead Ergonomic Mesh High-Back Office Chair - Classic Beige
SRCH_002740,CUST_00989,storage & containers,Kitchen,2026-08-11 13:18:35,1,Philips Hard Anodized Non-Stick Cookware Set
SRCH_002741,CUST_02182,grocery,Grocery,2026-03-17 16:32:35,1,Tata Organic Green Tea Herbal Infusion 100 Bags - Olive Green
SRCH_002742,CUST_00059,makeup,Beauty,2026-04-02 05:46:35,1,L'Oreal Matte Liquid Longwear Foundation - Charcoal
SRCH_002743,CUST_00939,cooking essentials,Grocery,2026-07-02 15:38:35,1,Saffola Cold-Pressed Extra Virgin Olive Oil 1L - Crimson Red
SRCH_002744,CUST_01870,sneakers,Footwear,2026-06-10 11:36:35,1,Reebok Waterproof Outdoor Hiking Boots
SRCH_002745,CUST_01704,smart devices,Electronics,2026-09-06 14:57:35,1,JBL Smart Fitness Watch - Olive Green
SRCH_002746,CUST_00221,cookware,Kitchen,2026-06-28 05:00:35,1,Hawkins Electric Rapid Air Fryer 4.5L
SRCH_002747,CUST_02103,bags & backpacks,Accessories,2026-08-20 08:53:35,1,Anker Water-Resistant Laptop Backpack 15.6-inch - Silver
SRCH_002748,CUST_01753,mid-range,Mobiles,2026-05-19 17:34:35,1,Realme NextGen Smartphone Pro Max - Navy Blue
SRCH_002749,CUST_02442,accessories,Accessories,2026-07-06 16:14:35,1,American Tourister Ergonomic Silent Wireless Mouse
SRCH_002750,CUST_00125,sports,Sports,2026-08-23 01:18:35,1,Boldfit Anti-Burst Gym Exercise Ball with Pump - Crimson Red
SRCH_002751,CUST_02047,living room,Furniture,2026-06-06 02:48:35,1,Wakefit Minimalist Nesting Coffee Tables - Rose Gold
SRCH_002752,CUST_00983,student laptops,Laptops,2026-08-17 21:14:35,1,Acer Creator Studio Laptop 4K OLED - Olive Green
SRCH_002753,CUST_01436,mid-range,Mobiles,2026-06-21 00:37:35,1,Realme Battery King Phone 6000mAh - Crimson Red
SRCH_002754,CUST_00259,mid-range,Mobiles,2026-04-19 05:33:35,1,OnePlus NextGen Smartphone Pro Max
SRCH_002755,CUST_00730,running shoes,Footwear,2026-06-13 15:33:35,1,Puma Comfort Walking Slip-On Shoes
SRCH_002756,CUST_02720,budget,Mobiles,2026-06-04 15:05:35,1,Motorola Sleek Curve Screen 5G Phone - Crimson Red
SRCH_002757,CUST_00243,electronics,Electronics,2026-03-22 13:09:35,1,Samsung Action Camera 4K Waterproof
SRCH_002758,CUST_00143,business & finance,Books,2026-08-28 17:56:35,1,Bloomsbury The Psychology of Money
SRCH_002759,CUST_01880,personal,Personal Care,2026-04-13 14:36:35,1,Philips Deep Cleansing Charcoal Body Wash 500ml - Pearl White
SRCH_002760,CUST_02919,mid-range,Mobiles,2026-03-18 15:11:35,1,Realme Smooth Display Mid-Range 5G - Crimson Red
SRCH_002761,CUST_02526,yoga,Sports,2026-06-30 06:28:35,1,Boldfit Quick Dry Athletic Training Shorts - Crimson Red
SRCH_002762,CUST_02540,electronics,Electronics,2026-08-19 23:02:35,1,Samsung Action Camera 4K Waterproof
SRCH_002763,CUST_02272,accessories,Accessories,2026-05-11 04:59:35,1,Logitech Shockproof Clear Phone Case - Charcoal
SRCH_002764,CUST_01640,home,Home,2026-06-27 21:08:35,1,Home Centre Handwoven Boho Area Rug - Pearl White
SRCH_002765,CUST_00458,bath & body,Personal Care,2026-07-10 23:07:35,1,Dettol Gentle Sulfate-Free Moisturizing Body Lotion - Space Gray
SRCH_002766,CUST_01659,men's clothing,Fashion,2026-08-11 00:52:35,1,FabIndia Denim Trucker Jacket
SRCH_002767,CUST_01305,living room,Furniture,2026-07-04 10:23:35,1,Godrej Interio Minimalist Nesting Coffee Tables - Pearl White
SRCH_002768,CUST_02969,ultrabooks,Laptops,2026-08-30 06:30:35,1,MSI Student Essential Laptop - Space Gray
SRCH_002769,CUST_02284,running shoes,Footwear,2026-05-23 20:15:35,1,Puma Genuine Leather Oxford Shoes
SRCH_002770,CUST_02803,yoga,Sports,2026-07-18 09:13:35,1,Nivia Anti-Burst Gym Exercise Ball with Pump
SRCH_002771,CUST_02795,running shoes,Footwear,2026-04-29 07:24:35,1,Skechers Cushioned Running Shoes - Olive Green
SRCH_002772,CUST_01990,kitchen,Kitchen,2026-05-16 11:30:35,1,Hawkins Stainless Steel Chef Knife Set - Space Gray
SRCH_002773,CUST_01844,ultrabooks,Laptops,2026-08-19 01:35:35,1,HP Student Essential Laptop - Space Gray
SRCH_002774,CUST_01871,laptops,Laptops,2026-07-04 09:41:35,1,HP Student Essential Laptop - Classic Beige
SRCH_002775,CUST_00993,technology,Books,2026-04-01 15:08:35,1,O'Reilly Python Machine Learning & AI Mastery
SRCH_002776,CUST_00540,technology,Books,2026-08-25 11:59:35,1,Penguin Atomic Habits: Build Good Habits
SRCH_002777,CUST_00717,technology,Books,2026-08-16 13:55:35,1,Bloomsbury The Psychology of Money
SRCH_002778,CUST_02901,outdoor sports,Sports,2026-06-21 09:08:35,1,Nivia Anti-Burst Gym Exercise Ball with Pump
SRCH_002779,CUST_01506,running shoes,Footwear,2026-09-01 04:55:35,1,Puma Cushioned Running Shoes - Crimson Red
SRCH_002780,CUST_01099,fashion,Fashion,2026-04-19 18:41:35,1,Puma Casual Stretch Chino Trousers - Pearl White
SRCH_002781,CUST_00357,fragrances,Beauty,2026-05-04 06:09:35,1,Minimalist Keratin Smoothing Hair Mask
SRCH_002782,CUST_02493,yoga,Sports,2026-05-18 16:59:35,1,Nivia Adjustable Hex Dumbbells Pair - Classic Beige
SRCH_002783,CUST_01358,fashion,Fashion,2026-03-17 02:33:35,1,Levis Handcrafted Cotton Kurta
SRCH_002784,CUST_02474,footwear,Footwear,2026-03-31 01:11:35,1,Puma Comfort Walking Slip-On Shoes
SRCH_002785,CUST_01727,decor,Home,2026-06-14 15:40:35,1,IKEA 100% Cotton 300TC Double Bed Sheet
SRCH_002786,CUST_01428,fitness equipment,Sports,2026-04-15 03:04:35,1,Puma Adjustable Hex Dumbbells Pair
SRCH_002787,CUST_02900,men's clothing,Fashion,2026-04-11 02:19:35,1,Puma Casual Stretch Chino Trousers - Pearl White
SRCH_002788,CUST_00631,bedding,Home,2026-07-08 23:30:35,1,IKEA Velvet Touch Blackout Window Curtains - Midnight Black
SRCH_002789,CUST_01218,electronics,Electronics,2026-05-26 05:42:35,1,Samsung Noise Cancelling Wireless Earbuds - Pearl White
SRCH_002790,CUST_02862,decor,Home,2026-04-16 11:52:35,1,IKEA Velvet Touch Blackout Window Curtains
SRCH_002791,CUST_00924,footwear,Footwear,2026-07-10 06:40:35,1,Skechers Comfort Walking Slip-On Shoes
SRCH_002792,CUST_02148,furniture,Furniture,2026-07-08 15:06:35,1,Wakefit Minimalist Nesting Coffee Tables - Rose Gold
SRCH_002793,CUST_01922,kitchen,Kitchen,2026-04-17 16:54:35,1,Hawkins Hard Anodized Non-Stick Cookware Set - Pearl White
SRCH_002794,CUST_00211,beauty,Beauty,2026-04-16 14:29:35,1,Nivea Hydrating Hyaluronic Acid Serum - Silver
SRCH_002795,CUST_02086,ultrabooks,Laptops,2026-03-17 04:36:35,1,Apple Student Essential Laptop
SRCH_002796,CUST_00565,yoga,Sports,2026-03-14 09:50:35,1,Puma Carbon Fiber Badminton Racket - Midnight Black
SRCH_002797,CUST_02278,living room,Furniture,2026-07-03 03:01:35,1,Urban Ladder Minimalist Nesting Coffee Tables
SRCH_002798,CUST_00043,accessories,Accessories,2026-08-28 15:14:35,1,Logitech Magnetic Qi Fast Wireless Charger Stand - Rose Gold
SRCH_002799,CUST_01015,men's clothing,Fashion,2026-07-06 11:40:35,1,H&M Tailored Formal Oxford Shirt
SRCH_002800,CUST_00813,kitchen,Kitchen,2026-06-23 08:53:35,1,Prestige Hard Anodized Non-Stick Cookware Set - Classic Beige
SRCH_002801,CUST_01669,television,Electronics,2026-08-11 18:57:35,1,Samsung Digital Mirrorless Camera
SRCH_002802,CUST_00925,laptops,Laptops,2026-06-26 03:25:35,1,Acer Ultra-Slim Metal Ultrabook - Classic Beige
SRCH_002803,CUST_01248,running shoes,Footwear,2026-03-28 23:29:35,1,Reebok Genuine Leather Oxford Shoes
SRCH_002804,CUST_01349,mobiles,Mobiles,2026-05-02 23:30:35,1,Apple Smooth Display Mid-Range 5G
SRCH_002805,CUST_00052,outdoor sports,Sports,2026-04-26 07:02:35,1,Boldfit Adjustable Hex Dumbbells Pair
SRCH_002806,CUST_01839,bags & backpacks,Accessories,2026-07-14 21:05:35,1,Logitech Magnetic Qi Fast Wireless Charger Stand - Rose Gold
SRCH_002807,CUST_00870,kitchen,Kitchen,2026-05-23 04:41:35,1,Milton Airtight Glass Food Storage Jars - Charcoal
SRCH_002808,CUST_02998,storage & containers,Kitchen,2026-05-26 00:05:35,1,Wonderchef Airtight Glass Food Storage Jars - Charcoal
SRCH_002809,CUST_01654,bags & backpacks,Accessories,2026-06-10 09:05:35,1,Logitech Magnetic Qi Fast Wireless Charger Stand - Rose Gold
SRCH_002810,CUST_01226,ultrabooks,Laptops,2026-07-07 12:17:35,1,Asus Creator Studio Laptop 4K OLED - Crimson Red
SRCH_002811,CUST_02888,running shoes,Footwear,2026-03-28 19:25:35,1,Puma Cushioned Running Shoes - Olive Green
SRCH_002812,CUST_02052,gaming,Gaming,2026-05-24 12:20:35,1,Xbox Next-Gen Home Gaming Console 1TB - Silver
SRCH_002813,CUST_01426,furniture,Furniture,2026-08-13 17:45:35,1,Urban Ladder Ergonomic Mesh High-Back Office Chair
SRCH_002814,CUST_01576,accessories,Accessories,2026-07-20 07:37:35,1,Logitech Shockproof Clear Phone Case - Charcoal
SRCH_002815,CUST_00795,sneakers,Footwear,2026-07-26 04:34:35,1,Puma Cushioned Running Shoes - Olive Green
SRCH_002816,CUST_01903,bags & backpacks,Accessories,2026-04-14 16:57:35,1,Anker Shockproof Clear Phone Case - Crimson Red
SRCH_002817,CUST_01093,books,Books,2026-06-29 12:59:35,1,O'Reilly The Psychology of Money
SRCH_002818,CUST_00863,smart devices,Electronics,2026-05-22 11:35:35,1,Sony Digital Mirrorless Camera - Space Gray
SRCH_002819,CUST_00746,electronics,Electronics,2026-05-31 09:06:35,1,JBL Smart Fitness Watch
SRCH_002820,CUST_01304,mid-range,Mobiles,2026-03-23 05:29:35,1,Google Pure Android Experience 5G - Pearl White
SRCH_002821,CUST_01883,accessories,Gaming,2026-07-11 02:58:35,1,Razer Next-Gen Home Gaming Console 1TB
SRCH_002822,CUST_00033,running shoes,Footwear,2026-05-01 10:01:35,1,Adidas Genuine Leather Oxford Shoes
SRCH_002823,CUST_02299,gaming,Gaming,2026-06-01 07:18:35,1,Razer Ultra-Lightweight 8KHz Optical Gaming Mouse
SRCH_002824,CUST_00014,accessories,Gaming,2026-06-01 01:45:35,1,PlayStation Next-Gen Home Gaming Console 1TB - Charcoal
SRCH_002825,CUST_00543,lighting,Home,2026-06-10 03:21:35,1,D'Decor Velvet Touch Blackout Window Curtains
SRCH_002826,CUST_00255,sports,Sports,2026-03-19 13:36:35,1,Puma Adjustable Hex Dumbbells Pair
SRCH_002827,CUST_00136,ultrabooks,Laptops,2026-06-21 12:22:35,1,Apple Business Productivity Notebook
SRCH_002828,CUST_02876,wearables,Electronics,2026-08-14 12:36:35,1,Samsung Smart Wi-Fi Security Camera
SRCH_002829,CUST_01165,beverages,Grocery,2026-04-25 19:29:35,1,Saffola Organic Green Tea Herbal Infusion 100 Bags - Midnight Black
SRCH_002830,CUST_00607,mobiles,Mobiles,2026-06-10 02:05:35,1,Realme Smooth Display Mid-Range 5G - Crimson Red
SRCH_002831,CUST_01099,men's clothing,Fashion,2026-04-08 12:02:35,1,Adidas Floral Print Maxi Summer Dress - Silver
SRCH_002832,CUST_01198,office,Furniture,2026-08-27 09:26:35,1,Sleepyhead Minimalist Nesting Coffee Tables
SRCH_002833,CUST_01198,books,Books,2026-06-06 17:34:35,1,Penguin Designing Data-Intensive Applications - Midnight Black
SRCH_002834,CUST_02372,home,Home,2026-07-12 21:12:35,1,Solimo Velvet Touch Blackout Window Curtains
SRCH_002835,CUST_00996,mobiles,Mobiles,2026-04-06 04:17:35,1,Samsung Battery King Phone 6000mAh - Pearl White
SRCH_002836,CUST_00755,grocery,Grocery,2026-06-28 12:38:35,1,Tata Roasted California Almonds 500g
SRCH_002837,CUST_01821,men's clothing,Fashion,2026-05-19 23:26:35,1,Nike Classic Denim Slim Jeans - Pearl White
SRCH_002838,CUST_01775,accessories,Gaming,2026-05-18 15:20:35,1,PlayStation Next-Gen Home Gaming Console 1TB - Charcoal
SRCH_002839,CUST_02404,fitness equipment,Sports,2026-06-24 20:34:35,1,Cosco Extra Thick Non-Slip Eco Yoga Mat
SRCH_002840,CUST_01854,accessories,Gaming,2026-05-07 18:56:35,1,Corsair Wireless Haptic Feedback Gaming Controller
SRCH_002841,CUST_02575,audio,Electronics,2026-04-12 05:45:35,1,Boat Smart Fitness Watch
SRCH_002842,CUST_01743,controllers,Gaming,2026-07-13 11:29:35,1,Xbox Next-Gen Home Gaming Console 1TB - Silver
SRCH_002843,CUST_01857,running shoes,Footwear,2026-06-14 03:45:35,1,Adidas Genuine Leather Oxford Shoes
SRCH_002844,CUST_00347,accessories,Gaming,2026-09-04 07:55:35,1,Logitech G Next-Gen Home Gaming Console 1TB - Silver
SRCH_002845,CUST_00160,fragrances,Beauty,2026-08-08 21:45:35,1,Nivea Luxury Eau De Parfum 100ml
SRCH_002846,CUST_01674,skincare,Beauty,2026-04-23 23:36:35,1,Maybelline Hydrating Hyaluronic Acid Serum
SRCH_002847,CUST_01075,men's clothing,Fashion,2026-06-16 03:37:35,1,Nike Cozy Fleece Pullover Hoodie - Pearl White
SRCH_002848,CUST_00680,grocery,Grocery,2026-04-22 21:59:35,1,Tata Organic Green Tea Herbal Infusion 100 Bags
SRCH_002849,CUST_01655,kitchen,Kitchen,2026-08-10 10:50:35,1,Prestige Hard Anodized Non-Stick Cookware Set - Classic Beige
SRCH_002850,CUST_00576,footwear,Footwear,2026-07-16 10:49:35,1,Puma Genuine Leather Oxford Shoes
SRCH_002851,CUST_01978,kitchen,Kitchen,2026-08-27 16:37:35,1,Pigeon Electric Rapid Air Fryer 4.5L
SRCH_002852,CUST_02112,grocery,Grocery,2026-08-17 16:17:35,1,Tata Organic Green Tea Herbal Infusion 100 Bags - Navy Blue
SRCH_002853,CUST_01130,men's clothing,Fashion,2026-09-07 04:45:35,1,Puma Casual Stretch Chino Trousers - Pearl White
SRCH_002854,CUST_00390,mid-range,Mobiles,2026-07-25 10:00:35,1,Motorola Battery King Phone 6000mAh
SRCH_002855,CUST_00833,student laptops,Laptops,2026-06-05 11:16:35,1,Asus Business Productivity Notebook - Crimson Red
SRCH_002856,CUST_01750,running shoes,Footwear,2026-07-13 06:34:35,1,Puma Genuine Leather Oxford Shoes
SRCH_002857,CUST_01521,electronics,Electronics,2026-07-24 17:23:35,1,Sennheiser 4K Ultra HD Smart TV 55-inch - Olive Green
SRCH_002858,CUST_00173,fragrances,Beauty,2026-05-05 12:54:35,1,L'Oreal Luxury Eau De Parfum 100ml
SRCH_002859,CUST_01189,running shoes,Footwear,2026-08-07 10:20:35,1,Reebok Cushioned Running Shoes - Classic Beige
SRCH_002860,CUST_00717,bags & backpacks,Accessories,2026-03-13 00:15:35,1,Spigen 9H Tempered Glass Screen Protector (2-Pack)
SRCH_002861,CUST_00217,fashion,Fashion,2026-06-29 16:12:35,1,FabIndia Floral Print Maxi Summer Dress - Midnight Black
SRCH_002862,CUST_02855,cookware,Kitchen,2026-08-05 04:17:35,1,Wonderchef Hard Anodized Non-Stick Cookware Set - Olive Green
SRCH_002863,CUST_02221,mobile accessories,Accessories,2026-05-12 08:29:35,1,Anker Water-Resistant Laptop Backpack 15.6-inch - Rose Gold
SRCH_002864,CUST_01123,technology,Books,2026-07-22 20:01:35,1,Bloomsbury The Psychology of Money
SRCH_002865,CUST_00233,audio,Electronics,2026-05-17 22:56:35,1,Sony Smart Fitness Watch
SRCH_002866,CUST_00668,books,Books,2026-05-23 21:32:35,1,Penguin Designing Data-Intensive Applications
SRCH_002867,CUST_02835,books,Books,2026-04-21 15:43:35,1,Bloomsbury Designing Data-Intensive Applications - Olive Green
SRCH_002868,CUST_01375,budget,Mobiles,2026-06-24 14:32:35,1,Motorola Sleek Curve Screen 5G Phone - Charcoal
SRCH_002869,CUST_02195,office,Furniture,2026-08-02 13:19:35,1,Urban Ladder Minimalist Nesting Coffee Tables
SRCH_002870,CUST_01220,care,Personal Care,2026-08-26 05:40:35,1,Gillette Cordless Rechargeable Beard Trimmer - Silver
SRCH_002871,CUST_00397,bags & backpacks,Accessories,2026-08-30 04:30:35,1,Spigen Magnetic Qi Fast Wireless Charger Stand - Pearl White
SRCH_002872,CUST_02777,decor,Home,2026-05-22 03:06:35,1,IKEA Velvet Touch Blackout Window Curtains - Midnight Black
SRCH_002873,CUST_02292,running shoes,Footwear,2026-06-13 12:40:35,1,Adidas Genuine Leather Oxford Shoes
SRCH_002874,CUST_02754,beauty,Beauty,2026-03-12 14:56:35,1,Minimalist Luxury Eau De Parfum 100ml - Crimson Red
SRCH_002875,CUST_01346,fashion,Fashion,2026-04-09 00:11:35,1,Zara Solid Crew Neck Cotton T-Shirt - Olive Green
SRCH_002876,CUST_00113,kitchen,Kitchen,2026-04-10 09:36:35,1,Pigeon Airtight Glass Food Storage Jars
SRCH_002877,CUST_00483,fashion,Fashion,2026-08-07 00:20:35,1,H&M Denim Trucker Jacket - Midnight Black
SRCH_002878,CUST_01799,small appliances,Kitchen,2026-06-18 04:16:35,1,Hawkins Airtight Glass Food Storage Jars
SRCH_002879,CUST_00299,beverages,Grocery,2026-06-30 01:53:35,1,Tata Organic Green Tea Herbal Infusion 100 Bags
SRCH_002880,CUST_02506,skincare,Beauty,2026-03-17 06:56:35,1,The Ordinary Vitamin C Brightening Facial Cleanser - Rose Gold
SRCH_002881,CUST_01670,electronics,Electronics,2026-07-07 15:56:35,1,Bose Noise Cancelling Wireless Earbuds
SRCH_002882,CUST_01667,living room,Furniture,2026-08-04 05:10:35,1,Urban Ladder Minimalist Nesting Coffee Tables
SRCH_002883,CUST_01014,personal,Personal Care,2026-05-02 00:17:35,1,Colgate Deep Cleansing Charcoal Body Wash 500ml - Rose Gold
SRCH_002884,CUST_00255,technology,Books,2026-04-12 01:25:35,1,Penguin The Psychology of Money - Pearl White
SRCH_002885,CUST_00442,kitchen,Kitchen,2026-04-29 18:27:35,1,Milton Airtight Glass Food Storage Jars - Charcoal
SRCH_002886,CUST_02592,books,Books,2026-07-12 15:20:35,1,HarperCollins Designing Data-Intensive Applications
SRCH_002887,CUST_02882,gaming,Gaming,2026-08-23 17:22:35,1,Razer Next-Gen Home Gaming Console 1TB
SRCH_002888,CUST_02767,student laptops,Laptops,2026-08-22 06:23:35,1,Acer Ultra-Slim Metal Ultrabook
SRCH_002889,CUST_02427,fitness equipment,Sports,2026-05-07 12:47:35,1,Cosco Extra Thick Non-Slip Eco Yoga Mat - Classic Beige
SRCH_002890,CUST_00304,sneakers,Footwear,2026-06-18 14:20:35,1,Nike Waterproof Outdoor Hiking Boots - Space Gray
SRCH_002891,CUST_01812,kitchen,Kitchen,2026-07-12 20:50:35,1,Wonderchef Electric Rapid Air Fryer 4.5L
SRCH_002892,CUST_00549,furniture,Furniture,2026-07-18 09:24:35,1,Wakefit Modern Engineered Wood Computer Desk
SRCH_002893,CUST_02519,business & finance,Books,2026-04-14 02:06:35,1,O'Reilly Deep Work: Focused Success in a Distracted World - Charcoal
SRCH_002894,CUST_02217,laptops,Laptops,2026-05-07 22:34:35,1,Lenovo Student Essential Laptop
SRCH_002895,CUST_01770,fitness equipment,Sports,2026-07-29 13:09:35,1,Puma Adjustable Hex Dumbbells Pair - Classic Beige
SRCH_002896,CUST_02742,office,Furniture,2026-07-26 01:30:35,1,Urban Ladder Orthopedic Memory Foam Mattress 6-inch
SRCH_002897,CUST_02368,fragrances,Beauty,2026-08-07 11:56:35,1,Neutrogena Matte Velvet Long-Stay Lipstick
SRCH_002898,CUST_02724,wearables,Electronics,2026-06-18 06:10:35,1,Sony 4K Ultra HD Smart TV 55-inch - Classic Beige
SRCH_002899,CUST_00447,mobiles,Mobiles,2026-05-05 20:30:35,1,Motorola Battery King Phone 6000mAh
SRCH_002900,CUST_02440,men's clothing,Fashion,2026-07-02 21:55:35,1,Levis Handcrafted Cotton Kurta
SRCH_002901,CUST_00213,mobile accessories,Accessories,2026-04-21 08:26:35,1,Logitech Water-Resistant Laptop Backpack 15.6-inch
SRCH_002902,CUST_01095,gaming,Gaming,2026-05-05 23:13:35,1,Logitech G Ultra-Lightweight 8KHz Optical Gaming Mouse - Pearl White
SRCH_002903,CUST_01314,fitness equipment,Sports,2026-05-26 13:45:35,1,Boldfit Adjustable Hex Dumbbells Pair
SRCH_002904,CUST_01260,footwear,Footwear,2026-05-28 13:05:35,1,Skechers Cushioned Running Shoes - Olive Green
SRCH_002905,CUST_01701,electronics,Electronics,2026-06-04 13:48:35,1,Bose Bass Soundbar with Subwoofer - Midnight Black
SRCH_002906,CUST_00633,sneakers,Footwear,2026-03-21 11:05:35,1,Puma Comfort Walking Slip-On Shoes
SRCH_002907,CUST_00457,mobile accessories,Accessories,2026-04-18 13:06:35,1,American Tourister Water-Resistant Laptop Backpack 15.6-inch - Classic Beige
SRCH_002908,CUST_01811,budget,Mobiles,2026-05-20 10:38:35,1,Samsung Smartphone Ultra 5G - Space Gray
SRCH_002909,CUST_00496,fashion,Fashion,2026-08-01 13:26:35,1,FabIndia Solid Crew Neck Cotton T-Shirt - Midnight Black
SRCH_002910,CUST_01739,accessories,Gaming,2026-04-04 10:01:35,1,Logitech G Surround Sound Gaming Headset with Mic - Midnight Black
SRCH_002911,CUST_00464,bedding,Home,2026-08-29 05:59:35,1,Solimo 100% Cotton 300TC Double Bed Sheet
SRCH_002912,CUST_00611,lighting,Home,2026-06-28 05:13:35,1,IKEA Velvet Touch Blackout Window Curtains - Midnight Black
SRCH_002913,CUST_01814,grocery,Grocery,2026-06-22 02:00:35,1,Organic India Organic Raw Honey 500g - Space Gray
SRCH_002914,CUST_01649,decor,Home,2026-08-24 07:14:35,1,Philips 100% Cotton 300TC Double Bed Sheet - Rose Gold
SRCH_002915,CUST_01811,mobiles,Mobiles,2026-07-04 15:43:35,1,Samsung Smartphone Ultra 5G - Space Gray
SRCH_002916,CUST_02001,furniture,Furniture,2026-08-27 06:46:35,1,Urban Ladder Minimalist Nesting Coffee Tables - Space Gray
SRCH_002917,CUST_01174,books,Books,2026-07-22 14:40:35,1,Penguin Atomic Habits: Build Good Habits
SRCH_002918,CUST_02805,shaving & grooming,Personal Care,2026-05-16 19:20:35,1,Dettol Gentle Sulfate-Free Moisturizing Body Lotion
SRCH_002919,CUST_02848,lighting,Home,2026-05-18 12:04:35,1,Solimo Smart LED Color Ambient Bulb - Olive Green
SRCH_002920,CUST_01617,cooking essentials,Grocery,2026-05-26 00:42:35,1,Tata Cold-Pressed Extra Virgin Olive Oil 1L
SRCH_002921,CUST_02499,bags & backpacks,Accessories,2026-08-06 19:25:35,1,Spigen 9H Tempered Glass Screen Protector (2-Pack)
SRCH_002922,CUST_02606,books,Books,2026-03-26 18:21:35,1,O'Reilly Deep Work: Focused Success in a Distracted World - Crimson Red
SRCH_002923,CUST_00491,accessories,Gaming,2026-06-10 01:20:35,1,Razer Wireless Haptic Feedback Gaming Controller - Silver
SRCH_002924,CUST_01088,controllers,Gaming,2026-04-19 08:01:35,1,Corsair Wireless Haptic Feedback Gaming Controller
SRCH_002925,CUST_01756,books,Books,2026-07-30 04:00:35,1,Random House Deep Work: Focused Success in a Distracted World - Navy Blue
SRCH_002926,CUST_02950,bags & backpacks,Accessories,2026-03-28 07:12:35,1,Portronics Water-Resistant Laptop Backpack 15.6-inch - Space Gray
SRCH_002927,CUST_00852,audio,Electronics,2026-03-26 06:44:35,1,Boat Smart Fitness Watch
SRCH_002928,CUST_02907,audio,Electronics,2026-06-16 15:55:35,1,Sony 4K Ultra HD Smart TV 55-inch
SRCH_002929,CUST_00505,bedding,Home,2026-07-24 04:32:35,1,Philips Handwoven Boho Area Rug
SRCH_002930,CUST_02088,outdoor sports,Sports,2026-03-20 08:16:35,1,Puma Carbon Fiber Badminton Racket - Midnight Black
SRCH_002931,CUST_00501,fashion,Fashion,2026-05-18 03:07:35,1,Levis Floral Print Maxi Summer Dress - Classic Beige
SRCH_002932,CUST_00693,beverages,Grocery,2026-08-31 13:29:35,1,Nestle Cold-Pressed Extra Virgin Olive Oil 1L - Space Gray
SRCH_002933,CUST_00228,furniture,Furniture,2026-06-07 11:17:35,1,Urban Ladder Modern Engineered Wood Computer Desk - Silver
SRCH_002934,CUST_02025,personal,Personal Care,2026-06-17 08:14:35,1,Dettol Cordless Rechargeable Beard Trimmer - Classic Beige
SRCH_002935,CUST_01410,fashion,Fashion,2026-07-23 15:23:35,1,FabIndia Tailored Formal Oxford Shirt - Rose Gold
SRCH_002936,CUST_01100,personal,Personal Care,2026-03-15 11:47:35,1,Gillette Cordless Rechargeable Beard Trimmer - Silver
SRCH_002937,CUST_02632,kitchen,Kitchen,2026-03-22 15:51:35,1,Milton Heavy-Duty 750W Mixer Grinder
SRCH_002938,CUST_00672,accessories,Gaming,2026-04-05 09:03:35,1,Razer Surround Sound Gaming Headset with Mic
SRCH_002939,CUST_01585,smart devices,Electronics,2026-08-23 06:07:35,1,Samsung 4K Ultra HD Smart TV 55-inch - Rose Gold
SRCH_002940,CUST_02624,electronics,Electronics,2026-07-14 22:12:35,1,Sennheiser Wireless Bluetooth Headphones
SRCH_002941,CUST_00847,winterwear,Fashion,2026-04-23 06:03:35,1,Levis Floral Print Maxi Summer Dress - Classic Beige
SRCH_002942,CUST_01938,accessories,Gaming,2026-05-25 03:07:35,1,Logitech G RGB Mechanical Gaming Keyboard - Navy Blue
SRCH_002943,CUST_00996,footwear,Footwear,2026-08-28 21:56:35,1,Puma Cushioned Running Shoes - Charcoal
SRCH_002944,CUST_02061,office,Furniture,2026-05-25 01:48:35,1,Sleepyhead Minimalist Nesting Coffee Tables - Space Gray
SRCH_002945,CUST_01181,mobile accessories,Accessories,2026-05-16 14:52:35,1,Logitech Multi-Port 7-in-1 USB-C Hub Adapter - Space Gray
SRCH_002946,CUST_02274,running shoes,Footwear,2026-04-04 14:13:35,1,Skechers Cushioned Running Shoes
SRCH_002947,CUST_02760,grocery,Grocery,2026-05-13 14:43:35,1,Saffola Organic Green Tea Herbal Infusion 100 Bags
SRCH_002948,CUST_00975,electronics,Electronics,2026-08-19 11:02:35,1,Sony Smart Fitness Watch
SRCH_002949,CUST_02091,gaming,Gaming,2026-03-23 08:19:35,1,Logitech G Wireless Haptic Feedback Gaming Controller - Charcoal
SRCH_002950,CUST_01127,cookware,Kitchen,2026-07-11 16:00:35,1,Prestige Hard Anodized Non-Stick Cookware Set - Olive Green
SRCH_002951,CUST_00242,technology,Books,2026-04-12 01:48:35,1,Bloomsbury Python Machine Learning & AI Mastery
SRCH_002952,CUST_02927,technology,Books,2026-05-28 17:34:35,1,Random House Designing Data-Intensive Applications - Midnight Black
SRCH_002953,CUST_02689,business & finance,Books,2026-03-15 06:34:35,1,O'Reilly Deep Work: Focused Success in a Distracted World - Charcoal
SRCH_002954,CUST_02200,fashion,Fashion,2026-04-07 12:10:35,1,FabIndia Floral Print Maxi Summer Dress - Midnight Black
SRCH_002955,CUST_00932,grocery,Grocery,2026-05-26 14:23:35,1,Organic India Organic Green Tea Herbal Infusion 100 Bags - Pearl White
SRCH_002956,CUST_01959,cooking essentials,Grocery,2026-04-06 20:45:35,1,Nestle Organic Green Tea Herbal Infusion 100 Bags - Pearl White
SRCH_002957,CUST_02387,television,Electronics,2026-06-24 20:16:35,1,Bose Digital Mirrorless Camera - Navy Blue
SRCH_002958,CUST_01238,television,Electronics,2026-07-18 05:58:35,1,Samsung 4K Ultra HD Smart TV 55-inch - Rose Gold
SRCH_002959,CUST_01713,decor,Home,2026-07-01 11:15:35,1,Solimo Handwoven Boho Area Rug - Midnight Black
SRCH_002960,CUST_01213,footwear,Footwear,2026-06-23 18:06:35,1,Reebok Waterproof Outdoor Hiking Boots - Rose Gold
SRCH_002961,CUST_01085,mobiles,Mobiles,2026-07-04 18:43:35,1,Realme Sleek Curve Screen 5G Phone - Rose Gold
SRCH_002962,CUST_02975,home,Home,2026-08-17 16:17:35,1,Solimo Handwoven Boho Area Rug - Midnight Black
SRCH_002963,CUST_00392,men's clothing,Fashion,2026-06-21 23:22:35,1,Raymond Floral Print Maxi Summer Dress
SRCH_002964,CUST_00495,electronics,Electronics,2026-06-12 17:01:35,1,JBL Smart Fitness Watch
SRCH_002965,CUST_00349,shaving & grooming,Personal Care,2026-07-25 16:36:35,1,Gillette Cordless Rechargeable Beard Trimmer
SRCH_002966,CUST_02835,books,Books,2026-05-23 09:37:35,1,HarperCollins Python Machine Learning & AI Mastery
SRCH_002967,CUST_02208,makeup,Beauty,2026-05-27 15:12:35,1,Maybelline Matte Velvet Long-Stay Lipstick - Silver
SRCH_002968,CUST_02374,gaming,Gaming,2026-09-05 17:14:35,1,Xbox Wireless Haptic Feedback Gaming Controller
SRCH_002969,CUST_02181,bags & backpacks,Accessories,2026-08-11 20:47:35,1,Portronics Water-Resistant Laptop Backpack 15.6-inch
SRCH_002970,CUST_00348,footwear,Footwear,2026-05-27 09:01:35,1,Adidas Genuine Leather Oxford Shoes
SRCH_002971,CUST_02478,mobiles,Mobiles,2026-05-30 04:41:35,1,Motorola NextGen Smartphone Pro Max
SRCH_002972,CUST_01002,accessories,Gaming,2026-06-07 07:04:35,1,Logitech G Ultra-Lightweight 8KHz Optical Gaming Mouse - Olive Green
SRCH_002973,CUST_02004,beauty,Beauty,2026-03-16 00:51:35,1,The Ordinary Matte Velvet Long-Stay Lipstick - Charcoal
SRCH_002974,CUST_00167,mid-range,Mobiles,2026-07-28 13:03:35,1,Xiaomi Smooth Display Mid-Range 5G - Space Gray
SRCH_002975,CUST_00093,storage & containers,Kitchen,2026-03-24 11:04:35,1,Milton Stainless Steel Chef Knife Set - Charcoal
SRCH_002976,CUST_00502,living room,Furniture,2026-07-17 01:09:35,1,Wakefit Modern Engineered Wood Computer Desk - Silver
SRCH_002977,CUST_01765,accessories,Gaming,2026-05-06 16:04:35,1,PlayStation Next-Gen Home Gaming Console 1TB - Charcoal
SRCH_002978,CUST_00442,small appliances,Kitchen,2026-05-02 05:27:35,1,Milton Airtight Glass Food Storage Jars
SRCH_002979,CUST_01514,accessories,Accessories,2026-06-22 08:14:35,1,American Tourister Ergonomic Silent Wireless Mouse
SRCH_002980,CUST_00710,footwear,Footwear,2026-04-04 04:38:35,1,Bata Genuine Leather Oxford Shoes - Navy Blue
SRCH_002981,CUST_02780,fashion,Fashion,2026-07-17 11:37:35,1,Zara Denim Trucker Jacket - Space Gray
SRCH_002982,CUST_02954,furniture,Furniture,2026-07-07 13:57:35,1,IKEA Modern Engineered Wood Computer Desk - Rose Gold
SRCH_002983,CUST_00685,beauty,Beauty,2026-08-08 00:33:35,1,Maybelline Hydrating Hyaluronic Acid Serum
SRCH_002984,CUST_01612,gaming laptops,Laptops,2026-05-30 06:53:35,1,HP Creator Studio Laptop 4K OLED - Pearl White
SRCH_002985,CUST_01471,home,Home,2026-05-02 07:05:35,1,Spaces Collapsible Fabric Storage Organizers
SRCH_002986,CUST_01699,business & finance,Books,2026-08-30 02:33:35,1,Random House Designing Data-Intensive Applications - Olive Green
SRCH_002987,CUST_01976,office,Furniture,2026-07-30 05:43:35,1,Sleepyhead Minimalist Nesting Coffee Tables - Space Gray
SRCH_002988,CUST_02183,fitness equipment,Sports,2026-08-26 12:51:35,1,Nivia Carbon Fiber Badminton Racket - Midnight Black
SRCH_002989,CUST_00978,office,Furniture,2026-08-29 17:01:35,1,Sleepyhead Ergonomic Mesh High-Back Office Chair
SRCH_002990,CUST_01064,small appliances,Kitchen,2026-07-30 07:04:35,1,Wonderchef Heavy-Duty 750W Mixer Grinder - Pearl White
SRCH_002991,CUST_02235,personal care,Personal Care,2026-08-30 12:34:35,1,Gillette Sonic Electric Toothbrush with Timer
SRCH_002992,CUST_00970,running shoes,Footwear,2026-08-27 10:48:35,1,Puma Cushioned Running Shoes - Olive Green
SRCH_002993,CUST_00167,fitness equipment,Sports,2026-04-16 17:17:35,1,Nivia Anti-Burst Gym Exercise Ball with Pump
SRCH_002994,CUST_02390,care,Personal Care,2026-04-16 20:24:35,1,Dove Deep Cleansing Charcoal Body Wash 500ml
SRCH_002995,CUST_00813,storage & containers,Kitchen,2026-06-28 03:10:35,1,Prestige Airtight Glass Food Storage Jars - Crimson Red
SRCH_002996,CUST_02063,gaming,Gaming,2026-08-15 06:35:35,1,Corsair RGB Mechanical Gaming Keyboard - Rose Gold
SRCH_002997,CUST_01621,electronics,Electronics,2026-03-21 20:25:35,1,Sennheiser Wireless Bluetooth Headphones
SRCH_002998,CUST_00248,bedding,Home,2026-03-25 19:33:35,1,Home Centre 100% Cotton 300TC Double Bed Sheet
SRCH_002999,CUST_01423,beauty,Beauty,2026-05-27 01:57:35,1,Maybelline Luxury Eau De Parfum 100ml
SRCH_003000,CUST_02051,electronics,Electronics,2026-06-17 15:21:35,1,JBL Smart Fitness Watch - Olive Green
SRCH_003001,CUST_01582,gaming,Gaming,2026-04-06 02:58:35,1,Razer Next-Gen Home Gaming Console 1TB
SRCH_003002,CUST_02038,cooking essentials,Grocery,2026-07-29 11:13:35,1,Saffola Organic Raw Honey 500g - Crimson Red
SRCH_003003,CUST_02965,beauty,Beauty,2026-08-02 08:39:35,1,L'Oreal Matte Liquid Longwear Foundation - Rose Gold
SRCH_003004,CUST_02696,beverages,Grocery,2026-09-01 17:33:35,1,Organic India Artisan Dark Roasted Arabica Coffee Beans 250g
SRCH_003005,CUST_01597,beverages,Grocery,2026-05-07 10:23:35,1,Saffola Organic Green Tea Herbal Infusion 100 Bags - Charcoal
SRCH_003006,CUST_02732,business & finance,Books,2026-08-23 23:03:35,1,Random House The Psychology of Money - Rose Gold
SRCH_003007,CUST_01067,wearables,Electronics,2026-08-09 02:47:35,1,LG 4K Ultra HD Smart TV 55-inch - Olive Green
SRCH_003008,CUST_00200,smart devices,Electronics,2026-04-29 04:05:35,1,Samsung Smart Wi-Fi Security Camera
SRCH_003009,CUST_02294,small appliances,Kitchen,2026-04-28 13:26:35,1,Pigeon Heavy-Duty 750W Mixer Grinder - Charcoal
SRCH_003010,CUST_02067,accessories,Gaming,2026-06-18 14:01:35,1,Xbox Surround Sound Gaming Headset with Mic - Olive Green
SRCH_003011,CUST_01416,bags & backpacks,Accessories,2026-03-15 00:46:35,1,Spigen Magnetic Qi Fast Wireless Charger Stand - Pearl White
SRCH_003012,CUST_00787,sports,Sports,2026-04-29 13:05:35,1,Decathlon Quick Dry Athletic Training Shorts
SRCH_003013,CUST_01351,gaming laptops,Laptops,2026-04-03 04:27:35,1,Lenovo Pro Gaming Laptop RTX 4070 - Midnight Black
SRCH_003014,CUST_00056,gaming,Gaming,2026-04-27 19:32:35,1,Razer Ultra-Lightweight 8KHz Optical Gaming Mouse
SRCH_003015,CUST_01463,furniture,Furniture,2026-03-21 23:40:35,1,Urban Ladder Minimalist Nesting Coffee Tables
SRCH_003016,CUST_02309,cookware,Kitchen,2026-06-07 04:50:35,1,Pigeon Airtight Glass Food Storage Jars
SRCH_003017,CUST_01858,footwear,Footwear,2026-05-27 23:37:35,1,Adidas Waterproof Outdoor Hiking Boots - Rose Gold
SRCH_003018,CUST_01761,sports,Sports,2026-03-22 00:56:35,1,Nivia Anti-Burst Gym Exercise Ball with Pump
SRCH_003019,CUST_01319,bags & backpacks,Accessories,2026-04-25 12:38:35,1,Logitech Ergonomic Silent Wireless Mouse
SRCH_003020,CUST_01573,beauty,Beauty,2026-04-28 07:47:35,1,Minimalist Hydrating Hyaluronic Acid Serum
SRCH_003021,CUST_01247,books,Books,2026-05-15 02:23:35,1,HarperCollins Python Machine Learning & AI Mastery
SRCH_003022,CUST_00768,smart devices,Electronics,2026-06-15 07:09:35,1,Samsung Compact Bluetooth Speaker - Rose Gold
SRCH_003023,CUST_00442,cookware,Kitchen,2026-04-24 12:17:35,1,Hawkins Stainless Steel Chef Knife Set - Space Gray
SRCH_003024,CUST_00482,running shoes,Footwear,2026-09-07 15:11:35,1,Bata Cushioned Running Shoes
SRCH_003025,CUST_00085,outdoor sports,Sports,2026-05-13 05:00:35,1,Boldfit Anti-Burst Gym Exercise Ball with Pump - Crimson Red
SRCH_003026,CUST_00926,mobiles,Mobiles,2026-07-14 19:12:35,1,Google Sleek Curve Screen 5G Phone - Pearl White
SRCH_003027,CUST_00384,technology,Books,2026-06-26 19:08:35,1,Penguin The Psychology of Money - Pearl White
SRCH_003028,CUST_02505,electronics,Electronics,2026-08-11 00:03:35,1,Bose Noise Cancelling Wireless Earbuds
SRCH_003029,CUST_01048,kitchen,Kitchen,2026-06-23 03:41:35,1,Pigeon Airtight Glass Food Storage Jars - Crimson Red
SRCH_003030,CUST_01217,accessories,Accessories,2026-06-28 14:30:35,1,Portronics Water-Resistant Laptop Backpack 15.6-inch
SRCH_003031,CUST_00797,electronics,Electronics,2026-07-01 01:11:35,1,Samsung 4K Ultra HD Smart TV 55-inch - Rose Gold
SRCH_003032,CUST_02766,electronics,Electronics,2026-03-22 07:58:35,1,Samsung Noise Cancelling Wireless Earbuds - Pearl White
SRCH_003033,CUST_01061,winterwear,Fashion,2026-03-14 06:46:35,1,Raymond Denim Trucker Jacket
SRCH_003034,CUST_01512,mobile accessories,Accessories,2026-06-26 08:06:35,1,American Tourister Ergonomic Silent Wireless Mouse
SRCH_003035,CUST_01942,ultrabooks,Laptops,2026-04-28 17:02:35,1,Lenovo Pro Gaming Laptop RTX 4070 - Midnight Black
SRCH_003036,CUST_02532,decor,Home,2026-04-13 20:28:35,1,D'Decor Velvet Touch Blackout Window Curtains - Crimson Red
SRCH_003037,CUST_01741,business & finance,Books,2026-07-05 19:22:35,1,Penguin Designing Data-Intensive Applications - Midnight Black
SRCH_003038,CUST_02235,running shoes,Footwear,2026-09-03 20:32:35,1,Adidas Genuine Leather Oxford Shoes
SRCH_003039,CUST_00376,storage & containers,Kitchen,2026-05-05 13:56:35,1,Prestige Hard Anodized Non-Stick Cookware Set - Classic Beige
SRCH_003040,CUST_01877,skincare,Beauty,2026-07-07 20:43:35,1,L'Oreal Matte Velvet Long-Stay Lipstick - Pearl White
SRCH_003041,CUST_02320,sports,Sports,2026-07-04 16:40:35,1,Decathlon Quick Dry Athletic Training Shorts
SRCH_003042,CUST_01759,bedding,Home,2026-06-30 15:56:35,1,IKEA 100% Cotton 300TC Double Bed Sheet
SRCH_003043,CUST_01096,skincare,Beauty,2026-03-27 22:30:35,1,L'Oreal Matte Liquid Longwear Foundation - Charcoal
SRCH_003044,CUST_00208,fashion,Fashion,2026-04-09 08:23:35,1,Adidas Denim Trucker Jacket - Midnight Black
SRCH_003045,CUST_01131,outdoor sports,Sports,2026-07-21 18:50:35,1,Boldfit Extra Thick Non-Slip Eco Yoga Mat - Space Gray
SRCH_003046,CUST_00112,gaming,Gaming,2026-07-27 15:06:35,1,Logitech G Next-Gen Home Gaming Console 1TB - Silver
SRCH_003047,CUST_01840,kitchen,Kitchen,2026-04-18 14:01:35,1,Wonderchef Electric Rapid Air Fryer 4.5L
SRCH_003048,CUST_02767,ultrabooks,Laptops,2026-05-08 14:10:35,1,Apple Creator Studio Laptop 4K OLED - Midnight Black
SRCH_003049,CUST_01854,accessories,Gaming,2026-04-01 01:52:35,1,PlayStation Wireless Haptic Feedback Gaming Controller - Space Gray
SRCH_003050,CUST_00966,shaving & grooming,Personal Care,2026-07-20 07:08:35,1,Colgate Gentle Sulfate-Free Moisturizing Body Lotion - Midnight Black
SRCH_003051,CUST_00408,shaving & grooming,Personal Care,2026-03-16 07:02:35,1,Colgate Deep Cleansing Charcoal Body Wash 500ml - Charcoal
SRCH_003052,CUST_02025,fitness equipment,Sports,2026-04-18 08:33:35,1,Boldfit Extra Thick Non-Slip Eco Yoga Mat - Space Gray
SRCH_003053,CUST_00337,home,Home,2026-06-10 02:15:35,1,D'Decor Velvet Touch Blackout Window Curtains - Crimson Red
SRCH_003054,CUST_00461,sports,Sports,2026-03-23 04:45:35,1,Nivia Carbon Fiber Badminton Racket - Midnight Black
SRCH_003055,CUST_02207,fashion,Fashion,2026-04-07 03:29:35,1,Adidas Denim Trucker Jacket
SRCH_003056,CUST_02521,smart devices,Electronics,2026-05-04 08:49:35,1,JBL Smart Fitness Watch
SRCH_003057,CUST_02624,office,Furniture,2026-04-22 17:24:35,1,Sleepyhead Orthopedic Memory Foam Mattress 6-inch - Olive Green
SRCH_003058,CUST_02863,books,Books,2026-07-23 14:43:35,1,Random House Designing Data-Intensive Applications - Olive Green
SRCH_003059,CUST_02390,cookware,Kitchen,2026-04-20 12:43:35,1,Prestige Hard Anodized Non-Stick Cookware Set - Silver
SRCH_003060,CUST_01290,cookware,Kitchen,2026-06-03 03:45:35,1,Milton Heavy-Duty 750W Mixer Grinder
SRCH_003061,CUST_02345,small appliances,Kitchen,2026-08-09 06:04:35,1,Wonderchef Electric Rapid Air Fryer 4.5L
SRCH_003062,CUST_00656,audio,Electronics,2026-04-15 08:23:35,1,Samsung Noise Cancelling Wireless Earbuds - Silver
SRCH_003063,CUST_00588,men's clothing,Fashion,2026-05-19 02:00:35,1,H&M Denim Trucker Jacket - Midnight Black
SRCH_003064,CUST_00368,grocery,Grocery,2026-05-19 21:36:35,1,Saffola Organic Green Tea Herbal Infusion 100 Bags - Midnight Black
SRCH_003065,CUST_00586,mid-range,Mobiles,2026-07-11 19:51:35,1,OnePlus NextGen Smartphone Pro Max - Rose Gold
SRCH_003066,CUST_01853,ultrabooks,Laptops,2026-03-21 14:52:35,1,Apple Creator Studio Laptop 4K OLED
SRCH_003067,CUST_00799,lighting,Home,2026-08-07 21:52:35,1,Spaces 100% Cotton 300TC Double Bed Sheet - Rose Gold
SRCH_003068,CUST_01701,running shoes,Footwear,2026-04-04 14:57:35,1,Reebok Genuine Leather Oxford Shoes - Pearl White
SRCH_003069,CUST_02172,home,Home,2026-03-21 06:59:35,1,Spaces Velvet Touch Blackout Window Curtains - Rose Gold
SRCH_003070,CUST_02295,wearables,Electronics,2026-05-16 09:07:35,1,JBL Wireless Bluetooth Headphones
SRCH_003071,CUST_02415,men's clothing,Fashion,2026-05-04 02:24:35,1,FabIndia Floral Print Maxi Summer Dress
SRCH_003072,CUST_02979,technology,Books,2026-06-28 20:43:35,1,Penguin Atomic Habits: Build Good Habits - Crimson Red
SRCH_003073,CUST_00741,cooking essentials,Grocery,2026-05-25 14:32:35,1,Tata Roasted California Almonds 500g
SRCH_003074,CUST_02324,running shoes,Footwear,2026-07-20 02:10:35,1,Reebok Genuine Leather Oxford Shoes - Pearl White
SRCH_003075,CUST_00307,running shoes,Footwear,2026-08-11 12:12:35,1,Clarks Classic Low-Top Canvas Sneakers - Classic Beige
SRCH_003076,CUST_02033,kitchen,Kitchen,2026-03-21 12:46:35,1,Pigeon Stainless Steel Chef Knife Set - Midnight Black
SRCH_003077,CUST_01766,shaving & grooming,Personal Care,2026-05-07 17:08:35,1,Dettol Cordless Rechargeable Beard Trimmer - Charcoal
SRCH_003078,CUST_00670,audio,Electronics,2026-06-19 04:21:35,1,JBL Smart Fitness Watch
SRCH_003079,CUST_01945,home,Home,2026-07-07 06:06:35,1,Solimo Handwoven Boho Area Rug - Midnight Black
SRCH_003080,CUST_00954,grocery,Grocery,2026-08-11 15:52:35,1,Saffola Organic Green Tea Herbal Infusion 100 Bags - Charcoal
SRCH_003081,CUST_01197,beauty,Beauty,2026-05-19 04:34:35,1,Neutrogena Hydrating Hyaluronic Acid Serum - Rose Gold
SRCH_003082,CUST_00653,decor,Home,2026-03-18 15:30:35,1,Solimo Velvet Touch Blackout Window Curtains
SRCH_003083,CUST_01056,audio,Electronics,2026-07-26 17:12:35,1,Samsung Noise Cancelling Wireless Earbuds
SRCH_003084,CUST_01972,fashion,Fashion,2026-05-10 16:18:35,1,Adidas Floral Print Maxi Summer Dress - Midnight Black
SRCH_003085,CUST_02915,winterwear,Fashion,2026-05-23 15:01:35,1,Raymond Floral Print Maxi Summer Dress
SRCH_003086,CUST_00206,mid-range,Mobiles,2026-04-28 00:01:35,1,Motorola Sleek Curve Screen 5G Phone - Crimson Red
SRCH_003087,CUST_02675,mid-range,Mobiles,2026-08-26 00:38:35,1,Motorola Battery King Phone 6000mAh
SRCH_003088,CUST_02332,books,Books,2026-07-25 02:04:35,1,Random House Deep Work: Focused Success in a Distracted World - Navy Blue
SRCH_003089,CUST_00947,home,Home,2026-08-06 02:27:35,1,IKEA Handwoven Boho Area Rug - Rose Gold
SRCH_003090,CUST_00843,running shoes,Footwear,2026-08-09 07:15:35,1,Adidas Genuine Leather Oxford Shoes
SRCH_003091,CUST_00717,business & finance,Books,2026-08-26 01:48:35,1,Bloomsbury Atomic Habits: Build Good Habits - Crimson Red
SRCH_003092,CUST_01993,sports,Sports,2026-03-26 01:55:35,1,Yonex Anti-Burst Gym Exercise Ball with Pump - Space Gray
SRCH_003093,CUST_01706,mid-range,Mobiles,2026-06-29 16:01:35,1,Apple Sleek Curve Screen 5G Phone
SRCH_003094,CUST_01381,mobiles,Mobiles,2026-04-24 23:00:35,1,Xiaomi Pure Android Experience 5G - Charcoal
SRCH_003095,CUST_00957,running shoes,Footwear,2026-07-02 03:37:35,1,Adidas Comfort Walking Slip-On Shoes - Rose Gold
SRCH_003096,CUST_00512,books,Books,2026-07-31 00:19:35,1,HarperCollins Python Machine Learning & AI Mastery
SRCH_003097,CUST_00575,books,Books,2026-03-24 21:43:35,1,O'Reilly Atomic Habits: Build Good Habits - Rose Gold
SRCH_003098,CUST_01004,ultrabooks,Laptops,2026-07-21 16:02:35,1,Apple Creator Studio Laptop 4K OLED - Classic Beige
SRCH_003099,CUST_01487,student laptops,Laptops,2026-08-31 11:02:35,1,Acer Ultra-Slim Metal Ultrabook
SRCH_003100,CUST_02275,technology,Books,2026-03-18 10:59:35,1,Bloomsbury Python Machine Learning & AI Mastery
SRCH_003101,CUST_00445,makeup,Beauty,2026-04-28 16:04:35,1,L'Oreal Matte Liquid Longwear Foundation - Olive Green
SRCH_003102,CUST_00573,ultrabooks,Laptops,2026-05-21 23:33:35,1,HP Student Essential Laptop - Classic Beige
SRCH_003103,CUST_02034,books,Books,2026-06-20 04:15:35,1,HarperCollins Python Machine Learning & AI Mastery
SRCH_003104,CUST_00121,shaving & grooming,Personal Care,2026-07-21 04:08:35,1,Dove Deep Cleansing Charcoal Body Wash 500ml
SRCH_003105,CUST_00177,gaming,Gaming,2026-05-12 13:05:35,1,Logitech G RGB Mechanical Gaming Keyboard - Navy Blue
SRCH_003106,CUST_01719,bags & backpacks,Accessories,2026-07-11 22:08:35,1,Anker Multi-Port 7-in-1 USB-C Hub Adapter - Olive Green
SRCH_003107,CUST_02866,accessories,Gaming,2026-08-27 15:35:35,1,PlayStation Next-Gen Home Gaming Console 1TB - Charcoal
SRCH_003108,CUST_01239,skincare,Beauty,2026-04-19 17:10:35,1,L'Oreal Matte Liquid Longwear Foundation - Charcoal
SRCH_003109,CUST_00099,yoga,Sports,2026-04-11 11:22:35,1,Puma Extra Thick Non-Slip Eco Yoga Mat
SRCH_003110,CUST_02415,men's clothing,Fashion,2026-05-11 00:59:35,1,Puma Denim Trucker Jacket - Silver
SRCH_003111,CUST_02596,storage & containers,Kitchen,2026-04-22 15:15:35,1,Milton Heavy-Duty 750W Mixer Grinder
SRCH_003112,CUST_02301,television,Electronics,2026-06-24 08:55:35,1,LG Action Camera 4K Waterproof
SRCH_003113,CUST_00408,personal care,Personal Care,2026-05-26 19:53:35,1,Dove Gentle Sulfate-Free Moisturizing Body Lotion - Space Gray
SRCH_003114,CUST_01548,technology,Books,2026-04-22 13:28:35,1,HarperCollins Python Machine Learning & AI Mastery
SRCH_003115,CUST_00351,footwear,Footwear,2026-04-13 08:46:35,1,Puma Cushioned Running Shoes - Charcoal
SRCH_003116,CUST_00691,sneakers,Footwear,2026-07-06 08:47:35,1,Adidas Genuine Leather Oxford Shoes
SRCH_003117,CUST_01157,sports,Sports,2026-06-22 09:15:35,1,Cosco Carbon Fiber Badminton Racket - Navy Blue
SRCH_003118,CUST_02205,sneakers,Footwear,2026-08-11 01:07:35,1,Puma Cushioned Running Shoes - Charcoal
SRCH_003119,CUST_01478,laptops,Laptops,2026-04-15 16:10:35,1,Dell Ultra-Slim Metal Ultrabook - Charcoal
SRCH_003120,CUST_02565,kitchen,Kitchen,2026-07-04 05:45:35,1,Philips Heavy-Duty 750W Mixer Grinder - Space Gray
SRCH_003121,CUST_00298,office,Furniture,2026-08-09 03:33:35,1,Godrej Interio Orthopedic Memory Foam Mattress 6-inch
SRCH_003122,CUST_00579,men's clothing,Fashion,2026-05-18 08:22:35,1,Raymond Denim Trucker Jacket
SRCH_003123,CUST_01085,budget,Mobiles,2026-06-04 17:12:35,1,Xiaomi Smartphone Ultra 5G
SRCH_003124,CUST_01805,snacks,Grocery,2026-08-21 09:20:35,1,Organic India Organic Green Tea Herbal Infusion 100 Bags - Pearl White
SRCH_003125,CUST_00532,bedding,Home,2026-06-08 07:20:35,1,Philips Velvet Touch Blackout Window Curtains - Space Gray
SRCH_003126,CUST_02508,gaming,Gaming,2026-07-22 04:20:35,1,Logitech G Surround Sound Gaming Headset with Mic - Midnight Black
SRCH_003127,CUST_00913,small appliances,Kitchen,2026-08-29 20:52:35,1,Philips Electric Rapid Air Fryer 4.5L - Midnight Black
SRCH_003128,CUST_02819,cookware,Kitchen,2026-04-23 01:25:35,1,Wonderchef Hard Anodized Non-Stick Cookware Set - Olive Green
SRCH_003129,CUST_01928,men's clothing,Fashion,2026-06-15 12:17:35,1,Zara Floral Print Maxi Summer Dress - Crimson Red
SRCH_003130,CUST_01883,accessories,Gaming,2026-08-05 02:42:35,1,SteelSeries Surround Sound Gaming Headset with Mic - Classic Beige
SRCH_003131,CUST_00040,care,Personal Care,2026-07-31 07:39:35,1,Colgate Cordless Rechargeable Beard Trimmer - Space Gray
SRCH_003132,CUST_02677,business & finance,Books,2026-06-10 11:17:35,1,O'Reilly Deep Work: Focused Success in a Distracted World - Space Gray
SRCH_003133,CUST_01887,controllers,Gaming,2026-08-05 08:43:35,1,Xbox Surround Sound Gaming Headset with Mic
SRCH_003134,CUST_02219,mobile accessories,Accessories,2026-06-16 17:10:35,1,Anker Shockproof Clear Phone Case - Crimson Red
SRCH_003135,CUST_01867,business & finance,Books,2026-06-29 13:55:35,1,Penguin The Psychology of Money - Pearl White
SRCH_003136,CUST_01141,winterwear,Fashion,2026-04-05 01:36:35,1,Nike Classic Denim Slim Jeans - Pearl White
SRCH_003137,CUST_01289,gaming laptops,Laptops,2026-06-05 02:57:35,1,HP Pro Gaming Laptop RTX 4070
SRCH_003138,CUST_02057,home,Home,2026-08-17 22:08:35,1,IKEA 100% Cotton 300TC Double Bed Sheet
SRCH_003139,CUST_01049,shaving & grooming,Personal Care,2026-05-28 02:42:35,1,Gillette Cordless Rechargeable Beard Trimmer
SRCH_003140,CUST_01152,kitchen,Kitchen,2026-05-27 05:22:35,1,Milton Stainless Steel Chef Knife Set - Charcoal
SRCH_003141,CUST_02095,snacks,Grocery,2026-08-11 01:35:35,1,Nestle Organic Raw Honey 500g - Space Gray
SRCH_003142,CUST_01641,running shoes,Footwear,2026-07-27 10:35:35,1,Puma Cushioned Running Shoes - Olive Green
SRCH_003143,CUST_02382,shaving & grooming,Personal Care,2026-06-20 21:59:35,1,Dettol Cordless Rechargeable Beard Trimmer - Charcoal
SRCH_003144,CUST_02608,technology,Books,2026-03-21 06:19:35,1,Penguin Atomic Habits: Build Good Habits
SRCH_003145,CUST_02934,makeup,Beauty,2026-06-16 03:47:35,1,Neutrogena Vitamin C Brightening Facial Cleanser - Silver
SRCH_003146,CUST_02137,bedding,Home,2026-04-27 14:32:35,1,IKEA Handwoven Boho Area Rug - Classic Beige
SRCH_003147,CUST_02359,shaving & grooming,Personal Care,2026-09-06 18:37:35,1,Gillette Cordless Rechargeable Beard Trimmer - Olive Green
SRCH_003148,CUST_02251,gaming,Gaming,2026-07-14 21:38:35,1,Logitech G Wireless Haptic Feedback Gaming Controller
SRCH_003149,CUST_01662,mid-range,Mobiles,2026-05-23 16:15:35,1,Motorola Sleek Curve Screen 5G Phone - Charcoal
SRCH_003150,CUST_02384,footwear,Footwear,2026-08-11 04:14:35,1,Bata Genuine Leather Oxford Shoes - Navy Blue
SRCH_003151,CUST_01725,mobiles,Mobiles,2026-05-31 17:41:35,1,Realme Battery King Phone 6000mAh - Crimson Red
SRCH_003152,CUST_00364,office,Furniture,2026-04-06 14:38:35,1,Urban Ladder Ergonomic Mesh High-Back Office Chair
SRCH_003153,CUST_00900,cooking essentials,Grocery,2026-07-20 17:44:35,1,Tata Artisan Dark Roasted Arabica Coffee Beans 250g
SRCH_003154,CUST_00322,bedding,Home,2026-03-25 11:21:35,1,IKEA Velvet Touch Blackout Window Curtains - Midnight Black
SRCH_003155,CUST_02755,bags & backpacks,Accessories,2026-06-13 04:15:35,1,Spigen 9H Tempered Glass Screen Protector (2-Pack)
SRCH_003156,CUST_01391,sneakers,Footwear,2026-08-10 09:48:35,1,Puma Comfort Walking Slip-On Shoes
SRCH_003157,CUST_00571,decor,Home,2026-06-24 01:17:35,1,Solimo 100% Cotton 300TC Double Bed Sheet
SRCH_003158,CUST_02791,furniture,Furniture,2026-05-05 04:05:35,1,Sleepyhead Minimalist Nesting Coffee Tables
SRCH_003159,CUST_00523,winterwear,Fashion,2026-05-02 18:24:35,1,Levis Casual Stretch Chino Trousers
SRCH_003160,CUST_00873,technology,Books,2026-05-31 02:06:35,1,Bloomsbury Atomic Habits: Build Good Habits - Crimson Red
SRCH_003161,CUST_02643,accessories,Gaming,2026-07-05 05:57:35,1,SteelSeries Wireless Haptic Feedback Gaming Controller - Midnight Black
SRCH_003162,CUST_00996,footwear,Footwear,2026-07-08 23:06:35,1,Bata Waterproof Outdoor Hiking Boots - Pearl White
SRCH_003163,CUST_02011,fashion,Fashion,2026-03-16 20:46:35,1,FabIndia Denim Trucker Jacket
SRCH_003164,CUST_00889,bedding,Home,2026-07-10 14:30:35,1,Home Centre Handwoven Boho Area Rug
SRCH_003165,CUST_02969,running shoes,Footwear,2026-08-11 15:51:35,1,Adidas Cushioned Running Shoes - Silver
SRCH_003166,CUST_00715,electronics,Electronics,2026-05-10 17:52:35,1,Sony Noise Cancelling Wireless Earbuds - Rose Gold
SRCH_003167,CUST_00381,gaming,Gaming,2026-04-03 16:26:35,1,Logitech G Surround Sound Gaming Headset with Mic
SRCH_003168,CUST_00738,personal,Personal Care,2026-07-16 21:39:35,1,Gillette Gentle Sulfate-Free Moisturizing Body Lotion
SRCH_003169,CUST_01065,business & finance,Books,2026-04-03 13:38:35,1,HarperCollins Atomic Habits: Build Good Habits - Charcoal
SRCH_003170,CUST_02476,electronics,Electronics,2026-04-20 22:00:35,1,Samsung 4K Ultra HD Smart TV 55-inch - Rose Gold
SRCH_003171,CUST_01361,technology,Books,2026-05-13 12:31:35,1,Bloomsbury Atomic Habits: Build Good Habits - Crimson Red
SRCH_003172,CUST_01630,electronics,Electronics,2026-08-13 22:35:35,1,JBL Smart Fitness Watch
SRCH_003173,CUST_02427,small appliances,Kitchen,2026-05-29 17:37:35,1,Philips Airtight Glass Food Storage Jars
SRCH_003174,CUST_02891,smart devices,Electronics,2026-06-19 21:42:35,1,JBL Noise Cancelling Wireless Earbuds - Space Gray
SRCH_003175,CUST_01908,gaming laptops,Laptops,2026-04-30 20:08:35,1,Apple Business Productivity Notebook
SRCH_003176,CUST_00226,kitchen,Kitchen,2026-04-17 19:58:35,1,Hawkins Stainless Steel Chef Knife Set - Space Gray
SRCH_003177,CUST_02088,lighting,Home,2026-08-31 19:38:35,1,Philips Smart LED Color Ambient Bulb
SRCH_003178,CUST_02891,accessories,Gaming,2026-05-15 14:37:35,1,Logitech G Ultra-Lightweight 8KHz Optical Gaming Mouse - Pearl White
SRCH_003179,CUST_00330,laptops,Laptops,2026-03-18 11:32:35,1,Acer Ultra-Slim Metal Ultrabook - Space Gray
SRCH_003180,CUST_02781,books,Books,2026-03-21 01:44:35,1,O'Reilly The Psychology of Money - Charcoal
SRCH_003181,CUST_01709,ultrabooks,Laptops,2026-05-17 20:36:35,1,HP Business Productivity Notebook
SRCH_003182,CUST_01222,mid-range,Mobiles,2026-07-02 21:24:35,1,Apple Sleek Curve Screen 5G Phone
SRCH_003183,CUST_01082,small appliances,Kitchen,2026-08-21 03:57:35,1,Pigeon Heavy-Duty 750W Mixer Grinder
SRCH_003184,CUST_00489,student laptops,Laptops,2026-07-23 01:42:35,1,Apple Ultra-Slim Metal Ultrabook
SRCH_003185,CUST_02861,fitness equipment,Sports,2026-07-17 23:53:35,1,Yonex Carbon Fiber Badminton Racket - Space Gray
SRCH_003186,CUST_01347,beauty,Beauty,2026-08-12 00:24:35,1,L'Oreal Luxury Eau De Parfum 100ml
SRCH_003187,CUST_00333,gaming,Gaming,2026-05-31 23:41:35,1,Xbox Next-Gen Home Gaming Console 1TB - Silver
SRCH_003188,CUST_02036,kitchen,Kitchen,2026-08-06 13:28:35,1,Prestige Hard Anodized Non-Stick Cookware Set - Olive Green
SRCH_003189,CUST_02287,ultrabooks,Laptops,2026-06-03 08:48:35,1,Apple Creator Studio Laptop 4K OLED - Midnight Black
SRCH_003190,CUST_00735,ultrabooks,Laptops,2026-07-06 05:04:35,1,Acer Student Essential Laptop - Olive Green
SRCH_003191,CUST_02489,television,Electronics,2026-07-28 12:56:35,1,LG 4K Ultra HD Smart TV 55-inch - Olive Green
SRCH_003192,CUST_02635,accessories,Gaming,2026-07-12 14:07:35,1,Corsair Surround Sound Gaming Headset with Mic - Olive Green
SRCH_003193,CUST_02193,bags & backpacks,Accessories,2026-07-03 16:56:35,1,Portronics Water-Resistant Laptop Backpack 15.6-inch - Space Gray
SRCH_003194,CUST_00241,wearables,Electronics,2026-07-25 06:32:35,1,JBL Smart Fitness Watch
SRCH_003195,CUST_02049,small appliances,Kitchen,2026-07-20 03:17:35,1,Philips Hard Anodized Non-Stick Cookware Set
SRCH_003196,CUST_00247,electronics,Electronics,2026-03-26 00:01:35,1,Samsung Noise Cancelling Wireless Earbuds
SRCH_003197,CUST_01626,office,Furniture,2026-04-22 08:54:35,1,Sleepyhead Ergonomic Mesh High-Back Office Chair - Classic Beige
SRCH_003198,CUST_00665,running shoes,Footwear,2026-09-05 02:51:35,1,Skechers Cushioned Running Shoes
SRCH_003199,CUST_01122,furniture,Furniture,2026-04-15 20:17:35,1,Wakefit Ergonomic Mesh High-Back Office Chair - Midnight Black
SRCH_003200,CUST_00372,fragrances,Beauty,2026-04-04 05:21:35,1,Neutrogena Matte Velvet Long-Stay Lipstick
SRCH_003201,CUST_02258,footwear,Footwear,2026-03-16 06:20:35,1,Puma Cushioned Running Shoes - Crimson Red
SRCH_003202,CUST_01401,gaming,Gaming,2026-03-18 14:31:35,1,PlayStation Surround Sound Gaming Headset with Mic
SRCH_003203,CUST_02224,home,Home,2026-03-17 10:44:35,1,Solimo Smart LED Color Ambient Bulb - Olive Green
SRCH_003204,CUST_02708,wearables,Electronics,2026-06-27 22:32:35,1,JBL Smart Fitness Watch
SRCH_003205,CUST_02944,technology,Books,2026-03-21 07:43:35,1,O'Reilly Designing Data-Intensive Applications - Space Gray
SRCH_003206,CUST_01425,mid-range,Mobiles,2026-05-04 14:43:35,1,Motorola NextGen Smartphone Pro Max
SRCH_003207,CUST_01495,controllers,Gaming,2026-05-16 20:04:35,1,Logitech G Surround Sound Gaming Headset with Mic
SRCH_003208,CUST_02460,bath & body,Personal Care,2026-08-30 20:17:35,1,Oral-B Gentle Sulfate-Free Moisturizing Body Lotion - Rose Gold
SRCH_003209,CUST_01943,lighting,Home,2026-09-03 00:26:35,1,Home Centre 100% Cotton 300TC Double Bed Sheet
SRCH_003210,CUST_01450,technology,Books,2026-07-02 18:59:35,1,Bloomsbury Designing Data-Intensive Applications - Olive Green
SRCH_003211,CUST_01414,small appliances,Kitchen,2026-03-14 10:15:35,1,Hawkins Stainless Steel Chef Knife Set - Silver
SRCH_003212,CUST_02081,lighting,Home,2026-04-24 12:12:35,1,Home Centre 100% Cotton 300TC Double Bed Sheet
SRCH_003213,CUST_01074,footwear,Footwear,2026-04-02 04:43:35,1,Bata Waterproof Outdoor Hiking Boots - Pearl White
SRCH_003214,CUST_02061,office,Furniture,2026-08-27 05:26:35,1,Urban Ladder Ergonomic Mesh High-Back Office Chair
SRCH_003215,CUST_00425,running shoes,Footwear,2026-04-05 22:57:35,1,Reebok Genuine Leather Oxford Shoes
SRCH_003216,CUST_01193,bedding,Home,2026-05-29 06:25:35,1,D'Decor Velvet Touch Blackout Window Curtains - Pearl White
SRCH_003217,CUST_02512,running shoes,Footwear,2026-03-22 08:39:35,1,Bata Waterproof Outdoor Hiking Boots - Pearl White
SRCH_003218,CUST_01656,winterwear,Fashion,2026-05-02 09:13:35,1,Raymond Denim Trucker Jacket
SRCH_003219,CUST_00595,fashion,Fashion,2026-09-01 20:56:35,1,Puma Cozy Fleece Pullover Hoodie - Classic Beige
SRCH_003220,CUST_02607,home,Home,2026-06-02 12:57:35,1,Home Centre Collapsible Fabric Storage Organizers - Charcoal
SRCH_003221,CUST_01142,running shoes,Footwear,2026-07-11 03:55:35,1,Reebok Cushioned Running Shoes - Classic Beige
SRCH_003222,CUST_00923,home,Home,2026-04-27 12:07:35,1,IKEA Velvet Touch Blackout Window Curtains - Midnight Black
SRCH_003223,CUST_01089,accessories,Gaming,2026-03-15 13:23:35,1,SteelSeries Next-Gen Home Gaming Console 1TB - Classic Beige
SRCH_003224,CUST_01016,mobiles,Mobiles,2026-06-06 12:44:35,1,Samsung Smartphone Ultra 5G - Space Gray
SRCH_003225,CUST_02701,kitchen,Kitchen,2026-06-06 09:25:35,1,Milton Stainless Steel Chef Knife Set - Classic Beige
SRCH_003226,CUST_00627,student laptops,Laptops,2026-06-15 16:43:35,1,Lenovo Creator Studio Laptop 4K OLED
SRCH_003227,CUST_02357,running shoes,Footwear,2026-03-25 19:52:35,1,Clarks Classic Low-Top Canvas Sneakers
SRCH_003228,CUST_01695,books,Books,2026-06-14 20:13:35,1,Penguin Designing Data-Intensive Applications - Midnight Black
SRCH_003229,CUST_01991,ultrabooks,Laptops,2026-06-25 16:38:35,1,Lenovo Pro Gaming Laptop RTX 4070 - Pearl White
SRCH_003230,CUST_02195,bags & backpacks,Accessories,2026-05-31 22:59:35,1,Spigen Multi-Port 7-in-1 USB-C Hub Adapter
SRCH_003231,CUST_01328,care,Personal Care,2026-04-25 00:31:35,1,Colgate Deep Cleansing Charcoal Body Wash 500ml - Charcoal
SRCH_003232,CUST_02121,wearables,Electronics,2026-04-27 16:36:35,1,Sony 4K Ultra HD Smart TV 55-inch
SRCH_003233,CUST_00764,small appliances,Kitchen,2026-07-18 07:13:35,1,Prestige Hard Anodized Non-Stick Cookware Set - Classic Beige
SRCH_003234,CUST_01350,gaming laptops,Laptops,2026-08-02 06:32:35,1,Apple Creator Studio Laptop 4K OLED - Rose Gold
SRCH_003235,CUST_02404,sneakers,Footwear,2026-05-06 21:55:35,1,Nike Comfort Walking Slip-On Shoes
SRCH_003236,CUST_02654,furniture,Furniture,2026-06-10 09:58:35,1,Sleepyhead Ergonomic Mesh High-Back Office Chair - Silver
SRCH_003237,CUST_02084,fashion,Fashion,2026-05-14 00:01:35,1,Puma Casual Stretch Chino Trousers
SRCH_003238,CUST_02391,shaving & grooming,Personal Care,2026-04-22 04:10:35,1,Philips Sonic Electric Toothbrush with Timer
SRCH_003239,CUST_00121,shaving & grooming,Personal Care,2026-07-05 00:25:35,1,Oral-B Deep Cleansing Charcoal Body Wash 500ml
SRCH_003240,CUST_01695,business & finance,Books,2026-04-15 05:43:35,1,Penguin Atomic Habits: Build Good Habits - Crimson Red
SRCH_003241,CUST_00186,gaming,Gaming,2026-04-30 09:47:35,1,SteelSeries Next-Gen Home Gaming Console 1TB - Classic Beige
SRCH_003242,CUST_00582,running shoes,Footwear,2026-04-30 17:08:35,1,Nike Waterproof Outdoor Hiking Boots - Space Gray
SRCH_003243,CUST_02040,lighting,Home,2026-06-16 01:14:35,1,Spaces 100% Cotton 300TC Double Bed Sheet - Classic Beige
SRCH_003244,CUST_01147,yoga,Sports,2026-04-18 03:13:35,1,Puma Adjustable Hex Dumbbells Pair - Classic Beige
SRCH_003245,CUST_01945,lighting,Home,2026-04-17 03:36:35,1,Spaces Collapsible Fabric Storage Organizers
SRCH_003246,CUST_02524,cookware,Kitchen,2026-07-20 04:47:35,1,Philips Airtight Glass Food Storage Jars
SRCH_003247,CUST_02648,kitchen,Kitchen,2026-04-02 04:42:35,1,Prestige Airtight Glass Food Storage Jars
SRCH_003248,CUST_00818,beauty,Beauty,2026-03-12 11:22:35,1,L'Oreal Matte Liquid Longwear Foundation - Charcoal
SRCH_003249,CUST_00925,mobile accessories,Accessories,2026-07-28 14:48:35,1,Anker Water-Resistant Laptop Backpack 15.6-inch - Rose Gold
SRCH_003250,CUST_00724,grocery,Grocery,2026-09-01 06:58:35,1,Organic India Artisan Dark Roasted Arabica Coffee Beans 250g
SRCH_003251,CUST_01905,laptops,Laptops,2026-04-14 01:09:35,1,Apple Creator Studio Laptop 4K OLED - Midnight Black
SRCH_003252,CUST_00430,small appliances,Kitchen,2026-06-28 03:16:35,1,Philips Hard Anodized Non-Stick Cookware Set
SRCH_003253,CUST_00362,ultrabooks,Laptops,2026-07-24 06:25:35,1,Dell Ultra-Slim Metal Ultrabook - Charcoal
SRCH_003254,CUST_00019,personal care,Personal Care,2026-05-15 04:11:35,1,Dove Sonic Electric Toothbrush with Timer - Silver
SRCH_003255,CUST_02847,bath & body,Personal Care,2026-04-29 06:51:35,1,Oral-B Deep Cleansing Charcoal Body Wash 500ml
SRCH_003256,CUST_00648,living room,Furniture,2026-05-21 03:45:35,1,Sleepyhead Orthopedic Memory Foam Mattress 6-inch - Pearl White
SRCH_003257,CUST_01908,ultrabooks,Laptops,2026-03-12 19:10:35,1,Acer Ultra-Slim Metal Ultrabook
SRCH_003258,CUST_02009,mid-range,Mobiles,2026-08-11 21:29:35,1,Motorola Smooth Display Mid-Range 5G - Classic Beige
SRCH_003259,CUST_00282,winterwear,Fashion,2026-06-22 07:40:35,1,Nike Classic Denim Slim Jeans - Pearl White
SRCH_003260,CUST_00257,laptops,Laptops,2026-07-11 10:52:35,1,Apple Student Essential Laptop
SRCH_003261,CUST_02521,electronics,Electronics,2026-04-29 16:30:35,1,JBL Bass Soundbar with Subwoofer - Midnight Black
SRCH_003262,CUST_00521,ultrabooks,Laptops,2026-06-03 19:15:35,1,Acer Pro Gaming Laptop RTX 4070
SRCH_003263,CUST_00355,decor,Home,2026-05-30 11:26:35,1,D'Decor Velvet Touch Blackout Window Curtains
SRCH_003264,CUST_00367,accessories,Gaming,2026-06-18 00:55:35,1,SteelSeries Next-Gen Home Gaming Console 1TB - Midnight Black
SRCH_003265,CUST_01794,men's clothing,Fashion,2026-08-31 17:25:35,1,FabIndia Solid Crew Neck Cotton T-Shirt - Midnight Black
SRCH_003266,CUST_00387,fashion,Fashion,2026-06-11 06:27:35,1,Levis Floral Print Maxi Summer Dress - Olive Green
SRCH_003267,CUST_01837,laptops,Laptops,2026-04-17 18:56:35,1,Asus Business Productivity Notebook - Crimson Red
SRCH_003268,CUST_01882,men's clothing,Fashion,2026-08-02 16:59:35,1,H&M Tailored Formal Oxford Shirt
SRCH_003269,CUST_02532,lighting,Home,2026-07-18 15:07:35,1,Spaces 100% Cotton 300TC Double Bed Sheet - Space Gray
SRCH_003270,CUST_00880,cooking essentials,Grocery,2026-09-05 01:41:35,1,Saffola Organic Green Tea Herbal Infusion 100 Bags - Charcoal
SRCH_003271,CUST_02105,mobile accessories,Accessories,2026-09-02 10:25:35,1,Anker Multi-Port 7-in-1 USB-C Hub Adapter
SRCH_003272,CUST_00637,mid-range,Mobiles,2026-03-18 23:39:35,1,Google Sleek Curve Screen 5G Phone - Pearl White
SRCH_003273,CUST_00564,television,Electronics,2026-03-29 11:00:35,1,Sennheiser Wireless Bluetooth Headphones
SRCH_003274,CUST_02775,small appliances,Kitchen,2026-05-22 02:48:35,1,Wonderchef Electric Rapid Air Fryer 4.5L
SRCH_003275,CUST_02557,mid-range,Mobiles,2026-07-10 11:57:35,1,Realme Battery King Phone 6000mAh - Crimson Red
SRCH_003276,CUST_01383,gaming laptops,Laptops,2026-08-17 01:44:35,1,Apple Student Essential Laptop
SRCH_003277,CUST_02018,smart devices,Electronics,2026-08-01 10:59:35,1,LG 4K Ultra HD Smart TV 55-inch - Olive Green
SRCH_003278,CUST_02810,technology,Books,2026-06-10 13:38:35,1,O'Reilly Python Machine Learning & AI Mastery - Charcoal
SRCH_003279,CUST_01476,accessories,Gaming,2026-05-04 09:26:35,1,SteelSeries Wireless Haptic Feedback Gaming Controller - Rose Gold
SRCH_003280,CUST_00882,laptops,Laptops,2026-04-11 22:27:35,1,Lenovo Student Essential Laptop
SRCH_003281,CUST_02522,books,Books,2026-05-29 00:08:35,1,Bloomsbury Atomic Habits: Build Good Habits - Crimson Red
SRCH_003282,CUST_00677,bedding,Home,2026-04-24 03:11:35,1,Spaces Velvet Touch Blackout Window Curtains - Crimson Red
SRCH_003283,CUST_01346,fashion,Fashion,2026-05-14 18:22:35,1,Zara Denim Trucker Jacket
SRCH_003284,CUST_02673,gaming,Gaming,2026-03-29 22:34:35,1,Corsair Wireless Haptic Feedback Gaming Controller - Classic Beige
SRCH_003285,CUST_02138,books,Books,2026-07-28 10:45:35,1,Bloomsbury Designing Data-Intensive Applications - Olive Green
SRCH_003286,CUST_01893,mid-range,Mobiles,2026-07-27 18:12:35,1,Motorola Battery King Phone 6000mAh
SRCH_003287,CUST_01513,men's clothing,Fashion,2026-08-26 06:50:35,1,FabIndia Classic Denim Slim Jeans - Classic Beige
SRCH_003288,CUST_02220,small appliances,Kitchen,2026-06-17 22:36:35,1,Pigeon Stainless Steel Chef Knife Set - Midnight Black
SRCH_003289,CUST_00143,outdoor sports,Sports,2026-06-12 04:58:35,1,Boldfit Anti-Burst Gym Exercise Ball with Pump - Crimson Red
SRCH_003290,CUST_00150,sneakers,Footwear,2026-05-01 13:31:35,1,Bata Cushioned Running Shoes
SRCH_003291,CUST_01030,sports,Sports,2026-07-04 15:36:35,1,Nivia Extra Thick Non-Slip Eco Yoga Mat - Pearl White
SRCH_003292,CUST_02665,laptops,Laptops,2026-08-23 15:27:35,1,HP Student Essential Laptop - Classic Beige
SRCH_003293,CUST_02444,television,Electronics,2026-06-26 03:47:35,1,Boat Smart Fitness Watch
SRCH_003294,CUST_00503,shaving & grooming,Personal Care,2026-05-21 14:57:35,1,Colgate Deep Cleansing Charcoal Body Wash 500ml - Rose Gold
SRCH_003295,CUST_00086,furniture,Furniture,2026-06-20 01:00:35,1,Godrej Interio Orthopedic Memory Foam Mattress 6-inch
SRCH_003296,CUST_00011,budget,Mobiles,2026-07-13 02:11:35,1,Apple Pure Android Experience 5G
SRCH_003297,CUST_01143,budget,Mobiles,2026-04-11 08:15:35,1,Motorola Smooth Display Mid-Range 5G - Classic Beige
SRCH_003298,CUST_00410,gaming,Gaming,2026-05-22 13:32:35,1,PlayStation Wireless Haptic Feedback Gaming Controller - Olive Green
SRCH_003299,CUST_02800,small appliances,Kitchen,2026-05-17 22:18:35,1,Pigeon Electric Rapid Air Fryer 4.5L - Silver
SRCH_003300,CUST_00788,gaming laptops,Laptops,2026-03-16 12:57:35,1,Apple Student Essential Laptop
SRCH_003301,CUST_01649,bags & backpacks,Accessories,2026-06-13 19:12:35,1,Logitech Ergonomic Silent Wireless Mouse
SRCH_003302,CUST_02997,snacks,Grocery,2026-04-21 22:12:35,1,Nestle Roasted California Almonds 500g - Rose Gold
SRCH_003303,CUST_01527,shaving & grooming,Personal Care,2026-09-01 02:41:35,1,Colgate Cordless Rechargeable Beard Trimmer
SRCH_003304,CUST_00310,gaming,Gaming,2026-09-03 18:11:35,1,PlayStation Wireless Haptic Feedback Gaming Controller - Space Gray
SRCH_003305,CUST_00265,accessories,Gaming,2026-06-18 14:30:35,1,Corsair Next-Gen Home Gaming Console 1TB - Silver
SRCH_003306,CUST_02397,laptops,Laptops,2026-05-27 16:00:35,1,HP Student Essential Laptop - Space Gray
SRCH_003307,CUST_02519,winterwear,Fashion,2026-05-07 09:07:35,1,Nike Floral Print Maxi Summer Dress - Charcoal
SRCH_003308,CUST_01146,bedding,Home,2026-05-15 11:02:35,1,Philips 100% Cotton 300TC Double Bed Sheet - Rose Gold
SRCH_003309,CUST_01665,controllers,Gaming,2026-04-09 12:59:35,1,Logitech G RGB Mechanical Gaming Keyboard - Classic Beige
SRCH_003310,CUST_01921,lighting,Home,2026-08-07 03:33:35,1,Solimo 100% Cotton 300TC Double Bed Sheet
SRCH_003311,CUST_00352,small appliances,Kitchen,2026-05-27 23:16:35,1,Prestige Hard Anodized Non-Stick Cookware Set - Silver
SRCH_003312,CUST_00525,laptops,Laptops,2026-08-07 09:09:35,1,MSI Creator Studio Laptop 4K OLED - Midnight Black
SRCH_003313,CUST_01957,books,Books,2026-08-11 13:02:35,1,Bloomsbury The Psychology of Money
SRCH_003314,CUST_00059,shaving & grooming,Personal Care,2026-03-27 06:33:35,1,Philips Sonic Electric Toothbrush with Timer
SRCH_003315,CUST_02924,storage & containers,Kitchen,2026-08-24 11:52:35,1,Hawkins Hard Anodized Non-Stick Cookware Set - Pearl White
SRCH_003316,CUST_01224,fitness equipment,Sports,2026-07-13 16:15:35,1,Yonex Carbon Fiber Badminton Racket - Space Gray
SRCH_003317,CUST_02896,furniture,Furniture,2026-03-20 00:53:35,1,Urban Ladder Modern Engineered Wood Computer Desk - Olive Green
SRCH_003318,CUST_01927,skincare,Beauty,2026-09-01 14:50:35,1,Nivea Luxury Eau De Parfum 100ml - Space Gray
SRCH_003319,CUST_01810,mid-range,Mobiles,2026-07-30 11:14:35,1,Samsung Sleek Curve Screen 5G Phone - Charcoal
SRCH_003320,CUST_01416,running shoes,Footwear,2026-04-03 13:50:35,1,Puma Cushioned Running Shoes - Crimson Red
SRCH_003321,CUST_02261,fashion,Fashion,2026-06-25 05:02:35,1,FabIndia Denim Trucker Jacket
SRCH_003322,CUST_01363,laptops,Laptops,2026-08-29 20:04:35,1,Acer Student Essential Laptop - Olive Green
SRCH_003323,CUST_02048,sports,Sports,2026-05-17 09:32:35,1,Cosco Extra Thick Non-Slip Eco Yoga Mat
SRCH_003324,CUST_00662,television,Electronics,2026-06-17 06:10:35,1,LG Action Camera 4K Waterproof
SRCH_003325,CUST_02032,business & finance,Books,2026-05-02 00:56:35,1,Bloomsbury The Psychology of Money
SRCH_003326,CUST_01933,skincare,Beauty,2026-03-27 14:42:35,1,Neutrogena Hydrating Hyaluronic Acid Serum - Rose Gold
SRCH_003327,CUST_00992,winterwear,Fashion,2026-05-12 16:22:35,1,FabIndia Classic Denim Slim Jeans - Classic Beige
SRCH_003328,CUST_02744,accessories,Accessories,2026-06-10 22:04:35,1,Logitech Shockproof Clear Phone Case - Charcoal
SRCH_003329,CUST_00120,books,Books,2026-06-19 19:25:35,1,HarperCollins Python Machine Learning & AI Mastery
SRCH_003330,CUST_01035,footwear,Footwear,2026-04-25 18:15:35,1,Reebok Comfort Walking Slip-On Shoes
SRCH_003331,CUST_01587,grocery,Grocery,2026-07-19 04:08:35,1,Organic India Organic Raw Honey 500g - Space Gray
SRCH_003332,CUST_02054,gaming,Gaming,2026-06-06 05:01:35,1,PlayStation Wireless Haptic Feedback Gaming Controller - Olive Green
SRCH_003333,CUST_00889,home,Home,2026-03-23 10:47:35,1,Solimo 100% Cotton 300TC Double Bed Sheet - Silver
SRCH_003334,CUST_02738,kitchen,Kitchen,2026-08-18 08:15:35,1,Pigeon Airtight Glass Food Storage Jars
SRCH_003335,CUST_02206,audio,Electronics,2026-05-14 09:28:35,1,Sony Smart Fitness Watch
SRCH_003336,CUST_00114,furniture,Furniture,2026-06-26 19:24:35,1,Sleepyhead Modern Engineered Wood Computer Desk
SRCH_003337,CUST_01592,smart devices,Electronics,2026-03-13 05:43:35,1,Samsung Action Camera 4K Waterproof
SRCH_003338,CUST_00477,grocery,Grocery,2026-08-23 01:08:35,1,Nestle Organic Raw Honey 500g
SRCH_003339,CUST_02314,television,Electronics,2026-05-22 01:06:35,1,Sony 4K Ultra HD Smart TV 55-inch
SRCH_003340,CUST_00813,accessories,Accessories,2026-04-21 12:07:35,1,Portronics Ergonomic Silent Wireless Mouse
SRCH_003341,CUST_01945,skincare,Beauty,2026-03-21 04:21:35,1,L'Oreal Matte Liquid Longwear Foundation
SRCH_003342,CUST_02120,electronics,Electronics,2026-03-18 23:33:35,1,Sennheiser Wireless Bluetooth Headphones
SRCH_003343,CUST_01268,cooking essentials,Grocery,2026-05-30 20:52:35,1,Organic India Roasted California Almonds 500g - Crimson Red
SRCH_003344,CUST_00620,shaving & grooming,Personal Care,2026-08-23 11:35:35,1,Colgate Deep Cleansing Charcoal Body Wash 500ml
SRCH_003345,CUST_01498,footwear,Footwear,2026-07-11 11:08:35,1,Clarks Classic Low-Top Canvas Sneakers
SRCH_003346,CUST_01134,furniture,Furniture,2026-04-03 10:18:35,1,Sleepyhead Orthopedic Memory Foam Mattress 6-inch - Pearl White
SRCH_003347,CUST_00812,makeup,Beauty,2026-05-23 21:49:35,1,Nivea Hydrating Hyaluronic Acid Serum - Silver
SRCH_003348,CUST_01062,small appliances,Kitchen,2026-03-13 19:38:35,1,Hawkins Stainless Steel Chef Knife Set - Space Gray
SRCH_003349,CUST_01625,skincare,Beauty,2026-04-30 19:47:35,1,Nivea Keratin Smoothing Hair Mask - Navy Blue
SRCH_003350,CUST_00807,mobiles,Mobiles,2026-09-01 01:20:35,1,Motorola Smooth Display Mid-Range 5G - Classic Beige
SRCH_003351,CUST_00196,beverages,Grocery,2026-05-02 12:44:35,1,Organic India Artisan Dark Roasted Arabica Coffee Beans 250g
SRCH_003352,CUST_02428,furniture,Furniture,2026-06-06 16:29:35,1,Sleepyhead Minimalist Nesting Coffee Tables - Space Gray
SRCH_003353,CUST_02378,winterwear,Fashion,2026-05-10 16:33:35,1,Puma Cozy Fleece Pullover Hoodie - Classic Beige
SRCH_003354,CUST_02672,technology,Books,2026-05-15 14:44:35,1,Bloomsbury The Psychology of Money - Navy Blue
SRCH_003355,CUST_00388,gaming,Gaming,2026-04-23 23:08:35,1,Logitech G Surround Sound Gaming Headset with Mic
SRCH_003356,CUST_02805,home,Home,2026-08-15 13:13:35,1,Philips Handwoven Boho Area Rug
SRCH_003357,CUST_01619,shaving & grooming,Personal Care,2026-06-26 04:46:35,1,Oral-B Gentle Sulfate-Free Moisturizing Body Lotion - Rose Gold
SRCH_003358,CUST_01700,accessories,Accessories,2026-06-13 08:38:35,1,American Tourister Water-Resistant Laptop Backpack 15.6-inch - Classic Beige
SRCH_003359,CUST_00194,furniture,Furniture,2026-07-18 20:59:35,1,Wakefit Minimalist Nesting Coffee Tables - Rose Gold
SRCH_003360,CUST_02692,fashion,Fashion,2026-08-17 17:35:35,1,Raymond Cozy Fleece Pullover Hoodie
SRCH_003361,CUST_00747,grocery,Grocery,2026-07-28 00:06:35,1,Nestle Artisan Dark Roasted Arabica Coffee Beans 250g
SRCH_003362,CUST_01067,electronics,Electronics,2026-06-07 18:24:35,1,LG 4K Ultra HD Smart TV 55-inch - Olive Green
SRCH_003363,CUST_00219,shaving & grooming,Personal Care,2026-04-23 08:53:35,1,Gillette Cordless Rechargeable Beard Trimmer - Silver
SRCH_003364,CUST_02275,ultrabooks,Laptops,2026-03-17 09:22:35,1,Acer Pro Gaming Laptop RTX 4070
SRCH_003365,CUST_00043,accessories,Accessories,2026-07-15 04:33:35,1,Anker Water-Resistant Laptop Backpack 15.6-inch - Navy Blue
SRCH_003366,CUST_02990,footwear,Footwear,2026-08-13 13:00:35,1,Puma Cushioned Running Shoes - Olive Green
SRCH_003367,CUST_00607,mobiles,Mobiles,2026-08-12 22:14:35,1,Motorola NextGen Smartphone Pro Max
SRCH_003368,CUST_01108,ultrabooks,Laptops,2026-03-14 16:45:35,1,Acer Ultra-Slim Metal Ultrabook
SRCH_003369,CUST_02762,storage & containers,Kitchen,2026-04-23 20:08:35,1,Milton Stainless Steel Chef Knife Set - Charcoal
SRCH_003370,CUST_02735,footwear,Footwear,2026-06-27 20:41:35,1,Skechers Cushioned Running Shoes
SRCH_003371,CUST_00819,office,Furniture,2026-06-05 18:57:35,1,Sleepyhead Ergonomic Mesh High-Back Office Chair - Navy Blue
SRCH_003372,CUST_02059,running shoes,Footwear,2026-04-21 16:12:35,1,Puma Cushioned Running Shoes - Olive Green
SRCH_003373,CUST_00745,accessories,Gaming,2026-04-08 20:22:35,1,Corsair Next-Gen Home Gaming Console 1TB - Silver
SRCH_003374,CUST_00408,makeup,Beauty,2026-05-01 15:40:35,1,Nivea Hydrating Hyaluronic Acid Serum
SRCH_003375,CUST_00172,cookware,Kitchen,2026-06-26 09:40:35,1,Hawkins Electric Rapid Air Fryer 4.5L
SRCH_003376,CUST_01848,business & finance,Books,2026-04-28 20:00:35,1,O'Reilly Deep Work: Focused Success in a Distracted World - Charcoal
SRCH_003377,CUST_02346,fragrances,Beauty,2026-07-05 00:07:35,1,L'Oreal Luxury Eau De Parfum 100ml
SRCH_003378,CUST_01827,cookware,Kitchen,2026-04-14 15:21:35,1,Philips Heavy-Duty 750W Mixer Grinder - Space Gray
SRCH_003379,CUST_00846,men's clothing,Fashion,2026-04-30 01:18:35,1,Raymond Casual Stretch Chino Trousers - Navy Blue
SRCH_003380,CUST_02205,ultrabooks,Laptops,2026-07-11 21:54:35,1,MSI Creator Studio Laptop 4K OLED - Midnight Black
SRCH_003381,CUST_01058,running shoes,Footwear,2026-07-06 15:58:35,1,Bata Classic Low-Top Canvas Sneakers - Classic Beige
SRCH_003382,CUST_02468,skincare,Beauty,2026-04-16 13:45:35,1,Neutrogena Hydrating Hyaluronic Acid Serum - Rose Gold
SRCH_003383,CUST_01488,grocery,Grocery,2026-03-23 04:55:35,1,Saffola Artisan Dark Roasted Arabica Coffee Beans 250g
SRCH_003384,CUST_01286,winterwear,Fashion,2026-08-16 01:13:35,1,Puma Casual Stretch Chino Trousers
SRCH_003385,CUST_00006,budget,Mobiles,2026-03-21 10:19:35,1,Realme Smooth Display Mid-Range 5G - Crimson Red
SRCH_003386,CUST_01979,technology,Books,2026-07-21 14:36:35,1,Penguin Designing Data-Intensive Applications - Midnight Black
SRCH_003387,CUST_01253,technology,Books,2026-07-11 14:54:35,1,Bloomsbury Python Machine Learning & AI Mastery
SRCH_003388,CUST_00675,fashion,Fashion,2026-05-01 22:44:35,1,FabIndia Classic Denim Slim Jeans - Classic Beige
SRCH_003389,CUST_01871,bags & backpacks,Accessories,2026-05-13 02:39:35,1,American Tourister Shockproof Clear Phone Case - Pearl White
SRCH_003390,CUST_01140,office,Furniture,2026-04-15 14:40:35,1,Sleepyhead Modern Engineered Wood Computer Desk
SRCH_003391,CUST_01257,audio,Electronics,2026-08-16 16:12:35,1,Bose Smart Home Voice Hub
SRCH_003392,CUST_01670,electronics,Electronics,2026-08-31 23:07:35,1,Samsung Digital Mirrorless Camera - Space Gray
SRCH_003393,CUST_00552,kitchen,Kitchen,2026-08-30 19:36:35,1,Prestige Airtight Glass Food Storage Jars
SRCH_003394,CUST_01956,small appliances,Kitchen,2026-08-13 17:22:35,1,Milton Stainless Steel Chef Knife Set - Charcoal
SRCH_003395,CUST_00399,footwear,Footwear,2026-04-13 02:07:35,1,Clarks Genuine Leather Oxford Shoes
SRCH_003396,CUST_00940,gaming,Gaming,2026-08-21 19:27:35,1,Razer Next-Gen Home Gaming Console 1TB
SRCH_003397,CUST_00369,sports,Sports,2026-08-02 10:41:35,1,Decathlon Anti-Burst Gym Exercise Ball with Pump
SRCH_003398,CUST_02178,books,Books,2026-08-27 01:11:35,1,O'Reilly Deep Work: Focused Success in a Distracted World - Navy Blue
SRCH_003399,CUST_00673,controllers,Gaming,2026-04-11 00:37:35,1,Logitech G Next-Gen Home Gaming Console 1TB - Silver
SRCH_003400,CUST_01501,beverages,Grocery,2026-07-12 16:59:35,1,Saffola Cold-Pressed Extra Virgin Olive Oil 1L - Crimson Red
SRCH_003401,CUST_01861,makeup,Beauty,2026-08-26 14:03:35,1,Nivea Hydrating Hyaluronic Acid Serum
SRCH_003402,CUST_02908,controllers,Gaming,2026-07-31 13:00:35,1,Corsair Wireless Haptic Feedback Gaming Controller
SRCH_003403,CUST_00910,snacks,Grocery,2026-03-23 17:50:35,1,Organic India Roasted California Almonds 500g - Crimson Red
SRCH_003404,CUST_00622,home,Home,2026-07-01 07:36:35,1,D'Decor Velvet Touch Blackout Window Curtains - Pearl White
SRCH_003405,CUST_02631,electronics,Electronics,2026-03-12 02:25:35,1,Sony 4K Ultra HD Smart TV 55-inch
SRCH_003406,CUST_02311,running shoes,Footwear,2026-07-19 01:28:35,1,Adidas Waterproof Outdoor Hiking Boots - Rose Gold
SRCH_003407,CUST_02655,mobiles,Mobiles,2026-04-13 15:01:35,1,Google Smooth Display Mid-Range 5G - Midnight Black
SRCH_003408,CUST_00422,small appliances,Kitchen,2026-06-26 05:28:35,1,Hawkins Airtight Glass Food Storage Jars
SRCH_003409,CUST_01964,mobiles,Mobiles,2026-09-06 02:58:35,1,Samsung Battery King Phone 6000mAh - Pearl White
SRCH_003410,CUST_02917,mobile accessories,Accessories,2026-05-07 17:08:35,1,Anker Water-Resistant Laptop Backpack 15.6-inch - Navy Blue
SRCH_003411,CUST_02279,bath & body,Personal Care,2026-03-25 22:41:35,1,Dove Gentle Sulfate-Free Moisturizing Body Lotion - Space Gray
SRCH_003412,CUST_02978,books,Books,2026-04-17 12:02:35,1,HarperCollins Python Machine Learning & AI Mastery - Classic Beige
SRCH_003413,CUST_01484,small appliances,Kitchen,2026-04-15 18:07:35,1,Milton Airtight Glass Food Storage Jars
SRCH_003414,CUST_01916,men's clothing,Fashion,2026-08-08 00:55:35,1,Nike Floral Print Maxi Summer Dress - Charcoal
SRCH_003415,CUST_01624,mobiles,Mobiles,2026-04-16 14:01:35,1,Motorola Battery King Phone 6000mAh
SRCH_003416,CUST_02573,bath & body,Personal Care,2026-03-29 02:48:35,1,Gillette Cordless Rechargeable Beard Trimmer
SRCH_003417,CUST_00614,sports,Sports,2026-04-25 12:21:35,1,Cosco Carbon Fiber Badminton Racket
SRCH_003418,CUST_00467,skincare,Beauty,2026-04-09 14:55:35,1,Neutrogena Keratin Smoothing Hair Mask - Midnight Black
SRCH_003419,CUST_02928,beauty,Beauty,2026-05-07 03:50:35,1,The Ordinary Matte Velvet Long-Stay Lipstick - Charcoal
SRCH_003420,CUST_00501,cookware,Kitchen,2026-06-17 21:58:35,1,Milton Airtight Glass Food Storage Jars
SRCH_003421,CUST_02181,shaving & grooming,Personal Care,2026-04-13 10:06:35,1,Oral-B Deep Cleansing Charcoal Body Wash 500ml
SRCH_003422,CUST_01971,bath & body,Personal Care,2026-03-19 03:39:35,1,Colgate Sonic Electric Toothbrush with Timer - Charcoal
SRCH_003423,CUST_02739,small appliances,Kitchen,2026-04-16 17:16:35,1,Milton Airtight Glass Food Storage Jars - Charcoal
SRCH_003424,CUST_02936,fashion,Fashion,2026-06-05 22:59:35,1,Puma Floral Print Maxi Summer Dress - Space Gray
SRCH_003425,CUST_00612,shaving & grooming,Personal Care,2026-06-15 03:26:35,1,Colgate Gentle Sulfate-Free Moisturizing Body Lotion - Midnight Black
SRCH_003426,CUST_00032,running shoes,Footwear,2026-04-02 16:17:35,1,Puma Cushioned Running Shoes - Charcoal
SRCH_003427,CUST_02778,small appliances,Kitchen,2026-08-27 20:20:35,1,Milton Airtight Glass Food Storage Jars - Charcoal
SRCH_003428,CUST_02623,makeup,Beauty,2026-04-26 19:43:35,1,Maybelline Keratin Smoothing Hair Mask
SRCH_003429,CUST_00964,accessories,Gaming,2026-05-02 09:36:35,1,PlayStation Wireless Haptic Feedback Gaming Controller - Olive Green
SRCH_003430,CUST_00698,electronics,Electronics,2026-08-07 23:48:35,1,Sony 4K Ultra HD Smart TV 55-inch - Classic Beige
SRCH_003431,CUST_02353,makeup,Beauty,2026-07-10 12:43:35,1,Neutrogena Hydrating Hyaluronic Acid Serum - Rose Gold
SRCH_003432,CUST_02411,cooking essentials,Grocery,2026-07-08 16:27:35,1,Organic India Artisan Dark Roasted Arabica Coffee Beans 250g
SRCH_003433,CUST_01545,office,Furniture,2026-06-01 05:35:35,1,Sleepyhead Ergonomic Mesh High-Back Office Chair - Navy Blue
SRCH_003434,CUST_02542,small appliances,Kitchen,2026-05-10 12:23:35,1,Hawkins Stainless Steel Chef Knife Set - Silver
SRCH_003435,CUST_02372,decor,Home,2026-07-13 04:41:35,1,Spaces Collapsible Fabric Storage Organizers
SRCH_003436,CUST_01439,business & finance,Books,2026-05-24 06:24:35,1,Penguin The Psychology of Money - Pearl White
SRCH_003437,CUST_02632,gaming,Gaming,2026-06-24 02:24:35,1,Xbox Next-Gen Home Gaming Console 1TB - Silver
SRCH_003438,CUST_02634,shaving & grooming,Personal Care,2026-04-17 17:21:35,1,Gillette Deep Cleansing Charcoal Body Wash 500ml
SRCH_003439,CUST_02599,home,Home,2026-06-24 01:21:35,1,Spaces 100% Cotton 300TC Double Bed Sheet - Classic Beige
SRCH_003440,CUST_01035,home,Home,2026-07-21 22:13:35,1,IKEA Handwoven Boho Area Rug - Rose Gold
SRCH_003441,CUST_01559,ultrabooks,Laptops,2026-08-25 09:59:35,1,Apple Business Productivity Notebook - Pearl White
SRCH_003442,CUST_02861,grocery,Grocery,2026-03-14 05:42:35,1,Nestle Artisan Dark Roasted Arabica Coffee Beans 250g
SRCH_003443,CUST_01649,accessories,Gaming,2026-04-15 16:05:35,1,Corsair RGB Mechanical Gaming Keyboard - Rose Gold
SRCH_003444,CUST_02469,decor,Home,2026-07-01 22:47:35,1,Spaces 100% Cotton 300TC Double Bed Sheet - Rose Gold
SRCH_003445,CUST_00915,men's clothing,Fashion,2026-06-09 02:44:35,1,Puma Cozy Fleece Pullover Hoodie - Classic Beige
SRCH_003446,CUST_01476,men's clothing,Fashion,2026-06-18 10:58:35,1,H&M Cozy Fleece Pullover Hoodie - Pearl White
SRCH_003447,CUST_01739,furniture,Furniture,2026-03-26 23:31:35,1,Wakefit Contemporary 3-Seater Fabric Sofa
SRCH_003448,CUST_01900,care,Personal Care,2026-05-15 14:00:35,1,Oral-B Deep Cleansing Charcoal Body Wash 500ml
SRCH_003449,CUST_00004,beauty,Beauty,2026-07-02 10:00:35,1,Neutrogena Vitamin C Brightening Facial Cleanser - Silver
SRCH_003450,CUST_02222,gaming laptops,Laptops,2026-06-26 20:27:35,1,Asus Business Productivity Notebook - Crimson Red
SRCH_003451,CUST_01035,home,Home,2026-04-12 06:27:35,1,Solimo Velvet Touch Blackout Window Curtains
SRCH_003452,CUST_00845,furniture,Furniture,2026-08-23 10:23:35,1,Sleepyhead Orthopedic Memory Foam Mattress 6-inch - Pearl White
SRCH_003453,CUST_01650,furniture,Furniture,2026-07-04 04:08:35,1,Sleepyhead Minimalist Nesting Coffee Tables - Space Gray
SRCH_003454,CUST_02276,mid-range,Mobiles,2026-08-21 16:09:35,1,Motorola Sleek Curve Screen 5G Phone - Charcoal
SRCH_003455,CUST_01174,business & finance,Books,2026-04-01 10:34:35,1,Random House Deep Work: Focused Success in a Distracted World - Navy Blue
SRCH_003456,CUST_00039,fashion,Fashion,2026-05-29 20:36:35,1,Puma Casual Stretch Chino Trousers - Navy Blue
SRCH_003457,CUST_01855,grocery,Grocery,2026-04-12 12:12:35,1,Organic India Roasted California Almonds 500g - Crimson Red
SRCH_003458,CUST_00269,beauty,Beauty,2026-08-01 04:45:35,1,L'Oreal Matte Liquid Longwear Foundation - Charcoal
SRCH_003459,CUST_01645,bags & backpacks,Accessories,2026-05-11 15:09:35,1,Spigen Shockproof Clear Phone Case - Charcoal
SRCH_003460,CUST_02660,shaving & grooming,Personal Care,2026-05-06 16:09:35,1,Gillette Sonic Electric Toothbrush with Timer
SRCH_003461,CUST_02225,home,Home,2026-07-17 00:19:35,1,Spaces 100% Cotton 300TC Double Bed Sheet - Rose Gold
SRCH_003462,CUST_02496,accessories,Accessories,2026-06-22 01:40:35,1,Portronics Water-Resistant Laptop Backpack 15.6-inch - Silver
SRCH_003463,CUST_02098,shaving & grooming,Personal Care,2026-07-12 15:01:35,1,Colgate Deep Cleansing Charcoal Body Wash 500ml - Charcoal
SRCH_003464,CUST_02434,lighting,Home,2026-06-13 21:20:35,1,Philips Handwoven Boho Area Rug
SRCH_003465,CUST_01230,fitness equipment,Sports,2026-08-05 14:27:35,1,Boldfit Extra Thick Non-Slip Eco Yoga Mat - Space Gray
SRCH_003466,CUST_01242,shaving & grooming,Personal Care,2026-06-21 01:45:35,1,Philips Sonic Electric Toothbrush with Timer
SRCH_003467,CUST_00671,mid-range,Mobiles,2026-08-06 22:02:35,1,Apple Battery King Phone 6000mAh - Rose Gold
SRCH_003468,CUST_02406,smart devices,Electronics,2026-03-30 23:31:35,1,JBL Digital Mirrorless Camera - Silver
SRCH_003469,CUST_00421,mobiles,Mobiles,2026-07-25 06:39:35,1,OnePlus Battery King Phone 6000mAh - Space Gray
SRCH_003470,CUST_01133,wearables,Electronics,2026-06-02 01:50:35,1,JBL Smart Fitness Watch
SRCH_003471,CUST_01003,books,Books,2026-04-06 01:17:35,1,O'Reilly The Psychology of Money
SRCH_003472,CUST_00391,sneakers,Footwear,2026-05-15 17:58:35,1,Reebok Waterproof Outdoor Hiking Boots
SRCH_003473,CUST_02883,footwear,Footwear,2026-08-09 02:00:35,1,Adidas Genuine Leather Oxford Shoes - Olive Green
SRCH_003474,CUST_00145,sports,Sports,2026-03-18 06:40:35,1,Cosco Carbon Fiber Badminton Racket - Navy Blue
SRCH_003475,CUST_02688,winterwear,Fashion,2026-07-12 23:01:35,1,Puma Casual Stretch Chino Trousers
SRCH_003476,CUST_00780,yoga,Sports,2026-03-30 07:17:35,1,Cosco Carbon Fiber Badminton Racket - Navy Blue
SRCH_003477,CUST_01991,kitchen,Kitchen,2026-09-04 06:55:35,1,Pigeon Electric Rapid Air Fryer 4.5L
SRCH_003478,CUST_00592,television,Electronics,2026-04-08 00:28:35,1,Samsung Action Camera 4K Waterproof
SRCH_003479,CUST_02741,small appliances,Kitchen,2026-05-15 10:21:35,1,Milton Stainless Steel Chef Knife Set - Classic Beige
SRCH_003480,CUST_00530,office,Furniture,2026-04-14 07:35:35,1,Wakefit Minimalist Nesting Coffee Tables - Rose Gold
SRCH_003481,CUST_00622,mobile accessories,Accessories,2026-04-02 07:39:35,1,Portronics Ergonomic Silent Wireless Mouse
SRCH_003482,CUST_00155,mid-range,Mobiles,2026-05-06 10:44:35,1,Motorola Battery King Phone 6000mAh
SRCH_003483,CUST_02450,running shoes,Footwear,2026-06-10 22:03:35,1,Bata Classic Low-Top Canvas Sneakers
SRCH_003484,CUST_02353,running shoes,Footwear,2026-05-13 10:26:35,1,Puma Cushioned Running Shoes - Charcoal
SRCH_003485,CUST_02577,sneakers,Footwear,2026-08-27 03:40:35,1,Clarks Classic Low-Top Canvas Sneakers
SRCH_003486,CUST_00233,shaving & grooming,Personal Care,2026-05-03 18:39:35,1,Gillette Sonic Electric Toothbrush with Timer - Space Gray
SRCH_003487,CUST_02696,lighting,Home,2026-08-07 17:41:35,1,Philips 100% Cotton 300TC Double Bed Sheet - Rose Gold
SRCH_003488,CUST_01265,office,Furniture,2026-06-29 10:48:35,1,Urban Ladder Contemporary 3-Seater Fabric Sofa - Rose Gold
SRCH_003489,CUST_02284,beauty,Beauty,2026-03-25 16:02:35,1,Nivea Hydrating Hyaluronic Acid Serum
SRCH_003490,CUST_01847,running shoes,Footwear,2026-07-17 09:57:35,1,Clarks Classic Low-Top Canvas Sneakers - Classic Beige
SRCH_003491,CUST_02590,fashion,Fashion,2026-08-15 09:22:35,1,H&M Floral Print Maxi Summer Dress - Olive Green
SRCH_003492,CUST_00834,accessories,Accessories,2026-04-19 16:49:35,1,Portronics Magnetic Qi Fast Wireless Charger Stand - Olive Green
SRCH_003493,CUST_02387,running shoes,Footwear,2026-07-02 04:54:35,1,Bata Classic Low-Top Canvas Sneakers
SRCH_003494,CUST_00779,shaving & grooming,Personal Care,2026-04-25 17:21:35,1,Oral-B Cordless Rechargeable Beard Trimmer
SRCH_003495,CUST_01509,electronics,Electronics,2026-03-29 14:23:35,1,Samsung Action Camera 4K Waterproof
SRCH_003496,CUST_01703,care,Personal Care,2026-07-16 11:53:35,1,Philips Cordless Rechargeable Beard Trimmer
SRCH_003497,CUST_01109,bags & backpacks,Accessories,2026-03-23 10:42:35,1,Spigen 9H Tempered Glass Screen Protector (2-Pack)
SRCH_003498,CUST_00372,beauty,Beauty,2026-08-10 08:53:35,1,Maybelline Keratin Smoothing Hair Mask
SRCH_003499,CUST_00972,fragrances,Beauty,2026-05-10 18:48:35,1,The Ordinary Matte Velvet Long-Stay Lipstick
SRCH_003500,CUST_00556,budget,Mobiles,2026-07-30 02:28:35,1,Motorola Battery King Phone 6000mAh
SRCH_003501,CUST_00283,ultrabooks,Laptops,2026-08-04 00:57:35,1,Apple Creator Studio Laptop 4K OLED - Midnight Black
SRCH_003502,CUST_01529,winterwear,Fashion,2026-04-03 06:58:35,1,Nike Classic Denim Slim Jeans - Pearl White
SRCH_003503,CUST_01293,beauty,Beauty,2026-04-06 03:12:35,1,Nivea Hydrating Hyaluronic Acid Serum - Silver
SRCH_003504,CUST_02926,accessories,Gaming,2026-05-08 00:25:35,1,Corsair RGB Mechanical Gaming Keyboard - Rose Gold
SRCH_003505,CUST_00051,decor,Home,2026-09-06 15:16:35,1,Spaces Collapsible Fabric Storage Organizers
SRCH_003506,CUST_01645,accessories,Accessories,2026-05-08 06:22:35,1,Logitech Water-Resistant Laptop Backpack 15.6-inch - Charcoal
SRCH_003507,CUST_01447,skincare,Beauty,2026-08-14 13:05:35,1,Nivea Luxury Eau De Parfum 100ml - Pearl White
SRCH_003508,CUST_02067,accessories,Gaming,2026-07-15 01:04:35,1,Logitech G Surround Sound Gaming Headset with Mic - Midnight Black
SRCH_003509,CUST_00051,decor,Home,2026-07-01 12:18:35,1,IKEA Velvet Touch Blackout Window Curtains
SRCH_003510,CUST_02934,makeup,Beauty,2026-08-12 17:34:35,1,L'Oreal Matte Liquid Longwear Foundation
SRCH_003511,CUST_01918,accessories,Gaming,2026-06-22 01:37:35,1,Corsair Surround Sound Gaming Headset with Mic - Olive Green
SRCH_003512,CUST_02390,kitchen,Kitchen,2026-06-05 05:43:35,1,Hawkins Heavy-Duty 750W Mixer Grinder - Space Gray
SRCH_003513,CUST_00939,small appliances,Kitchen,2026-08-18 19:46:35,1,Pigeon Heavy-Duty 750W Mixer Grinder
SRCH_003514,CUST_00880,lighting,Home,2026-08-02 02:12:35,1,Philips Velvet Touch Blackout Window Curtains - Space Gray
SRCH_003515,CUST_00898,kitchen,Kitchen,2026-04-06 01:04:35,1,Hawkins Hard Anodized Non-Stick Cookware Set - Pearl White
SRCH_003516,CUST_01467,bath & body,Personal Care,2026-08-22 08:07:35,1,Dove Sonic Electric Toothbrush with Timer - Silver
SRCH_003517,CUST_02366,bedding,Home,2026-05-20 14:13:35,1,Solimo Smart LED Color Ambient Bulb - Olive Green
SRCH_003518,CUST_00586,mobiles,Mobiles,2026-07-02 03:19:35,1,Google Smooth Display Mid-Range 5G - Midnight Black
SRCH_003519,CUST_02296,storage & containers,Kitchen,2026-07-11 01:56:35,1,Milton Heavy-Duty 750W Mixer Grinder
SRCH_003520,CUST_01392,furniture,Furniture,2026-08-16 20:01:35,1,Wakefit Ergonomic Mesh High-Back Office Chair - Midnight Black
SRCH_003521,CUST_01361,mobiles,Mobiles,2026-07-25 01:59:35,1,Google Pure Android Experience 5G - Silver
SRCH_003522,CUST_02608,technology,Books,2026-06-07 20:28:35,1,Bloomsbury The Psychology of Money - Silver
SRCH_003523,CUST_00410,accessories,Gaming,2026-04-21 10:10:35,1,Razer Next-Gen Home Gaming Console 1TB
SRCH_003524,CUST_00841,bath & body,Personal Care,2026-04-17 09:17:35,1,Gillette Cordless Rechargeable Beard Trimmer - Silver
SRCH_003525,CUST_01977,accessories,Accessories,2026-03-29 09:46:35,1,Anker Water-Resistant Laptop Backpack 15.6-inch - Rose Gold
SRCH_003526,CUST_00956,small appliances,Kitchen,2026-08-12 03:38:35,1,Hawkins Heavy-Duty 750W Mixer Grinder - Space Gray
SRCH_003527,CUST_00124,wearables,Electronics,2026-07-08 14:39:35,1,LG Smart Wi-Fi Security Camera - Midnight Black
SRCH_003528,CUST_02890,outdoor sports,Sports,2026-07-14 07:42:35,1,Cosco Extra Thick Non-Slip Eco Yoga Mat
SRCH_003529,CUST_02484,grocery,Grocery,2026-04-12 00:51:35,1,Organic India Artisan Dark Roasted Arabica Coffee Beans 250g
SRCH_003530,CUST_01262,mid-range,Mobiles,2026-07-10 10:55:35,1,Google Sleek Curve Screen 5G Phone - Pearl White
SRCH_003531,CUST_01172,yoga,Sports,2026-06-26 05:46:35,1,Puma Adjustable Hex Dumbbells Pair
SRCH_003532,CUST_02841,mobiles,Mobiles,2026-03-15 17:42:35,1,Apple Pure Android Experience 5G
SRCH_003533,CUST_00435,lighting,Home,2026-05-18 04:43:35,1,Spaces Velvet Touch Blackout Window Curtains - Pearl White
SRCH_003534,CUST_00667,men's clothing,Fashion,2026-06-29 22:16:35,1,FabIndia Solid Crew Neck Cotton T-Shirt - Midnight Black
SRCH_003535,CUST_01215,decor,Home,2026-03-27 09:08:35,1,IKEA Smart LED Color Ambient Bulb
SRCH_003536,CUST_02758,beauty,Beauty,2026-06-13 23:23:35,1,Neutrogena Keratin Smoothing Hair Mask - Charcoal
SRCH_003537,CUST_01112,business & finance,Books,2026-04-12 00:23:35,1,O'Reilly The Psychology of Money
SRCH_003538,CUST_02925,fashion,Fashion,2026-08-11 22:30:35,1,Zara Floral Print Maxi Summer Dress - Crimson Red
SRCH_003539,CUST_01544,audio,Electronics,2026-04-05 18:31:35,1,Sony Noise Cancelling Wireless Earbuds - Rose Gold
SRCH_003540,CUST_00170,running shoes,Footwear,2026-08-23 04:33:35,1,Bata Comfort Walking Slip-On Shoes - Rose Gold
SRCH_003541,CUST_01544,sneakers,Footwear,2026-06-03 11:56:35,1,Reebok Genuine Leather Oxford Shoes
SRCH_003542,CUST_02081,office,Furniture,2026-04-28 11:11:35,1,Urban Ladder Modern Engineered Wood Computer Desk - Silver
SRCH_003543,CUST_02897,beverages,Grocery,2026-04-30 17:38:35,1,Saffola Organic Raw Honey 500g - Olive Green
SRCH_003544,CUST_00373,laptops,Laptops,2026-04-04 19:02:35,1,Apple Business Productivity Notebook - Pearl White
SRCH_003545,CUST_01944,ultrabooks,Laptops,2026-07-19 00:41:35,1,Apple Pro Gaming Laptop RTX 4070
SRCH_003546,CUST_01908,laptops,Laptops,2026-06-14 16:39:35,1,Apple Business Productivity Notebook
SRCH_003547,CUST_01028,accessories,Gaming,2026-07-19 09:50:35,1,Xbox Next-Gen Home Gaming Console 1TB - Silver
SRCH_003548,CUST_02081,office,Furniture,2026-08-18 07:44:35,1,IKEA Modern Engineered Wood Computer Desk - Rose Gold
SRCH_003549,CUST_00627,student laptops,Laptops,2026-07-12 01:20:35,1,Asus Pro Gaming Laptop RTX 4070 - Charcoal
SRCH_003550,CUST_01343,business & finance,Books,2026-05-03 20:45:35,1,Bloomsbury The Psychology of Money
SRCH_003551,CUST_00016,office,Furniture,2026-04-01 22:23:35,1,Godrej Interio Ergonomic Mesh High-Back Office Chair - Crimson Red
SRCH_003552,CUST_02674,storage & containers,Kitchen,2026-06-20 23:50:35,1,Pigeon Airtight Glass Food Storage Jars - Crimson Red
SRCH_003553,CUST_00700,accessories,Gaming,2026-04-07 16:42:35,1,SteelSeries Wireless Haptic Feedback Gaming Controller - Rose Gold
SRCH_003554,CUST_01293,fashion,Fashion,2026-04-11 18:58:35,1,Puma Denim Trucker Jacket
SRCH_003555,CUST_02469,bedding,Home,2026-06-03 05:36:35,1,IKEA Velvet Touch Blackout Window Curtains - Midnight Black
SRCH_003556,CUST_02360,gaming,Gaming,2026-03-18 01:49:35,1,Logitech G Ultra-Lightweight 8KHz Optical Gaming Mouse - Olive Green
SRCH_003557,CUST_02707,gaming,Gaming,2026-07-13 13:53:35,1,Corsair Ultra-Lightweight 8KHz Optical Gaming Mouse - Navy Blue
SRCH_003558,CUST_00111,grocery,Grocery,2026-07-07 01:33:35,1,Saffola Artisan Dark Roasted Arabica Coffee Beans 250g
SRCH_003559,CUST_02417,accessories,Gaming,2026-03-18 01:17:35,1,Xbox Ultra-Lightweight 8KHz Optical Gaming Mouse - Midnight Black
SRCH_003560,CUST_01815,personal,Personal Care,2026-08-28 04:28:35,1,Colgate Deep Cleansing Charcoal Body Wash 500ml
SRCH_003561,CUST_00537,running shoes,Footwear,2026-08-17 06:02:35,1,Reebok Genuine Leather Oxford Shoes
SRCH_003562,CUST_01266,shaving & grooming,Personal Care,2026-06-11 17:45:35,1,Dettol Cordless Rechargeable Beard Trimmer - Classic Beige
SRCH_003563,CUST_02870,ultrabooks,Laptops,2026-08-20 13:15:35,1,Acer Creator Studio Laptop 4K OLED - Olive Green
SRCH_003564,CUST_01380,student laptops,Laptops,2026-07-06 12:48:35,1,HP Student Essential Laptop - Classic Beige
SRCH_003565,CUST_00355,smart devices,Electronics,2026-06-23 13:48:35,1,Boat Noise Cancelling Wireless Earbuds
SRCH_003566,CUST_02097,office,Furniture,2026-03-17 02:08:35,1,Wakefit Ergonomic Mesh High-Back Office Chair - Midnight Black
SRCH_003567,CUST_00628,wearables,Electronics,2026-04-27 02:01:35,1,Sennheiser Wireless Bluetooth Headphones
SRCH_003568,CUST_02088,smart devices,Electronics,2026-04-01 02:36:35,1,JBL Smart Fitness Watch
SRCH_003569,CUST_01891,cooking essentials,Grocery,2026-03-19 21:37:35,1,Tata Organic Green Tea Herbal Infusion 100 Bags - Olive Green
SRCH_003570,CUST_00377,running shoes,Footwear,2026-05-18 12:24:35,1,Clarks Genuine Leather Oxford Shoes
SRCH_003571,CUST_00158,television,Electronics,2026-06-29 17:45:35,1,Samsung Digital Mirrorless Camera
SRCH_003572,CUST_02699,cooking essentials,Grocery,2026-08-30 06:24:35,1,Organic India Cold-Pressed Extra Virgin Olive Oil 1L
SRCH_003573,CUST_01199,laptops,Laptops,2026-06-19 13:17:35,1,Apple Creator Studio Laptop 4K OLED - Classic Beige
SRCH_003574,CUST_00110,skincare,Beauty,2026-05-25 06:26:35,1,Minimalist Hydrating Hyaluronic Acid Serum
SRCH_003575,CUST_01097,men's clothing,Fashion,2026-04-10 18:33:35,1,FabIndia Floral Print Maxi Summer Dress
SRCH_003576,CUST_00281,makeup,Beauty,2026-06-28 06:15:35,1,The Ordinary Matte Velvet Long-Stay Lipstick
SRCH_003577,CUST_02572,ultrabooks,Laptops,2026-03-20 06:48:35,1,Lenovo Ultra-Slim Metal Ultrabook
SRCH_003578,CUST_00221,cookware,Kitchen,2026-07-15 14:35:35,1,Hawkins Electric Rapid Air Fryer 4.5L
SRCH_003579,CUST_01087,beauty,Beauty,2026-07-06 01:35:35,1,Minimalist Matte Velvet Long-Stay Lipstick
SRCH_003580,CUST_00094,office,Furniture,2026-04-09 10:03:35,1,Sleepyhead Modern Engineered Wood Computer Desk
SRCH_003581,CUST_01211,grocery,Grocery,2026-06-27 02:43:35,1,Nestle Artisan Dark Roasted Arabica Coffee Beans 250g
SRCH_003582,CUST_02639,footwear,Footwear,2026-04-06 11:05:35,1,Puma Cushioned Running Shoes - Olive Green
SRCH_003583,CUST_00968,books,Books,2026-05-12 13:23:35,1,O'Reilly Deep Work: Focused Success in a Distracted World - Pearl White
SRCH_003584,CUST_00627,student laptops,Laptops,2026-04-07 05:43:35,1,Asus Creator Studio Laptop 4K OLED - Crimson Red
SRCH_003585,CUST_00631,student laptops,Laptops,2026-05-19 09:57:35,1,Acer Creator Studio Laptop 4K OLED - Olive Green
SRCH_003586,CUST_01550,business & finance,Books,2026-04-26 03:30:35,1,O'Reilly Python Machine Learning & AI Mastery
SRCH_003587,CUST_02171,cookware,Kitchen,2026-07-29 13:15:35,1,Milton Heavy-Duty 750W Mixer Grinder - Crimson Red
SRCH_003588,CUST_02473,accessories,Gaming,2026-08-22 17:29:35,1,PlayStation Surround Sound Gaming Headset with Mic
SRCH_003589,CUST_00882,laptops,Laptops,2026-07-21 04:48:35,1,MSI Student Essential Laptop - Rose Gold
SRCH_003590,CUST_00989,ultrabooks,Laptops,2026-05-21 06:58:35,1,Apple Ultra-Slim Metal Ultrabook
SRCH_003591,CUST_01761,sports,Sports,2026-05-31 06:46:35,1,Nivia Quick Dry Athletic Training Shorts
SRCH_003592,CUST_00932,wearables,Electronics,2026-06-19 13:19:35,1,Samsung Action Camera 4K Waterproof
SRCH_003593,CUST_00451,gaming laptops,Laptops,2026-06-20 22:58:35,1,Asus Creator Studio Laptop 4K OLED - Crimson Red
SRCH_003594,CUST_01626,winterwear,Fashion,2026-03-27 03:59:35,1,Puma Floral Print Maxi Summer Dress - Space Gray
SRCH_003595,CUST_02972,budget,Mobiles,2026-05-05 13:41:35,1,Motorola Smartphone Ultra 5G
SRCH_003596,CUST_00234,bedding,Home,2026-08-11 02:45:35,1,Philips Smart LED Color Ambient Bulb
SRCH_003597,CUST_01280,wearables,Electronics,2026-05-23 15:27:35,1,JBL Smart Fitness Watch
SRCH_003598,CUST_01545,home,Home,2026-04-16 13:42:35,1,Philips 100% Cotton 300TC Double Bed Sheet
SRCH_003599,CUST_00819,gaming laptops,Laptops,2026-07-10 22:02:35,1,Acer Ultra-Slim Metal Ultrabook - Space Gray
SRCH_003600,CUST_01801,running shoes,Footwear,2026-07-12 21:42:35,1,Puma Classic Low-Top Canvas Sneakers - Rose Gold
SRCH_003601,CUST_01864,business & finance,Books,2026-03-14 00:16:35,1,Bloomsbury Atomic Habits: Build Good Habits - Crimson Red
SRCH_003602,CUST_01918,business & finance,Books,2026-07-11 23:33:35,1,Penguin The Psychology of Money
SRCH_003603,CUST_01053,bags & backpacks,Accessories,2026-03-20 19:49:35,1,Anker Water-Resistant Laptop Backpack 15.6-inch - Navy Blue
SRCH_003604,CUST_01051,mid-range,Mobiles,2026-04-16 15:29:35,1,Xiaomi Smooth Display Mid-Range 5G
SRCH_003605,CUST_02930,student laptops,Laptops,2026-07-04 14:54:35,1,HP Student Essential Laptop - Space Gray
SRCH_003606,CUST_02499,running shoes,Footwear,2026-09-04 10:48:35,1,Adidas Genuine Leather Oxford Shoes
SRCH_003607,CUST_01587,beverages,Grocery,2026-06-02 01:11:35,1,Organic India Organic Green Tea Herbal Infusion 100 Bags - Pearl White
SRCH_003608,CUST_01773,mobile accessories,Accessories,2026-08-13 17:00:35,1,Logitech Magnetic Qi Fast Wireless Charger Stand - Rose Gold
SRCH_003609,CUST_01929,living room,Furniture,2026-07-29 19:42:35,1,Sleepyhead Modern Engineered Wood Computer Desk
SRCH_003610,CUST_00602,audio,Electronics,2026-08-20 18:46:35,1,Samsung Noise Cancelling Wireless Earbuds
SRCH_003611,CUST_00572,men's clothing,Fashion,2026-09-05 02:02:35,1,Raymond Denim Trucker Jacket
SRCH_003612,CUST_00505,bedding,Home,2026-07-31 16:33:35,1,Solimo 100% Cotton 300TC Double Bed Sheet - Silver
SRCH_003613,CUST_02569,accessories,Gaming,2026-07-28 20:24:35,1,PlayStation Wireless Haptic Feedback Gaming Controller - Olive Green
SRCH_003614,CUST_01912,beauty,Beauty,2026-06-24 22:40:35,1,L'Oreal Matte Liquid Longwear Foundation
SRCH_003615,CUST_01822,bedding,Home,2026-03-22 00:30:35,1,Solimo 100% Cotton 300TC Double Bed Sheet - Silver
SRCH_003616,CUST_00553,footwear,Footwear,2026-05-29 21:57:35,1,Puma Cushioned Running Shoes - Charcoal
SRCH_003617,CUST_00249,bedding,Home,2026-07-02 10:10:35,1,IKEA 100% Cotton 300TC Double Bed Sheet - Navy Blue
SRCH_003618,CUST_00920,running shoes,Footwear,2026-05-15 13:44:35,1,Reebok Comfort Walking Slip-On Shoes
SRCH_003619,CUST_02523,winterwear,Fashion,2026-09-06 23:23:35,1,Raymond Floral Print Maxi Summer Dress
SRCH_003620,CUST_01029,shaving & grooming,Personal Care,2026-04-14 13:05:35,1,Oral-B Cordless Rechargeable Beard Trimmer
SRCH_003621,CUST_00887,men's clothing,Fashion,2026-04-10 19:08:35,1,H&M Tailored Formal Oxford Shirt
SRCH_003622,CUST_01675,business & finance,Books,2026-03-27 02:51:35,1,Bloomsbury Python Machine Learning & AI Mastery - Charcoal
SRCH_003623,CUST_00552,small appliances,Kitchen,2026-06-20 22:04:35,1,Milton Heavy-Duty 750W Mixer Grinder - Crimson Red
SRCH_003624,CUST_01305,living room,Furniture,2026-06-08 00:13:35,1,Urban Ladder Contemporary 3-Seater Fabric Sofa - Rose Gold
SRCH_003625,CUST_02063,running shoes,Footwear,2026-09-05 13:57:35,1,Bata Classic Low-Top Canvas Sneakers - Classic Beige
SRCH_003626,CUST_02469,bedding,Home,2026-07-25 10:33:35,1,IKEA Handwoven Boho Area Rug - Classic Beige
SRCH_003627,CUST_02729,business & finance,Books,2026-04-15 10:46:35,1,O'Reilly Deep Work: Focused Success in a Distracted World - Crimson Red
SRCH_003628,CUST_02850,books,Books,2026-08-25 06:59:35,1,O'Reilly Designing Data-Intensive Applications - Midnight Black
SRCH_003629,CUST_00021,electronics,Electronics,2026-06-13 17:02:35,1,Sony Compact Bluetooth Speaker
SRCH_003630,CUST_00193,accessories,Accessories,2026-04-12 07:49:35,1,Spigen Water-Resistant Laptop Backpack 15.6-inch - Charcoal
SRCH_003631,CUST_02305,men's clothing,Fashion,2026-06-05 21:28:35,1,Puma Denim Trucker Jacket - Silver
SRCH_003632,CUST_02010,cookware,Kitchen,2026-06-08 17:00:35,1,Milton Heavy-Duty 750W Mixer Grinder - Crimson Red
SRCH_003633,CUST_01107,laptops,Laptops,2026-03-17 08:08:35,1,Apple Business Productivity Notebook - Crimson Red
SRCH_003634,CUST_01015,men's clothing,Fashion,2026-06-07 21:14:35,1,Nike Floral Print Maxi Summer Dress - Charcoal
SRCH_003635,CUST_00315,beverages,Grocery,2026-08-13 10:24:35,1,Organic India Organic Green Tea Herbal Infusion 100 Bags - Olive Green
SRCH_003636,CUST_00523,men's clothing,Fashion,2026-07-26 19:21:35,1,H&M Tailored Formal Oxford Shirt
SRCH_003637,CUST_02957,home,Home,2026-04-16 00:59:35,1,Spaces 100% Cotton 300TC Double Bed Sheet - Rose Gold
SRCH_003638,CUST_01977,books,Books,2026-06-03 04:37:35,1,HarperCollins Designing Data-Intensive Applications
SRCH_003639,CUST_00478,grocery,Grocery,2026-08-26 22:00:35,1,Nestle Organic Raw Honey 500g
SRCH_003640,CUST_01949,cookware,Kitchen,2026-05-16 04:00:35,1,Pigeon Heavy-Duty 750W Mixer Grinder
SRCH_003641,CUST_01333,shaving & grooming,Personal Care,2026-04-18 22:43:35,1,Gillette Cordless Rechargeable Beard Trimmer - Charcoal
SRCH_003642,CUST_00436,shaving & grooming,Personal Care,2026-03-27 16:15:35,1,Philips Cordless Rechargeable Beard Trimmer
SRCH_003643,CUST_00502,mid-range,Mobiles,2026-03-12 12:26:35,1,Motorola Smooth Display Mid-Range 5G - Classic Beige
SRCH_003644,CUST_01929,bath & body,Personal Care,2026-03-14 13:51:35,1,Dove Sonic Electric Toothbrush with Timer - Space Gray
SRCH_003645,CUST_00958,budget,Mobiles,2026-04-17 11:00:35,1,Samsung Sleek Curve Screen 5G Phone - Charcoal
SRCH_003646,CUST_01490,makeup,Beauty,2026-07-04 06:21:35,1,Neutrogena Hydrating Hyaluronic Acid Serum - Rose Gold
SRCH_003647,CUST_00629,laptops,Laptops,2026-06-24 05:40:35,1,Lenovo Pro Gaming Laptop RTX 4070 - Pearl White
SRCH_003648,CUST_00595,fashion,Fashion,2026-07-19 19:34:35,1,Puma Denim Trucker Jacket - Silver
SRCH_003649,CUST_00830,business & finance,Books,2026-05-22 23:47:35,1,Penguin Atomic Habits: Build Good Habits
SRCH_003650,CUST_00499,men's clothing,Fashion,2026-07-13 00:56:35,1,Adidas Floral Print Maxi Summer Dress - Midnight Black
SRCH_003651,CUST_00997,snacks,Grocery,2026-03-31 16:19:35,1,Nestle Artisan Dark Roasted Arabica Coffee Beans 250g - Pearl White
SRCH_003652,CUST_01567,mid-range,Mobiles,2026-05-17 22:44:35,1,Apple Smooth Display Mid-Range 5G
SRCH_003653,CUST_00516,gaming,Gaming,2026-07-27 06:22:35,1,Xbox Surround Sound Gaming Headset with Mic - Olive Green
SRCH_003654,CUST_00716,running shoes,Footwear,2026-03-31 10:43:35,1,Puma Cushioned Running Shoes - Charcoal
SRCH_003655,CUST_00842,smart devices,Electronics,2026-06-14 10:04:35,1,Samsung Action Camera 4K Waterproof
SRCH_003656,CUST_02138,kitchen,Kitchen,2026-05-02 21:26:35,1,Milton Electric Rapid Air Fryer 4.5L
SRCH_003657,CUST_02857,beverages,Grocery,2026-07-13 01:34:35,1,Nestle Roasted California Almonds 500g - Rose Gold
SRCH_003658,CUST_02006,fashion,Fashion,2026-06-22 16:33:35,1,Adidas Denim Trucker Jacket
SRCH_003659,CUST_00904,winterwear,Fashion,2026-08-02 08:58:35,1,FabIndia Tailored Formal Oxford Shirt - Rose Gold
SRCH_003660,CUST_02789,winterwear,Fashion,2026-03-22 22:39:35,1,H&M Cozy Fleece Pullover Hoodie - Pearl White
SRCH_003661,CUST_01583,sports,Sports,2026-06-21 23:59:35,1,Boldfit Adjustable Hex Dumbbells Pair
SRCH_003662,CUST_00600,fitness equipment,Sports,2026-07-14 00:20:35,1,Puma Adjustable Hex Dumbbells Pair
SRCH_003663,CUST_01855,snacks,Grocery,2026-03-12 17:10:35,1,Saffola Roasted California Almonds 500g - Pearl White
SRCH_003664,CUST_01233,office,Furniture,2026-06-12 00:33:35,1,Sleepyhead Orthopedic Memory Foam Mattress 6-inch
SRCH_003665,CUST_01931,technology,Books,2026-05-22 13:28:35,1,HarperCollins Designing Data-Intensive Applications
SRCH_003666,CUST_01835,mid-range,Mobiles,2026-05-13 05:22:35,1,Motorola Smartphone Ultra 5G - Midnight Black
SRCH_003667,CUST_00354,cookware,Kitchen,2026-05-03 04:22:35,1,Philips Electric Rapid Air Fryer 4.5L - Midnight Black
SRCH_003668,CUST_00029,home,Home,2026-05-03 01:14:35,1,Spaces Collapsible Fabric Storage Organizers
SRCH_003669,CUST_01256,small appliances,Kitchen,2026-04-12 09:03:35,1,Philips Hard Anodized Non-Stick Cookware Set
SRCH_003670,CUST_01558,makeup,Beauty,2026-05-17 23:54:35,1,The Ordinary Matte Velvet Long-Stay Lipstick
SRCH_003671,CUST_02243,men's clothing,Fashion,2026-05-01 06:32:35,1,FabIndia Casual Stretch Chino Trousers
SRCH_003672,CUST_02237,technology,Books,2026-04-05 00:59:35,1,O'Reilly Deep Work: Focused Success in a Distracted World - Navy Blue
SRCH_003673,CUST_00189,mobiles,Mobiles,2026-07-24 23:43:35,1,Apple Battery King Phone 6000mAh - Rose Gold
SRCH_003674,CUST_02419,accessories,Accessories,2026-04-26 14:24:35,1,Portronics Water-Resistant Laptop Backpack 15.6-inch
SRCH_003675,CUST_01909,home,Home,2026-08-12 11:30:35,1,IKEA Smart LED Color Ambient Bulb
SRCH_003676,CUST_01035,mid-range,Mobiles,2026-04-24 12:59:35,1,OnePlus NextGen Smartphone Pro Max - Rose Gold
SRCH_003677,CUST_01930,television,Electronics,2026-07-25 08:52:35,1,JBL Wireless Bluetooth Headphones
SRCH_003678,CUST_02196,bath & body,Personal Care,2026-05-07 03:26:35,1,Dettol Cordless Rechargeable Beard Trimmer - Charcoal
SRCH_003679,CUST_00369,bedding,Home,2026-03-30 14:03:35,1,Solimo Velvet Touch Blackout Window Curtains
SRCH_003680,CUST_01529,men's clothing,Fashion,2026-06-20 01:29:35,1,FabIndia Solid Crew Neck Cotton T-Shirt - Midnight Black
SRCH_003681,CUST_01177,electronics,Electronics,2026-05-01 14:50:35,1,JBL Digital Mirrorless Camera - Silver
SRCH_003682,CUST_02985,running shoes,Footwear,2026-06-20 19:43:35,1,Bata Comfort Walking Slip-On Shoes - Rose Gold
SRCH_003683,CUST_02637,beverages,Grocery,2026-07-16 08:33:35,1,Organic India Roasted California Almonds 500g - Crimson Red
SRCH_003684,CUST_00939,beverages,Grocery,2026-08-13 12:16:35,1,Dabur Organic Raw Honey 500g - Rose Gold
SRCH_003685,CUST_00790,makeup,Beauty,2026-08-02 15:40:35,1,L'Oreal Matte Liquid Longwear Foundation
SRCH_003686,CUST_01142,technology,Books,2026-03-14 10:17:35,1,Bloomsbury The Psychology of Money
SRCH_003687,CUST_00737,laptops,Laptops,2026-07-20 13:32:35,1,Asus Business Productivity Notebook - Crimson Red
SRCH_003688,CUST_02485,shaving & grooming,Personal Care,2026-08-18 09:05:35,1,Dettol Cordless Rechargeable Beard Trimmer - Classic Beige
SRCH_003689,CUST_02084,winterwear,Fashion,2026-08-09 09:53:35,1,Nike Classic Denim Slim Jeans - Pearl White
SRCH_003690,CUST_00808,cooking essentials,Grocery,2026-05-02 04:48:35,1,Nestle Artisan Dark Roasted Arabica Coffee Beans 250g
SRCH_003691,CUST_01688,fashion,Fashion,2026-04-27 05:24:35,1,H&M Floral Print Maxi Summer Dress - Olive Green
SRCH_003692,CUST_00783,lighting,Home,2026-07-18 00:22:35,1,IKEA Velvet Touch Blackout Window Curtains - Midnight Black
SRCH_003693,CUST_02266,gaming,Gaming,2026-08-20 07:48:35,1,Corsair RGB Mechanical Gaming Keyboard - Rose Gold
SRCH_003694,CUST_02668,business & finance,Books,2026-04-26 06:56:35,1,O'Reilly Python Machine Learning & AI Mastery
SRCH_003695,CUST_02841,mid-range,Mobiles,2026-05-23 02:28:35,1,Realme Battery King Phone 6000mAh - Crimson Red
SRCH_003696,CUST_02207,winterwear,Fashion,2026-06-12 19:36:35,1,H&M Tailored Formal Oxford Shirt
SRCH_003697,CUST_02082,accessories,Gaming,2026-07-09 17:52:35,1,Xbox Surround Sound Gaming Headset with Mic - Olive Green
SRCH_003698,CUST_00850,business & finance,Books,2026-03-13 01:19:35,1,Bloomsbury Python Machine Learning & AI Mastery - Charcoal
SRCH_003699,CUST_02968,business & finance,Books,2026-05-03 02:32:35,1,O'Reilly Deep Work: Focused Success in a Distracted World - Crimson Red
SRCH_003700,CUST_01875,sports,Sports,2026-05-26 14:23:35,1,Yonex Anti-Burst Gym Exercise Ball with Pump - Olive Green
SRCH_003701,CUST_02021,fitness equipment,Sports,2026-04-06 05:20:35,1,Boldfit Adjustable Hex Dumbbells Pair - Classic Beige
SRCH_003702,CUST_01567,snacks,Grocery,2026-07-05 19:51:35,1,Tata Organic Green Tea Herbal Infusion 100 Bags - Olive Green
SRCH_003703,CUST_00881,small appliances,Kitchen,2026-06-30 05:08:35,1,Prestige Hard Anodized Non-Stick Cookware Set - Silver
SRCH_003704,CUST_02629,controllers,Gaming,2026-03-20 15:16:35,1,Razer Ultra-Lightweight 8KHz Optical Gaming Mouse
SRCH_003705,CUST_00253,budget,Mobiles,2026-07-13 11:25:35,1,Realme Battery King Phone 6000mAh - Crimson Red
SRCH_003706,CUST_02190,footwear,Footwear,2026-05-16 21:37:35,1,Reebok Cushioned Running Shoes - Classic Beige
SRCH_003707,CUST_01457,gaming laptops,Laptops,2026-05-17 01:03:35,1,MSI Pro Gaming Laptop RTX 4070 - Charcoal
SRCH_003708,CUST_00977,mobiles,Mobiles,2026-07-22 22:27:35,1,Realme NextGen Smartphone Pro Max - Charcoal
SRCH_003709,CUST_02829,accessories,Gaming,2026-03-17 10:50:35,1,SteelSeries Next-Gen Home Gaming Console 1TB - Midnight Black
SRCH_003710,CUST_00020,mobile accessories,Accessories,2026-07-24 15:59:35,1,Spigen Water-Resistant Laptop Backpack 15.6-inch - Charcoal
SRCH_003711,CUST_00195,smart devices,Electronics,2026-03-27 09:18:35,1,Bose Noise Cancelling Wireless Earbuds
SRCH_003712,CUST_01898,bags & backpacks,Accessories,2026-05-20 15:16:35,1,Logitech Magnetic Qi Fast Wireless Charger Stand
SRCH_003713,CUST_02984,technology,Books,2026-07-10 12:16:35,1,O'Reilly Designing Data-Intensive Applications - Midnight Black
SRCH_003714,CUST_01244,running shoes,Footwear,2026-06-21 16:22:35,1,Bata Classic Low-Top Canvas Sneakers
SRCH_003715,CUST_02268,business & finance,Books,2026-09-06 03:34:35,1,Penguin Atomic Habits: Build Good Habits - Crimson Red
SRCH_003716,CUST_02839,footwear,Footwear,2026-08-01 19:33:35,1,Adidas Comfort Walking Slip-On Shoes - Rose Gold
SRCH_003717,CUST_01303,personal,Personal Care,2026-03-22 21:42:35,1,Dove Sonic Electric Toothbrush with Timer - Space Gray
SRCH_003718,CUST_02185,footwear,Footwear,2026-06-28 05:22:35,1,Puma Genuine Leather Oxford Shoes
SRCH_003719,CUST_02977,bath & body,Personal Care,2026-05-07 05:18:35,1,Dettol Gentle Sulfate-Free Moisturizing Body Lotion
SRCH_003720,CUST_01498,cooking essentials,Grocery,2026-05-13 13:09:35,1,Dabur Organic Raw Honey 500g - Rose Gold
SRCH_003721,CUST_01540,fashion,Fashion,2026-08-28 02:59:35,1,Zara Denim Trucker Jacket
SRCH_003722,CUST_02545,men's clothing,Fashion,2026-03-31 16:30:35,1,H&M Cozy Fleece Pullover Hoodie - Pearl White
SRCH_003723,CUST_00858,mid-range,Mobiles,2026-07-14 16:55:35,1,Samsung Smartphone Ultra 5G - Space Gray
SRCH_003724,CUST_01387,lighting,Home,2026-05-19 00:45:35,1,Philips 100% Cotton 300TC Double Bed Sheet
SRCH_003725,CUST_01944,ultrabooks,Laptops,2026-06-13 18:23:35,1,Apple Business Productivity Notebook
SRCH_003726,CUST_02802,mobile accessories,Accessories,2026-08-04 04:48:35,1,Portronics Multi-Port 7-in-1 USB-C Hub Adapter - Crimson Red
SRCH_003727,CUST_00774,technology,Books,2026-06-11 04:29:35,1,O'Reilly Python Machine Learning & AI Mastery
SRCH_003728,CUST_01793,shaving & grooming,Personal Care,2026-08-12 17:16:35,1,Dove Gentle Sulfate-Free Moisturizing Body Lotion
SRCH_003729,CUST_00617,technology,Books,2026-03-31 04:49:35,1,HarperCollins Designing Data-Intensive Applications
SRCH_003730,CUST_00703,small appliances,Kitchen,2026-06-02 02:23:35,1,Pigeon Airtight Glass Food Storage Jars
SRCH_003731,CUST_02358,storage & containers,Kitchen,2026-04-18 11:25:35,1,Prestige Airtight Glass Food Storage Jars
SRCH_003732,CUST_02205,television,Electronics,2026-03-29 16:18:35,1,Samsung Action Camera 4K Waterproof
SRCH_003733,CUST_00961,small appliances,Kitchen,2026-07-06 23:05:35,1,Wonderchef Heavy-Duty 750W Mixer Grinder - Pearl White
SRCH_003734,CUST_02983,furniture,Furniture,2026-07-29 21:28:35,1,Wakefit Modern Engineered Wood Computer Desk - Silver
SRCH_003735,CUST_00949,gaming,Gaming,2026-07-28 07:00:35,1,Corsair RGB Mechanical Gaming Keyboard - Rose Gold
SRCH_003736,CUST_02049,cooking essentials,Grocery,2026-07-01 12:39:35,1,Nestle Artisan Dark Roasted Arabica Coffee Beans 250g - Pearl White
SRCH_003737,CUST_02318,kitchen,Kitchen,2026-03-25 02:09:35,1,Milton Heavy-Duty 750W Mixer Grinder - Pearl White
SRCH_003738,CUST_02785,fashion,Fashion,2026-07-28 17:23:35,1,Raymond Denim Trucker Jacket
SRCH_003739,CUST_00110,shaving & grooming,Personal Care,2026-06-29 18:30:35,1,Philips Deep Cleansing Charcoal Body Wash 500ml - Pearl White
SRCH_003740,CUST_00387,winterwear,Fashion,2026-04-19 22:03:35,1,FabIndia Floral Print Maxi Summer Dress - Midnight Black
SRCH_003741,CUST_00541,gaming,Gaming,2026-04-13 15:37:35,1,Xbox Surround Sound Gaming Headset with Mic
SRCH_003742,CUST_02467,home,Home,2026-07-18 17:24:35,1,Solimo Velvet Touch Blackout Window Curtains - Classic Beige
SRCH_003743,CUST_00647,makeup,Beauty,2026-04-20 00:07:35,1,Neutrogena Vitamin C Brightening Facial Cleanser - Silver
SRCH_003744,CUST_00506,care,Personal Care,2026-04-05 21:35:35,1,Philips Sonic Electric Toothbrush with Timer
SRCH_003745,CUST_01068,mobile accessories,Accessories,2026-07-12 11:47:35,1,Logitech Magnetic Qi Fast Wireless Charger Stand - Rose Gold
SRCH_003746,CUST_01790,mobile accessories,Accessories,2026-07-04 18:53:35,1,Spigen 9H Tempered Glass Screen Protector (2-Pack)
SRCH_003747,CUST_01194,beauty,Beauty,2026-03-14 02:09:35,1,The Ordinary Matte Velvet Long-Stay Lipstick - Charcoal
SRCH_003748,CUST_02168,business & finance,Books,2026-04-07 11:06:35,1,O'Reilly Deep Work: Focused Success in a Distracted World - Pearl White
SRCH_003749,CUST_01050,kitchen,Kitchen,2026-04-28 00:42:35,1,Prestige Hard Anodized Non-Stick Cookware Set - Olive Green
SRCH_003750,CUST_00379,care,Personal Care,2026-04-09 07:57:35,1,Philips Cordless Rechargeable Beard Trimmer
SRCH_003751,CUST_01665,gaming,Gaming,2026-09-01 21:23:35,1,Razer Next-Gen Home Gaming Console 1TB
SRCH_003752,CUST_01406,shaving & grooming,Personal Care,2026-05-24 14:55:35,1,Dove Gentle Sulfate-Free Moisturizing Body Lotion - Space Gray
SRCH_003753,CUST_02485,technology,Books,2026-04-14 20:01:35,1,Bloomsbury Designing Data-Intensive Applications - Olive Green
SRCH_003754,CUST_00215,accessories,Gaming,2026-08-07 06:12:35,1,Corsair Wireless Haptic Feedback Gaming Controller - Classic Beige
SRCH_003755,CUST_00787,television,Electronics,2026-06-14 14:39:35,1,Bose Bass Soundbar with Subwoofer - Midnight Black
SRCH_003756,CUST_01132,mid-range,Mobiles,2026-05-14 10:49:35,1,Xiaomi Pure Android Experience 5G - Charcoal
SRCH_003757,CUST_02550,accessories,Accessories,2026-09-04 17:41:35,1,Portronics Ergonomic Silent Wireless Mouse
SRCH_003758,CUST_00448,running shoes,Footwear,2026-06-03 15:12:35,1,Puma Comfort Walking Slip-On Shoes
SRCH_003759,CUST_00855,bags & backpacks,Accessories,2026-04-21 22:24:35,1,Anker Shockproof Clear Phone Case - Crimson Red
SRCH_003760,CUST_00491,footwear,Footwear,2026-07-23 22:29:35,1,Adidas Genuine Leather Oxford Shoes
SRCH_003761,CUST_01363,fashion,Fashion,2026-06-10 01:08:35,1,Levis Solid Crew Neck Cotton T-Shirt - Midnight Black
SRCH_003762,CUST_00128,fitness equipment,Sports,2026-06-14 23:26:35,1,Decathlon Extra Thick Non-Slip Eco Yoga Mat - Pearl White
SRCH_003763,CUST_01463,living room,Furniture,2026-04-09 19:46:35,1,Sleepyhead Orthopedic Memory Foam Mattress 6-inch - Pearl White
SRCH_003764,CUST_01635,cookware,Kitchen,2026-07-17 03:35:35,1,Hawkins Stainless Steel Chef Knife Set - Space Gray
SRCH_003765,CUST_02347,beauty,Beauty,2026-07-06 18:22:35,1,The Ordinary Luxury Eau De Parfum 100ml - Classic Beige
SRCH_003766,CUST_01778,makeup,Beauty,2026-08-12 09:06:35,1,Nivea Keratin Smoothing Hair Mask - Olive Green
SRCH_003767,CUST_02048,audio,Electronics,2026-07-19 19:49:35,1,LG Smart Wi-Fi Security Camera - Midnight Black
SRCH_003768,CUST_01718,home,Home,2026-07-17 21:31:35,1,Home Centre Collapsible Fabric Storage Organizers - Charcoal
SRCH_003769,CUST_02039,footwear,Footwear,2026-07-30 09:13:35,1,Nike Comfort Walking Slip-On Shoes
SRCH_003770,CUST_00335,electronics,Electronics,2026-07-16 02:57:35,1,JBL Bass Soundbar with Subwoofer - Midnight Black
SRCH_003771,CUST_02500,office,Furniture,2026-06-02 23:02:35,1,Sleepyhead Contemporary 3-Seater Fabric Sofa - Crimson Red
SRCH_003772,CUST_02061,yoga,Sports,2026-06-19 05:32:35,1,Cosco Extra Thick Non-Slip Eco Yoga Mat
SRCH_003773,CUST_01829,mobiles,Mobiles,2026-07-24 14:35:35,1,Google Smooth Display Mid-Range 5G - Midnight Black
SRCH_003774,CUST_00303,sports,Sports,2026-07-05 03:00:35,1,Nivia Quick Dry Athletic Training Shorts - Midnight Black
SRCH_003775,CUST_01404,running shoes,Footwear,2026-05-24 18:47:35,1,Clarks Comfort Walking Slip-On Shoes - Crimson Red
SRCH_003776,CUST_02513,business & finance,Books,2026-05-06 05:01:35,1,HarperCollins Designing Data-Intensive Applications
SRCH_003777,CUST_00342,personal care,Personal Care,2026-07-01 06:49:35,1,Colgate Gentle Sulfate-Free Moisturizing Body Lotion - Midnight Black
SRCH_003778,CUST_02500,office,Furniture,2026-06-26 13:51:35,1,Wakefit Ergonomic Mesh High-Back Office Chair
SRCH_003779,CUST_01209,smart devices,Electronics,2026-08-02 18:28:35,1,Sony Noise Cancelling Wireless Earbuds - Rose Gold
SRCH_003780,CUST_01448,winterwear,Fashion,2026-03-22 18:22:35,1,Levis Handcrafted Cotton Kurta
SRCH_003781,CUST_02582,accessories,Accessories,2026-06-17 22:16:35,1,Logitech Magnetic Qi Fast Wireless Charger Stand - Rose Gold
SRCH_003782,CUST_00114,living room,Furniture,2026-07-08 14:33:35,1,Sleepyhead Contemporary 3-Seater Fabric Sofa - Crimson Red
SRCH_003783,CUST_00366,living room,Furniture,2026-03-22 05:55:35,1,Sleepyhead Minimalist Nesting Coffee Tables - Space Gray
SRCH_003784,CUST_02831,mid-range,Mobiles,2026-04-06 06:23:35,1,Samsung Smartphone Ultra 5G - Space Gray
SRCH_003785,CUST_00008,fragrances,Beauty,2026-07-03 14:08:35,1,L'Oreal Matte Liquid Longwear Foundation
SRCH_003786,CUST_02247,home,Home,2026-08-03 12:49:35,1,IKEA Velvet Touch Blackout Window Curtains - Midnight Black
SRCH_003787,CUST_02784,fashion,Fashion,2026-04-05 06:55:35,1,Adidas Denim Trucker Jacket
SRCH_003788,CUST_01849,bedding,Home,2026-03-26 22:18:35,1,Philips 100% Cotton 300TC Double Bed Sheet - Rose Gold
SRCH_003789,CUST_01668,furniture,Furniture,2026-08-08 03:27:35,1,Sleepyhead Minimalist Nesting Coffee Tables
SRCH_003790,CUST_02732,business & finance,Books,2026-05-07 12:40:35,1,Bloomsbury Python Machine Learning & AI Mastery - Charcoal
SRCH_003791,CUST_00348,footwear,Footwear,2026-06-02 06:43:35,1,Adidas Cushioned Running Shoes - Silver
SRCH_003792,CUST_02611,laptops,Laptops,2026-06-14 07:05:35,1,Apple Creator Studio Laptop 4K OLED - Classic Beige
SRCH_003793,CUST_01565,winterwear,Fashion,2026-09-01 21:54:35,1,Puma Cozy Fleece Pullover Hoodie - Classic Beige
SRCH_003794,CUST_00843,smart devices,Electronics,2026-03-28 20:07:35,1,JBL Noise Cancelling Wireless Earbuds - Space Gray
SRCH_003795,CUST_02302,accessories,Gaming,2026-08-15 15:25:35,1,Logitech G RGB Mechanical Gaming Keyboard - Classic Beige
SRCH_003796,CUST_01133,audio,Electronics,2026-07-03 10:05:35,1,JBL Wireless Bluetooth Headphones
SRCH_003797,CUST_01058,kitchen,Kitchen,2026-04-11 16:57:35,1,Hawkins Airtight Glass Food Storage Jars
SRCH_003798,CUST_02775,yoga,Sports,2026-08-04 16:42:35,1,Puma Extra Thick Non-Slip Eco Yoga Mat
SRCH_003799,CUST_02849,outdoor sports,Sports,2026-08-22 07:05:35,1,Nivia Quick Dry Athletic Training Shorts - Crimson Red
SRCH_003800,CUST_02335,small appliances,Kitchen,2026-08-23 05:35:35,1,Pigeon Airtight Glass Food Storage Jars
SRCH_003801,CUST_02488,accessories,Gaming,2026-09-04 00:41:35,1,Corsair RGB Mechanical Gaming Keyboard - Rose Gold
SRCH_003802,CUST_00168,television,Electronics,2026-06-18 22:23:35,1,Boat Noise Cancelling Wireless Earbuds
SRCH_003803,CUST_00513,television,Electronics,2026-06-03 05:39:35,1,LG Action Camera 4K Waterproof
SRCH_003804,CUST_00429,business & finance,Books,2026-07-07 08:43:35,1,Bloomsbury The Psychology of Money
SRCH_003805,CUST_00533,footwear,Footwear,2026-05-26 20:10:35,1,Adidas Waterproof Outdoor Hiking Boots - Rose Gold
SRCH_003806,CUST_01573,sneakers,Footwear,2026-08-26 23:19:35,1,Adidas Cushioned Running Shoes - Silver
SRCH_003807,CUST_01078,running shoes,Footwear,2026-08-12 04:40:35,1,Clarks Cushioned Running Shoes
SRCH_003808,CUST_02950,office,Furniture,2026-03-15 19:25:35,1,Godrej Interio Ergonomic Mesh High-Back Office Chair - Crimson Red
SRCH_003809,CUST_00141,home,Home,2026-08-18 22:33:35,1,IKEA 100% Cotton 300TC Double Bed Sheet
SRCH_003810,CUST_01061,fashion,Fashion,2026-03-16 12:40:35,1,FabIndia Solid Crew Neck Cotton T-Shirt - Midnight Black
SRCH_003811,CUST_01756,technology,Books,2026-07-25 10:06:35,1,O'Reilly The Psychology of Money - Charcoal
SRCH_003812,CUST_01825,decor,Home,2026-06-17 12:10:35,1,Solimo Handwoven Boho Area Rug - Midnight Black
SRCH_003813,CUST_00841,personal care,Personal Care,2026-08-10 03:11:35,1,Gillette Sonic Electric Toothbrush with Timer - Charcoal
SRCH_003814,CUST_02156,bedding,Home,2026-05-11 14:24:35,1,Philips Velvet Touch Blackout Window Curtains - Space Gray
SRCH_003815,CUST_00600,mid-range,Mobiles,2026-08-11 03:16:35,1,Motorola Smartphone Ultra 5G - Midnight Black
SRCH_003816,CUST_01799,storage & containers,Kitchen,2026-04-11 18:48:35,1,Pigeon Airtight Glass Food Storage Jars
SRCH_003817,CUST_02767,ultrabooks,Laptops,2026-05-01 14:58:35,1,HP Ultra-Slim Metal Ultrabook - Charcoal
SRCH_003818,CUST_01051,office,Furniture,2026-06-07 12:49:35,1,Sleepyhead Contemporary 3-Seater Fabric Sofa - Crimson Red
SRCH_003819,CUST_02674,laptops,Laptops,2026-09-02 14:32:35,1,Lenovo Ultra-Slim Metal Ultrabook
SRCH_003820,CUST_00584,mobiles,Mobiles,2026-05-14 10:46:35,1,Apple Battery King Phone 6000mAh - Rose Gold
SRCH_003821,CUST_01199,ultrabooks,Laptops,2026-06-09 04:33:35,1,HP Creator Studio Laptop 4K OLED - Pearl White
SRCH_003822,CUST_01796,budget,Mobiles,2026-08-06 07:27:35,1,Xiaomi Pure Android Experience 5G - Charcoal
SRCH_003823,CUST_02137,electronics,Electronics,2026-05-09 16:27:35,1,LG 4K Ultra HD Smart TV 55-inch - Olive Green
SRCH_003824,CUST_01892,electronics,Electronics,2026-08-15 15:30:35,1,Sony Compact Bluetooth Speaker
SRCH_003825,CUST_00677,budget,Mobiles,2026-05-30 19:58:35,1,Realme NextGen Smartphone Pro Max - Charcoal
SRCH_003826,CUST_00820,accessories,Gaming,2026-05-13 00:52:35,1,Xbox Surround Sound Gaming Headset with Mic - Olive Green
SRCH_003827,CUST_00184,furniture,Furniture,2026-04-19 02:43:35,1,Urban Ladder Minimalist Nesting Coffee Tables
SRCH_003828,CUST_02956,beauty,Beauty,2026-03-13 16:47:35,1,Maybelline Hydrating Hyaluronic Acid Serum
SRCH_003829,CUST_00252,electronics,Electronics,2026-06-10 19:08:35,1,Sony Digital Mirrorless Camera - Space Gray
SRCH_003830,CUST_02890,laptops,Laptops,2026-05-17 19:00:35,1,Asus Creator Studio Laptop 4K OLED - Crimson Red
SRCH_003831,CUST_01210,laptops,Laptops,2026-05-19 00:22:35,1,Acer Student Essential Laptop - Olive Green
SRCH_003832,CUST_01792,mobile accessories,Accessories,2026-06-22 13:31:35,1,American Tourister Shockproof Clear Phone Case - Crimson Red
SRCH_003833,CUST_00871,laptops,Laptops,2026-04-22 05:36:35,1,Acer Ultra-Slim Metal Ultrabook - Classic Beige
SRCH_003834,CUST_01327,accessories,Gaming,2026-06-18 17:15:35,1,Razer Next-Gen Home Gaming Console 1TB
SRCH_003835,CUST_02207,home,Home,2026-08-06 08:00:35,1,D'Decor Velvet Touch Blackout Window Curtains
SRCH_003836,CUST_00297,running shoes,Footwear,2026-07-15 02:26:35,1,Bata Genuine Leather Oxford Shoes - Navy Blue
SRCH_003837,CUST_00250,winterwear,Fashion,2026-07-02 21:44:35,1,FabIndia Denim Trucker Jacket
SRCH_003838,CUST_02866,men's clothing,Fashion,2026-07-26 08:04:35,1,Adidas Floral Print Maxi Summer Dress - Midnight Black
SRCH_003839,CUST_01719,men's clothing,Fashion,2026-08-05 10:05:35,1,Nike Floral Print Maxi Summer Dress - Charcoal
SRCH_003840,CUST_01011,ultrabooks,Laptops,2026-07-16 07:21:35,1,Asus Business Productivity Notebook
SRCH_003841,CUST_00877,shaving & grooming,Personal Care,2026-05-19 06:21:35,1,Oral-B Deep Cleansing Charcoal Body Wash 500ml - Midnight Black
SRCH_003842,CUST_00393,small appliances,Kitchen,2026-03-12 16:22:35,1,Hawkins Heavy-Duty 750W Mixer Grinder - Olive Green
SRCH_003843,CUST_00649,cookware,Kitchen,2026-06-10 08:29:35,1,Milton Stainless Steel Chef Knife Set - Charcoal
SRCH_003844,CUST_00910,snacks,Grocery,2026-08-25 03:08:35,1,Tata Organic Green Tea Herbal Infusion 100 Bags - Olive Green
SRCH_003845,CUST_00133,electronics,Electronics,2026-05-14 16:34:35,1,Noise 4K Ultra HD Smart TV 55-inch
SRCH_003846,CUST_02569,footwear,Footwear,2026-04-27 06:34:35,1,Puma Comfort Walking Slip-On Shoes
SRCH_003847,CUST_01532,home,Home,2026-08-23 12:04:35,1,IKEA 100% Cotton 300TC Double Bed Sheet
SRCH_003848,CUST_02010,personal,Personal Care,2026-03-26 17:48:35,1,Dettol Gentle Sulfate-Free Moisturizing Body Lotion - Space Gray
SRCH_003849,CUST_00491,accessories,Gaming,2026-03-31 09:00:35,1,SteelSeries Wireless Haptic Feedback Gaming Controller - Midnight Black
SRCH_003850,CUST_00424,electronics,Electronics,2026-07-14 04:02:35,1,JBL Wireless Bluetooth Headphones
SRCH_003851,CUST_00248,lighting,Home,2026-07-13 18:16:35,1,Spaces Collapsible Fabric Storage Organizers
SRCH_003852,CUST_01302,winterwear,Fashion,2026-04-28 01:23:35,1,Puma Denim Trucker Jacket
SRCH_003853,CUST_00363,wearables,Electronics,2026-08-28 00:09:35,1,JBL Smart Fitness Watch
SRCH_003854,CUST_00727,mobiles,Mobiles,2026-04-07 17:18:35,1,Apple Sleek Curve Screen 5G Phone
SRCH_003855,CUST_02355,business & finance,Books,2026-05-28 23:54:35,1,Penguin Atomic Habits: Build Good Habits
SRCH_003856,CUST_02547,beverages,Grocery,2026-05-21 01:33:35,1,Saffola Artisan Dark Roasted Arabica Coffee Beans 250g
SRCH_003857,CUST_02666,running shoes,Footwear,2026-06-03 02:55:35,1,Adidas Genuine Leather Oxford Shoes
SRCH_003858,CUST_00434,small appliances,Kitchen,2026-08-24 23:53:35,1,Pigeon Heavy-Duty 750W Mixer Grinder
SRCH_003859,CUST_01013,electronics,Electronics,2026-06-09 05:56:35,1,Samsung Noise Cancelling Wireless Earbuds - Silver
SRCH_003860,CUST_00963,men's clothing,Fashion,2026-05-29 01:25:35,1,Raymond Denim Trucker Jacket
SRCH_003861,CUST_00301,books,Books,2026-08-02 07:21:35,1,O'Reilly Designing Data-Intensive Applications - Midnight Black
SRCH_003862,CUST_00380,business & finance,Books,2026-06-10 17:36:35,1,HarperCollins Designing Data-Intensive Applications
SRCH_003863,CUST_00530,men's clothing,Fashion,2026-04-05 05:43:35,1,Puma Solid Crew Neck Cotton T-Shirt
SRCH_003864,CUST_00970,footwear,Footwear,2026-08-25 16:43:35,1,Puma Genuine Leather Oxford Shoes
SRCH_003865,CUST_01815,gaming,Gaming,2026-07-18 01:32:35,1,Logitech G Ultra-Lightweight 8KHz Optical Gaming Mouse - Pearl White
SRCH_003866,CUST_00197,smart devices,Electronics,2026-06-26 17:14:35,1,Sony 4K Ultra HD Smart TV 55-inch
SRCH_003867,CUST_01730,controllers,Gaming,2026-03-18 22:57:35,1,Xbox Surround Sound Gaming Headset with Mic - Rose Gold
SRCH_003868,CUST_01008,men's clothing,Fashion,2026-05-28 07:47:35,1,Zara Solid Crew Neck Cotton T-Shirt - Olive Green
SRCH_003869,CUST_00202,gaming,Gaming,2026-03-31 12:01:35,1,Corsair Wireless Haptic Feedback Gaming Controller
SRCH_003870,CUST_02586,books,Books,2026-06-08 23:00:35,1,Penguin Atomic Habits: Build Good Habits - Crimson Red
SRCH_003871,CUST_01847,laptops,Laptops,2026-07-31 13:01:35,1,MSI Student Essential Laptop - Space Gray
SRCH_003872,CUST_00442,sports,Sports,2026-04-19 08:05:35,1,Nivia Carbon Fiber Badminton Racket - Olive Green
SRCH_003873,CUST_02018,gaming laptops,Laptops,2026-07-13 22:23:35,1,Acer Student Essential Laptop - Olive Green
SRCH_003874,CUST_02313,fashion,Fashion,2026-08-03 03:04:35,1,Puma Casual Stretch Chino Trousers - Navy Blue
SRCH_003875,CUST_01006,storage & containers,Kitchen,2026-09-02 20:59:35,1,Milton Airtight Glass Food Storage Jars
SRCH_003876,CUST_01096,accessories,Gaming,2026-04-30 18:32:35,1,Corsair Wireless Haptic Feedback Gaming Controller - Classic Beige
SRCH_003877,CUST_02940,shaving & grooming,Personal Care,2026-03-21 11:46:35,1,Gillette Gentle Sulfate-Free Moisturizing Body Lotion
SRCH_003878,CUST_00518,running shoes,Footwear,2026-06-12 05:25:35,1,Clarks Comfort Walking Slip-On Shoes - Crimson Red
SRCH_003879,CUST_01537,running shoes,Footwear,2026-04-25 13:24:35,1,Bata Genuine Leather Oxford Shoes - Navy Blue
SRCH_003880,CUST_01639,mid-range,Mobiles,2026-07-10 06:26:35,1,Google Pure Android Experience 5G - Pearl White
SRCH_003881,CUST_00630,home,Home,2026-05-28 10:30:35,1,IKEA Handwoven Boho Area Rug - Rose Gold
SRCH_003882,CUST_01578,shaving & grooming,Personal Care,2026-03-25 17:34:35,1,Philips Cordless Rechargeable Beard Trimmer
SRCH_003883,CUST_00202,audio,Electronics,2026-06-29 00:11:35,1,Sony Smart Fitness Watch
SRCH_003884,CUST_00468,office,Furniture,2026-04-12 09:44:35,1,Wakefit Minimalist Nesting Coffee Tables - Charcoal
SRCH_003885,CUST_02682,wearables,Electronics,2026-04-22 15:00:35,1,JBL Wireless Bluetooth Headphones
SRCH_003886,CUST_01175,technology,Books,2026-04-02 20:12:35,1,Bloomsbury Python Machine Learning & AI Mastery - Charcoal
SRCH_003887,CUST_01558,electronics,Electronics,2026-06-01 07:04:35,1,Samsung Noise Cancelling Wireless Earbuds - Pearl White
SRCH_003888,CUST_00656,audio,Electronics,2026-03-13 20:44:35,1,Bose Bass Soundbar with Subwoofer - Midnight Black
SRCH_003889,CUST_00778,mobiles,Mobiles,2026-05-18 22:44:35,1,Apple Battery King Phone 6000mAh - Rose Gold
SRCH_003890,CUST_02748,laptops,Laptops,2026-03-31 02:11:35,1,Apple Pro Gaming Laptop RTX 4070
SRCH_003891,CUST_01905,mobile accessories,Accessories,2026-03-20 02:51:35,1,Anker 9H Tempered Glass Screen Protector (2-Pack)
SRCH_003892,CUST_01527,care,Personal Care,2026-03-28 03:28:35,1,Colgate Cordless Rechargeable Beard Trimmer - Space Gray
SRCH_003893,CUST_00811,office,Furniture,2026-07-19 12:36:35,1,Urban Ladder Minimalist Nesting Coffee Tables - Space Gray
SRCH_003894,CUST_02713,small appliances,Kitchen,2026-08-22 20:17:35,1,Philips Heavy-Duty 750W Mixer Grinder - Space Gray
SRCH_003895,CUST_00496,mobiles,Mobiles,2026-04-17 12:03:35,1,OnePlus Smooth Display Mid-Range 5G - Navy Blue
SRCH_003896,CUST_02619,television,Electronics,2026-07-18 09:35:35,1,Sennheiser Wireless Bluetooth Headphones
SRCH_003897,CUST_01904,furniture,Furniture,2026-05-03 15:02:35,1,Sleepyhead Minimalist Nesting Coffee Tables - Charcoal
SRCH_003898,CUST_01359,snacks,Grocery,2026-07-08 20:02:35,1,Organic India Roasted California Almonds 500g - Crimson Red
SRCH_003899,CUST_02407,bedding,Home,2026-08-02 20:09:35,1,Philips Handwoven Boho Area Rug
SRCH_003900,CUST_00714,makeup,Beauty,2026-05-04 06:32:35,1,Neutrogena Hydrating Hyaluronic Acid Serum
SRCH_003901,CUST_02167,storage & containers,Kitchen,2026-07-28 18:14:35,1,Prestige Electric Rapid Air Fryer 4.5L
SRCH_003902,CUST_02390,storage & containers,Kitchen,2026-04-13 14:24:35,1,Wonderchef Hard Anodized Non-Stick Cookware Set - Olive Green
SRCH_003903,CUST_00487,controllers,Gaming,2026-07-22 09:34:35,1,Logitech G Ultra-Lightweight 8KHz Optical Gaming Mouse - Olive Green
SRCH_003904,CUST_00346,laptops,Laptops,2026-07-07 18:44:35,1,HP Student Essential Laptop - Space Gray
SRCH_003905,CUST_02337,accessories,Gaming,2026-03-26 14:52:35,1,Xbox Wireless Haptic Feedback Gaming Controller
SRCH_003906,CUST_02828,wearables,Electronics,2026-03-18 04:03:35,1,Samsung Action Camera 4K Waterproof
SRCH_003907,CUST_01931,mid-range,Mobiles,2026-05-10 11:49:35,1,OnePlus Battery King Phone 6000mAh - Space Gray
SRCH_003908,CUST_02945,fashion,Fashion,2026-05-20 20:54:35,1,H&M Handcrafted Cotton Kurta - Rose Gold
SRCH_003909,CUST_00151,running shoes,Footwear,2026-06-28 08:17:35,1,Adidas Genuine Leather Oxford Shoes
SRCH_003910,CUST_00216,fashion,Fashion,2026-06-01 13:32:35,1,H&M Tailored Formal Oxford Shirt
SRCH_003911,CUST_01470,electronics,Electronics,2026-04-08 13:33:35,1,Samsung Digital Mirrorless Camera - Space Gray
SRCH_003912,CUST_01115,personal,Personal Care,2026-04-07 09:05:35,1,Philips Cordless Rechargeable Beard Trimmer
SRCH_003913,CUST_02519,bedding,Home,2026-03-20 23:10:35,1,Home Centre Collapsible Fabric Storage Organizers - Charcoal
SRCH_003914,CUST_01948,bags & backpacks,Accessories,2026-07-25 11:03:35,1,American Tourister 9H Tempered Glass Screen Protector (2-Pack) - Rose Gold
SRCH_003915,CUST_01585,storage & containers,Kitchen,2026-04-27 15:35:35,1,Hawkins Electric Rapid Air Fryer 4.5L
SRCH_003916,CUST_00678,mid-range,Mobiles,2026-08-29 07:20:35,1,Google Sleek Curve Screen 5G Phone - Pearl White
SRCH_003917,CUST_01521,audio,Electronics,2026-09-03 00:30:35,1,Samsung Compact Bluetooth Speaker - Rose Gold
SRCH_003918,CUST_02301,cooking essentials,Grocery,2026-04-19 09:31:35,1,Saffola Organic Green Tea Herbal Infusion 100 Bags
SRCH_003919,CUST_02760,beverages,Grocery,2026-04-07 15:28:35,1,Saffola Organic Raw Honey 500g - Crimson Red
SRCH_003920,CUST_02968,business & finance,Books,2026-03-13 12:10:35,1,HarperCollins Python Machine Learning & AI Mastery - Classic Beige
SRCH_003921,CUST_00419,fitness equipment,Sports,2026-08-16 18:01:35,1,Puma Adjustable Hex Dumbbells Pair - Classic Beige
SRCH_003922,CUST_02955,cookware,Kitchen,2026-08-03 19:44:35,1,Prestige Hard Anodized Non-Stick Cookware Set - Silver
SRCH_003923,CUST_02507,gaming,Gaming,2026-07-23 08:32:35,1,Razer RGB Mechanical Gaming Keyboard
SRCH_003924,CUST_00062,books,Books,2026-07-16 04:54:35,1,Penguin The Psychology of Money - Pearl White
SRCH_003925,CUST_00423,storage & containers,Kitchen,2026-08-09 13:28:35,1,Wonderchef Heavy-Duty 750W Mixer Grinder - Pearl White
SRCH_003926,CUST_01225,decor,Home,2026-06-09 04:41:35,1,Solimo Smart LED Color Ambient Bulb - Olive Green
SRCH_003927,CUST_00773,beverages,Grocery,2026-04-29 18:57:35,1,Saffola Organic Green Tea Herbal Infusion 100 Bags
SRCH_003928,CUST_01109,ultrabooks,Laptops,2026-08-22 02:55:35,1,HP Creator Studio Laptop 4K OLED
SRCH_003929,CUST_02011,business & finance,Books,2026-05-24 06:40:35,1,O'Reilly Python Machine Learning & AI Mastery
SRCH_003930,CUST_01163,office,Furniture,2026-07-22 10:15:35,1,Urban Ladder Modern Engineered Wood Computer Desk - Silver
SRCH_003931,CUST_00170,technology,Books,2026-04-27 19:01:35,1,Bloomsbury Python Machine Learning & AI Mastery - Charcoal
SRCH_003932,CUST_00474,mid-range,Mobiles,2026-06-02 23:03:35,1,Realme Battery King Phone 6000mAh
SRCH_003933,CUST_00656,accessories,Gaming,2026-03-21 00:04:35,1,Logitech G RGB Mechanical Gaming Keyboard - Navy Blue
SRCH_003934,CUST_01245,laptops,Laptops,2026-06-17 15:33:35,1,Apple Ultra-Slim Metal Ultrabook
SRCH_003935,CUST_01456,storage & containers,Kitchen,2026-07-19 15:30:35,1,Prestige Electric Rapid Air Fryer 4.5L
SRCH_003936,CUST_01529,accessories,Gaming,2026-07-01 21:21:35,1,Corsair Surround Sound Gaming Headset with Mic - Olive Green
SRCH_003937,CUST_02470,personal care,Personal Care,2026-08-04 20:42:35,1,Philips Sonic Electric Toothbrush with Timer
SRCH_003938,CUST_01538,personal,Personal Care,2026-07-29 09:08:35,1,Gillette Cordless Rechargeable Beard Trimmer - Silver
SRCH_003939,CUST_01644,business & finance,Books,2026-07-10 19:37:35,1,O'Reilly Designing Data-Intensive Applications - Midnight Black
SRCH_003940,CUST_01242,shaving & grooming,Personal Care,2026-05-02 17:50:35,1,Colgate Gentle Sulfate-Free Moisturizing Body Lotion - Olive Green
SRCH_003941,CUST_02215,fitness equipment,Sports,2026-07-16 11:45:35,1,Decathlon Extra Thick Non-Slip Eco Yoga Mat - Pearl White
SRCH_003942,CUST_00883,personal care,Personal Care,2026-06-06 13:56:35,1,Gillette Gentle Sulfate-Free Moisturizing Body Lotion - Navy Blue
SRCH_003943,CUST_00895,fragrances,Beauty,2026-09-03 05:19:35,1,Maybelline Hydrating Hyaluronic Acid Serum - Navy Blue
SRCH_003944,CUST_02254,running shoes,Footwear,2026-09-02 20:34:35,1,Nike Comfort Walking Slip-On Shoes - Pearl White
SRCH_003945,CUST_00023,business & finance,Books,2026-09-02 17:01:35,1,HarperCollins Designing Data-Intensive Applications
SRCH_003946,CUST_00331,gaming,Gaming,2026-06-09 04:17:35,1,Xbox Wireless Haptic Feedback Gaming Controller
SRCH_003947,CUST_00692,gaming,Gaming,2026-05-18 11:22:35,1,SteelSeries Wireless Haptic Feedback Gaming Controller - Rose Gold
SRCH_003948,CUST_01222,mid-range,Mobiles,2026-09-01 18:40:35,1,Motorola Battery King Phone 6000mAh
SRCH_003949,CUST_00520,business & finance,Books,2026-06-21 16:38:35,1,Bloomsbury Designing Data-Intensive Applications - Olive Green
SRCH_003950,CUST_01392,footwear,Footwear,2026-04-11 04:11:35,1,Bata Cushioned Running Shoes
SRCH_003951,CUST_00225,bath & body,Personal Care,2026-07-06 16:12:35,1,Colgate Deep Cleansing Charcoal Body Wash 500ml - Charcoal
SRCH_003952,CUST_01970,running shoes,Footwear,2026-08-04 15:01:35,1,Adidas Genuine Leather Oxford Shoes
SRCH_003953,CUST_00372,fragrances,Beauty,2026-05-03 01:15:35,1,Minimalist Keratin Smoothing Hair Mask
SRCH_003954,CUST_02229,fashion,Fashion,2026-07-24 03:02:35,1,Raymond Floral Print Maxi Summer Dress
SRCH_003955,CUST_01027,living room,Furniture,2026-03-31 14:14:35,1,Urban Ladder Ergonomic Mesh High-Back Office Chair
SRCH_003956,CUST_01195,books,Books,2026-04-30 15:12:35,1,O'Reilly Deep Work: Focused Success in a Distracted World - Charcoal
SRCH_003957,CUST_02442,accessories,Accessories,2026-05-14 18:12:35,1,Spigen Water-Resistant Laptop Backpack 15.6-inch - Charcoal
SRCH_003958,CUST_02834,small appliances,Kitchen,2026-06-01 14:28:35,1,Hawkins Heavy-Duty 750W Mixer Grinder - Olive Green
SRCH_003959,CUST_01725,winterwear,Fashion,2026-05-02 09:20:35,1,Raymond Floral Print Maxi Summer Dress
SRCH_003960,CUST_02808,mid-range,Mobiles,2026-04-02 20:12:35,1,Samsung Smartphone Ultra 5G - Space Gray
SRCH_003961,CUST_02554,lighting,Home,2026-05-06 18:23:35,1,Home Centre Collapsible Fabric Storage Organizers - Charcoal
SRCH_003962,CUST_00761,gaming,Gaming,2026-08-26 10:02:35,1,Logitech G Surround Sound Gaming Headset with Mic
SRCH_003963,CUST_00590,budget,Mobiles,2026-05-18 00:20:35,1,Motorola Sleek Curve Screen 5G Phone - Charcoal
SRCH_003964,CUST_00026,small appliances,Kitchen,2026-04-12 05:25:35,1,Pigeon Heavy-Duty 750W Mixer Grinder - Charcoal
SRCH_003965,CUST_02176,sports,Sports,2026-09-02 19:10:35,1,Puma Adjustable Hex Dumbbells Pair
SRCH_003966,CUST_01512,sneakers,Footwear,2026-08-03 03:27:35,1,Bata Cushioned Running Shoes
SRCH_003967,CUST_00887,footwear,Footwear,2026-08-14 10:49:35,1,Nike Comfort Walking Slip-On Shoes - Pearl White
SRCH_003968,CUST_02714,audio,Electronics,2026-07-05 21:03:35,1,Sennheiser Smart Home Voice Hub - Olive Green
SRCH_003969,CUST_00871,beverages,Grocery,2026-08-03 16:36:35,1,Nestle Artisan Dark Roasted Arabica Coffee Beans 250g
SRCH_003970,CUST_02595,cookware,Kitchen,2026-08-01 19:09:35,1,Milton Heavy-Duty 750W Mixer Grinder - Crimson Red
SRCH_003971,CUST_01468,smart devices,Electronics,2026-08-07 11:58:35,1,Boat Smart Fitness Watch
SRCH_003972,CUST_01198,books,Books,2026-03-26 09:26:35,1,O'Reilly Python Machine Learning & AI Mastery
SRCH_003973,CUST_01088,gaming,Gaming,2026-08-18 05:08:35,1,Logitech G Surround Sound Gaming Headset with Mic
SRCH_003974,CUST_02446,running shoes,Footwear,2026-07-22 23:08:35,1,Bata Waterproof Outdoor Hiking Boots - Pearl White
SRCH_003975,CUST_00144,shaving & grooming,Personal Care,2026-05-27 14:12:35,1,Gillette Sonic Electric Toothbrush with Timer
SRCH_003976,CUST_00385,laptops,Laptops,2026-04-03 17:29:35,1,Apple Business Productivity Notebook
SRCH_003977,CUST_02337,mobiles,Mobiles,2026-04-01 18:14:35,1,Google Sleek Curve Screen 5G Phone - Pearl White
SRCH_003978,CUST_01028,controllers,Gaming,2026-07-30 16:40:35,1,Xbox Next-Gen Home Gaming Console 1TB - Silver
SRCH_003979,CUST_01760,shaving & grooming,Personal Care,2026-08-20 22:59:35,1,Dove Sonic Electric Toothbrush with Timer - Space Gray
SRCH_003980,CUST_00952,television,Electronics,2026-07-25 02:16:35,1,Samsung Noise Cancelling Wireless Earbuds - Pearl White
SRCH_003981,CUST_00567,gaming,Gaming,2026-07-09 09:20:35,1,Corsair RGB Mechanical Gaming Keyboard - Rose Gold
SRCH_003982,CUST_02851,winterwear,Fashion,2026-07-03 15:49:35,1,Puma Denim Trucker Jacket - Silver
SRCH_003983,CUST_00136,gaming laptops,Laptops,2026-05-06 22:11:35,1,Apple Creator Studio Laptop 4K OLED - Classic Beige
SRCH_003984,CUST_01932,mobiles,Mobiles,2026-04-20 20:55:35,1,OnePlus NextGen Smartphone Pro Max - Rose Gold
SRCH_003985,CUST_00793,fitness equipment,Sports,2026-05-25 00:13:35,1,Decathlon Quick Dry Athletic Training Shorts
SRCH_003986,CUST_01236,technology,Books,2026-05-09 09:04:35,1,O'Reilly The Psychology of Money - Charcoal
SRCH_003987,CUST_00273,budget,Mobiles,2026-08-11 20:39:35,1,Apple Pure Android Experience 5G
SRCH_003988,CUST_02867,mid-range,Mobiles,2026-03-14 07:04:35,1,OnePlus NextGen Smartphone Pro Max
SRCH_003989,CUST_02066,electronics,Electronics,2026-03-27 14:56:35,1,JBL Smart Fitness Watch
SRCH_003990,CUST_01875,budget,Mobiles,2026-07-02 17:52:35,1,OnePlus Smooth Display Mid-Range 5G - Navy Blue
SRCH_003991,CUST_00808,grocery,Grocery,2026-07-21 07:11:35,1,Saffola Organic Green Tea Herbal Infusion 100 Bags
SRCH_003992,CUST_02311,student laptops,Laptops,2026-04-25 03:33:35,1,Dell Ultra-Slim Metal Ultrabook - Charcoal
SRCH_003993,CUST_02515,fashion,Fashion,2026-05-24 23:55:35,1,Adidas Denim Trucker Jacket
SRCH_003994,CUST_00959,fashion,Fashion,2026-05-23 14:40:35,1,Zara Denim Trucker Jacket
SRCH_003995,CUST_00183,furniture,Furniture,2026-03-18 11:15:35,1,Urban Ladder Modern Engineered Wood Computer Desk - Olive Green
SRCH_003996,CUST_01514,mobile accessories,Accessories,2026-08-14 13:44:35,1,American Tourister Ergonomic Silent Wireless Mouse
SRCH_003997,CUST_01283,cooking essentials,Grocery,2026-07-12 14:50:35,1,Organic India Cold-Pressed Extra Virgin Olive Oil 1L
SRCH_003998,CUST_01119,decor,Home,2026-04-12 20:36:35,1,IKEA Handwoven Boho Area Rug - Rose Gold
SRCH_003999,CUST_02975,bedding,Home,2026-04-08 17:43:35,1,Spaces 100% Cotton 300TC Double Bed Sheet - Classic Beige
SRCH_004000,CUST_02119,furniture,Furniture,2026-05-31 10:27:35,1,Urban Ladder Ergonomic Mesh High-Back Office Chair
SRCH_004001,CUST_00691,footwear,Footwear,2026-06-15 06:43:35,1,Adidas Genuine Leather Oxford Shoes
SRCH_004002,CUST_00992,fashion,Fashion,2026-04-20 07:26:35,1,Puma Solid Crew Neck Cotton T-Shirt
SRCH_004003,CUST_01628,technology,Books,2026-07-05 19:26:35,1,Bloomsbury Designing Data-Intensive Applications - Olive Green
SRCH_004004,CUST_00898,ultrabooks,Laptops,2026-05-20 23:58:35,1,Apple Creator Studio Laptop 4K OLED
SRCH_004005,CUST_00898,ultrabooks,Laptops,2026-08-11 08:01:35,1,Acer Ultra-Slim Metal Ultrabook - Olive Green
SRCH_004006,CUST_00830,business & finance,Books,2026-08-01 04:03:35,1,Random House Atomic Habits: Build Good Habits - Classic Beige
SRCH_004007,CUST_01562,living room,Furniture,2026-05-25 22:17:35,1,Sleepyhead Minimalist Nesting Coffee Tables
SRCH_004008,CUST_00598,home,Home,2026-05-29 08:09:35,1,Solimo Handwoven Boho Area Rug - Midnight Black
SRCH_004009,CUST_01161,budget,Mobiles,2026-08-10 09:32:35,1,Apple Pure Android Experience 5G
SRCH_004010,CUST_02455,shaving & grooming,Personal Care,2026-08-14 05:27:35,1,Gillette Cordless Rechargeable Beard Trimmer - Silver
SRCH_004011,CUST_00812,fragrances,Beauty,2026-08-22 01:48:35,1,L'Oreal Keratin Smoothing Hair Mask - Midnight Black
SRCH_004012,CUST_00576,running shoes,Footwear,2026-08-06 08:17:35,1,Adidas Cushioned Running Shoes - Silver
SRCH_004013,CUST_02221,grocery,Grocery,2026-05-01 03:54:35,1,Tata Organic Green Tea Herbal Infusion 100 Bags - Navy Blue
SRCH_004014,CUST_01644,small appliances,Kitchen,2026-06-03 09:35:35,1,Philips Heavy-Duty 750W Mixer Grinder - Space Gray
SRCH_004015,CUST_00613,home,Home,2026-06-29 14:04:35,1,Solimo 100% Cotton 300TC Double Bed Sheet - Silver
SRCH_004016,CUST_00506,accessories,Gaming,2026-08-11 06:11:35,1,SteelSeries Wireless Haptic Feedback Gaming Controller - Midnight Black
SRCH_004017,CUST_00854,television,Electronics,2026-04-27 13:08:35,1,Sony 4K Ultra HD Smart TV 55-inch
SRCH_004018,CUST_02585,technology,Books,2026-08-10 07:06:35,1,Penguin Designing Data-Intensive Applications
SRCH_004019,CUST_02969,budget,Mobiles,2026-06-29 04:14:35,1,Samsung Sleek Curve Screen 5G Phone - Charcoal
SRCH_004020,CUST_00004,fragrances,Beauty,2026-05-21 08:18:35,1,Nivea Vitamin C Brightening Facial Cleanser
SRCH_004021,CUST_02158,laptops,Laptops,2026-08-14 08:37:35,1,Lenovo Pro Gaming Laptop RTX 4070 - Pearl White
SRCH_004022,CUST_00607,mid-range,Mobiles,2026-08-10 22:15:35,1,Realme Battery King Phone 6000mAh
SRCH_004023,CUST_02877,wearables,Electronics,2026-06-17 03:31:35,1,JBL Smart Fitness Watch
SRCH_004024,CUST_01812,small appliances,Kitchen,2026-05-13 21:03:35,1,Prestige Airtight Glass Food Storage Jars - Crimson Red
SRCH_004025,CUST_02745,running shoes,Footwear,2026-03-15 23:56:35,1,Adidas Comfort Walking Slip-On Shoes - Rose Gold
SRCH_004026,CUST_00016,gaming,Gaming,2026-04-01 17:06:35,1,SteelSeries RGB Mechanical Gaming Keyboard - Midnight Black
SRCH_004027,CUST_01640,home,Home,2026-06-12 07:27:35,1,Philips Smart LED Color Ambient Bulb
SRCH_004028,CUST_02792,outdoor sports,Sports,2026-07-08 08:06:35,1,Yonex Adjustable Hex Dumbbells Pair
SRCH_004029,CUST_00032,running shoes,Footwear,2026-04-28 12:31:35,1,Puma Cushioned Running Shoes - Crimson Red
SRCH_004030,CUST_01769,shaving & grooming,Personal Care,2026-06-10 00:48:35,1,Dove Gentle Sulfate-Free Moisturizing Body Lotion - Space Gray
SRCH_004031,CUST_02526,sports,Sports,2026-06-28 05:53:35,1,Decathlon Extra Thick Non-Slip Eco Yoga Mat - Pearl White
SRCH_004032,CUST_00276,books,Books,2026-08-19 16:56:35,1,O'Reilly The Psychology of Money - Charcoal
SRCH_004033,CUST_01577,fashion,Fashion,2026-06-07 16:13:35,1,Zara Solid Crew Neck Cotton T-Shirt - Olive Green
SRCH_004034,CUST_01820,care,Personal Care,2026-04-09 10:55:35,1,Gillette Cordless Rechargeable Beard Trimmer - Olive Green
SRCH_004035,CUST_02751,accessories,Gaming,2026-03-19 23:16:35,1,Logitech G RGB Mechanical Gaming Keyboard - Classic Beige
SRCH_004036,CUST_02917,mid-range,Mobiles,2026-03-16 13:45:35,1,OnePlus NextGen Smartphone Pro Max
SRCH_004037,CUST_02122,bedding,Home,2026-06-27 00:43:35,1,Solimo 100% Cotton 300TC Double Bed Sheet
SRCH_004038,CUST_02986,ultrabooks,Laptops,2026-06-19 03:31:35,1,Lenovo Pro Gaming Laptop RTX 4070 - Midnight Black
SRCH_004039,CUST_00535,men's clothing,Fashion,2026-05-15 14:03:35,1,Raymond Floral Print Maxi Summer Dress
SRCH_004040,CUST_01160,fragrances,Beauty,2026-04-10 05:05:35,1,L'Oreal Matte Liquid Longwear Foundation
SRCH_004041,CUST_02662,mobiles,Mobiles,2026-03-14 02:08:35,1,OnePlus NextGen Smartphone Pro Max - Rose Gold
SRCH_004042,CUST_00429,books,Books,2026-05-05 00:11:35,1,O'Reilly Python Machine Learning & AI Mastery
SRCH_004043,CUST_00650,kitchen,Kitchen,2026-03-29 04:18:35,1,Prestige Hard Anodized Non-Stick Cookware Set - Silver
SRCH_004044,CUST_00716,ultrabooks,Laptops,2026-06-06 20:23:35,1,Acer Ultra-Slim Metal Ultrabook - Classic Beige
SRCH_004045,CUST_01965,kitchen,Kitchen,2026-05-24 14:05:35,1,Philips Airtight Glass Food Storage Jars
SRCH_004046,CUST_00357,controllers,Gaming,2026-07-01 15:42:35,1,SteelSeries Wireless Haptic Feedback Gaming Controller - Midnight Black
SRCH_004047,CUST_02756,wearables,Electronics,2026-03-30 02:36:35,1,Sony 4K Ultra HD Smart TV 55-inch
SRCH_004048,CUST_02493,outdoor sports,Sports,2026-03-12 12:58:35,1,Boldfit Adjustable Hex Dumbbells Pair - Classic Beige
SRCH_004049,CUST_01744,accessories,Gaming,2026-04-03 00:48:35,1,PlayStation Wireless Haptic Feedback Gaming Controller - Olive Green
SRCH_004050,CUST_02785,men's clothing,Fashion,2026-07-02 19:38:35,1,Nike Cozy Fleece Pullover Hoodie - Pearl White
SRCH_004051,CUST_00352,kitchen,Kitchen,2026-03-23 08:41:35,1,Pigeon Airtight Glass Food Storage Jars
SRCH_004052,CUST_01184,mobile accessories,Accessories,2026-06-04 00:23:35,1,Logitech Magnetic Qi Fast Wireless Charger Stand - Rose Gold
SRCH_004053,CUST_02351,gaming,Gaming,2026-05-01 06:21:35,1,SteelSeries Wireless Haptic Feedback Gaming Controller - Midnight Black
SRCH_004054,CUST_02107,electronics,Electronics,2026-05-30 18:33:35,1,Samsung Digital Mirrorless Camera
SRCH_004055,CUST_02535,accessories,Accessories,2026-07-01 10:03:35,1,Portronics 9H Tempered Glass Screen Protector (2-Pack)
SRCH_004056,CUST_00608,winterwear,Fashion,2026-08-18 12:30:35,1,Adidas Floral Print Maxi Summer Dress - Midnight Black
SRCH_004057,CUST_00050,personal care,Personal Care,2026-07-18 05:18:35,1,Gillette Sonic Electric Toothbrush with Timer - Space Gray
SRCH_004058,CUST_00618,bedding,Home,2026-06-10 05:29:35,1,Solimo 100% Cotton 300TC Double Bed Sheet - Silver
SRCH_004059,CUST_02043,controllers,Gaming,2026-07-18 18:47:35,1,PlayStation Wireless Haptic Feedback Gaming Controller - Space Gray
SRCH_004060,CUST_01654,accessories,Accessories,2026-07-17 03:38:35,1,American Tourister Water-Resistant Laptop Backpack 15.6-inch - Classic Beige
SRCH_004061,CUST_02567,footwear,Footwear,2026-03-15 23:47:35,1,Puma Classic Low-Top Canvas Sneakers - Rose Gold
SRCH_004062,CUST_02984,business & finance,Books,2026-07-19 17:26:35,1,Random House Deep Work: Focused Success in a Distracted World - Navy Blue
SRCH_004063,CUST_00179,beauty,Beauty,2026-07-18 18:20:35,1,Neutrogena Hydrating Hyaluronic Acid Serum - Rose Gold
SRCH_004064,CUST_01121,mid-range,Mobiles,2026-08-04 18:18:35,1,Samsung Smartphone Ultra 5G - Space Gray
SRCH_004065,CUST_01120,ultrabooks,Laptops,2026-07-21 19:11:35,1,Apple Business Productivity Notebook - Pearl White
SRCH_004066,CUST_00628,sports,Sports,2026-05-28 22:26:35,1,Cosco Extra Thick Non-Slip Eco Yoga Mat
SRCH_004067,CUST_01151,shaving & grooming,Personal Care,2026-04-07 23:05:35,1,Dettol Gentle Sulfate-Free Moisturizing Body Lotion
SRCH_004068,CUST_01254,footwear,Footwear,2026-08-07 04:58:35,1,Clarks Comfort Walking Slip-On Shoes - Crimson Red
SRCH_004069,CUST_01095,gaming,Gaming,2026-08-31 13:03:35,1,SteelSeries Next-Gen Home Gaming Console 1TB - Midnight Black
SRCH_004070,CUST_02864,home,Home,2026-08-29 07:41:35,1,Philips 100% Cotton 300TC Double Bed Sheet - Rose Gold
SRCH_004071,CUST_02536,small appliances,Kitchen,2026-08-24 04:38:35,1,Wonderchef Electric Rapid Air Fryer 4.5L
SRCH_004072,CUST_00753,business & finance,Books,2026-08-06 03:23:35,1,Bloomsbury Python Machine Learning & AI Mastery - Charcoal
SRCH_004073,CUST_01560,winterwear,Fashion,2026-06-18 08:15:35,1,Adidas Floral Print Maxi Summer Dress - Silver
SRCH_004074,CUST_00065,ultrabooks,Laptops,2026-08-10 10:48:35,1,Apple Business Productivity Notebook - Crimson Red
SRCH_004075,CUST_00879,shaving & grooming,Personal Care,2026-03-29 00:48:35,1,Dove Sonic Electric Toothbrush with Timer - Silver
SRCH_004076,CUST_01768,student laptops,Laptops,2026-07-25 12:49:35,1,Asus Pro Gaming Laptop RTX 4070 - Charcoal
SRCH_004077,CUST_01157,fitness equipment,Sports,2026-05-15 14:16:35,1,Boldfit Quick Dry Athletic Training Shorts - Crimson Red
SRCH_004078,CUST_02194,accessories,Accessories,2026-07-01 21:54:35,1,Logitech Magnetic Qi Fast Wireless Charger Stand - Rose Gold
SRCH_004079,CUST_02558,kitchen,Kitchen,2026-04-11 07:12:35,1,Philips Hard Anodized Non-Stick Cookware Set
SRCH_004080,CUST_01362,gaming,Gaming,2026-07-17 13:16:35,1,Xbox Ultra-Lightweight 8KHz Optical Gaming Mouse - Midnight Black
SRCH_004081,CUST_01629,accessories,Accessories,2026-04-24 14:02:35,1,Spigen Shockproof Clear Phone Case - Charcoal
SRCH_004082,CUST_00205,grocery,Grocery,2026-05-07 08:41:35,1,Nestle Cold-Pressed Extra Virgin Olive Oil 1L
SRCH_004083,CUST_01178,yoga,Sports,2026-08-11 21:44:35,1,Puma Carbon Fiber Badminton Racket - Midnight Black
SRCH_004084,CUST_00543,home,Home,2026-06-12 16:04:35,1,D'Decor Velvet Touch Blackout Window Curtains - Pearl White
SRCH_004085,CUST_02333,sports,Sports,2026-04-05 08:51:35,1,Decathlon Extra Thick Non-Slip Eco Yoga Mat - Pearl White
SRCH_004086,CUST_01609,accessories,Accessories,2026-06-12 16:30:35,1,Portronics 9H Tempered Glass Screen Protector (2-Pack)
SRCH_004087,CUST_00268,business & finance,Books,2026-08-22 06:42:35,1,O'Reilly Designing Data-Intensive Applications - Space Gray
SRCH_004088,CUST_02121,gaming,Gaming,2026-03-11 23:24:35,1,Corsair RGB Mechanical Gaming Keyboard - Rose Gold
SRCH_004089,CUST_01853,gaming laptops,Laptops,2026-07-08 21:24:35,1,Apple Business Productivity Notebook
SRCH_004090,CUST_01041,kitchen,Kitchen,2026-05-21 22:52:35,1,Pigeon Heavy-Duty 750W Mixer Grinder
SRCH_004091,CUST_01957,books,Books,2026-06-27 17:19:35,1,O'Reilly Atomic Habits: Build Good Habits - Rose Gold
SRCH_004092,CUST_00669,shaving & grooming,Personal Care,2026-09-01 19:13:35,1,Colgate Cordless Rechargeable Beard Trimmer
SRCH_004093,CUST_01498,cooking essentials,Grocery,2026-04-21 07:20:35,1,Saffola Artisan Dark Roasted Arabica Coffee Beans 250g
SRCH_004094,CUST_01988,electronics,Electronics,2026-07-10 17:06:35,1,Sony Digital Mirrorless Camera - Space Gray
SRCH_004095,CUST_00488,lighting,Home,2026-05-25 09:18:35,1,Philips Handwoven Boho Area Rug
SRCH_004096,CUST_02673,smart devices,Electronics,2026-08-06 21:38:35,1,Sony Compact Bluetooth Speaker
SRCH_004097,CUST_01981,home,Home,2026-05-19 03:39:35,1,IKEA Velvet Touch Blackout Window Curtains
SRCH_004098,CUST_00551,wearables,Electronics,2026-05-17 06:48:35,1,Samsung Action Camera 4K Waterproof
SRCH_004099,CUST_01237,fashion,Fashion,2026-05-01 10:11:35,1,FabIndia Classic Denim Slim Jeans - Classic Beige
SRCH_004100,CUST_00141,small appliances,Kitchen,2026-08-24 14:20:35,1,Milton Electric Rapid Air Fryer 4.5L
SRCH_004101,CUST_00451,laptops,Laptops,2026-05-10 03:34:35,1,Acer Ultra-Slim Metal Ultrabook
SRCH_004102,CUST_02078,home,Home,2026-08-14 19:58:35,1,Spaces Smart LED Color Ambient Bulb - Rose Gold
SRCH_004103,CUST_02797,fragrances,Beauty,2026-07-05 17:33:35,1,Nivea Hydrating Hyaluronic Acid Serum
SRCH_004104,CUST_00325,winterwear,Fashion,2026-05-09 19:49:35,1,Adidas Denim Trucker Jacket
SRCH_004105,CUST_01089,gaming,Gaming,2026-04-16 22:36:35,1,Logitech G RGB Mechanical Gaming Keyboard - Classic Beige
SRCH_004106,CUST_02767,laptops,Laptops,2026-04-17 16:09:35,1,HP Pro Gaming Laptop RTX 4070
SRCH_004107,CUST_01100,shaving & grooming,Personal Care,2026-06-22 06:10:35,1,Philips Cordless Rechargeable Beard Trimmer
SRCH_004108,CUST_00932,accessories,Accessories,2026-09-02 09:03:35,1,Portronics Water-Resistant Laptop Backpack 15.6-inch - Space Gray
SRCH_004109,CUST_01676,makeup,Beauty,2026-03-28 12:11:35,1,L'Oreal Matte Liquid Longwear Foundation - Rose Gold
SRCH_004110,CUST_02859,shaving & grooming,Personal Care,2026-06-17 22:50:35,1,Colgate Cordless Rechargeable Beard Trimmer - Space Gray
SRCH_004111,CUST_02724,bedding,Home,2026-05-28 02:28:35,1,Philips 100% Cotton 300TC Double Bed Sheet - Rose Gold
SRCH_004112,CUST_00030,grocery,Grocery,2026-07-31 09:56:35,1,Nestle Artisan Dark Roasted Arabica Coffee Beans 250g
SRCH_004113,CUST_00257,beverages,Grocery,2026-08-08 17:45:35,1,Nestle Artisan Dark Roasted Arabica Coffee Beans 250g
SRCH_004114,CUST_01929,mid-range,Mobiles,2026-07-13 15:19:35,1,Realme NextGen Smartphone Pro Max - Navy Blue
SRCH_004115,CUST_01380,ultrabooks,Laptops,2026-08-25 19:38:35,1,Asus Ultra-Slim Metal Ultrabook - Navy Blue
SRCH_004116,CUST_02334,bags & backpacks,Accessories,2026-08-25 21:46:35,1,Logitech Shockproof Clear Phone Case
SRCH_004117,CUST_00493,small appliances,Kitchen,2026-05-20 13:16:35,1,Milton Heavy-Duty 750W Mixer Grinder
SRCH_004118,CUST_00795,footwear,Footwear,2026-03-26 21:14:35,1,Nike Waterproof Outdoor Hiking Boots - Space Gray
SRCH_004119,CUST_02534,accessories,Accessories,2026-08-12 14:35:35,1,American Tourister 9H Tempered Glass Screen Protector (2-Pack) - Rose Gold
SRCH_004120,CUST_02197,wearables,Electronics,2026-07-17 08:28:35,1,Sennheiser Wireless Bluetooth Headphones
SRCH_004121,CUST_00473,kitchen,Kitchen,2026-08-08 02:30:35,1,Milton Heavy-Duty 750W Mixer Grinder - Pearl White
SRCH_004122,CUST_00540,technology,Books,2026-06-23 19:16:35,1,O'Reilly Atomic Habits: Build Good Habits - Rose Gold
SRCH_004123,CUST_02707,technology,Books,2026-04-10 04:13:35,1,O'Reilly Deep Work: Focused Success in a Distracted World - Charcoal
SRCH_004124,CUST_02111,office,Furniture,2026-07-20 08:30:35,1,Sleepyhead Ergonomic Mesh High-Back Office Chair - Olive Green
SRCH_004125,CUST_00351,wearables,Electronics,2026-08-06 03:26:35,1,JBL Smart Fitness Watch
SRCH_004126,CUST_02619,snacks,Grocery,2026-08-16 07:18:35,1,Organic India Artisan Dark Roasted Arabica Coffee Beans 250g
SRCH_004127,CUST_01819,cookware,Kitchen,2026-07-11 18:49:35,1,Prestige Hard Anodized Non-Stick Cookware Set - Silver
SRCH_004128,CUST_01859,office,Furniture,2026-03-27 23:27:35,1,Sleepyhead Ergonomic Mesh High-Back Office Chair
SRCH_004129,CUST_00158,wearables,Electronics,2026-06-08 23:02:35,1,JBL Noise Cancelling Wireless Earbuds - Space Gray
SRCH_004130,CUST_00544,laptops,Laptops,2026-07-19 07:12:35,1,Apple Creator Studio Laptop 4K OLED - Rose Gold
SRCH_004131,CUST_00777,laptops,Laptops,2026-07-12 14:52:35,1,Lenovo Ultra-Slim Metal Ultrabook
SRCH_004132,CUST_00491,gaming,Gaming,2026-05-06 18:29:35,1,Razer Surround Sound Gaming Headset with Mic
SRCH_004133,CUST_02219,ultrabooks,Laptops,2026-07-09 06:35:35,1,MSI Student Essential Laptop - Space Gray
SRCH_004134,CUST_01610,furniture,Furniture,2026-03-17 18:26:35,1,Sleepyhead Minimalist Nesting Coffee Tables
SRCH_004135,CUST_01307,business & finance,Books,2026-06-17 22:10:35,1,O'Reilly Deep Work: Focused Success in a Distracted World - Navy Blue
SRCH_004136,CUST_01225,television,Electronics,2026-07-07 18:54:35,1,Samsung Digital Mirrorless Camera
SRCH_004137,CUST_02523,office,Furniture,2026-07-11 00:14:35,1,Urban Ladder Ergonomic Mesh High-Back Office Chair
SRCH_004138,CUST_01388,accessories,Gaming,2026-05-05 21:27:35,1,Logitech G Next-Gen Home Gaming Console 1TB - Silver
SRCH_004139,CUST_02320,running shoes,Footwear,2026-08-04 14:01:35,1,Skechers Cushioned Running Shoes - Olive Green
SRCH_004140,CUST_00844,wearables,Electronics,2026-03-13 13:48:35,1,Sony Compact Bluetooth Speaker
SRCH_004141,CUST_02231,footwear,Footwear,2026-08-01 09:08:35,1,Puma Cushioned Running Shoes - Crimson Red
SRCH_004142,CUST_02049,accessories,Gaming,2026-03-29 03:27:35,1,Razer Ultra-Lightweight 8KHz Optical Gaming Mouse
SRCH_004143,CUST_01417,business & finance,Books,2026-05-16 15:24:35,1,Random House Designing Data-Intensive Applications - Midnight Black
SRCH_004144,CUST_01994,fashion,Fashion,2026-08-07 19:45:35,1,FabIndia Floral Print Maxi Summer Dress - Midnight Black
SRCH_004145,CUST_00637,mobiles,Mobiles,2026-06-05 04:39:35,1,Realme NextGen Smartphone Pro Max - Navy Blue
SRCH_004146,CUST_00662,beauty,Beauty,2026-04-17 21:52:35,1,L'Oreal Keratin Smoothing Hair Mask - Midnight Black
SRCH_004147,CUST_01967,books,Books,2026-06-03 17:15:35,1,Bloomsbury Atomic Habits: Build Good Habits - Crimson Red
SRCH_004148,CUST_02984,technology,Books,2026-06-10 10:04:35,1,O'Reilly Deep Work: Focused Success in a Distracted World - Crimson Red
SRCH_004149,CUST_01425,lighting,Home,2026-08-04 12:39:35,1,IKEA 100% Cotton 300TC Double Bed Sheet
SRCH_004150,CUST_02074,gaming laptops,Laptops,2026-07-14 10:50:35,1,MSI Student Essential Laptop - Space Gray
SRCH_004151,CUST_02372,furniture,Furniture,2026-06-30 03:27:35,1,Sleepyhead Modern Engineered Wood Computer Desk - Charcoal
SRCH_004152,CUST_01241,technology,Books,2026-05-20 15:45:35,1,Penguin Atomic Habits: Build Good Habits - Crimson Red
SRCH_004153,CUST_00411,electronics,Electronics,2026-07-22 02:27:35,1,LG Action Camera 4K Waterproof
SRCH_004154,CUST_01182,fashion,Fashion,2026-05-28 05:26:35,1,FabIndia Denim Trucker Jacket
SRCH_004155,CUST_02526,fitness equipment,Sports,2026-08-24 13:48:35,1,Decathlon Extra Thick Non-Slip Eco Yoga Mat - Classic Beige
SRCH_004156,CUST_00101,office,Furniture,2026-03-22 06:12:35,1,Sleepyhead Ergonomic Mesh High-Back Office Chair - Olive Green
SRCH_004157,CUST_01926,books,Books,2026-05-25 23:26:35,1,O'Reilly Deep Work: Focused Success in a Distracted World - Space Gray
SRCH_004158,CUST_01392,furniture,Furniture,2026-05-03 21:42:35,1,Sleepyhead Modern Engineered Wood Computer Desk - Charcoal
SRCH_004159,CUST_02247,wearables,Electronics,2026-05-13 05:08:35,1,JBL Smart Fitness Watch
SRCH_004160,CUST_00121,men's clothing,Fashion,2026-04-14 08:55:35,1,Adidas Denim Trucker Jacket - Midnight Black
SRCH_004161,CUST_01536,budget,Mobiles,2026-08-02 00:32:35,1,Motorola Sleek Curve Screen 5G Phone - Charcoal
SRCH_004162,CUST_01877,gaming,Gaming,2026-03-23 05:02:35,1,Razer Surround Sound Gaming Headset with Mic
SRCH_004163,CUST_00286,outdoor sports,Sports,2026-07-07 20:03:35,1,Yonex Carbon Fiber Badminton Racket - Space Gray
SRCH_004164,CUST_02115,small appliances,Kitchen,2026-03-29 05:17:35,1,Milton Airtight Glass Food Storage Jars
SRCH_004165,CUST_01309,furniture,Furniture,2026-04-10 07:11:35,1,Sleepyhead Contemporary 3-Seater Fabric Sofa - Crimson Red
SRCH_004166,CUST_02262,running shoes,Footwear,2026-03-19 07:50:35,1,Adidas Genuine Leather Oxford Shoes
SRCH_004167,CUST_00723,fashion,Fashion,2026-05-18 07:25:35,1,FabIndia Solid Crew Neck Cotton T-Shirt - Midnight Black
SRCH_004168,CUST_00986,cookware,Kitchen,2026-07-22 09:24:35,1,Pigeon Airtight Glass Food Storage Jars
SRCH_004169,CUST_02749,beauty,Beauty,2026-07-05 03:01:35,1,Maybelline Luxury Eau De Parfum 100ml - Rose Gold
SRCH_004170,CUST_02708,smart devices,Electronics,2026-04-23 14:32:35,1,Samsung Smart Wi-Fi Security Camera
SRCH_004171,CUST_02823,technology,Books,2026-06-20 17:41:35,1,O'Reilly Designing Data-Intensive Applications - Midnight Black
SRCH_004172,CUST_02715,storage & containers,Kitchen,2026-06-22 05:13:35,1,Pigeon Electric Rapid Air Fryer 4.5L
SRCH_004173,CUST_01803,sports,Sports,2026-08-15 14:19:35,1,Decathlon Anti-Burst Gym Exercise Ball with Pump
SRCH_004174,CUST_02843,bath & body,Personal Care,2026-04-10 18:10:35,1,Dove Gentle Sulfate-Free Moisturizing Body Lotion
SRCH_004175,CUST_02908,lighting,Home,2026-08-06 16:40:35,1,Spaces 100% Cotton 300TC Double Bed Sheet - Classic Beige
SRCH_004176,CUST_02728,business & finance,Books,2026-03-14 06:01:35,1,Penguin The Psychology of Money
SRCH_004177,CUST_02189,shaving & grooming,Personal Care,2026-06-18 13:47:35,1,Gillette Cordless Rechargeable Beard Trimmer - Olive Green
SRCH_004178,CUST_00912,controllers,Gaming,2026-08-27 14:08:35,1,PlayStation Surround Sound Gaming Headset with Mic
SRCH_004179,CUST_01044,audio,Electronics,2026-06-25 12:45:35,1,Sennheiser Wireless Bluetooth Headphones
SRCH_004180,CUST_01290,men's clothing,Fashion,2026-08-10 13:55:35,1,Nike Floral Print Maxi Summer Dress - Charcoal
SRCH_004181,CUST_01242,care,Personal Care,2026-06-21 22:43:35,1,Gillette Deep Cleansing Charcoal Body Wash 500ml
SRCH_004182,CUST_02596,gaming,Gaming,2026-05-07 05:51:35,1,Logitech G RGB Mechanical Gaming Keyboard - Classic Beige
SRCH_004183,CUST_01429,laptops,Laptops,2026-08-20 10:54:35,1,HP Student Essential Laptop - Classic Beige
SRCH_004184,CUST_00477,beverages,Grocery,2026-08-04 13:04:35,1,Saffola Artisan Dark Roasted Arabica Coffee Beans 250g
SRCH_004185,CUST_00299,kitchen,Kitchen,2026-04-04 02:27:35,1,Milton Heavy-Duty 750W Mixer Grinder - Crimson Red
SRCH_004186,CUST_01660,bedding,Home,2026-06-23 02:29:35,1,IKEA Velvet Touch Blackout Window Curtains
SRCH_004187,CUST_01077,technology,Books,2026-06-14 08:43:35,1,O'Reilly Python Machine Learning & AI Mastery - Charcoal
SRCH_004188,CUST_02322,mobile accessories,Accessories,2026-08-30 03:10:35,1,Anker Multi-Port 7-in-1 USB-C Hub Adapter - Olive Green
SRCH_004189,CUST_02907,accessories,Gaming,2026-08-18 00:46:35,1,Razer Next-Gen Home Gaming Console 1TB
SRCH_004190,CUST_01073,fashion,Fashion,2026-05-28 18:07:35,1,H&M Floral Print Maxi Summer Dress - Olive Green
SRCH_004191,CUST_02361,storage & containers,Kitchen,2026-04-23 05:52:35,1,Prestige Hard Anodized Non-Stick Cookware Set - Olive Green
SRCH_004192,CUST_00139,winterwear,Fashion,2026-07-25 10:15:35,1,Raymond Floral Print Maxi Summer Dress
SRCH_004193,CUST_02867,controllers,Gaming,2026-07-01 11:12:35,1,Xbox Ultra-Lightweight 8KHz Optical Gaming Mouse - Midnight Black
SRCH_004194,CUST_01935,small appliances,Kitchen,2026-08-01 05:01:35,1,Milton Heavy-Duty 750W Mixer Grinder
SRCH_004195,CUST_00561,personal,Personal Care,2026-09-02 11:21:35,1,Oral-B Cordless Rechargeable Beard Trimmer - Navy Blue
SRCH_004196,CUST_00848,skincare,Beauty,2026-07-05 14:20:35,1,L'Oreal Hydrating Hyaluronic Acid Serum
SRCH_004197,CUST_00773,books,Books,2026-07-02 11:45:35,1,HarperCollins Python Machine Learning & AI Mastery
SRCH_004198,CUST_02944,technology,Books,2026-05-07 00:57:35,1,Bloomsbury Python Machine Learning & AI Mastery - Charcoal
SRCH_004199,CUST_01503,business & finance,Books,2026-06-28 03:54:35,1,Bloomsbury The Psychology of Money - Silver
SRCH_004200,CUST_01329,mobile accessories,Accessories,2026-08-05 20:07:35,1,Logitech Shockproof Clear Phone Case
SRCH_004201,CUST_00147,laptops,Laptops,2026-07-02 20:50:35,1,Asus Creator Studio Laptop 4K OLED - Crimson Red
SRCH_004202,CUST_00410,bedding,Home,2026-07-16 02:39:35,1,Spaces Velvet Touch Blackout Window Curtains - Pearl White
SRCH_004203,CUST_00144,beauty,Beauty,2026-08-09 04:36:35,1,Neutrogena Hydrating Hyaluronic Acid Serum - Rose Gold
SRCH_004204,CUST_01520,business & finance,Books,2026-08-11 14:50:35,1,Bloomsbury The Psychology of Money
SRCH_004205,CUST_00640,gaming,Gaming,2026-08-25 01:12:35,1,Corsair Wireless Haptic Feedback Gaming Controller - Classic Beige
SRCH_004206,CUST_02121,lighting,Home,2026-07-12 15:32:35,1,Philips 100% Cotton 300TC Double Bed Sheet
SRCH_004207,CUST_02333,fitness equipment,Sports,2026-03-14 08:47:35,1,Decathlon Extra Thick Non-Slip Eco Yoga Mat - Pearl White
SRCH_004208,CUST_02969,budget,Mobiles,2026-07-21 03:56:35,1,Xiaomi Smooth Display Mid-Range 5G - Rose Gold
SRCH_004209,CUST_02121,accessories,Gaming,2026-07-06 02:53:35,1,Logitech G Surround Sound Gaming Headset with Mic
SRCH_004210,CUST_00322,lighting,Home,2026-07-29 03:34:35,1,IKEA Handwoven Boho Area Rug - Classic Beige
SRCH_004211,CUST_01163,office,Furniture,2026-06-23 11:52:35,1,Sleepyhead Minimalist Nesting Coffee Tables - Charcoal
SRCH_004212,CUST_00005,home,Home,2026-08-14 03:11:35,1,IKEA Velvet Touch Blackout Window Curtains - Midnight Black
SRCH_004213,CUST_01151,small appliances,Kitchen,2026-08-08 09:07:35,1,Hawkins Electric Rapid Air Fryer 4.5L
SRCH_004214,CUST_01224,storage & containers,Kitchen,2026-03-16 19:16:35,1,Pigeon Heavy-Duty 750W Mixer Grinder
SRCH_004215,CUST_02035,mobiles,Mobiles,2026-03-23 12:04:35,1,Apple Pure Android Experience 5G
SRCH_004216,CUST_02974,student laptops,Laptops,2026-04-14 09:07:35,1,HP Business Productivity Notebook
SRCH_004217,CUST_01361,mid-range,Mobiles,2026-06-14 14:24:35,1,Samsung Sleek Curve Screen 5G Phone - Olive Green
SRCH_004218,CUST_00084,home,Home,2026-04-26 11:54:35,1,Solimo Smart LED Color Ambient Bulb - Olive Green
SRCH_004219,CUST_02314,television,Electronics,2026-05-17 12:44:35,1,JBL Bass Soundbar with Subwoofer - Midnight Black
SRCH_004220,CUST_00880,home,Home,2026-04-28 11:36:35,1,Philips Handwoven Boho Area Rug
SRCH_004221,CUST_02984,books,Books,2026-05-22 09:18:35,1,HarperCollins Python Machine Learning & AI Mastery
SRCH_004222,CUST_01309,cooking essentials,Grocery,2026-03-23 04:57:35,1,Saffola Organic Raw Honey 500g - Olive Green
SRCH_004223,CUST_01129,makeup,Beauty,2026-04-23 19:36:35,1,L'Oreal Matte Velvet Long-Stay Lipstick - Pearl White
SRCH_004224,CUST_01388,office,Furniture,2026-05-10 14:28:35,1,Sleepyhead Ergonomic Mesh High-Back Office Chair - Navy Blue
SRCH_004225,CUST_01269,men's clothing,Fashion,2026-06-30 04:22:35,1,Puma Cozy Fleece Pullover Hoodie - Classic Beige
SRCH_004226,CUST_02230,budget,Mobiles,2026-03-31 08:36:35,1,Google Pure Android Experience 5G - Pearl White
SRCH_004227,CUST_02363,television,Electronics,2026-05-09 03:57:35,1,Samsung Digital Mirrorless Camera
SRCH_004228,CUST_01794,storage & containers,Kitchen,2026-07-12 23:20:35,1,Philips Hard Anodized Non-Stick Cookware Set
SRCH_004229,CUST_00420,gaming,Gaming,2026-09-02 13:23:35,1,PlayStation Wireless Haptic Feedback Gaming Controller - Olive Green
SRCH_004230,CUST_00403,business & finance,Books,2026-05-13 22:31:35,1,Random House Atomic Habits: Build Good Habits - Classic Beige
SRCH_004231,CUST_02664,care,Personal Care,2026-05-15 02:26:35,1,Dettol Gentle Sulfate-Free Moisturizing Body Lotion - Space Gray
SRCH_004232,CUST_02209,accessories,Accessories,2026-03-23 05:27:35,1,Logitech Water-Resistant Laptop Backpack 15.6-inch
SRCH_004233,CUST_02595,beverages,Grocery,2026-05-09 03:46:35,1,Saffola Organic Green Tea Herbal Infusion 100 Bags
SRCH_004234,CUST_00208,winterwear,Fashion,2026-08-19 18:47:35,1,Nike Floral Print Maxi Summer Dress - Charcoal
SRCH_004235,CUST_02982,mid-range,Mobiles,2026-06-28 19:20:35,1,Xiaomi Smooth Display Mid-Range 5G - Rose Gold
SRCH_004236,CUST_02800,small appliances,Kitchen,2026-04-15 15:43:35,1,Philips Electric Rapid Air Fryer 4.5L - Midnight Black
SRCH_004237,CUST_02270,running shoes,Footwear,2026-08-09 23:55:35,1,Nike Genuine Leather Oxford Shoes - Crimson Red
SRCH_004238,CUST_01004,winterwear,Fashion,2026-07-26 06:23:35,1,Levis Casual Stretch Chino Trousers
SRCH_004239,CUST_02506,beauty,Beauty,2026-08-31 07:09:35,1,L'Oreal Matte Liquid Longwear Foundation - Olive Green
SRCH_004240,CUST_00444,footwear,Footwear,2026-06-10 09:45:35,1,Puma Classic Low-Top Canvas Sneakers - Olive Green
SRCH_004241,CUST_01445,mobile accessories,Accessories,2026-06-17 10:03:35,1,Spigen Magnetic Qi Fast Wireless Charger Stand - Pearl White
SRCH_004242,CUST_00863,mid-range,Mobiles,2026-07-19 04:11:35,1,Google Pure Android Experience 5G - Pearl White
SRCH_004243,CUST_00470,sports,Sports,2026-04-26 12:04:35,1,Cosco Extra Thick Non-Slip Eco Yoga Mat
SRCH_004244,CUST_02174,home,Home,2026-08-22 20:38:35,1,Solimo 100% Cotton 300TC Double Bed Sheet
SRCH_004245,CUST_01954,business & finance,Books,2026-04-16 05:05:35,1,HarperCollins Atomic Habits: Build Good Habits - Charcoal
SRCH_004246,CUST_00021,care,Personal Care,2026-07-27 15:54:35,1,Dove Deep Cleansing Charcoal Body Wash 500ml
SRCH_004247,CUST_00530,men's clothing,Fashion,2026-05-25 03:36:35,1,H&M Floral Print Maxi Summer Dress - Olive Green
SRCH_004248,CUST_02989,storage & containers,Kitchen,2026-06-05 20:31:35,1,Pigeon Heavy-Duty 750W Mixer Grinder
SRCH_004249,CUST_02939,electronics,Electronics,2026-06-17 05:00:35,1,LG 4K Ultra HD Smart TV 55-inch - Olive Green
SRCH_004250,CUST_02068,grocery,Grocery,2026-04-11 15:57:35,1,Tata Cold-Pressed Extra Virgin Olive Oil 1L
SRCH_004251,CUST_01020,technology,Books,2026-03-25 09:45:35,1,HarperCollins Designing Data-Intensive Applications
SRCH_004252,CUST_00958,mid-range,Mobiles,2026-08-09 04:56:35,1,OnePlus Smooth Display Mid-Range 5G - Navy Blue
SRCH_004253,CUST_01748,beverages,Grocery,2026-04-02 07:37:35,1,Dabur Organic Raw Honey 500g - Rose Gold
SRCH_004254,CUST_01788,gaming laptops,Laptops,2026-04-29 06:26:35,1,MSI Pro Gaming Laptop RTX 4070 - Charcoal
SRCH_004255,CUST_02568,kitchen,Kitchen,2026-06-17 17:12:35,1,Wonderchef Hard Anodized Non-Stick Cookware Set - Olive Green
SRCH_004256,CUST_00930,shaving & grooming,Personal Care,2026-05-11 21:26:35,1,Philips Cordless Rechargeable Beard Trimmer
SRCH_004257,CUST_01448,student laptops,Laptops,2026-04-16 02:58:35,1,Acer Pro Gaming Laptop RTX 4070
SRCH_004258,CUST_00456,gaming,Gaming,2026-05-23 02:11:35,1,Logitech G Surround Sound Gaming Headset with Mic - Midnight Black
SRCH_004259,CUST_02476,electronics,Electronics,2026-05-03 07:31:35,1,Samsung 4K Ultra HD Smart TV 55-inch - Rose Gold
SRCH_004260,CUST_01351,accessories,Gaming,2026-08-21 04:53:35,1,Logitech G Surround Sound Gaming Headset with Mic - Midnight Black
SRCH_004261,CUST_00298,laptops,Laptops,2026-08-31 11:34:35,1,Apple Creator Studio Laptop 4K OLED - Rose Gold
SRCH_004262,CUST_02265,men's clothing,Fashion,2026-06-21 16:35:35,1,Puma Cozy Fleece Pullover Hoodie - Classic Beige
SRCH_004263,CUST_00370,business & finance,Books,2026-05-15 02:08:35,1,O'Reilly Deep Work: Focused Success in a Distracted World - Space Gray
SRCH_004264,CUST_01333,shaving & grooming,Personal Care,2026-08-15 12:47:35,1,Colgate Gentle Sulfate-Free Moisturizing Body Lotion - Olive Green
SRCH_004265,CUST_00361,wearables,Electronics,2026-08-23 17:57:35,1,LG Compact Bluetooth Speaker - Silver
SRCH_004266,CUST_01280,gaming,Gaming,2026-03-11 23:27:35,1,Xbox Surround Sound Gaming Headset with Mic - Charcoal
SRCH_004267,CUST_00883,shaving & grooming,Personal Care,2026-06-21 11:09:35,1,Dove Cordless Rechargeable Beard Trimmer - Pearl White
SRCH_004268,CUST_00576,bags & backpacks,Accessories,2026-06-27 15:55:35,1,Logitech Multi-Port 7-in-1 USB-C Hub Adapter - Space Gray
SRCH_004269,CUST_02213,audio,Electronics,2026-06-11 11:24:35,1,Bose Digital Mirrorless Camera - Navy Blue
SRCH_004270,CUST_00008,laptops,Laptops,2026-03-18 07:45:35,1,Acer Pro Gaming Laptop RTX 4070
SRCH_004271,CUST_00017,running shoes,Footwear,2026-05-31 20:47:35,1,Adidas Comfort Walking Slip-On Shoes - Rose Gold
SRCH_004272,CUST_02588,electronics,Electronics,2026-06-21 09:53:35,1,Bose Noise Cancelling Wireless Earbuds
SRCH_004273,CUST_00440,office,Furniture,2026-06-12 20:14:35,1,Sleepyhead Ergonomic Mesh High-Back Office Chair - Silver
SRCH_004274,CUST_00022,personal,Personal Care,2026-07-23 00:01:35,1,Gillette Cordless Rechargeable Beard Trimmer - Charcoal
SRCH_004275,CUST_01094,shaving & grooming,Personal Care,2026-05-25 17:13:35,1,Oral-B Cordless Rechargeable Beard Trimmer
SRCH_004276,CUST_00242,books,Books,2026-07-03 05:02:35,1,Random House Designing Data-Intensive Applications - Olive Green
SRCH_004277,CUST_02657,mobile accessories,Accessories,2026-08-23 21:22:35,1,American Tourister 9H Tempered Glass Screen Protector (2-Pack) - Classic Beige
SRCH_004278,CUST_02652,accessories,Accessories,2026-06-06 09:09:35,1,Anker Water-Resistant Laptop Backpack 15.6-inch - Navy Blue
SRCH_004279,CUST_02096,outdoor sports,Sports,2026-05-04 20:08:35,1,Nivia Carbon Fiber Badminton Racket
SRCH_004280,CUST_02848,shaving & grooming,Personal Care,2026-03-15 03:36:35,1,Dove Deep Cleansing Charcoal Body Wash 500ml
SRCH_004281,CUST_02836,fragrances,Beauty,2026-04-26 06:14:35,1,L'Oreal Matte Liquid Longwear Foundation - Rose Gold
SRCH_004282,CUST_02098,ultrabooks,Laptops,2026-06-14 00:39:35,1,HP Student Essential Laptop - Classic Beige
SRCH_004283,CUST_00417,mobile accessories,Accessories,2026-08-31 06:39:35,1,Logitech Water-Resistant Laptop Backpack 15.6-inch - Charcoal
SRCH_004284,CUST_02859,care,Personal Care,2026-05-10 23:23:35,1,Gillette Sonic Electric Toothbrush with Timer
SRCH_004285,CUST_00018,office,Furniture,2026-07-28 22:42:35,1,Sleepyhead Ergonomic Mesh High-Back Office Chair - Silver
SRCH_004286,CUST_00400,running shoes,Footwear,2026-06-26 11:13:35,1,Nike Genuine Leather Oxford Shoes - Crimson Red
SRCH_004287,CUST_00533,mobiles,Mobiles,2026-08-20 22:46:35,1,Motorola Sleek Curve Screen 5G Phone - Charcoal
SRCH_004288,CUST_01420,footwear,Footwear,2026-03-20 08:26:35,1,Clarks Genuine Leather Oxford Shoes
SRCH_004289,CUST_00934,wearables,Electronics,2026-08-23 11:20:35,1,Noise Smart Fitness Watch
SRCH_004290,CUST_02107,electronics,Electronics,2026-03-15 13:30:35,1,Sennheiser Wireless Bluetooth Headphones
SRCH_004291,CUST_01004,fashion,Fashion,2026-08-01 01:07:35,1,Levis Floral Print Maxi Summer Dress - Classic Beige
SRCH_004292,CUST_01924,business & finance,Books,2026-04-10 15:58:35,1,HarperCollins Python Machine Learning & AI Mastery
SRCH_004293,CUST_02650,kitchen,Kitchen,2026-06-20 05:24:35,1,Milton Heavy-Duty 750W Mixer Grinder - Crimson Red
SRCH_004294,CUST_01672,technology,Books,2026-06-24 23:11:35,1,Bloomsbury The Psychology of Money
SRCH_004295,CUST_00596,office,Furniture,2026-06-21 04:26:35,1,Sleepyhead Modern Engineered Wood Computer Desk - Charcoal
SRCH_004296,CUST_00454,sneakers,Footwear,2026-06-16 18:33:35,1,Reebok Cushioned Running Shoes - Classic Beige
SRCH_004297,CUST_02010,men's clothing,Fashion,2026-05-05 04:22:35,1,Zara Denim Trucker Jacket
SRCH_004298,CUST_01925,furniture,Furniture,2026-05-24 18:15:35,1,Wakefit Minimalist Nesting Coffee Tables - Pearl White
SRCH_004299,CUST_02615,office,Furniture,2026-03-31 01:59:35,1,Sleepyhead Minimalist Nesting Coffee Tables - Space Gray
SRCH_004300,CUST_00186,gaming,Gaming,2026-04-14 09:47:35,1,Razer RGB Mechanical Gaming Keyboard
SRCH_004301,CUST_00757,gaming,Gaming,2026-05-18 12:00:35,1,Logitech G Ultra-Lightweight 8KHz Optical Gaming Mouse - Pearl White
SRCH_004302,CUST_00448,electronics,Electronics,2026-08-15 13:47:35,1,Samsung 4K Ultra HD Smart TV 55-inch - Rose Gold
SRCH_004303,CUST_00948,grocery,Grocery,2026-05-20 22:27:35,1,Tata Organic Green Tea Herbal Infusion 100 Bags - Rose Gold
SRCH_004304,CUST_02789,gaming laptops,Laptops,2026-04-24 07:41:35,1,Apple Creator Studio Laptop 4K OLED - Rose Gold
SRCH_004305,CUST_02103,bags & backpacks,Accessories,2026-05-30 06:08:35,1,Anker 9H Tempered Glass Screen Protector (2-Pack)
SRCH_004306,CUST_02547,cooking essentials,Grocery,2026-05-23 01:48:35,1,Saffola Organic Green Tea Herbal Infusion 100 Bags - Midnight Black
SRCH_004307,CUST_01090,running shoes,Footwear,2026-05-16 12:52:35,1,Reebok Comfort Walking Slip-On Shoes
SRCH_004308,CUST_02938,mobiles,Mobiles,2026-07-30 13:41:35,1,Xiaomi Smartphone Ultra 5G
SRCH_004309,CUST_01969,cooking essentials,Grocery,2026-07-17 16:16:35,1,Saffola Cold-Pressed Extra Virgin Olive Oil 1L - Crimson Red
SRCH_004310,CUST_02994,furniture,Furniture,2026-05-10 15:03:35,1,Sleepyhead Ergonomic Mesh High-Back Office Chair - Navy Blue
SRCH_004311,CUST_01377,cooking essentials,Grocery,2026-04-17 18:35:35,1,Organic India Organic Raw Honey 500g - Space Gray
SRCH_004312,CUST_01188,lighting,Home,2026-07-10 07:44:35,1,Solimo 100% Cotton 300TC Double Bed Sheet
SRCH_004313,CUST_01967,business & finance,Books,2026-08-07 07:33:35,1,O'Reilly Deep Work: Focused Success in a Distracted World - Crimson Red
SRCH_004314,CUST_02100,ultrabooks,Laptops,2026-04-09 17:38:35,1,Lenovo Ultra-Slim Metal Ultrabook
SRCH_004315,CUST_02549,accessories,Accessories,2026-04-30 09:55:35,1,Logitech Shockproof Clear Phone Case
SRCH_004316,CUST_01687,bedding,Home,2026-08-07 16:31:35,1,IKEA Velvet Touch Blackout Window Curtains
SRCH_004317,CUST_02147,wearables,Electronics,2026-07-31 02:43:35,1,JBL Digital Mirrorless Camera - Silver
SRCH_004318,CUST_02865,sports,Sports,2026-08-20 00:43:35,1,Decathlon Extra Thick Non-Slip Eco Yoga Mat - Classic Beige
SRCH_004319,CUST_02526,fitness equipment,Sports,2026-04-02 08:35:35,1,Nivia Adjustable Hex Dumbbells Pair - Navy Blue
SRCH_004320,CUST_02386,electronics,Electronics,2026-04-08 09:32:35,1,Boat Smart Fitness Watch
SRCH_004321,CUST_01655,office,Furniture,2026-07-24 19:45:35,1,Wakefit Modern Engineered Wood Computer Desk - Silver
SRCH_004322,CUST_02386,wearables,Electronics,2026-07-23 02:35:35,1,Samsung Compact Bluetooth Speaker - Rose Gold
SRCH_004323,CUST_01158,student laptops,Laptops,2026-07-09 16:21:35,1,Lenovo Ultra-Slim Metal Ultrabook
SRCH_004324,CUST_00204,laptops,Laptops,2026-03-29 21:41:35,1,HP Ultra-Slim Metal Ultrabook - Charcoal
SRCH_004325,CUST_01802,small appliances,Kitchen,2026-05-29 13:55:35,1,Milton Stainless Steel Chef Knife Set - Charcoal
SRCH_004326,CUST_01921,bedding,Home,2026-08-18 08:20:35,1,IKEA 100% Cotton 300TC Double Bed Sheet
SRCH_004327,CUST_02693,ultrabooks,Laptops,2026-09-02 02:19:35,1,Asus Creator Studio Laptop 4K OLED - Crimson Red
SRCH_004328,CUST_02927,business & finance,Books,2026-07-26 21:12:35,1,O'Reilly Deep Work: Focused Success in a Distracted World - Pearl White
SRCH_004329,CUST_02025,men's clothing,Fashion,2026-09-02 00:47:35,1,FabIndia Casual Stretch Chino Trousers
SRCH_004330,CUST_00258,sports,Sports,2026-05-20 05:50:35,1,Puma Adjustable Hex Dumbbells Pair
SRCH_004331,CUST_01403,beauty,Beauty,2026-07-03 19:02:35,1,Nivea Hydrating Hyaluronic Acid Serum - Silver
SRCH_004332,CUST_02913,shaving & grooming,Personal Care,2026-04-26 06:02:35,1,Colgate Deep Cleansing Charcoal Body Wash 500ml - Charcoal
SRCH_004333,CUST_02090,kitchen,Kitchen,2026-06-09 01:36:35,1,Milton Stainless Steel Chef Knife Set - Classic Beige
SRCH_004334,CUST_01441,television,Electronics,2026-05-17 16:24:35,1,Samsung Noise Cancelling Wireless Earbuds - Silver
SRCH_004335,CUST_00299,grocery,Grocery,2026-08-03 10:03:35,1,Nestle Artisan Dark Roasted Arabica Coffee Beans 250g - Pearl White
SRCH_004336,CUST_01885,fragrances,Beauty,2026-04-03 09:03:35,1,Nivea Vitamin C Brightening Facial Cleanser
SRCH_004337,CUST_01636,running shoes,Footwear,2026-06-15 20:22:35,1,Reebok Waterproof Outdoor Hiking Boots
SRCH_004338,CUST_00359,student laptops,Laptops,2026-06-15 09:30:35,1,Acer Ultra-Slim Metal Ultrabook - Olive Green
SRCH_004339,CUST_00784,electronics,Electronics,2026-08-14 01:05:35,1,Sony Noise Cancelling Wireless Earbuds - Rose Gold
SRCH_004340,CUST_01116,gaming laptops,Laptops,2026-08-14 15:01:35,1,Lenovo Pro Gaming Laptop RTX 4070 - Pearl White
SRCH_004341,CUST_00481,mobile accessories,Accessories,2026-03-17 07:47:35,1,Portronics Multi-Port 7-in-1 USB-C Hub Adapter - Midnight Black
SRCH_004342,CUST_01325,mid-range,Mobiles,2026-03-16 18:11:35,1,Motorola Battery King Phone 6000mAh
SRCH_004343,CUST_01154,accessories,Accessories,2026-04-12 17:39:35,1,Logitech Water-Resistant Laptop Backpack 15.6-inch
SRCH_004344,CUST_00617,books,Books,2026-08-09 02:44:35,1,O'Reilly Deep Work: Focused Success in a Distracted World - Charcoal
SRCH_004345,CUST_00896,accessories,Gaming,2026-08-25 06:31:35,1,Razer Surround Sound Gaming Headset with Mic
SRCH_004346,CUST_01956,small appliances,Kitchen,2026-05-11 03:33:35,1,Milton Stainless Steel Chef Knife Set - Classic Beige
SRCH_004347,CUST_00237,footwear,Footwear,2026-06-11 21:49:35,1,Bata Classic Low-Top Canvas Sneakers
SRCH_004348,CUST_00612,ultrabooks,Laptops,2026-06-15 22:44:35,1,MSI Student Essential Laptop - Rose Gold
SRCH_004349,CUST_00373,kitchen,Kitchen,2026-05-16 00:35:35,1,Pigeon Airtight Glass Food Storage Jars
SRCH_004350,CUST_02088,home,Home,2026-05-15 06:31:35,1,Spaces 100% Cotton 300TC Double Bed Sheet - Rose Gold
SRCH_004351,CUST_01670,audio,Electronics,2026-05-23 06:19:35,1,JBL Smart Fitness Watch
SRCH_004352,CUST_01789,running shoes,Footwear,2026-04-06 04:55:35,1,Bata Waterproof Outdoor Hiking Boots - Pearl White
SRCH_004353,CUST_00291,mid-range,Mobiles,2026-03-20 16:31:35,1,Google Sleek Curve Screen 5G Phone - Pearl White
SRCH_004354,CUST_00625,care,Personal Care,2026-06-07 13:03:35,1,Gillette Cordless Rechargeable Beard Trimmer - Charcoal
SRCH_004355,CUST_02667,running shoes,Footwear,2026-07-15 23:05:35,1,Puma Genuine Leather Oxford Shoes
SRCH_004356,CUST_02509,bath & body,Personal Care,2026-05-09 21:02:35,1,Colgate Deep Cleansing Charcoal Body Wash 500ml
SRCH_004357,CUST_00969,office,Furniture,2026-05-10 12:36:35,1,Wakefit Minimalist Nesting Coffee Tables - Charcoal
SRCH_004358,CUST_00598,gaming,Gaming,2026-09-01 13:40:35,1,SteelSeries Wireless Haptic Feedback Gaming Controller - Rose Gold
SRCH_004359,CUST_01839,books,Books,2026-07-31 18:48:35,1,Penguin Atomic Habits: Build Good Habits
SRCH_004360,CUST_01267,gaming,Gaming,2026-08-29 07:59:35,1,Corsair Surround Sound Gaming Headset with Mic - Olive Green
SRCH_004361,CUST_01531,beverages,Grocery,2026-03-22 01:31:35,1,Tata Organic Green Tea Herbal Infusion 100 Bags
SRCH_004362,CUST_02293,decor,Home,2026-09-04 23:59:35,1,Spaces Collapsible Fabric Storage Organizers
SRCH_004363,CUST_02343,home,Home,2026-03-27 11:12:35,1,Spaces 100% Cotton 300TC Double Bed Sheet - Rose Gold
SRCH_004364,CUST_00237,furniture,Furniture,2026-03-28 19:56:35,1,Wakefit Contemporary 3-Seater Fabric Sofa
SRCH_004365,CUST_02760,running shoes,Footwear,2026-08-04 09:57:35,1,Reebok Waterproof Outdoor Hiking Boots - Rose Gold
SRCH_004366,CUST_00415,bedding,Home,2026-03-22 18:41:35,1,Spaces Velvet Touch Blackout Window Curtains - Pearl White
SRCH_004367,CUST_01642,mid-range,Mobiles,2026-07-02 08:17:35,1,OnePlus Smooth Display Mid-Range 5G - Navy Blue
SRCH_004368,CUST_02913,mid-range,Mobiles,2026-05-13 11:13:35,1,Realme Smooth Display Mid-Range 5G - Crimson Red
SRCH_004369,CUST_00361,audio,Electronics,2026-04-29 18:24:35,1,Sony Noise Cancelling Wireless Earbuds - Rose Gold
SRCH_004370,CUST_02428,skincare,Beauty,2026-06-26 12:53:35,1,Maybelline Hydrating Hyaluronic Acid Serum
SRCH_004371,CUST_01455,mobiles,Mobiles,2026-06-05 13:01:35,1,Motorola Sleek Curve Screen 5G Phone - Charcoal
SRCH_004372,CUST_02703,mobile accessories,Accessories,2026-04-30 20:09:35,1,Spigen Water-Resistant Laptop Backpack 15.6-inch - Charcoal
SRCH_004373,CUST_02458,laptops,Laptops,2026-06-01 16:18:35,1,Acer Ultra-Slim Metal Ultrabook - Olive Green
SRCH_004374,CUST_02987,gaming,Gaming,2026-04-14 14:45:35,1,SteelSeries Surround Sound Gaming Headset with Mic - Classic Beige
SRCH_004375,CUST_02563,beverages,Grocery,2026-06-27 18:45:35,1,Nestle Cold-Pressed Extra Virgin Olive Oil 1L - Charcoal
SRCH_004376,CUST_00470,sports,Sports,2026-06-23 14:57:35,1,Decathlon Extra Thick Non-Slip Eco Yoga Mat - Pearl White
SRCH_004377,CUST_01311,fashion,Fashion,2026-03-17 20:46:35,1,Puma Denim Trucker Jacket - Silver
SRCH_004378,CUST_02439,fashion,Fashion,2026-07-11 02:55:35,1,Puma Denim Trucker Jacket - Silver
SRCH_004379,CUST_00593,accessories,Gaming,2026-03-15 02:41:35,1,Corsair Wireless Haptic Feedback Gaming Controller - Classic Beige
SRCH_004380,CUST_00345,mid-range,Mobiles,2026-07-17 13:15:35,1,Samsung Smartphone Ultra 5G - Space Gray
SRCH_004381,CUST_01142,running shoes,Footwear,2026-05-17 09:31:35,1,Clarks Genuine Leather Oxford Shoes
SRCH_004382,CUST_01981,home,Home,2026-07-22 17:40:35,1,Solimo 100% Cotton 300TC Double Bed Sheet - Silver
SRCH_004383,CUST_01693,electronics,Electronics,2026-03-28 01:10:35,1,Sony 4K Ultra HD Smart TV 55-inch - Classic Beige
SRCH_004384,CUST_00935,technology,Books,2026-05-13 13:17:35,1,O'Reilly Deep Work: Focused Success in a Distracted World - Navy Blue
SRCH_004385,CUST_00149,fitness equipment,Sports,2026-06-23 12:42:35,1,Boldfit Extra Thick Non-Slip Eco Yoga Mat - Space Gray
SRCH_004386,CUST_02122,lighting,Home,2026-08-29 21:37:35,1,Spaces 100% Cotton 300TC Double Bed Sheet - Space Gray
SRCH_004387,CUST_02421,accessories,Gaming,2026-08-14 01:58:35,1,Logitech G Surround Sound Gaming Headset with Mic
SRCH_004388,CUST_01904,office,Furniture,2026-05-14 16:10:35,1,Godrej Interio Ergonomic Mesh High-Back Office Chair - Crimson Red
SRCH_004389,CUST_02219,accessories,Gaming,2026-08-22 04:19:35,1,Logitech G Next-Gen Home Gaming Console 1TB - Silver
SRCH_004390,CUST_02358,kitchen,Kitchen,2026-06-18 18:42:35,1,Hawkins Heavy-Duty 750W Mixer Grinder - Space Gray
SRCH_004391,CUST_02670,winterwear,Fashion,2026-08-11 01:40:35,1,Puma Denim Trucker Jacket - Silver
SRCH_004392,CUST_02093,accessories,Accessories,2026-06-01 02:30:35,1,American Tourister Ergonomic Silent Wireless Mouse
SRCH_004393,CUST_02337,mid-range,Mobiles,2026-08-08 20:48:35,1,Motorola NextGen Smartphone Pro Max
SRCH_004394,CUST_00303,laptops,Laptops,2026-05-13 19:49:35,1,Apple Student Essential Laptop
SRCH_004395,CUST_02435,winterwear,Fashion,2026-06-27 17:39:35,1,FabIndia Floral Print Maxi Summer Dress - Midnight Black
SRCH_004396,CUST_02225,beauty,Beauty,2026-08-25 12:42:35,1,Minimalist Vitamin C Brightening Facial Cleanser - Rose Gold
SRCH_004397,CUST_00016,accessories,Gaming,2026-09-02 08:06:35,1,Logitech G RGB Mechanical Gaming Keyboard - Navy Blue
SRCH_004398,CUST_02295,television,Electronics,2026-04-20 04:55:35,1,Bose 4K Ultra HD Smart TV 55-inch
SRCH_004399,CUST_02896,home,Home,2026-09-04 10:41:35,1,Home Centre 100% Cotton 300TC Double Bed Sheet
SRCH_004400,CUST_01549,budget,Mobiles,2026-06-06 22:06:35,1,Motorola Smartphone Ultra 5G
SRCH_004401,CUST_00832,sports,Sports,2026-06-08 01:49:35,1,Cosco Carbon Fiber Badminton Racket - Charcoal
SRCH_004402,CUST_02906,bags & backpacks,Accessories,2026-03-29 00:45:35,1,Portronics Water-Resistant Laptop Backpack 15.6-inch
SRCH_004403,CUST_01276,gaming laptops,Laptops,2026-08-23 15:37:35,1,HP Student Essential Laptop - Space Gray
SRCH_004404,CUST_01916,gaming,Gaming,2026-04-20 10:13:35,1,Corsair Wireless Haptic Feedback Gaming Controller
SRCH_004405,CUST_01612,running shoes,Footwear,2026-04-22 06:00:35,1,Adidas Cushioned Running Shoes - Silver
SRCH_004406,CUST_02283,mobiles,Mobiles,2026-07-05 21:57:35,1,Motorola Sleek Curve Screen 5G Phone - Crimson Red
SRCH_004407,CUST_02662,office,Furniture,2026-03-17 10:45:35,1,IKEA Minimalist Nesting Coffee Tables
SRCH_004408,CUST_02650,kitchen,Kitchen,2026-07-07 17:01:35,1,Pigeon Airtight Glass Food Storage Jars
SRCH_004409,CUST_02251,footwear,Footwear,2026-09-07 16:16:35,1,Puma Classic Low-Top Canvas Sneakers - Rose Gold
SRCH_004410,CUST_01077,ultrabooks,Laptops,2026-03-11 23:55:35,1,Apple Business Productivity Notebook - Crimson Red
SRCH_004411,CUST_01288,accessories,Gaming,2026-03-18 03:55:35,1,Razer Ultra-Lightweight 8KHz Optical Gaming Mouse
SRCH_004412,CUST_01038,home,Home,2026-06-15 08:58:35,1,Spaces Velvet Touch Blackout Window Curtains - Rose Gold
SRCH_004413,CUST_01813,kitchen,Kitchen,2026-08-29 15:02:35,1,Hawkins Stainless Steel Chef Knife Set - Space Gray
SRCH_004414,CUST_01453,sports,Sports,2026-04-02 17:25:35,1,Yonex Carbon Fiber Badminton Racket - Space Gray
SRCH_004415,CUST_02885,electronics,Electronics,2026-08-09 03:59:35,1,Samsung Action Camera 4K Waterproof
SRCH_004416,CUST_00742,footwear,Footwear,2026-05-04 16:55:35,1,Puma Comfort Walking Slip-On Shoes
SRCH_004417,CUST_01590,sports,Sports,2026-08-13 03:52:35,1,Nivia Quick Dry Athletic Training Shorts - Midnight Black
SRCH_004418,CUST_01534,bags & backpacks,Accessories,2026-07-07 05:07:35,1,Portronics Water-Resistant Laptop Backpack 15.6-inch - Silver
SRCH_004419,CUST_02022,accessories,Accessories,2026-08-29 12:43:35,1,Logitech Magnetic Qi Fast Wireless Charger Stand
SRCH_004420,CUST_02584,fitness equipment,Sports,2026-04-24 12:22:35,1,Nivia Quick Dry Athletic Training Shorts - Midnight Black
SRCH_004421,CUST_02659,accessories,Accessories,2026-08-10 09:50:35,1,Logitech Water-Resistant Laptop Backpack 15.6-inch - Crimson Red
SRCH_004422,CUST_01553,mobile accessories,Accessories,2026-04-12 02:23:35,1,Spigen Water-Resistant Laptop Backpack 15.6-inch - Charcoal
SRCH_004423,CUST_00897,decor,Home,2026-07-23 10:23:35,1,IKEA Velvet Touch Blackout Window Curtains
SRCH_004424,CUST_01718,lighting,Home,2026-08-20 11:20:35,1,IKEA Handwoven Boho Area Rug - Rose Gold
SRCH_004425,CUST_02522,books,Books,2026-04-01 19:24:35,1,Bloomsbury Python Machine Learning & AI Mastery
SRCH_004426,CUST_02492,winterwear,Fashion,2026-07-16 17:53:35,1,H&M Cozy Fleece Pullover Hoodie - Pearl White
SRCH_004427,CUST_01879,small appliances,Kitchen,2026-04-06 17:04:35,1,Hawkins Stainless Steel Chef Knife Set - Space Gray
SRCH_004428,CUST_00153,gaming,Gaming,2026-03-31 00:39:35,1,Corsair Wireless Haptic Feedback Gaming Controller
SRCH_004429,CUST_01330,running shoes,Footwear,2026-05-11 07:08:35,1,Adidas Waterproof Outdoor Hiking Boots - Rose Gold
SRCH_004430,CUST_02847,personal,Personal Care,2026-05-29 12:31:35,1,Dove Deep Cleansing Charcoal Body Wash 500ml
SRCH_004431,CUST_00687,technology,Books,2026-05-29 20:54:35,1,HarperCollins Python Machine Learning & AI Mastery
SRCH_004432,CUST_00273,mid-range,Mobiles,2026-09-02 11:24:35,1,OnePlus NextGen Smartphone Pro Max - Rose Gold
SRCH_004433,CUST_02733,small appliances,Kitchen,2026-05-08 16:34:35,1,Milton Airtight Glass Food Storage Jars - Charcoal
SRCH_004434,CUST_01371,technology,Books,2026-05-22 13:19:35,1,Bloomsbury Designing Data-Intensive Applications - Olive Green
SRCH_004435,CUST_00927,grocery,Grocery,2026-05-26 07:52:35,1,Saffola Cold-Pressed Extra Virgin Olive Oil 1L
SRCH_004436,CUST_00412,personal,Personal Care,2026-08-08 23:31:35,1,Colgate Deep Cleansing Charcoal Body Wash 500ml - Rose Gold
SRCH_004437,CUST_02482,mobile accessories,Accessories,2026-07-16 21:36:35,1,Portronics Ergonomic Silent Wireless Mouse
SRCH_004438,CUST_00266,makeup,Beauty,2026-05-18 17:49:35,1,Neutrogena Hydrating Hyaluronic Acid Serum - Pearl White
SRCH_004439,CUST_00859,books,Books,2026-07-20 07:24:35,1,Penguin Designing Data-Intensive Applications - Midnight Black
SRCH_004440,CUST_01576,mobile accessories,Accessories,2026-04-14 01:35:35,1,American Tourister Shockproof Clear Phone Case - Pearl White
SRCH_004441,CUST_01047,shaving & grooming,Personal Care,2026-08-29 00:51:35,1,Gillette Sonic Electric Toothbrush with Timer
SRCH_004442,CUST_02933,ultrabooks,Laptops,2026-08-15 17:12:35,1,MSI Creator Studio Laptop 4K OLED - Midnight Black
SRCH_004443,CUST_00103,laptops,Laptops,2026-07-22 01:00:35,1,Acer Creator Studio Laptop 4K OLED - Olive Green
SRCH_004444,CUST_02622,business & finance,Books,2026-05-13 14:08:35,1,HarperCollins Designing Data-Intensive Applications
SRCH_004445,CUST_02663,grocery,Grocery,2026-08-17 13:36:35,1,Organic India Organic Green Tea Herbal Infusion 100 Bags - Olive Green
SRCH_004446,CUST_00562,electronics,Electronics,2026-04-09 01:21:35,1,JBL Smart Fitness Watch
SRCH_004447,CUST_01894,shaving & grooming,Personal Care,2026-07-29 01:03:35,1,Oral-B Gentle Sulfate-Free Moisturizing Body Lotion - Rose Gold
SRCH_004448,CUST_02076,storage & containers,Kitchen,2026-07-01 18:48:35,1,Wonderchef Airtight Glass Food Storage Jars - Charcoal
SRCH_004449,CUST_02278,mobiles,Mobiles,2026-08-19 00:34:35,1,OnePlus NextGen Smartphone Pro Max - Rose Gold
SRCH_004450,CUST_01998,winterwear,Fashion,2026-07-22 02:17:35,1,Nike Cozy Fleece Pullover Hoodie - Pearl White
SRCH_004451,CUST_00363,cooking essentials,Grocery,2026-08-30 08:09:35,1,Tata Organic Green Tea Herbal Infusion 100 Bags - Navy Blue
SRCH_004452,CUST_02577,accessories,Accessories,2026-04-02 12:51:35,1,American Tourister 9H Tempered Glass Screen Protector (2-Pack) - Rose Gold
SRCH_004453,CUST_02519,office,Furniture,2026-04-12 16:54:35,1,IKEA Modern Engineered Wood Computer Desk - Rose Gold
SRCH_004454,CUST_00200,electronics,Electronics,2026-04-06 18:56:35,1,Samsung Action Camera 4K Waterproof
SRCH_004455,CUST_02789,mobiles,Mobiles,2026-05-31 20:19:35,1,Samsung Sleek Curve Screen 5G Phone - Charcoal
SRCH_004456,CUST_00830,fitness equipment,Sports,2026-04-01 07:16:35,1,Decathlon Extra Thick Non-Slip Eco Yoga Mat - Classic Beige
SRCH_004457,CUST_02247,smart devices,Electronics,2026-07-24 20:15:35,1,Sony 4K Ultra HD Smart TV 55-inch - Classic Beige
SRCH_004458,CUST_00142,books,Books,2026-07-15 16:37:35,1,HarperCollins Atomic Habits: Build Good Habits - Charcoal
SRCH_004459,CUST_02342,personal,Personal Care,2026-05-17 00:24:35,1,Colgate Cordless Rechargeable Beard Trimmer - Space Gray
SRCH_004460,CUST_01491,lighting,Home,2026-08-29 04:54:35,1,IKEA Velvet Touch Blackout Window Curtains - Midnight Black
SRCH_004461,CUST_02490,sneakers,Footwear,2026-07-27 14:58:35,1,Adidas Waterproof Outdoor Hiking Boots - Rose Gold
SRCH_004462,CUST_01266,shaving & grooming,Personal Care,2026-08-27 20:50:35,1,Gillette Sonic Electric Toothbrush with Timer
SRCH_004463,CUST_00180,smart devices,Electronics,2026-06-22 06:46:35,1,JBL Bass Soundbar with Subwoofer - Navy Blue
SRCH_004464,CUST_01342,mobile accessories,Accessories,2026-07-24 05:32:35,1,American Tourister Shockproof Clear Phone Case - Pearl White
SRCH_004465,CUST_00571,sports,Sports,2026-04-08 22:21:35,1,Decathlon Quick Dry Athletic Training Shorts
SRCH_004466,CUST_00314,shaving & grooming,Personal Care,2026-08-15 19:05:35,1,Oral-B Cordless Rechargeable Beard Trimmer - Navy Blue
SRCH_004467,CUST_02730,wearables,Electronics,2026-04-20 10:26:35,1,Sony Digital Mirrorless Camera - Space Gray
SRCH_004468,CUST_02157,electronics,Electronics,2026-06-13 09:42:35,1,JBL Bass Soundbar with Subwoofer - Navy Blue
SRCH_004469,CUST_01422,accessories,Gaming,2026-07-29 18:42:35,1,Logitech G Surround Sound Gaming Headset with Mic - Midnight Black
SRCH_004470,CUST_01322,controllers,Gaming,2026-09-07 01:58:35,1,Razer Surround Sound Gaming Headset with Mic
SRCH_004471,CUST_00017,running shoes,Footwear,2026-06-07 23:59:35,1,Puma Cushioned Running Shoes - Charcoal
SRCH_004472,CUST_02750,decor,Home,2026-04-07 06:20:35,1,Spaces Collapsible Fabric Storage Organizers
SRCH_004473,CUST_02185,lighting,Home,2026-05-16 03:41:35,1,IKEA 100% Cotton 300TC Double Bed Sheet - Navy Blue
SRCH_004474,CUST_00329,student laptops,Laptops,2026-08-17 16:25:35,1,MSI Creator Studio Laptop 4K OLED - Midnight Black
SRCH_004475,CUST_00224,books,Books,2026-06-09 07:13:35,1,O'Reilly Atomic Habits: Build Good Habits - Rose Gold
SRCH_004476,CUST_02920,small appliances,Kitchen,2026-04-17 16:07:35,1,Milton Stainless Steel Chef Knife Set - Classic Beige
SRCH_004477,CUST_01665,beauty,Beauty,2026-08-11 12:10:35,1,L'Oreal Keratin Smoothing Hair Mask - Classic Beige
SRCH_004478,CUST_01022,accessories,Gaming,2026-06-03 05:23:35,1,Xbox Surround Sound Gaming Headset with Mic
SRCH_004479,CUST_02482,winterwear,Fashion,2026-08-04 17:08:35,1,Nike Classic Denim Slim Jeans - Pearl White
SRCH_004480,CUST_02625,mid-range,Mobiles,2026-05-13 01:34:35,1,Apple Pure Android Experience 5G
SRCH_004481,CUST_02454,electronics,Electronics,2026-04-04 14:07:35,1,LG Action Camera 4K Waterproof
SRCH_004482,CUST_02047,office,Furniture,2026-06-07 10:52:35,1,Sleepyhead Ergonomic Mesh High-Back Office Chair - Navy Blue
SRCH_004483,CUST_02854,mobile accessories,Accessories,2026-05-04 09:07:35,1,Spigen Multi-Port 7-in-1 USB-C Hub Adapter
SRCH_004484,CUST_00966,shaving & grooming,Personal Care,2026-08-18 22:55:35,1,Gillette Sonic Electric Toothbrush with Timer
SRCH_004485,CUST_01592,television,Electronics,2026-06-21 11:14:35,1,JBL Bass Soundbar with Subwoofer - Navy Blue
SRCH_004486,CUST_01920,electronics,Electronics,2026-04-17 05:03:35,1,Sony Digital Mirrorless Camera - Space Gray
SRCH_004487,CUST_01278,kitchen,Kitchen,2026-04-12 07:02:35,1,Milton Airtight Glass Food Storage Jars - Charcoal
SRCH_004488,CUST_02946,electronics,Electronics,2026-05-15 05:59:35,1,Samsung Noise Cancelling Wireless Earbuds - Silver
SRCH_004489,CUST_00392,yoga,Sports,2026-05-19 22:20:35,1,Boldfit Adjustable Hex Dumbbells Pair - Classic Beige
SRCH_004490,CUST_01175,books,Books,2026-07-16 13:52:35,1,Penguin The Psychology of Money - Pearl White
SRCH_004491,CUST_00518,books,Books,2026-03-27 20:31:35,1,O'Reilly Python Machine Learning & AI Mastery - Charcoal
SRCH_004492,CUST_01833,controllers,Gaming,2026-07-20 19:26:35,1,Logitech G Wireless Haptic Feedback Gaming Controller
SRCH_004493,CUST_01469,shaving & grooming,Personal Care,2026-04-26 14:55:35,1,Gillette Gentle Sulfate-Free Moisturizing Body Lotion
SRCH_004494,CUST_00981,bedding,Home,2026-06-08 17:13:35,1,Solimo Handwoven Boho Area Rug - Midnight Black
SRCH_004495,CUST_01227,office,Furniture,2026-07-14 13:25:35,1,Urban Ladder Ergonomic Mesh High-Back Office Chair
SRCH_004496,CUST_00193,mobile accessories,Accessories,2026-05-18 10:52:35,1,Logitech Multi-Port 7-in-1 USB-C Hub Adapter - Space Gray
SRCH_004497,CUST_02942,technology,Books,2026-04-28 00:47:35,1,Bloomsbury The Psychology of Money - Silver
SRCH_004498,CUST_01618,office,Furniture,2026-04-14 21:00:35,1,Urban Ladder Modern Engineered Wood Computer Desk - Silver
SRCH_004499,CUST_02229,television,Electronics,2026-07-15 23:34:35,1,LG Compact Bluetooth Speaker - Silver
SRCH_004500,CUST_00636,beverages,Grocery,2026-06-23 17:52:35,1,Saffola Artisan Dark Roasted Arabica Coffee Beans 250g
SRCH_004501,CUST_02353,running shoes,Footwear,2026-03-24 02:23:35,1,Bata Classic Low-Top Canvas Sneakers - Classic Beige
SRCH_004502,CUST_02717,laptops,Laptops,2026-04-18 19:44:35,1,HP Student Essential Laptop - Space Gray
SRCH_004503,CUST_02111,shaving & grooming,Personal Care,2026-07-20 09:49:35,1,Philips Sonic Electric Toothbrush with Timer
SRCH_004504,CUST_00972,beauty,Beauty,2026-06-13 05:01:35,1,Nivea Matte Liquid Longwear Foundation - Classic Beige
SRCH_004505,CUST_02692,men's clothing,Fashion,2026-08-01 02:20:35,1,FabIndia Denim Trucker Jacket
SRCH_004506,CUST_01235,fashion,Fashion,2026-08-10 23:54:35,1,Raymond Denim Trucker Jacket
SRCH_004507,CUST_00857,mid-range,Mobiles,2026-06-02 17:59:35,1,Google Smooth Display Mid-Range 5G - Midnight Black
SRCH_004508,CUST_01358,electronics,Electronics,2026-05-11 14:14:35,1,Samsung Action Camera 4K Waterproof
SRCH_004509,CUST_00863,audio,Electronics,2026-04-27 13:27:35,1,Boat Smart Fitness Watch
SRCH_004510,CUST_01186,home,Home,2026-07-24 11:56:35,1,IKEA Velvet Touch Blackout Window Curtains
SRCH_004511,CUST_02817,sneakers,Footwear,2026-03-31 12:53:35,1,Reebok Comfort Walking Slip-On Shoes
SRCH_004512,CUST_02584,electronics,Electronics,2026-05-01 00:14:35,1,Samsung Digital Mirrorless Camera
SRCH_004513,CUST_01695,books,Books,2026-05-23 04:26:35,1,Bloomsbury The Psychology of Money - Silver
SRCH_004514,CUST_02285,decor,Home,2026-05-15 12:17:35,1,Spaces 100% Cotton 300TC Double Bed Sheet - Rose Gold
SRCH_004515,CUST_00334,smart devices,Electronics,2026-04-22 04:46:35,1,Sony Noise Cancelling Wireless Earbuds - Rose Gold
SRCH_004516,CUST_02511,laptops,Laptops,2026-06-22 23:12:35,1,Lenovo Student Essential Laptop
SRCH_004517,CUST_00976,accessories,Accessories,2026-08-19 16:03:35,1,Spigen 9H Tempered Glass Screen Protector (2-Pack)
SRCH_004518,CUST_00086,gaming laptops,Laptops,2026-03-19 23:26:35,1,Apple Business Productivity Notebook - Pearl White
SRCH_004519,CUST_02657,fitness equipment,Sports,2026-03-28 21:27:35,1,Nivia Extra Thick Non-Slip Eco Yoga Mat - Pearl White
SRCH_004520,CUST_02281,sports,Sports,2026-05-26 18:47:35,1,Boldfit Extra Thick Non-Slip Eco Yoga Mat - Space Gray
SRCH_004521,CUST_01157,outdoor sports,Sports,2026-04-04 02:28:35,1,Yonex Adjustable Hex Dumbbells Pair
SRCH_004522,CUST_02750,home,Home,2026-04-23 19:13:35,1,Solimo Handwoven Boho Area Rug - Midnight Black
SRCH_004523,CUST_02542,business & finance,Books,2026-05-08 11:06:35,1,O'Reilly Python Machine Learning & AI Mastery
SRCH_004524,CUST_02708,winterwear,Fashion,2026-04-07 16:01:35,1,Raymond Casual Stretch Chino Trousers - Navy Blue
SRCH_004525,CUST_00888,mobiles,Mobiles,2026-03-23 14:24:35,1,Motorola Battery King Phone 6000mAh
SRCH_004526,CUST_00294,grocery,Grocery,2026-07-23 02:45:35,1,Nestle Organic Raw Honey 500g - Navy Blue
SRCH_004527,CUST_00746,audio,Electronics,2026-08-19 02:45:35,1,Sennheiser Compact Bluetooth Speaker
SRCH_004528,CUST_01031,smart devices,Electronics,2026-04-17 20:40:35,1,LG 4K Ultra HD Smart TV 55-inch - Olive Green
SRCH_004529,CUST_00445,skincare,Beauty,2026-03-13 15:55:35,1,Neutrogena Vitamin C Brightening Facial Cleanser - Silver
SRCH_004530,CUST_01302,men's clothing,Fashion,2026-04-17 09:48:35,1,Adidas Denim Trucker Jacket - Midnight Black
SRCH_004531,CUST_02733,storage & containers,Kitchen,2026-05-31 00:48:35,1,Prestige Hard Anodized Non-Stick Cookware Set - Silver
SRCH_004532,CUST_00219,shaving & grooming,Personal Care,2026-07-29 19:22:35,1,Philips Cordless Rechargeable Beard Trimmer
SRCH_004533,CUST_02130,electronics,Electronics,2026-06-23 09:48:35,1,Samsung Digital Mirrorless Camera
SRCH_004534,CUST_02998,small appliances,Kitchen,2026-05-31 17:28:35,1,Hawkins Hard Anodized Non-Stick Cookware Set - Pearl White
SRCH_004535,CUST_02014,technology,Books,2026-08-17 09:59:35,1,Bloomsbury Python Machine Learning & AI Mastery
SRCH_004536,CUST_00770,winterwear,Fashion,2026-05-21 18:05:35,1,Adidas Floral Print Maxi Summer Dress - Silver
SRCH_004537,CUST_01321,beverages,Grocery,2026-08-31 18:36:35,1,Tata Artisan Dark Roasted Arabica Coffee Beans 250g
SRCH_004538,CUST_00407,small appliances,Kitchen,2026-08-01 10:24:35,1,Milton Heavy-Duty 750W Mixer Grinder
SRCH_004539,CUST_00782,winterwear,Fashion,2026-05-08 13:15:35,1,Adidas Floral Print Maxi Summer Dress - Silver
SRCH_004540,CUST_01209,smart devices,Electronics,2026-04-27 02:46:35,1,JBL Bass Soundbar with Subwoofer - Navy Blue
SRCH_004541,CUST_00248,lighting,Home,2026-07-25 05:42:35,1,IKEA Smart LED Color Ambient Bulb
SRCH_004542,CUST_00084,bath & body,Personal Care,2026-03-11 22:33:35,1,Colgate Sonic Electric Toothbrush with Timer - Charcoal
SRCH_004543,CUST_00805,office,Furniture,2026-08-30 03:19:35,1,Sleepyhead Ergonomic Mesh High-Back Office Chair - Navy Blue
SRCH_004544,CUST_02425,books,Books,2026-09-03 13:16:35,1,Penguin The Psychology of Money - Pearl White
SRCH_004545,CUST_01739,accessories,Gaming,2026-03-20 16:16:35,1,Logitech G Next-Gen Home Gaming Console 1TB - Silver
SRCH_004546,CUST_02825,laptops,Laptops,2026-05-10 15:48:35,1,HP Creator Studio Laptop 4K OLED - Pearl White
SRCH_004547,CUST_01960,ultrabooks,Laptops,2026-08-08 03:23:35,1,Acer Creator Studio Laptop 4K OLED - Olive Green
SRCH_004548,CUST_01134,kitchen,Kitchen,2026-04-18 15:29:35,1,Hawkins Hard Anodized Non-Stick Cookware Set - Pearl White
SRCH_004549,CUST_02811,mobiles,Mobiles,2026-04-25 01:16:35,1,Samsung Sleek Curve Screen 5G Phone - Crimson Red
SRCH_004550,CUST_01339,electronics,Electronics,2026-05-25 01:14:35,1,Samsung Noise Cancelling Wireless Earbuds
SRCH_004551,CUST_02678,audio,Electronics,2026-07-30 06:22:35,1,Boat Smart Fitness Watch
SRCH_004552,CUST_01737,furniture,Furniture,2026-04-15 08:19:35,1,Sleepyhead Orthopedic Memory Foam Mattress 6-inch - Pearl White
SRCH_004553,CUST_02254,running shoes,Footwear,2026-05-22 06:43:35,1,Puma Cushioned Running Shoes - Olive Green
SRCH_004554,CUST_00011,mobiles,Mobiles,2026-04-15 11:02:35,1,Samsung Sleek Curve Screen 5G Phone - Crimson Red
SRCH_004555,CUST_00242,bedding,Home,2026-06-20 01:23:35,1,IKEA 100% Cotton 300TC Double Bed Sheet - Pearl White
SRCH_004556,CUST_00666,men's clothing,Fashion,2026-08-05 16:11:35,1,FabIndia Casual Stretch Chino Trousers
SRCH_004557,CUST_00791,mid-range,Mobiles,2026-03-18 23:41:35,1,Xiaomi Smooth Display Mid-Range 5G
SRCH_004558,CUST_02119,accessories,Gaming,2026-05-08 20:38:35,1,Xbox Next-Gen Home Gaming Console 1TB - Silver
SRCH_004559,CUST_02222,shaving & grooming,Personal Care,2026-04-07 15:22:35,1,Colgate Deep Cleansing Charcoal Body Wash 500ml - Charcoal
SRCH_004560,CUST_00906,business & finance,Books,2026-07-29 12:22:35,1,Penguin The Psychology of Money
SRCH_004561,CUST_01619,men's clothing,Fashion,2026-05-17 09:27:35,1,FabIndia Classic Denim Slim Jeans - Classic Beige
SRCH_004562,CUST_01699,controllers,Gaming,2026-04-10 22:06:35,1,Corsair RGB Mechanical Gaming Keyboard - Rose Gold
SRCH_004563,CUST_01868,shaving & grooming,Personal Care,2026-05-19 04:17:35,1,Gillette Gentle Sulfate-Free Moisturizing Body Lotion
SRCH_004564,CUST_02188,small appliances,Kitchen,2026-05-14 20:03:35,1,Prestige Airtight Glass Food Storage Jars
SRCH_004565,CUST_01531,running shoes,Footwear,2026-05-14 01:55:35,1,Adidas Genuine Leather Oxford Shoes
SRCH_004566,CUST_01405,shaving & grooming,Personal Care,2026-04-27 16:41:35,1,Dettol Gentle Sulfate-Free Moisturizing Body Lotion - Space Gray
SRCH_004567,CUST_00568,sports,Sports,2026-06-15 19:12:35,1,Puma Adjustable Hex Dumbbells Pair - Classic Beige
SRCH_004568,CUST_00715,electronics,Electronics,2026-07-20 05:46:35,1,Samsung Action Camera 4K Waterproof
SRCH_004569,CUST_02078,small appliances,Kitchen,2026-06-25 20:07:35,1,Hawkins Stainless Steel Chef Knife Set - Space Gray
SRCH_004570,CUST_02466,skincare,Beauty,2026-03-20 05:23:35,1,Minimalist Matte Velvet Long-Stay Lipstick
SRCH_004571,CUST_02533,winterwear,Fashion,2026-08-25 04:33:35,1,Levis Solid Crew Neck Cotton T-Shirt - Midnight Black
SRCH_004572,CUST_01814,beverages,Grocery,2026-08-02 20:30:35,1,Saffola Cold-Pressed Extra Virgin Olive Oil 1L
SRCH_004573,CUST_02720,furniture,Furniture,2026-08-14 04:11:35,1,Godrej Interio Ergonomic Mesh High-Back Office Chair - Crimson Red
SRCH_004574,CUST_02284,grocery,Grocery,2026-04-29 03:15:35,1,Organic India Cold-Pressed Extra Virgin Olive Oil 1L
SRCH_004575,CUST_02057,office,Furniture,2026-05-18 21:40:35,1,Urban Ladder Contemporary 3-Seater Fabric Sofa - Rose Gold
SRCH_004576,CUST_00296,ultrabooks,Laptops,2026-05-30 02:36:35,1,Dell Ultra-Slim Metal Ultrabook - Charcoal
SRCH_004577,CUST_00721,business & finance,Books,2026-08-04 11:25:35,1,Bloomsbury The Psychology of Money
SRCH_004578,CUST_00652,men's clothing,Fashion,2026-06-15 21:48:35,1,Adidas Denim Trucker Jacket - Midnight Black
SRCH_004579,CUST_02968,technology,Books,2026-06-07 01:36:35,1,Penguin Designing Data-Intensive Applications
SRCH_004580,CUST_00270,mid-range,Mobiles,2026-04-14 21:59:35,1,Google Pure Android Experience 5G - Pearl White
SRCH_004581,CUST_02121,controllers,Gaming,2026-06-14 06:39:35,1,SteelSeries Next-Gen Home Gaming Console 1TB - Classic Beige
SRCH_004582,CUST_00602,smart devices,Electronics,2026-07-24 12:51:35,1,Bose Bass Soundbar with Subwoofer - Midnight Black
SRCH_004583,CUST_01438,yoga,Sports,2026-03-19 21:37:35,1,Decathlon Carbon Fiber Badminton Racket
SRCH_004584,CUST_02605,sneakers,Footwear,2026-03-12 12:40:35,1,Adidas Genuine Leather Oxford Shoes
SRCH_004585,CUST_00572,men's clothing,Fashion,2026-04-02 15:50:35,1,Adidas Floral Print Maxi Summer Dress - Silver
SRCH_004586,CUST_01664,bedding,Home,2026-07-02 16:46:35,1,IKEA Handwoven Boho Area Rug - Classic Beige
SRCH_004587,CUST_01427,laptops,Laptops,2026-06-04 13:10:35,1,Apple Creator Studio Laptop 4K OLED - Rose Gold
SRCH_004588,CUST_02371,care,Personal Care,2026-08-06 04:03:35,1,Philips Sonic Electric Toothbrush with Timer
SRCH_004589,CUST_00131,controllers,Gaming,2026-07-31 01:21:35,1,Corsair Wireless Haptic Feedback Gaming Controller - Classic Beige
SRCH_004590,CUST_02601,audio,Electronics,2026-04-11 12:05:35,1,LG Action Camera 4K Waterproof
SRCH_004591,CUST_02883,running shoes,Footwear,2026-07-28 19:06:35,1,Nike Waterproof Outdoor Hiking Boots - Space Gray
SRCH_004592,CUST_01718,decor,Home,2026-04-07 17:49:35,1,Philips Velvet Touch Blackout Window Curtains - Space Gray
SRCH_004593,CUST_02591,office,Furniture,2026-05-12 04:10:35,1,Urban Ladder Minimalist Nesting Coffee Tables - Space Gray
SRCH_004594,CUST_00490,electronics,Electronics,2026-04-09 04:46:35,1,Sennheiser Wireless Bluetooth Headphones
SRCH_004595,CUST_02595,small appliances,Kitchen,2026-07-17 05:46:35,1,Pigeon Airtight Glass Food Storage Jars - Crimson Red
SRCH_004596,CUST_00508,electronics,Electronics,2026-08-03 04:15:35,1,Sony 4K Ultra HD Smart TV 55-inch - Classic Beige
SRCH_004597,CUST_01457,electronics,Electronics,2026-07-09 21:19:35,1,Sony Digital Mirrorless Camera - Space Gray
SRCH_004598,CUST_02589,running shoes,Footwear,2026-07-10 16:52:35,1,Adidas Waterproof Outdoor Hiking Boots - Rose Gold
SRCH_004599,CUST_00684,fitness equipment,Sports,2026-04-28 22:25:35,1,Yonex Carbon Fiber Badminton Racket - Space Gray
SRCH_004600,CUST_01499,grocery,Grocery,2026-07-05 00:08:35,1,Saffola Cold-Pressed Extra Virgin Olive Oil 1L - Crimson Red
SRCH_004601,CUST_02988,kitchen,Kitchen,2026-03-26 08:47:35,1,Pigeon Electric Rapid Air Fryer 4.5L - Silver
SRCH_004602,CUST_02372,home,Home,2026-04-18 14:03:35,1,Solimo 100% Cotton 300TC Double Bed Sheet
SRCH_004603,CUST_01471,bedding,Home,2026-05-15 18:39:35,1,D'Decor Velvet Touch Blackout Window Curtains - Pearl White
SRCH_004604,CUST_00432,technology,Books,2026-03-28 03:18:35,1,Penguin Atomic Habits: Build Good Habits - Crimson Red
SRCH_004605,CUST_00266,skincare,Beauty,2026-05-23 05:31:35,1,Nivea Vitamin C Brightening Facial Cleanser
SRCH_004606,CUST_00771,shaving & grooming,Personal Care,2026-05-29 15:08:35,1,Colgate Cordless Rechargeable Beard Trimmer - Space Gray
SRCH_004607,CUST_01714,beverages,Grocery,2026-04-19 07:38:35,1,Nestle Cold-Pressed Extra Virgin Olive Oil 1L - Space Gray
SRCH_004608,CUST_01049,personal care,Personal Care,2026-06-10 09:22:35,1,Gillette Deep Cleansing Charcoal Body Wash 500ml
SRCH_004609,CUST_02049,bedding,Home,2026-04-13 08:36:35,1,Philips 100% Cotton 300TC Double Bed Sheet - Rose Gold
SRCH_004610,CUST_01344,makeup,Beauty,2026-06-21 04:49:35,1,L'Oreal Matte Velvet Long-Stay Lipstick
SRCH_004611,CUST_00866,technology,Books,2026-08-05 18:27:35,1,O'Reilly Deep Work: Focused Success in a Distracted World - Space Gray
SRCH_004612,CUST_01229,fragrances,Beauty,2026-05-07 10:18:35,1,L'Oreal Matte Velvet Long-Stay Lipstick
SRCH_004613,CUST_01136,fashion,Fashion,2026-08-25 00:15:35,1,H&M Floral Print Maxi Summer Dress - Olive Green
SRCH_004614,CUST_02205,skincare,Beauty,2026-06-25 06:51:35,1,The Ordinary Vitamin C Brightening Facial Cleanser - Rose Gold
SRCH_004615,CUST_02967,accessories,Gaming,2026-06-07 19:20:35,1,Logitech G Surround Sound Gaming Headset with Mic - Midnight Black
SRCH_004616,CUST_01262,mobiles,Mobiles,2026-08-22 04:24:35,1,Motorola Battery King Phone 6000mAh
SRCH_004617,CUST_02039,mid-range,Mobiles,2026-06-19 16:59:35,1,Xiaomi Pure Android Experience 5G - Charcoal
SRCH_004618,CUST_02155,gaming laptops,Laptops,2026-03-30 06:28:35,1,Apple Student Essential Laptop
SRCH_004619,CUST_01986,laptops,Laptops,2026-03-14 07:11:35,1,HP Pro Gaming Laptop RTX 4070
SRCH_004620,CUST_02576,kitchen,Kitchen,2026-03-27 02:46:35,1,Hawkins Electric Rapid Air Fryer 4.5L
SRCH_004621,CUST_00402,mobile accessories,Accessories,2026-06-13 09:02:35,1,Anker 9H Tempered Glass Screen Protector (2-Pack)
SRCH_004622,CUST_00866,shaving & grooming,Personal Care,2026-06-21 20:57:35,1,Dettol Deep Cleansing Charcoal Body Wash 500ml - Charcoal
SRCH_004623,CUST_00830,books,Books,2026-07-25 08:29:35,1,O'Reilly Designing Data-Intensive Applications - Midnight Black
SRCH_004624,CUST_01480,makeup,Beauty,2026-08-08 16:30:35,1,The Ordinary Matte Velvet Long-Stay Lipstick - Charcoal
SRCH_004625,CUST_01418,bath & body,Personal Care,2026-08-21 21:23:35,1,Oral-B Cordless Rechargeable Beard Trimmer - Navy Blue
SRCH_004626,CUST_01980,mid-range,Mobiles,2026-04-08 10:17:35,1,Google Sleek Curve Screen 5G Phone - Pearl White
SRCH_004627,CUST_00545,beauty,Beauty,2026-05-18 22:24:35,1,Nivea Vitamin C Brightening Facial Cleanser
SRCH_004628,CUST_00873,winterwear,Fashion,2026-08-16 20:36:35,1,Levis Floral Print Maxi Summer Dress - Olive Green
SRCH_004629,CUST_02830,personal care,Personal Care,2026-07-30 13:49:35,1,Gillette Cordless Rechargeable Beard Trimmer - Charcoal
SRCH_004630,CUST_02063,accessories,Gaming,2026-09-01 03:29:35,1,SteelSeries RGB Mechanical Gaming Keyboard - Midnight Black
SRCH_004631,CUST_02275,technology,Books,2026-05-03 15:00:35,1,Random House Atomic Habits: Build Good Habits - Classic Beige
SRCH_004632,CUST_00358,accessories,Gaming,2026-05-05 08:20:35,1,Corsair RGB Mechanical Gaming Keyboard - Rose Gold
SRCH_004633,CUST_00101,laptops,Laptops,2026-08-09 02:02:35,1,HP Business Productivity Notebook
SRCH_004634,CUST_01493,yoga,Sports,2026-03-27 23:09:35,1,Yonex Anti-Burst Gym Exercise Ball with Pump - Olive Green
SRCH_004635,CUST_00722,business & finance,Books,2026-05-28 02:53:35,1,HarperCollins Atomic Habits: Build Good Habits - Charcoal
SRCH_004636,CUST_00247,electronics,Electronics,2026-03-20 22:51:35,1,JBL Noise Cancelling Wireless Earbuds - Space Gray
SRCH_004637,CUST_01505,gaming,Gaming,2026-04-11 01:17:35,1,Razer Next-Gen Home Gaming Console 1TB - Navy Blue
SRCH_004638,CUST_02949,accessories,Gaming,2026-04-23 02:26:35,1,Xbox Surround Sound Gaming Headset with Mic - Charcoal
SRCH_004639,CUST_00973,accessories,Gaming,2026-08-23 12:03:35,1,Corsair Ultra-Lightweight 8KHz Optical Gaming Mouse - Navy Blue
SRCH_004640,CUST_01153,bedding,Home,2026-05-07 06:35:35,1,IKEA Handwoven Boho Area Rug - Rose Gold
SRCH_004641,CUST_00502,mid-range,Mobiles,2026-05-12 00:25:35,1,Google Smooth Display Mid-Range 5G - Midnight Black
SRCH_004642,CUST_01631,fragrances,Beauty,2026-06-27 12:18:35,1,Maybelline Hydrating Hyaluronic Acid Serum - Navy Blue
SRCH_004643,CUST_02257,bath & body,Personal Care,2026-07-05 09:10:35,1,Dove Gentle Sulfate-Free Moisturizing Body Lotion - Space Gray
SRCH_004644,CUST_00035,wearables,Electronics,2026-03-28 14:53:35,1,JBL Bass Soundbar with Subwoofer - Midnight Black
SRCH_004645,CUST_00046,running shoes,Footwear,2026-03-30 15:02:35,1,Puma Cushioned Running Shoes - Charcoal
SRCH_004646,CUST_00166,home,Home,2026-08-25 09:49:35,1,IKEA 100% Cotton 300TC Double Bed Sheet
SRCH_004647,CUST_00965,beverages,Grocery,2026-05-15 23:25:35,1,Organic India Organic Green Tea Herbal Infusion 100 Bags - Olive Green
SRCH_004648,CUST_00494,ultrabooks,Laptops,2026-07-13 07:06:35,1,MSI Pro Gaming Laptop RTX 4070 - Charcoal
SRCH_004649,CUST_00380,books,Books,2026-03-12 07:22:35,1,O'Reilly Designing Data-Intensive Applications - Space Gray
SRCH_004650,CUST_01907,budget,Mobiles,2026-07-19 00:29:35,1,Motorola Battery King Phone 6000mAh
SRCH_004651,CUST_00153,kitchen,Kitchen,2026-03-25 11:31:35,1,Hawkins Hard Anodized Non-Stick Cookware Set - Pearl White
SRCH_004652,CUST_00264,smart devices,Electronics,2026-04-01 16:05:35,1,Noise 4K Ultra HD Smart TV 55-inch
SRCH_004653,CUST_00933,running shoes,Footwear,2026-06-19 09:42:35,1,Puma Cushioned Running Shoes - Olive Green
SRCH_004654,CUST_01888,living room,Furniture,2026-05-29 18:18:35,1,Wakefit Modern Engineered Wood Computer Desk - Silver
SRCH_004655,CUST_00844,electronics,Electronics,2026-03-18 05:44:35,1,Samsung Digital Mirrorless Camera
SRCH_004656,CUST_01581,electronics,Electronics,2026-06-30 15:01:35,1,Sennheiser 4K Ultra HD Smart TV 55-inch - Olive Green
SRCH_004657,CUST_00591,shaving & grooming,Personal Care,2026-05-02 03:34:35,1,Philips Cordless Rechargeable Beard Trimmer
SRCH_004658,CUST_02141,makeup,Beauty,2026-05-05 19:49:35,1,Nivea Luxury Eau De Parfum 100ml - Space Gray
SRCH_004659,CUST_00836,shaving & grooming,Personal Care,2026-05-03 20:44:35,1,Oral-B Gentle Sulfate-Free Moisturizing Body Lotion
SRCH_004660,CUST_02337,makeup,Beauty,2026-06-28 20:49:35,1,The Ordinary Vitamin C Brightening Facial Cleanser - Rose Gold
SRCH_004661,CUST_02141,grocery,Grocery,2026-06-13 04:58:35,1,Saffola Organic Green Tea Herbal Infusion 100 Bags - Midnight Black
SRCH_004662,CUST_02940,personal,Personal Care,2026-04-22 06:44:35,1,Gillette Gentle Sulfate-Free Moisturizing Body Lotion - Navy Blue
SRCH_004663,CUST_02266,accessories,Gaming,2026-05-17 10:32:35,1,Razer RGB Mechanical Gaming Keyboard
SRCH_004664,CUST_01506,footwear,Footwear,2026-07-05 20:26:35,1,Puma Cushioned Running Shoes - Charcoal
SRCH_004665,CUST_02088,home,Home,2026-08-18 06:03:35,1,IKEA Smart LED Color Ambient Bulb
SRCH_004666,CUST_02302,gaming,Gaming,2026-08-25 07:40:35,1,SteelSeries Wireless Haptic Feedback Gaming Controller - Midnight Black
SRCH_004667,CUST_01835,makeup,Beauty,2026-07-04 01:58:35,1,Nivea Keratin Smoothing Hair Mask - Navy Blue
SRCH_004668,CUST_01617,snacks,Grocery,2026-07-27 12:08:35,1,Saffola Artisan Dark Roasted Arabica Coffee Beans 250g
SRCH_004669,CUST_00257,grocery,Grocery,2026-07-15 23:24:35,1,Tata Organic Green Tea Herbal Infusion 100 Bags - Navy Blue
SRCH_004670,CUST_00707,technology,Books,2026-07-18 16:42:35,1,HarperCollins Python Machine Learning & AI Mastery
SRCH_004671,CUST_02394,bath & body,Personal Care,2026-04-10 21:03:35,1,Gillette Sonic Electric Toothbrush with Timer
SRCH_004672,CUST_00850,ultrabooks,Laptops,2026-06-18 22:41:35,1,HP Ultra-Slim Metal Ultrabook - Charcoal
SRCH_004673,CUST_02224,home,Home,2026-04-08 04:30:35,1,Philips Handwoven Boho Area Rug
SRCH_004674,CUST_01984,small appliances,Kitchen,2026-08-09 09:33:35,1,Philips Electric Rapid Air Fryer 4.5L - Midnight Black
SRCH_004675,CUST_01655,cookware,Kitchen,2026-06-02 22:52:35,1,Philips Hard Anodized Non-Stick Cookware Set
SRCH_004676,CUST_02957,accessories,Gaming,2026-06-28 10:23:35,1,Xbox Ultra-Lightweight 8KHz Optical Gaming Mouse - Midnight Black
SRCH_004677,CUST_00965,grocery,Grocery,2026-06-21 04:29:35,1,Tata Cold-Pressed Extra Virgin Olive Oil 1L
SRCH_004678,CUST_02602,technology,Books,2026-06-26 11:05:35,1,O'Reilly Atomic Habits: Build Good Habits - Rose Gold
SRCH_004679,CUST_01368,accessories,Gaming,2026-07-07 01:32:35,1,Razer Wireless Haptic Feedback Gaming Controller - Silver
SRCH_004680,CUST_01620,mid-range,Mobiles,2026-06-29 23:11:35,1,OnePlus NextGen Smartphone Pro Max
SRCH_004681,CUST_00132,small appliances,Kitchen,2026-08-11 12:23:35,1,Milton Heavy-Duty 750W Mixer Grinder
SRCH_004682,CUST_00811,office,Furniture,2026-05-24 18:27:35,1,Godrej Interio Orthopedic Memory Foam Mattress 6-inch
SRCH_004683,CUST_00811,office,Furniture,2026-08-29 11:09:35,1,Godrej Interio Orthopedic Memory Foam Mattress 6-inch
SRCH_004684,CUST_02351,accessories,Gaming,2026-06-18 13:26:35,1,Xbox Ultra-Lightweight 8KHz Optical Gaming Mouse - Midnight Black
SRCH_004685,CUST_01865,business & finance,Books,2026-05-03 03:30:35,1,Random House Designing Data-Intensive Applications - Olive Green
SRCH_004686,CUST_02287,ultrabooks,Laptops,2026-03-15 00:54:35,1,Acer Student Essential Laptop - Olive Green
SRCH_004687,CUST_01097,shaving & grooming,Personal Care,2026-07-19 12:15:35,1,Dove Gentle Sulfate-Free Moisturizing Body Lotion - Space Gray
SRCH_004688,CUST_02874,books,Books,2026-06-10 10:12:35,1,HarperCollins Designing Data-Intensive Applications
SRCH_004689,CUST_01166,home,Home,2026-07-17 10:56:35,1,Philips 100% Cotton 300TC Double Bed Sheet - Rose Gold
SRCH_004690,CUST_01707,footwear,Footwear,2026-06-30 17:04:35,1,Nike Comfort Walking Slip-On Shoes - Pearl White
SRCH_004691,CUST_02323,accessories,Gaming,2026-04-04 18:24:35,1,Xbox Surround Sound Gaming Headset with Mic - Rose Gold
SRCH_004692,CUST_01346,fashion,Fashion,2026-08-15 00:42:35,1,Puma Denim Trucker Jacket
SRCH_004693,CUST_01821,men's clothing,Fashion,2026-03-28 17:33:35,1,FabIndia Denim Trucker Jacket
SRCH_004694,CUST_01225,books,Books,2026-06-15 17:17:35,1,HarperCollins Python Machine Learning & AI Mastery
SRCH_004695,CUST_01212,accessories,Gaming,2026-04-11 04:40:35,1,Logitech G Surround Sound Gaming Headset with Mic
SRCH_004696,CUST_02810,books,Books,2026-06-18 15:04:35,1,O'Reilly Deep Work: Focused Success in a Distracted World - Crimson Red
SRCH_004697,CUST_00712,ultrabooks,Laptops,2026-03-29 08:04:35,1,Asus Business Productivity Notebook
SRCH_004698,CUST_02109,grocery,Grocery,2026-04-29 18:14:35,1,Saffola Organic Green Tea Herbal Infusion 100 Bags
SRCH_004699,CUST_00940,accessories,Gaming,2026-08-22 09:36:35,1,PlayStation Next-Gen Home Gaming Console 1TB - Space Gray
SRCH_004700,CUST_00336,personal care,Personal Care,2026-05-01 16:50:35,1,Philips Cordless Rechargeable Beard Trimmer
SRCH_004701,CUST_02439,fashion,Fashion,2026-07-15 23:55:35,1,H&M Cozy Fleece Pullover Hoodie - Pearl White
SRCH_004702,CUST_01910,fashion,Fashion,2026-04-17 21:36:35,1,FabIndia Floral Print Maxi Summer Dress
SRCH_004703,CUST_01438,outdoor sports,Sports,2026-03-19 02:01:35,1,Nivia Adjustable Hex Dumbbells Pair - Classic Beige
SRCH_004704,CUST_00844,electronics,Electronics,2026-06-07 02:32:35,1,JBL Smart Fitness Watch
SRCH_004705,CUST_01423,makeup,Beauty,2026-04-17 07:39:35,1,The Ordinary Luxury Eau De Parfum 100ml - Classic Beige
SRCH_004706,CUST_01584,smart devices,Electronics,2026-07-20 16:21:35,1,Samsung Noise Cancelling Wireless Earbuds - Silver
SRCH_004707,CUST_02976,mid-range,Mobiles,2026-06-12 10:57:35,1,Xiaomi Smooth Display Mid-Range 5G
SRCH_004708,CUST_02694,audio,Electronics,2026-04-23 09:59:35,1,JBL Smart Fitness Watch
SRCH_004709,CUST_02297,decor,Home,2026-06-13 17:57:35,1,IKEA 100% Cotton 300TC Double Bed Sheet
SRCH_004710,CUST_01761,fitness equipment,Sports,2026-06-19 05:07:35,1,Boldfit Adjustable Hex Dumbbells Pair - Classic Beige
SRCH_004711,CUST_02541,furniture,Furniture,2026-06-25 12:22:35,1,Sleepyhead Orthopedic Memory Foam Mattress 6-inch
SRCH_004712,CUST_02229,laptops,Laptops,2026-07-15 16:12:35,1,Apple Business Productivity Notebook - Crimson Red
SRCH_004713,CUST_02029,sneakers,Footwear,2026-04-01 19:28:35,1,Nike Waterproof Outdoor Hiking Boots - Space Gray
SRCH_004714,CUST_00100,makeup,Beauty,2026-08-30 19:54:35,1,L'Oreal Matte Velvet Long-Stay Lipstick - Pearl White
SRCH_004715,CUST_00132,cookware,Kitchen,2026-09-06 01:53:35,1,Pigeon Stainless Steel Chef Knife Set - Midnight Black
SRCH_004716,CUST_02679,grocery,Grocery,2026-05-08 10:31:35,1,Organic India Artisan Dark Roasted Arabica Coffee Beans 250g
SRCH_004717,CUST_00992,controllers,Gaming,2026-06-01 11:58:35,1,Logitech G RGB Mechanical Gaming Keyboard - Navy Blue
SRCH_004718,CUST_02489,furniture,Furniture,2026-08-03 10:52:35,1,Urban Ladder Contemporary 3-Seater Fabric Sofa - Rose Gold
SRCH_004719,CUST_00944,mid-range,Mobiles,2026-07-03 12:29:35,1,Samsung Sleek Curve Screen 5G Phone - Olive Green
SRCH_004720,CUST_00774,technology,Books,2026-09-01 07:03:35,1,O'Reilly Python Machine Learning & AI Mastery
SRCH_004721,CUST_02771,beverages,Grocery,2026-08-05 14:04:35,1,Saffola Organic Green Tea Herbal Infusion 100 Bags - Midnight Black
SRCH_004722,CUST_01355,sneakers,Footwear,2026-08-16 14:49:35,1,Nike Genuine Leather Oxford Shoes - Crimson Red
SRCH_004723,CUST_02413,home,Home,2026-08-13 02:36:35,1,Spaces Velvet Touch Blackout Window Curtains - Rose Gold
SRCH_004724,CUST_01942,controllers,Gaming,2026-05-04 05:29:35,1,Xbox Surround Sound Gaming Headset with Mic - Charcoal
SRCH_004725,CUST_01908,laptops,Laptops,2026-08-24 03:42:35,1,Acer Pro Gaming Laptop RTX 4070
SRCH_004726,CUST_02306,laptops,Laptops,2026-04-30 12:09:35,1,Apple Creator Studio Laptop 4K OLED - Classic Beige
SRCH_004727,CUST_01567,mobiles,Mobiles,2026-08-26 01:47:35,1,Google Pure Android Experience 5G - Pearl White
SRCH_004728,CUST_01104,small appliances,Kitchen,2026-06-18 10:41:35,1,Milton Airtight Glass Food Storage Jars
SRCH_004729,CUST_02080,men's clothing,Fashion,2026-09-06 10:26:35,1,Raymond Casual Stretch Chino Trousers - Navy Blue
SRCH_004730,CUST_01260,running shoes,Footwear,2026-07-22 23:45:35,1,Bata Classic Low-Top Canvas Sneakers - Classic Beige
SRCH_004731,CUST_02641,lighting,Home,2026-03-21 23:09:35,1,Spaces Collapsible Fabric Storage Organizers
SRCH_004732,CUST_00060,bags & backpacks,Accessories,2026-06-13 04:54:35,1,Logitech Magnetic Qi Fast Wireless Charger Stand
SRCH_004733,CUST_01495,accessories,Gaming,2026-06-28 12:49:35,1,Xbox Surround Sound Gaming Headset with Mic - Rose Gold
SRCH_004734,CUST_01860,business & finance,Books,2026-08-03 20:31:35,1,Penguin Atomic Habits: Build Good Habits - Crimson Red
SRCH_004735,CUST_01749,television,Electronics,2026-04-02 05:24:35,1,LG 4K Ultra HD Smart TV 55-inch - Olive Green
SRCH_004736,CUST_02572,laptops,Laptops,2026-05-19 21:24:35,1,Apple Creator Studio Laptop 4K OLED - Classic Beige
SRCH_004737,CUST_02347,accessories,Gaming,2026-04-24 13:53:35,1,Logitech G Ultra-Lightweight 8KHz Optical Gaming Mouse - Olive Green
SRCH_004738,CUST_00329,office,Furniture,2026-06-20 13:11:35,1,Urban Ladder Ergonomic Mesh High-Back Office Chair
SRCH_004739,CUST_01951,sneakers,Footwear,2026-04-15 08:37:35,1,Reebok Genuine Leather Oxford Shoes - Pearl White
SRCH_004740,CUST_00949,accessories,Gaming,2026-05-22 06:46:35,1,SteelSeries Wireless Haptic Feedback Gaming Controller - Midnight Black
SRCH_004741,CUST_00944,mid-range,Mobiles,2026-07-06 13:50:35,1,Apple Sleek Curve Screen 5G Phone
SRCH_004742,CUST_01695,books,Books,2026-08-25 09:11:35,1,O'Reilly Designing Data-Intensive Applications - Midnight Black
SRCH_004743,CUST_01225,books,Books,2026-04-06 07:44:35,1,Penguin Designing Data-Intensive Applications - Midnight Black
SRCH_004744,CUST_01318,sneakers,Footwear,2026-05-13 14:51:35,1,Skechers Cushioned Running Shoes
SRCH_004745,CUST_00686,bags & backpacks,Accessories,2026-04-21 00:23:35,1,Anker Shockproof Clear Phone Case - Crimson Red
SRCH_004746,CUST_00371,furniture,Furniture,2026-06-28 18:42:35,1,Godrej Interio Modern Engineered Wood Computer Desk - Rose Gold
SRCH_004747,CUST_00759,kitchen,Kitchen,2026-03-12 15:19:35,1,Pigeon Stainless Steel Chef Knife Set - Midnight Black
SRCH_004748,CUST_02297,personal,Personal Care,2026-07-23 19:03:35,1,Dove Gentle Sulfate-Free Moisturizing Body Lotion
SRCH_004749,CUST_02882,shaving & grooming,Personal Care,2026-04-28 06:59:35,1,Oral-B Deep Cleansing Charcoal Body Wash 500ml
SRCH_004750,CUST_00378,mobile accessories,Accessories,2026-08-30 20:55:35,1,Portronics Magnetic Qi Fast Wireless Charger Stand - Olive Green
SRCH_004751,CUST_01931,technology,Books,2026-07-01 17:55:35,1,HarperCollins Atomic Habits: Build Good Habits - Charcoal
SRCH_004752,CUST_00648,furniture,Furniture,2026-06-14 01:55:35,1,Urban Ladder Minimalist Nesting Coffee Tables
SRCH_004753,CUST_02204,men's clothing,Fashion,2026-07-31 14:35:35,1,Puma Cozy Fleece Pullover Hoodie - Classic Beige
SRCH_004754,CUST_00790,beauty,Beauty,2026-07-06 00:54:35,1,Nivea Keratin Smoothing Hair Mask - Navy Blue
SRCH_004755,CUST_02133,audio,Electronics,2026-08-18 16:16:35,1,Samsung 4K Ultra HD Smart TV 55-inch - Rose Gold
SRCH_004756,CUST_00850,laptops,Laptops,2026-05-22 06:11:35,1,Apple Student Essential Laptop
SRCH_004757,CUST_00373,ultrabooks,Laptops,2026-05-15 02:35:35,1,Asus Pro Gaming Laptop RTX 4070 - Charcoal
SRCH_004758,CUST_01328,shaving & grooming,Personal Care,2026-06-16 20:23:35,1,Oral-B Cordless Rechargeable Beard Trimmer
SRCH_004759,CUST_00657,cookware,Kitchen,2026-07-19 05:51:35,1,Hawkins Heavy-Duty 750W Mixer Grinder - Space Gray
SRCH_004760,CUST_00748,audio,Electronics,2026-03-16 11:07:35,1,Samsung Action Camera 4K Waterproof
SRCH_004761,CUST_00899,footwear,Footwear,2026-04-26 04:51:35,1,Bata Comfort Walking Slip-On Shoes - Rose Gold
SRCH_004762,CUST_00735,ultrabooks,Laptops,2026-09-01 01:29:35,1,Apple Creator Studio Laptop 4K OLED - Classic Beige
SRCH_004763,CUST_00318,smart devices,Electronics,2026-05-05 19:40:35,1,Samsung 4K Ultra HD Smart TV 55-inch - Rose Gold
SRCH_004764,CUST_01689,personal,Personal Care,2026-04-04 16:14:35,1,Colgate Deep Cleansing Charcoal Body Wash 500ml - Rose Gold
SRCH_004765,CUST_02501,gaming,Gaming,2026-04-14 23:55:35,1,Corsair Wireless Haptic Feedback Gaming Controller - Classic Beige
SRCH_004766,CUST_00348,running shoes,Footwear,2026-06-15 09:59:35,1,Clarks Genuine Leather Oxford Shoes
SRCH_004767,CUST_00616,laptops,Laptops,2026-06-08 05:02:35,1,MSI Creator Studio Laptop 4K OLED - Midnight Black
SRCH_004768,CUST_00804,mobiles,Mobiles,2026-07-21 11:09:35,1,Motorola Battery King Phone 6000mAh
SRCH_004769,CUST_02566,gaming,Gaming,2026-08-19 05:18:35,1,SteelSeries Wireless Haptic Feedback Gaming Controller - Midnight Black
SRCH_004770,CUST_01544,bedding,Home,2026-05-15 10:33:35,1,Spaces Collapsible Fabric Storage Organizers
SRCH_004771,CUST_01719,fashion,Fashion,2026-07-25 14:02:35,1,H&M Handcrafted Cotton Kurta - Rose Gold
SRCH_004772,CUST_02164,grocery,Grocery,2026-08-11 00:10:35,1,Saffola Organic Raw Honey 500g - Crimson Red
SRCH_004773,CUST_01731,ultrabooks,Laptops,2026-08-07 11:26:35,1,MSI Student Essential Laptop - Space Gray
SRCH_004774,CUST_01152,small appliances,Kitchen,2026-04-21 00:19:35,1,Philips Electric Rapid Air Fryer 4.5L - Midnight Black
SRCH_004775,CUST_02096,controllers,Gaming,2026-04-05 02:21:35,1,Corsair RGB Mechanical Gaming Keyboard - Rose Gold
SRCH_004776,CUST_01060,wearables,Electronics,2026-08-22 02:02:35,1,Samsung Noise Cancelling Wireless Earbuds - Silver
SRCH_004777,CUST_02522,sneakers,Footwear,2026-04-05 11:16:35,1,Skechers Comfort Walking Slip-On Shoes
SRCH_004778,CUST_02588,smart devices,Electronics,2026-06-03 19:13:35,1,Samsung Digital Mirrorless Camera
SRCH_004779,CUST_01916,television,Electronics,2026-07-21 06:55:35,1,JBL Smart Fitness Watch
SRCH_004780,CUST_01669,bedding,Home,2026-04-11 12:02:35,1,Spaces Velvet Touch Blackout Window Curtains - Pearl White
SRCH_004781,CUST_02766,small appliances,Kitchen,2026-07-13 21:29:35,1,Milton Stainless Steel Chef Knife Set - Charcoal
SRCH_004782,CUST_00610,sneakers,Footwear,2026-03-25 02:51:35,1,Adidas Waterproof Outdoor Hiking Boots
SRCH_004783,CUST_02433,accessories,Accessories,2026-04-16 04:04:35,1,Logitech Magnetic Qi Fast Wireless Charger Stand
SRCH_004784,CUST_00303,sports,Sports,2026-05-22 08:37:35,1,Decathlon Anti-Burst Gym Exercise Ball with Pump
SRCH_004785,CUST_01836,books,Books,2026-05-01 16:29:35,1,HarperCollins Python Machine Learning & AI Mastery
SRCH_004786,CUST_02783,grocery,Grocery,2026-07-06 16:40:35,1,Nestle Organic Raw Honey 500g
SRCH_004787,CUST_01975,ultrabooks,Laptops,2026-06-28 10:52:35,1,Apple Creator Studio Laptop 4K OLED - Classic Beige
SRCH_004788,CUST_02198,student laptops,Laptops,2026-08-11 18:18:35,1,Apple Student Essential Laptop
SRCH_004789,CUST_02196,care,Personal Care,2026-05-18 04:04:35,1,Colgate Deep Cleansing Charcoal Body Wash 500ml - Charcoal
SRCH_004790,CUST_01873,kitchen,Kitchen,2026-03-24 08:32:35,1,Hawkins Airtight Glass Food Storage Jars
SRCH_004791,CUST_02056,accessories,Accessories,2026-03-26 14:57:35,1,Logitech Water-Resistant Laptop Backpack 15.6-inch - Charcoal
SRCH_004792,CUST_01358,home,Home,2026-07-19 15:59:35,1,Spaces 100% Cotton 300TC Double Bed Sheet - Classic Beige
SRCH_004793,CUST_02525,electronics,Electronics,2026-08-15 13:10:35,1,Samsung Noise Cancelling Wireless Earbuds
SRCH_004794,CUST_02060,home,Home,2026-03-23 17:34:35,1,Home Centre 100% Cotton 300TC Double Bed Sheet
SRCH_004795,CUST_00074,wearables,Electronics,2026-04-13 15:47:35,1,Samsung Action Camera 4K Waterproof
SRCH_004796,CUST_00129,smart devices,Electronics,2026-06-09 05:27:35,1,Bose Smart Home Voice Hub
SRCH_004797,CUST_02598,makeup,Beauty,2026-07-19 19:30:35,1,The Ordinary Matte Velvet Long-Stay Lipstick
SRCH_004798,CUST_02643,fitness equipment,Sports,2026-06-11 12:01:35,1,Decathlon Quick Dry Athletic Training Shorts - Crimson Red
SRCH_004799,CUST_00111,decor,Home,2026-03-15 17:56:35,1,Philips 100% Cotton 300TC Double Bed Sheet - Rose Gold
SRCH_004800,CUST_02911,mobile accessories,Accessories,2026-07-28 22:25:35,1,Anker 9H Tempered Glass Screen Protector (2-Pack)
SRCH_004801,CUST_01318,running shoes,Footwear,2026-05-24 10:49:35,1,Puma Classic Low-Top Canvas Sneakers - Olive Green
SRCH_004802,CUST_01112,accessories,Gaming,2026-04-27 04:45:35,1,Logitech G Wireless Haptic Feedback Gaming Controller
SRCH_004803,CUST_01133,mobile accessories,Accessories,2026-06-01 09:03:35,1,Anker Shockproof Clear Phone Case - Crimson Red
SRCH_004804,CUST_00194,office,Furniture,2026-07-15 08:01:35,1,IKEA Modern Engineered Wood Computer Desk - Rose Gold
SRCH_004805,CUST_02891,men's clothing,Fashion,2026-07-08 12:27:35,1,Levis Casual Stretch Chino Trousers
SRCH_004806,CUST_00565,snacks,Grocery,2026-06-14 03:29:35,1,Tata Artisan Dark Roasted Arabica Coffee Beans 250g
SRCH_004807,CUST_01099,men's clothing,Fashion,2026-07-28 05:51:35,1,FabIndia Tailored Formal Oxford Shirt - Rose Gold
SRCH_004808,CUST_00942,controllers,Gaming,2026-07-22 04:03:35,1,Xbox Surround Sound Gaming Headset with Mic - Olive Green
SRCH_004809,CUST_00565,budget,Mobiles,2026-09-04 01:05:35,1,Motorola Sleek Curve Screen 5G Phone
SRCH_004810,CUST_01088,gaming,Gaming,2026-03-30 12:08:35,1,Logitech G Ultra-Lightweight 8KHz Optical Gaming Mouse - Pearl White
SRCH_004811,CUST_02592,business & finance,Books,2026-03-21 11:24:35,1,HarperCollins Designing Data-Intensive Applications
SRCH_004812,CUST_00025,bedding,Home,2026-04-13 21:34:35,1,Solimo Velvet Touch Blackout Window Curtains - Classic Beige
SRCH_004813,CUST_02932,mobiles,Mobiles,2026-06-29 19:28:35,1,Apple Smooth Display Mid-Range 5G
SRCH_004814,CUST_02554,home,Home,2026-05-25 12:44:35,1,Spaces 100% Cotton 300TC Double Bed Sheet - Rose Gold
SRCH_004815,CUST_00142,student laptops,Laptops,2026-07-11 21:20:35,1,Apple Ultra-Slim Metal Ultrabook - Rose Gold
SRCH_004816,CUST_00654,business & finance,Books,2026-06-20 22:20:35,1,Bloomsbury Python Machine Learning & AI Mastery - Charcoal
SRCH_004817,CUST_02684,sports,Sports,2026-08-03 15:13:35,1,Nivia Extra Thick Non-Slip Eco Yoga Mat - Pearl White
SRCH_004818,CUST_01912,fitness equipment,Sports,2026-08-29 23:31:35,1,Nivia Adjustable Hex Dumbbells Pair - Navy Blue
SRCH_004819,CUST_02796,furniture,Furniture,2026-09-02 20:38:35,1,Urban Ladder Contemporary 3-Seater Fabric Sofa - Rose Gold
SRCH_004820,CUST_01102,small appliances,Kitchen,2026-05-22 04:42:35,1,Milton Heavy-Duty 750W Mixer Grinder - Pearl White
SRCH_004821,CUST_00613,furniture,Furniture,2026-04-21 21:54:35,1,Sleepyhead Minimalist Nesting Coffee Tables - Space Gray
SRCH_004822,CUST_00253,mobiles,Mobiles,2026-08-16 05:59:35,1,Xiaomi Smartphone Ultra 5G
SRCH_004823,CUST_01671,mobiles,Mobiles,2026-05-25 07:11:35,1,Google Smooth Display Mid-Range 5G - Midnight Black
SRCH_004824,CUST_01746,fashion,Fashion,2026-08-24 08:57:35,1,FabIndia Tailored Formal Oxford Shirt - Rose Gold
SRCH_004825,CUST_02294,running shoes,Footwear,2026-07-22 16:25:35,1,Reebok Genuine Leather Oxford Shoes
SRCH_004826,CUST_02519,technology,Books,2026-07-09 06:46:35,1,Random House Designing Data-Intensive Applications - Midnight Black
SRCH_004827,CUST_02231,yoga,Sports,2026-08-05 11:42:35,1,Nivia Anti-Burst Gym Exercise Ball with Pump
SRCH_004828,CUST_02181,cooking essentials,Grocery,2026-04-17 04:32:35,1,Saffola Organic Green Tea Herbal Infusion 100 Bags - Charcoal
SRCH_004829,CUST_01791,mid-range,Mobiles,2026-08-27 08:24:35,1,Xiaomi Smooth Display Mid-Range 5G - Rose Gold
SRCH_004830,CUST_00852,electronics,Electronics,2026-03-13 21:24:35,1,Sony 4K Ultra HD Smart TV 55-inch - Classic Beige
SRCH_004831,CUST_01930,electronics,Electronics,2026-03-14 12:51:35,1,Bose Noise Cancelling Wireless Earbuds
SRCH_004832,CUST_01493,cooking essentials,Grocery,2026-08-24 23:36:35,1,Tata Organic Green Tea Herbal Infusion 100 Bags - Olive Green
SRCH_004833,CUST_02588,television,Electronics,2026-04-05 05:01:35,1,JBL Digital Mirrorless Camera - Silver
SRCH_004834,CUST_00524,cooking essentials,Grocery,2026-08-09 15:55:35,1,Nestle Organic Raw Honey 500g - Navy Blue
SRCH_004835,CUST_00347,accessories,Gaming,2026-05-20 00:47:35,1,Logitech G Wireless Haptic Feedback Gaming Controller - Charcoal
SRCH_004836,CUST_01572,cooking essentials,Grocery,2026-04-22 04:11:35,1,Saffola Cold-Pressed Extra Virgin Olive Oil 1L - Crimson Red
SRCH_004837,CUST_01740,wearables,Electronics,2026-06-24 02:36:35,1,Samsung Smart Wi-Fi Security Camera
SRCH_004838,CUST_00662,electronics,Electronics,2026-07-09 02:28:35,1,LG 4K Ultra HD Smart TV 55-inch - Olive Green
SRCH_004839,CUST_01064,cookware,Kitchen,2026-04-29 12:38:35,1,Hawkins Airtight Glass Food Storage Jars
SRCH_004840,CUST_01849,bedding,Home,2026-08-27 18:49:35,1,Spaces Collapsible Fabric Storage Organizers
SRCH_004841,CUST_02141,skincare,Beauty,2026-08-11 05:06:35,1,Maybelline Hydrating Hyaluronic Acid Serum
SRCH_004842,CUST_01839,books,Books,2026-03-19 09:45:35,1,Penguin Designing Data-Intensive Applications
SRCH_004843,CUST_00792,laptops,Laptops,2026-04-03 07:26:35,1,Lenovo Creator Studio Laptop 4K OLED
SRCH_004844,CUST_02793,gaming,Gaming,2026-05-13 03:40:35,1,PlayStation Wireless Haptic Feedback Gaming Controller - Space Gray
SRCH_004845,CUST_00416,beverages,Grocery,2026-03-22 22:12:35,1,Saffola Organic Raw Honey 500g - Crimson Red
SRCH_004846,CUST_01661,television,Electronics,2026-06-28 21:20:35,1,Samsung Noise Cancelling Wireless Earbuds - Pearl White
SRCH_004847,CUST_02152,fashion,Fashion,2026-06-13 21:12:35,1,FabIndia Floral Print Maxi Summer Dress - Midnight Black
SRCH_004848,CUST_00979,electronics,Electronics,2026-07-11 09:08:35,1,Sony 4K Ultra HD Smart TV 55-inch - Classic Beige
SRCH_004849,CUST_01514,small appliances,Kitchen,2026-06-28 17:01:35,1,Milton Heavy-Duty 750W Mixer Grinder
SRCH_004850,CUST_00435,home,Home,2026-08-12 13:22:35,1,Home Centre 100% Cotton 300TC Double Bed Sheet
SRCH_004851,CUST_01757,sneakers,Footwear,2026-09-07 07:40:35,1,Reebok Genuine Leather Oxford Shoes
SRCH_004852,CUST_00795,running shoes,Footwear,2026-05-18 02:39:35,1,Clarks Classic Low-Top Canvas Sneakers - Classic Beige
SRCH_004853,CUST_01691,office,Furniture,2026-04-17 21:29:35,1,Sleepyhead Ergonomic Mesh High-Back Office Chair - Navy Blue
SRCH_004854,CUST_01507,running shoes,Footwear,2026-09-03 12:57:35,1,Bata Genuine Leather Oxford Shoes - Navy Blue
SRCH_004855,CUST_01843,men's clothing,Fashion,2026-06-09 01:26:35,1,H&M Handcrafted Cotton Kurta - Rose Gold
SRCH_004856,CUST_01772,accessories,Gaming,2026-07-31 06:54:35,1,Logitech G Next-Gen Home Gaming Console 1TB - Silver
SRCH_004857,CUST_01078,running shoes,Footwear,2026-07-09 06:25:35,1,Clarks Classic Low-Top Canvas Sneakers
SRCH_004858,CUST_00224,books,Books,2026-08-19 05:59:35,1,Penguin Atomic Habits: Build Good Habits - Crimson Red
SRCH_004859,CUST_02791,living room,Furniture,2026-06-15 02:39:35,1,IKEA Minimalist Nesting Coffee Tables - Space Gray
SRCH_004860,CUST_02708,office,Furniture,2026-04-29 06:44:35,1,Sleepyhead Contemporary 3-Seater Fabric Sofa - Midnight Black
SRCH_004861,CUST_02984,technology,Books,2026-05-28 20:46:35,1,HarperCollins Python Machine Learning & AI Mastery
SRCH_004862,CUST_01493,snacks,Grocery,2026-05-24 23:25:35,1,Tata Roasted California Almonds 500g
SRCH_004863,CUST_01776,shaving & grooming,Personal Care,2026-06-26 17:32:35,1,Colgate Sonic Electric Toothbrush with Timer - Charcoal
SRCH_004864,CUST_02414,beverages,Grocery,2026-05-07 08:58:35,1,Organic India Organic Green Tea Herbal Infusion 100 Bags - Pearl White
SRCH_004865,CUST_00785,mobiles,Mobiles,2026-05-24 04:56:35,1,OnePlus Smooth Display Mid-Range 5G - Navy Blue
SRCH_004866,CUST_01661,beauty,Beauty,2026-05-14 00:38:35,1,Nivea Matte Liquid Longwear Foundation - Classic Beige
SRCH_004867,CUST_02219,laptops,Laptops,2026-06-16 11:48:35,1,HP Pro Gaming Laptop RTX 4070
SRCH_004868,CUST_01548,ultrabooks,Laptops,2026-06-27 02:39:35,1,HP Ultra-Slim Metal Ultrabook - Charcoal
SRCH_004869,CUST_02131,shaving & grooming,Personal Care,2026-05-31 06:31:35,1,Gillette Gentle Sulfate-Free Moisturizing Body Lotion - Navy Blue
SRCH_004870,CUST_01279,personal,Personal Care,2026-05-29 00:27:35,1,Dove Cordless Rechargeable Beard Trimmer - Pearl White
SRCH_004871,CUST_01173,wearables,Electronics,2026-03-24 11:49:35,1,Samsung 4K Ultra HD Smart TV 55-inch - Rose Gold
SRCH_004872,CUST_02214,fashion,Fashion,2026-04-06 06:14:35,1,Puma Casual Stretch Chino Trousers - Navy Blue
SRCH_004873,CUST_01097,mid-range,Mobiles,2026-08-01 09:51:35,1,Samsung Smartphone Ultra 5G - Space Gray
SRCH_004874,CUST_00728,ultrabooks,Laptops,2026-04-11 20:53:35,1,Lenovo Ultra-Slim Metal Ultrabook
SRCH_004875,CUST_00637,mid-range,Mobiles,2026-07-23 21:13:35,1,Xiaomi Smooth Display Mid-Range 5G
SRCH_004876,CUST_00038,books,Books,2026-03-18 05:58:35,1,Random House The Psychology of Money - Rose Gold
SRCH_004877,CUST_00083,ultrabooks,Laptops,2026-06-14 07:32:35,1,Lenovo Ultra-Slim Metal Ultrabook
SRCH_004878,CUST_02803,fitness equipment,Sports,2026-07-08 01:55:35,1,Nivia Quick Dry Athletic Training Shorts - Crimson Red
SRCH_004879,CUST_02529,bedding,Home,2026-08-20 22:45:35,1,Spaces Velvet Touch Blackout Window Curtains - Pearl White
SRCH_004880,CUST_00032,running shoes,Footwear,2026-04-05 23:20:35,1,Puma Cushioned Running Shoes - Crimson Red
SRCH_004881,CUST_01506,sneakers,Footwear,2026-06-12 22:34:35,1,Puma Cushioned Running Shoes - Olive Green
SRCH_004882,CUST_00668,accessories,Accessories,2026-08-23 21:58:35,1,Anker Water-Resistant Laptop Backpack 15.6-inch - Navy Blue
SRCH_004883,CUST_02484,grocery,Grocery,2026-06-13 22:47:35,1,Organic India Organic Green Tea Herbal Infusion 100 Bags - Olive Green
SRCH_004884,CUST_01613,home,Home,2026-08-13 03:38:35,1,IKEA Velvet Touch Blackout Window Curtains
SRCH_004885,CUST_02274,books,Books,2026-05-08 05:33:35,1,Penguin Designing Data-Intensive Applications - Midnight Black
SRCH_004886,CUST_00501,fitness equipment,Sports,2026-05-02 06:54:35,1,Puma Adjustable Hex Dumbbells Pair
SRCH_004887,CUST_01649,mobile accessories,Accessories,2026-09-01 01:13:35,1,Spigen Magnetic Qi Fast Wireless Charger Stand - Midnight Black
SRCH_004888,CUST_01679,mid-range,Mobiles,2026-08-17 08:07:35,1,Samsung Smartphone Ultra 5G - Space Gray
SRCH_004889,CUST_00766,men's clothing,Fashion,2026-08-18 15:46:35,1,H&M Cozy Fleece Pullover Hoodie - Pearl White
SRCH_004890,CUST_01028,accessories,Gaming,2026-03-21 17:15:35,1,Corsair Ultra-Lightweight 8KHz Optical Gaming Mouse - Navy Blue
SRCH_004891,CUST_01860,business & finance,Books,2026-06-03 07:53:35,1,O'Reilly Python Machine Learning & AI Mastery - Charcoal
SRCH_004892,CUST_02615,living room,Furniture,2026-08-19 08:01:35,1,Sleepyhead Ergonomic Mesh High-Back Office Chair - Navy Blue
SRCH_004893,CUST_02087,beverages,Grocery,2026-05-20 00:14:35,1,Tata Organic Green Tea Herbal Infusion 100 Bags - Olive Green
SRCH_004894,CUST_01956,beauty,Beauty,2026-08-31 21:29:35,1,The Ordinary Matte Velvet Long-Stay Lipstick - Charcoal
SRCH_004895,CUST_02907,television,Electronics,2026-04-01 06:00:35,1,Bose Noise Cancelling Wireless Earbuds
SRCH_004896,CUST_00469,personal,Personal Care,2026-07-15 11:16:35,1,Gillette Cordless Rechargeable Beard Trimmer - Olive Green
SRCH_004897,CUST_01126,grocery,Grocery,2026-07-27 07:01:35,1,Nestle Artisan Dark Roasted Arabica Coffee Beans 250g - Pearl White
SRCH_004898,CUST_02120,furniture,Furniture,2026-04-03 19:22:35,1,Sleepyhead Orthopedic Memory Foam Mattress 6-inch - Pearl White
SRCH_004899,CUST_00386,outdoor sports,Sports,2026-08-08 16:59:35,1,Puma Adjustable Hex Dumbbells Pair
SRCH_004900,CUST_02963,books,Books,2026-06-20 10:25:35,1,Penguin The Psychology of Money
SRCH_004901,CUST_01468,men's clothing,Fashion,2026-03-14 20:44:35,1,Puma Cozy Fleece Pullover Hoodie - Rose Gold
SRCH_004902,CUST_01758,books,Books,2026-06-11 01:24:35,1,Random House The Psychology of Money - Rose Gold
SRCH_004903,CUST_00451,ultrabooks,Laptops,2026-08-29 23:19:35,1,HP Business Productivity Notebook
SRCH_004904,CUST_02439,technology,Books,2026-07-24 01:42:35,1,O'Reilly Deep Work: Focused Success in a Distracted World - Space Gray
SRCH_004905,CUST_02843,footwear,Footwear,2026-08-14 21:00:35,1,Adidas Waterproof Outdoor Hiking Boots
SRCH_004906,CUST_01028,gaming,Gaming,2026-03-27 20:53:35,1,Xbox Ultra-Lightweight 8KHz Optical Gaming Mouse - Midnight Black
SRCH_004907,CUST_02028,care,Personal Care,2026-06-18 04:39:35,1,Colgate Cordless Rechargeable Beard Trimmer
SRCH_004908,CUST_00271,business & finance,Books,2026-08-19 00:11:35,1,Bloomsbury Python Machine Learning & AI Mastery
SRCH_004909,CUST_00712,kitchen,Kitchen,2026-03-23 03:05:35,1,Pigeon Airtight Glass Food Storage Jars
SRCH_004910,CUST_02987,fashion,Fashion,2026-06-11 03:00:35,1,H&M Cozy Fleece Pullover Hoodie - Pearl White
SRCH_004911,CUST_01912,sports,Sports,2026-04-12 23:49:35,1,Decathlon Quick Dry Athletic Training Shorts
SRCH_004912,CUST_00681,furniture,Furniture,2026-07-03 23:25:35,1,Urban Ladder Ergonomic Mesh High-Back Office Chair
SRCH_004913,CUST_00008,ultrabooks,Laptops,2026-05-15 06:48:35,1,Asus Ultra-Slim Metal Ultrabook - Navy Blue
SRCH_004914,CUST_02951,makeup,Beauty,2026-06-26 20:37:35,1,Neutrogena Hydrating Hyaluronic Acid Serum - Pearl White
SRCH_004915,CUST_00769,men's clothing,Fashion,2026-07-05 08:53:35,1,Puma Solid Crew Neck Cotton T-Shirt
SRCH_004916,CUST_01024,small appliances,Kitchen,2026-06-06 10:58:35,1,Hawkins Heavy-Duty 750W Mixer Grinder - Olive Green
SRCH_004917,CUST_01971,electronics,Electronics,2026-08-04 15:13:35,1,Boat Noise Cancelling Wireless Earbuds
SRCH_004918,CUST_02465,wearables,Electronics,2026-03-26 14:04:35,1,Sennheiser 4K Ultra HD Smart TV 55-inch - Olive Green
SRCH_004919,CUST_00751,technology,Books,2026-04-30 20:17:35,1,O'Reilly Python Machine Learning & AI Mastery - Charcoal
SRCH_004920,CUST_01687,bedding,Home,2026-05-16 12:00:35,1,Home Centre Collapsible Fabric Storage Organizers - Charcoal
SRCH_004921,CUST_00721,technology,Books,2026-04-24 21:53:35,1,O'Reilly Deep Work: Focused Success in a Distracted World - Charcoal
SRCH_004922,CUST_00067,office,Furniture,2026-05-12 00:46:35,1,Wakefit Minimalist Nesting Coffee Tables - Pearl White
SRCH_004923,CUST_02983,footwear,Footwear,2026-08-13 18:16:35,1,Adidas Waterproof Outdoor Hiking Boots - Rose Gold
SRCH_004924,CUST_01003,furniture,Furniture,2026-06-24 09:49:35,1,Sleepyhead Orthopedic Memory Foam Mattress 6-inch
SRCH_004925,CUST_02262,running shoes,Footwear,2026-05-12 04:49:35,1,Skechers Comfort Walking Slip-On Shoes
SRCH_004926,CUST_00083,gaming laptops,Laptops,2026-04-06 11:46:35,1,Apple Student Essential Laptop
SRCH_004927,CUST_02207,fashion,Fashion,2026-04-30 01:29:35,1,Puma Cozy Fleece Pullover Hoodie - Rose Gold
SRCH_004928,CUST_00325,electronics,Electronics,2026-03-18 10:25:35,1,Samsung Digital Mirrorless Camera
SRCH_004929,CUST_01973,grocery,Grocery,2026-04-14 06:54:35,1,Saffola Cold-Pressed Extra Virgin Olive Oil 1L - Crimson Red
SRCH_004930,CUST_00669,personal care,Personal Care,2026-03-14 19:30:35,1,Philips Deep Cleansing Charcoal Body Wash 500ml - Pearl White
SRCH_004931,CUST_00839,electronics,Electronics,2026-06-15 08:16:35,1,Noise 4K Ultra HD Smart TV 55-inch
SRCH_004932,CUST_01945,home,Home,2026-07-14 09:03:35,1,Solimo 100% Cotton 300TC Double Bed Sheet
SRCH_004933,CUST_02841,mobiles,Mobiles,2026-06-21 13:01:35,1,Samsung Battery King Phone 6000mAh - Pearl White
SRCH_004934,CUST_00499,winterwear,Fashion,2026-05-10 20:05:35,1,Puma Cozy Fleece Pullover Hoodie - Rose Gold
SRCH_004935,CUST_01731,student laptops,Laptops,2026-03-17 03:27:35,1,Apple Ultra-Slim Metal Ultrabook - Rose Gold
SRCH_004936,CUST_00767,mid-range,Mobiles,2026-03-20 22:45:35,1,OnePlus NextGen Smartphone Pro Max - Rose Gold
SRCH_004937,CUST_02489,home,Home,2026-06-04 20:18:35,1,IKEA Velvet Touch Blackout Window Curtains
SRCH_004938,CUST_02374,fitness equipment,Sports,2026-05-24 13:08:35,1,Decathlon Extra Thick Non-Slip Eco Yoga Mat - Classic Beige
SRCH_004939,CUST_01454,beauty,Beauty,2026-03-22 07:14:35,1,Maybelline Matte Velvet Long-Stay Lipstick - Silver
SRCH_004940,CUST_01009,personal care,Personal Care,2026-04-29 09:15:35,1,Oral-B Gentle Sulfate-Free Moisturizing Body Lotion
SRCH_004941,CUST_02461,running shoes,Footwear,2026-06-03 17:04:35,1,Puma Cushioned Running Shoes - Charcoal
SRCH_004942,CUST_00475,grocery,Grocery,2026-08-16 05:12:35,1,Tata Organic Green Tea Herbal Infusion 100 Bags
SRCH_004943,CUST_00688,grocery,Grocery,2026-07-11 20:31:35,1,Nestle Artisan Dark Roasted Arabica Coffee Beans 250g - Pearl White
SRCH_004944,CUST_00403,bags & backpacks,Accessories,2026-03-20 18:11:35,1,Anker Multi-Port 7-in-1 USB-C Hub Adapter
SRCH_004945,CUST_01478,kitchen,Kitchen,2026-06-02 21:18:35,1,Milton Stainless Steel Chef Knife Set - Charcoal
SRCH_004946,CUST_01254,makeup,Beauty,2026-06-26 20:32:35,1,Maybelline Keratin Smoothing Hair Mask
SRCH_004947,CUST_02399,ultrabooks,Laptops,2026-06-22 08:39:35,1,Lenovo Pro Gaming Laptop RTX 4070 - Pearl White
SRCH_004948,CUST_01778,personal care,Personal Care,2026-05-06 20:47:35,1,Gillette Cordless Rechargeable Beard Trimmer - Charcoal
SRCH_004949,CUST_00241,bath & body,Personal Care,2026-07-30 05:46:35,1,Philips Cordless Rechargeable Beard Trimmer
SRCH_004950,CUST_00809,office,Furniture,2026-05-15 10:11:35,1,IKEA Minimalist Nesting Coffee Tables - Space Gray
SRCH_004951,CUST_02957,bedding,Home,2026-05-08 13:27:35,1,Spaces 100% Cotton 300TC Double Bed Sheet - Space Gray
SRCH_004952,CUST_01527,running shoes,Footwear,2026-05-01 04:29:35,1,Reebok Genuine Leather Oxford Shoes
SRCH_004953,CUST_01985,men's clothing,Fashion,2026-03-27 16:42:35,1,FabIndia Casual Stretch Chino Trousers
SRCH_004954,CUST_00403,laptops,Laptops,2026-08-06 15:15:35,1,Apple Creator Studio Laptop 4K OLED - Rose Gold
SRCH_004955,CUST_00013,kitchen,Kitchen,2026-03-23 15:02:35,1,Pigeon Heavy-Duty 750W Mixer Grinder - Charcoal
SRCH_004956,CUST_02746,furniture,Furniture,2026-06-04 19:39:35,1,Godrej Interio Minimalist Nesting Coffee Tables - Pearl White
SRCH_004957,CUST_01682,books,Books,2026-04-05 03:33:35,1,Penguin Atomic Habits: Build Good Habits
SRCH_004958,CUST_02010,winterwear,Fashion,2026-07-18 17:03:35,1,H&M Cozy Fleece Pullover Hoodie - Pearl White
SRCH_004959,CUST_02638,mid-range,Mobiles,2026-07-12 05:40:35,1,Motorola Sleek Curve Screen 5G Phone - Crimson Red
SRCH_004960,CUST_00283,gaming laptops,Laptops,2026-05-08 08:53:35,1,Apple Pro Gaming Laptop RTX 4070
SRCH_004961,CUST_02945,men's clothing,Fashion,2026-08-05 03:58:35,1,H&M Floral Print Maxi Summer Dress - Olive Green
SRCH_004962,CUST_00587,mid-range,Mobiles,2026-06-25 19:35:35,1,Samsung Sleek Curve Screen 5G Phone - Olive Green
SRCH_004963,CUST_02433,makeup,Beauty,2026-07-22 11:08:35,1,Nivea Luxury Eau De Parfum 100ml - Space Gray
SRCH_004964,CUST_02019,electronics,Electronics,2026-06-08 17:52:35,1,Samsung Action Camera 4K Waterproof
SRCH_004965,CUST_01484,small appliances,Kitchen,2026-05-12 01:41:35,1,Milton Heavy-Duty 750W Mixer Grinder - Pearl White
SRCH_004966,CUST_00590,student laptops,Laptops,2026-08-12 21:45:35,1,Asus Business Productivity Notebook
SRCH_004967,CUST_02941,yoga,Sports,2026-03-27 21:10:35,1,Boldfit Anti-Burst Gym Exercise Ball with Pump - Crimson Red
SRCH_004968,CUST_01426,fragrances,Beauty,2026-05-03 09:04:35,1,L'Oreal Luxury Eau De Parfum 100ml
SRCH_004969,CUST_00097,bedding,Home,2026-09-01 03:46:35,1,Philips Velvet Touch Blackout Window Curtains - Space Gray
SRCH_004970,CUST_00667,running shoes,Footwear,2026-06-07 09:36:35,1,Clarks Genuine Leather Oxford Shoes
SRCH_004971,CUST_01957,mobile accessories,Accessories,2026-04-11 11:45:35,1,Portronics Multi-Port 7-in-1 USB-C Hub Adapter - Midnight Black
SRCH_004972,CUST_01005,storage & containers,Kitchen,2026-08-27 21:50:35,1,Pigeon Electric Rapid Air Fryer 4.5L - Silver
SRCH_004973,CUST_01253,business & finance,Books,2026-06-06 20:26:35,1,HarperCollins Python Machine Learning & AI Mastery
SRCH_004974,CUST_00976,bags & backpacks,Accessories,2026-03-27 17:47:35,1,Logitech Magnetic Qi Fast Wireless Charger Stand
SRCH_004975,CUST_02064,fashion,Fashion,2026-07-23 06:52:35,1,Levis Solid Crew Neck Cotton T-Shirt - Midnight Black
SRCH_004976,CUST_01909,bath & body,Personal Care,2026-08-01 08:05:35,1,Dove Cordless Rechargeable Beard Trimmer - Pearl White
SRCH_004977,CUST_00421,snacks,Grocery,2026-08-28 00:09:35,1,Nestle Cold-Pressed Extra Virgin Olive Oil 1L
SRCH_004978,CUST_02444,audio,Electronics,2026-06-10 19:18:35,1,Bose 4K Ultra HD Smart TV 55-inch
SRCH_004979,CUST_00588,fashion,Fashion,2026-06-18 12:47:35,1,FabIndia Denim Trucker Jacket
SRCH_004980,CUST_01232,gaming,Gaming,2026-08-17 07:53:35,1,Logitech G Ultra-Lightweight 8KHz Optical Gaming Mouse - Olive Green
SRCH_004981,CUST_02734,student laptops,Laptops,2026-06-02 18:26:35,1,Lenovo Pro Gaming Laptop RTX 4070 - Pearl White
SRCH_004982,CUST_02070,small appliances,Kitchen,2026-05-10 04:44:35,1,Hawkins Hard Anodized Non-Stick Cookware Set - Pearl White
SRCH_004983,CUST_00498,wearables,Electronics,2026-05-17 21:36:35,1,Bose Noise Cancelling Wireless Earbuds
SRCH_004984,CUST_01234,mid-range,Mobiles,2026-08-17 07:26:35,1,Samsung Battery King Phone 6000mAh - Pearl White
SRCH_004985,CUST_00146,shaving & grooming,Personal Care,2026-05-31 11:14:35,1,Colgate Sonic Electric Toothbrush with Timer - Charcoal
SRCH_004986,CUST_01081,furniture,Furniture,2026-06-12 08:27:35,1,Wakefit Minimalist Nesting Coffee Tables - Silver
SRCH_004987,CUST_01817,home,Home,2026-04-25 05:37:35,1,Solimo Velvet Touch Blackout Window Curtains
SRCH_004988,CUST_01874,bags & backpacks,Accessories,2026-06-10 18:41:35,1,Logitech Multi-Port 7-in-1 USB-C Hub Adapter - Space Gray
SRCH_004989,CUST_01787,winterwear,Fashion,2026-03-20 16:47:35,1,Adidas Denim Trucker Jacket - Midnight Black
SRCH_004990,CUST_01253,business & finance,Books,2026-04-23 15:46:35,1,HarperCollins Python Machine Learning & AI Mastery - Classic Beige
SRCH_004991,CUST_01873,men's clothing,Fashion,2026-05-30 13:46:35,1,Raymond Cozy Fleece Pullover Hoodie
SRCH_004992,CUST_00775,gaming,Gaming,2026-08-10 00:15:35,1,Xbox Next-Gen Home Gaming Console 1TB - Silver
SRCH_004993,CUST_00352,cookware,Kitchen,2026-03-19 15:38:35,1,Milton Heavy-Duty 750W Mixer Grinder
SRCH_004994,CUST_01061,men's clothing,Fashion,2026-04-23 02:45:35,1,Puma Casual Stretch Chino Trousers
SRCH_004995,CUST_02730,television,Electronics,2026-08-17 19:05:35,1,JBL Noise Cancelling Wireless Earbuds - Space Gray
SRCH_004996,CUST_00573,laptops,Laptops,2026-06-02 19:51:35,1,HP Pro Gaming Laptop RTX 4070
SRCH_004997,CUST_02677,technology,Books,2026-08-29 03:02:35,1,Bloomsbury The Psychology of Money
SRCH_004998,CUST_02023,audio,Electronics,2026-07-13 10:33:35,1,Samsung Compact Bluetooth Speaker - Rose Gold
SRCH_004999,CUST_00106,accessories,Gaming,2026-07-01 00:36:35,1,SteelSeries Surround Sound Gaming Headset with Mic - Classic Beige
SRCH_005000,CUST_02283,accessories,Gaming,2026-04-16 18:32:35,1,SteelSeries Surround Sound Gaming Headset with Mic - Classic Beige
SRCH_005001,CUST_01046,cooking essentials,Grocery,2026-06-02 05:35:35,1,Nestle Organic Raw Honey 500g - Space Gray
SRCH_005002,CUST_01857,footwear,Footwear,2026-03-14 06:35:35,1,Skechers Comfort Walking Slip-On Shoes
SRCH_005003,CUST_00962,electronics,Electronics,2026-06-05 00:47:35,1,Bose Digital Mirrorless Camera - Navy Blue
SRCH_005004,CUST_02897,electronics,Electronics,2026-08-18 04:46:35,1,Bose Digital Mirrorless Camera - Navy Blue
SRCH_005005,CUST_00814,small appliances,Kitchen,2026-08-07 19:23:35,1,Pigeon Stainless Steel Chef Knife Set - Rose Gold
SRCH_005006,CUST_01317,electronics,Electronics,2026-05-24 17:25:35,1,Sony Noise Cancelling Wireless Earbuds - Rose Gold
SRCH_005007,CUST_02368,beauty,Beauty,2026-08-22 22:26:35,1,Minimalist Keratin Smoothing Hair Mask
SRCH_005008,CUST_00306,home,Home,2026-08-05 21:08:35,1,Home Centre Collapsible Fabric Storage Organizers - Charcoal
SRCH_005009,CUST_00680,sports,Sports,2026-03-22 10:48:35,1,Nivia Quick Dry Athletic Training Shorts - Midnight Black
SRCH_005010,CUST_01161,accessories,Gaming,2026-04-02 17:53:35,1,SteelSeries Next-Gen Home Gaming Console 1TB - Midnight Black
SRCH_005011,CUST_01688,decor,Home,2026-04-21 03:56:35,1,IKEA Velvet Touch Blackout Window Curtains - Midnight Black
SRCH_005012,CUST_00317,gaming laptops,Laptops,2026-03-31 19:12:35,1,Lenovo Pro Gaming Laptop RTX 4070 - Midnight Black
SRCH_005013,CUST_01029,kitchen,Kitchen,2026-03-24 11:14:35,1,Wonderchef Electric Rapid Air Fryer 4.5L
SRCH_005014,CUST_02184,kitchen,Kitchen,2026-05-02 16:53:35,1,Philips Airtight Glass Food Storage Jars
SRCH_005015,CUST_00552,sneakers,Footwear,2026-05-21 13:44:35,1,Bata Classic Low-Top Canvas Sneakers
SRCH_005016,CUST_00348,sneakers,Footwear,2026-06-17 21:02:35,1,Nike Waterproof Outdoor Hiking Boots - Space Gray
SRCH_005017,CUST_01003,personal,Personal Care,2026-06-08 07:24:35,1,Dove Gentle Sulfate-Free Moisturizing Body Lotion - Space Gray
SRCH_005018,CUST_00397,storage & containers,Kitchen,2026-04-12 09:43:35,1,Pigeon Electric Rapid Air Fryer 4.5L - Silver
SRCH_005019,CUST_00804,controllers,Gaming,2026-06-13 15:47:35,1,Corsair Wireless Haptic Feedback Gaming Controller
SRCH_005020,CUST_00325,wearables,Electronics,2026-04-06 04:52:35,1,Boat Smart Fitness Watch
SRCH_005021,CUST_01870,home,Home,2026-07-01 00:29:35,1,D'Decor Velvet Touch Blackout Window Curtains
SRCH_005022,CUST_00853,accessories,Accessories,2026-05-12 10:18:35,1,Spigen 9H Tempered Glass Screen Protector (2-Pack)
SRCH_005023,CUST_02693,furniture,Furniture,2026-06-16 00:20:35,1,Sleepyhead Ergonomic Mesh High-Back Office Chair - Classic Beige
SRCH_005024,CUST_02139,decor,Home,2026-05-14 16:38:35,1,Spaces Collapsible Fabric Storage Organizers
SRCH_005025,CUST_00512,business & finance,Books,2026-06-19 21:30:35,1,Bloomsbury Python Machine Learning & AI Mastery
SRCH_005026,CUST_02880,small appliances,Kitchen,2026-08-22 19:53:35,1,Pigeon Electric Rapid Air Fryer 4.5L - Silver
SRCH_005027,CUST_00117,accessories,Gaming,2026-05-16 04:29:35,1,Xbox Surround Sound Gaming Headset with Mic - Olive Green
SRCH_005028,CUST_00605,laptops,Laptops,2026-06-14 04:49:35,1,Lenovo Ultra-Slim Metal Ultrabook
SRCH_005029,CUST_02882,accessories,Gaming,2026-05-29 03:34:35,1,Corsair Wireless Haptic Feedback Gaming Controller
SRCH_005030,CUST_02541,furniture,Furniture,2026-07-06 09:35:35,1,Wakefit Ergonomic Mesh High-Back Office Chair - Midnight Black
SRCH_005031,CUST_01114,fragrances,Beauty,2026-04-15 05:58:35,1,L'Oreal Matte Velvet Long-Stay Lipstick
SRCH_005032,CUST_02038,personal,Personal Care,2026-08-13 05:00:35,1,Colgate Sonic Electric Toothbrush with Timer - Charcoal
SRCH_005033,CUST_00901,beauty,Beauty,2026-05-31 02:43:35,1,Neutrogena Hydrating Hyaluronic Acid Serum - Rose Gold
SRCH_005034,CUST_02950,office,Furniture,2026-08-26 13:42:35,1,Sleepyhead Contemporary 3-Seater Fabric Sofa - Crimson Red
SRCH_005035,CUST_02328,personal care,Personal Care,2026-03-31 03:51:35,1,Colgate Deep Cleansing Charcoal Body Wash 500ml - Charcoal
SRCH_005036,CUST_01978,small appliances,Kitchen,2026-04-10 03:32:35,1,Wonderchef Electric Rapid Air Fryer 4.5L
SRCH_005037,CUST_01732,kitchen,Kitchen,2026-09-01 16:54:35,1,Pigeon Stainless Steel Chef Knife Set - Rose Gold
SRCH_005038,CUST_02949,winterwear,Fashion,2026-04-23 03:36:35,1,Puma Denim Trucker Jacket
SRCH_005039,CUST_01153,bedding,Home,2026-07-20 21:26:35,1,Spaces Smart LED Color Ambient Bulb - Rose Gold
SRCH_005040,CUST_01401,controllers,Gaming,2026-06-04 23:18:35,1,Logitech G RGB Mechanical Gaming Keyboard - Navy Blue
SRCH_005041,CUST_00927,television,Electronics,2026-08-08 12:56:35,1,JBL Smart Fitness Watch
SRCH_005042,CUST_01668,furniture,Furniture,2026-08-21 03:09:35,1,Sleepyhead Minimalist Nesting Coffee Tables - Space Gray
SRCH_005043,CUST_02835,business & finance,Books,2026-09-02 13:19:35,1,HarperCollins Python Machine Learning & AI Mastery
SRCH_005044,CUST_00165,winterwear,Fashion,2026-04-14 03:46:35,1,Zara Floral Print Maxi Summer Dress - Crimson Red
SRCH_005045,CUST_00614,television,Electronics,2026-03-24 05:06:35,1,Sony 4K Ultra HD Smart TV 55-inch - Classic Beige
SRCH_005046,CUST_00135,running shoes,Footwear,2026-07-21 03:49:35,1,Nike Genuine Leather Oxford Shoes - Crimson Red
SRCH_005047,CUST_00570,office,Furniture,2026-07-02 20:50:35,1,Sleepyhead Orthopedic Memory Foam Mattress 6-inch - Pearl White
SRCH_005048,CUST_00892,gaming,Gaming,2026-03-28 09:04:35,1,PlayStation Next-Gen Home Gaming Console 1TB - Charcoal
SRCH_005049,CUST_01855,grocery,Grocery,2026-05-23 03:01:35,1,Nestle Cold-Pressed Extra Virgin Olive Oil 1L - Space Gray
SRCH_005050,CUST_01983,storage & containers,Kitchen,2026-03-23 16:20:35,1,Milton Heavy-Duty 750W Mixer Grinder - Pearl White
SRCH_005051,CUST_02926,gaming,Gaming,2026-06-13 02:10:35,1,Xbox Wireless Haptic Feedback Gaming Controller
SRCH_005052,CUST_02672,business & finance,Books,2026-07-08 09:17:35,1,Penguin Atomic Habits: Build Good Habits - Crimson Red
SRCH_005053,CUST_01967,accessories,Accessories,2026-07-15 15:51:35,1,Anker Water-Resistant Laptop Backpack 15.6-inch - Silver
SRCH_005054,CUST_02843,technology,Books,2026-03-18 09:44:35,1,Penguin Designing Data-Intensive Applications - Midnight Black
SRCH_005055,CUST_01071,cookware,Kitchen,2026-05-22 08:24:35,1,Hawkins Heavy-Duty 750W Mixer Grinder - Space Gray
SRCH_005056,CUST_01016,mid-range,Mobiles,2026-07-22 07:00:35,1,Motorola Battery King Phone 6000mAh
SRCH_005057,CUST_02848,personal,Personal Care,2026-04-06 03:23:35,1,Gillette Sonic Electric Toothbrush with Timer - Charcoal
SRCH_005058,CUST_00054,sneakers,Footwear,2026-04-17 23:56:35,1,Puma Cushioned Running Shoes - Olive Green
SRCH_005059,CUST_00352,storage & containers,Kitchen,2026-08-21 12:23:35,1,Hawkins Heavy-Duty 750W Mixer Grinder - Space Gray
SRCH_005060,CUST_00873,mid-range,Mobiles,2026-06-22 09:38:35,1,Motorola Smartphone Ultra 5G
SRCH_005061,CUST_02249,care,Personal Care,2026-09-06 22:12:35,1,Colgate Gentle Sulfate-Free Moisturizing Body Lotion - Midnight Black
SRCH_005062,CUST_02530,lighting,Home,2026-07-04 19:55:35,1,Spaces Smart LED Color Ambient Bulb - Rose Gold
SRCH_005063,CUST_01562,gaming,Gaming,2026-09-01 04:17:35,1,Logitech G Ultra-Lightweight 8KHz Optical Gaming Mouse - Olive Green
SRCH_005064,CUST_02670,winterwear,Fashion,2026-08-26 04:06:35,1,Puma Casual Stretch Chino Trousers
SRCH_005065,CUST_01039,running shoes,Footwear,2026-06-29 22:53:35,1,Clarks Classic Low-Top Canvas Sneakers
SRCH_005066,CUST_00646,mid-range,Mobiles,2026-06-11 09:50:35,1,Google Sleek Curve Screen 5G Phone - Pearl White
SRCH_005067,CUST_02792,outdoor sports,Sports,2026-05-06 23:41:35,1,Nivia Extra Thick Non-Slip Eco Yoga Mat - Pearl White
SRCH_005068,CUST_00942,accessories,Gaming,2026-04-10 06:32:35,1,SteelSeries Next-Gen Home Gaming Console 1TB - Midnight Black
SRCH_005069,CUST_00700,budget,Mobiles,2026-07-30 17:18:35,1,Apple Smooth Display Mid-Range 5G
SRCH_005070,CUST_01769,grocery,Grocery,2026-05-24 20:16:35,1,Organic India Artisan Dark Roasted Arabica Coffee Beans 250g
SRCH_005071,CUST_01928,fashion,Fashion,2026-04-26 06:05:35,1,Zara Floral Print Maxi Summer Dress - Crimson Red
SRCH_005072,CUST_01531,books,Books,2026-08-26 00:48:35,1,Penguin The Psychology of Money - Pearl White
SRCH_005073,CUST_01947,kitchen,Kitchen,2026-03-12 09:21:35,1,Hawkins Airtight Glass Food Storage Jars
SRCH_005074,CUST_00922,beauty,Beauty,2026-06-20 13:08:35,1,Minimalist Matte Velvet Long-Stay Lipstick
SRCH_005075,CUST_02558,footwear,Footwear,2026-09-03 22:10:35,1,Reebok Cushioned Running Shoes - Classic Beige
SRCH_005076,CUST_01682,books,Books,2026-03-24 04:13:35,1,Bloomsbury Python Machine Learning & AI Mastery
SRCH_005077,CUST_02868,living room,Furniture,2026-06-21 17:39:35,1,Sleepyhead Orthopedic Memory Foam Mattress 6-inch - Olive Green
SRCH_005078,CUST_00902,mobiles,Mobiles,2026-06-17 07:30:35,1,Realme Sleek Curve Screen 5G Phone - Rose Gold
SRCH_005079,CUST_00928,decor,Home,2026-08-16 02:46:35,1,Philips Handwoven Boho Area Rug
SRCH_005080,CUST_02269,student laptops,Laptops,2026-08-10 20:08:35,1,Lenovo Student Essential Laptop
SRCH_005081,CUST_00128,beauty,Beauty,2026-05-19 05:51:35,1,L'Oreal Matte Liquid Longwear Foundation - Olive Green
SRCH_005082,CUST_02993,home,Home,2026-03-17 06:26:35,1,D'Decor Velvet Touch Blackout Window Curtains
SRCH_005083,CUST_00063,wearables,Electronics,2026-06-07 22:11:35,1,Sony Compact Bluetooth Speaker
SRCH_005084,CUST_01308,men's clothing,Fashion,2026-08-02 23:53:35,1,Levis Solid Crew Neck Cotton T-Shirt - Midnight Black
SRCH_005085,CUST_00077,mid-range,Mobiles,2026-05-11 11:44:35,1,Apple Sleek Curve Screen 5G Phone - Pearl White
SRCH_005086,CUST_01438,yoga,Sports,2026-07-13 21:05:35,1,Yonex Anti-Burst Gym Exercise Ball with Pump - Space Gray
SRCH_005087,CUST_02666,footwear,Footwear,2026-05-08 07:29:35,1,Puma Cushioned Running Shoes - Olive Green
SRCH_005088,CUST_00190,electronics,Electronics,2026-04-19 11:35:35,1,LG Smart Wi-Fi Security Camera - Midnight Black
SRCH_005089,CUST_00282,furniture,Furniture,2026-08-05 05:49:35,1,Urban Ladder Contemporary 3-Seater Fabric Sofa - Rose Gold
SRCH_005090,CUST_00497,winterwear,Fashion,2026-05-31 07:20:35,1,Levis Floral Print Maxi Summer Dress - Classic Beige
SRCH_005091,CUST_02200,men's clothing,Fashion,2026-04-09 05:51:35,1,FabIndia Denim Trucker Jacket
SRCH_005092,CUST_02858,running shoes,Footwear,2026-09-04 07:15:35,1,Adidas Waterproof Outdoor Hiking Boots - Rose Gold
SRCH_005093,CUST_02305,fashion,Fashion,2026-04-05 23:29:35,1,Zara Solid Crew Neck Cotton T-Shirt - Olive Green
SRCH_005094,CUST_02411,mid-range,Mobiles,2026-06-30 13:21:35,1,OnePlus Smooth Display Mid-Range 5G - Navy Blue
SRCH_005095,CUST_00428,electronics,Electronics,2026-08-16 04:39:35,1,LG 4K Ultra HD Smart TV 55-inch - Olive Green
SRCH_005096,CUST_02288,bedding,Home,2026-07-08 19:48:35,1,Home Centre 100% Cotton 300TC Double Bed Sheet
SRCH_005097,CUST_02883,running shoes,Footwear,2026-07-22 14:23:35,1,Bata Classic Low-Top Canvas Sneakers - Classic Beige
SRCH_005098,CUST_00727,mobiles,Mobiles,2026-06-04 10:50:35,1,Motorola Battery King Phone 6000mAh
SRCH_005099,CUST_00997,mid-range,Mobiles,2026-08-14 18:00:35,1,Google Pure Android Experience 5G - Silver
SRCH_005100,CUST_00982,living room,Furniture,2026-08-20 06:34:35,1,Wakefit Ergonomic Mesh High-Back Office Chair
SRCH_005101,CUST_01033,accessories,Gaming,2026-07-01 04:29:35,1,Logitech G RGB Mechanical Gaming Keyboard - Classic Beige
SRCH_005102,CUST_02037,smart devices,Electronics,2026-08-15 04:40:35,1,LG Compact Bluetooth Speaker - Silver
SRCH_005103,CUST_02234,footwear,Footwear,2026-08-03 07:50:35,1,Reebok Waterproof Outdoor Hiking Boots
SRCH_005104,CUST_02873,grocery,Grocery,2026-05-24 02:19:35,1,Saffola Artisan Dark Roasted Arabica Coffee Beans 250g
SRCH_005105,CUST_02132,beauty,Beauty,2026-04-25 13:36:35,1,The Ordinary Matte Velvet Long-Stay Lipstick
SRCH_005106,CUST_01371,books,Books,2026-05-08 21:13:35,1,Penguin Designing Data-Intensive Applications
SRCH_005107,CUST_01296,mid-range,Mobiles,2026-07-09 12:34:35,1,Xiaomi Smooth Display Mid-Range 5G
SRCH_005108,CUST_02186,fitness equipment,Sports,2026-08-27 08:37:35,1,Nivia Adjustable Hex Dumbbells Pair - Classic Beige
SRCH_005109,CUST_00310,accessories,Gaming,2026-05-22 05:49:35,1,Corsair Next-Gen Home Gaming Console 1TB - Silver
SRCH_005110,CUST_00347,gaming,Gaming,2026-04-18 11:59:35,1,PlayStation Next-Gen Home Gaming Console 1TB - Space Gray
SRCH_005111,CUST_02886,bedding,Home,2026-05-14 08:43:35,1,Solimo Velvet Touch Blackout Window Curtains - Classic Beige
SRCH_005112,CUST_01486,home,Home,2026-08-15 21:57:35,1,IKEA Velvet Touch Blackout Window Curtains
SRCH_005113,CUST_02711,living room,Furniture,2026-08-14 10:37:35,1,Sleepyhead Minimalist Nesting Coffee Tables - Charcoal
SRCH_005114,CUST_01643,gaming laptops,Laptops,2026-08-18 16:29:35,1,Lenovo Creator Studio Laptop 4K OLED
SRCH_005115,CUST_00267,technology,Books,2026-07-22 02:37:35,1,Bloomsbury The Psychology of Money
SRCH_005116,CUST_00425,footwear,Footwear,2026-06-27 16:11:35,1,Adidas Waterproof Outdoor Hiking Boots - Rose Gold
SRCH_005117,CUST_01684,home,Home,2026-06-05 11:23:35,1,D'Decor Velvet Touch Blackout Window Curtains
SRCH_005118,CUST_01406,accessories,Gaming,2026-06-04 09:21:35,1,SteelSeries Next-Gen Home Gaming Console 1TB - Classic Beige
SRCH_005119,CUST_00063,electronics,Electronics,2026-05-05 04:20:35,1,Boat Noise Cancelling Wireless Earbuds
SRCH_005120,CUST_02840,mobiles,Mobiles,2026-04-27 16:47:35,1,Motorola Sleek Curve Screen 5G Phone - Charcoal
SRCH_005121,CUST_02122,running shoes,Footwear,2026-07-16 22:37:35,1,Puma Genuine Leather Oxford Shoes
SRCH_005122,CUST_02959,smart devices,Electronics,2026-07-18 04:12:35,1,Bose 4K Ultra HD Smart TV 55-inch
SRCH_005123,CUST_02423,footwear,Footwear,2026-08-08 14:25:35,1,Reebok Genuine Leather Oxford Shoes
SRCH_005124,CUST_02804,audio,Electronics,2026-06-25 16:52:35,1,JBL Smart Fitness Watch
SRCH_005125,CUST_02621,grocery,Grocery,2026-07-24 20:14:35,1,Nestle Artisan Dark Roasted Arabica Coffee Beans 250g - Pearl White
SRCH_005126,CUST_01888,makeup,Beauty,2026-07-07 02:15:35,1,Neutrogena Hydrating Hyaluronic Acid Serum
SRCH_005127,CUST_01404,sports,Sports,2026-08-01 16:28:35,1,Decathlon Carbon Fiber Badminton Racket
SRCH_005128,CUST_02340,laptops,Laptops,2026-04-19 09:36:35,1,Apple Student Essential Laptop
SRCH_005129,CUST_01326,technology,Books,2026-08-23 20:00:35,1,O'Reilly The Psychology of Money
SRCH_005130,CUST_02238,kitchen,Kitchen,2026-07-27 04:35:35,1,Milton Electric Rapid Air Fryer 4.5L
SRCH_005131,CUST_02563,home,Home,2026-04-29 13:20:35,1,Home Centre Collapsible Fabric Storage Organizers - Charcoal
SRCH_005132,CUST_00587,mid-range,Mobiles,2026-07-12 01:44:35,1,Motorola Smartphone Ultra 5G - Midnight Black
SRCH_005133,CUST_02743,fitness equipment,Sports,2026-04-21 05:11:35,1,Puma Adjustable Hex Dumbbells Pair
SRCH_005134,CUST_00478,grocery,Grocery,2026-06-26 07:33:35,1,Saffola Artisan Dark Roasted Arabica Coffee Beans 250g
SRCH_005135,CUST_01498,sports,Sports,2026-07-01 05:16:35,1,Decathlon Quick Dry Athletic Training Shorts
SRCH_005136,CUST_02297,decor,Home,2026-06-06 10:55:35,1,Philips Smart LED Color Ambient Bulb
SRCH_005137,CUST_00177,gaming,Gaming,2026-03-26 14:38:35,1,Corsair Surround Sound Gaming Headset with Mic - Olive Green
SRCH_005138,CUST_01103,bedding,Home,2026-04-30 21:31:35,1,IKEA Handwoven Boho Area Rug - Rose Gold
SRCH_005139,CUST_00733,storage & containers,Kitchen,2026-05-14 15:46:35,1,Milton Heavy-Duty 750W Mixer Grinder - Pearl White
SRCH_005140,CUST_00591,shaving & grooming,Personal Care,2026-04-29 02:22:35,1,Oral-B Cordless Rechargeable Beard Trimmer
SRCH_005141,CUST_00684,technology,Books,2026-03-19 00:11:35,1,O'Reilly Deep Work: Focused Success in a Distracted World - Crimson Red
SRCH_005142,CUST_02614,footwear,Footwear,2026-08-24 06:45:35,1,Clarks Classic Low-Top Canvas Sneakers - Classic Beige
SRCH_005143,CUST_02998,small appliances,Kitchen,2026-05-17 06:20:35,1,Philips Heavy-Duty 750W Mixer Grinder - Space Gray
SRCH_005144,CUST_01485,smart devices,Electronics,2026-04-08 09:40:35,1,Samsung Action Camera 4K Waterproof
SRCH_005145,CUST_02580,small appliances,Kitchen,2026-08-14 06:51:35,1,Philips Heavy-Duty 750W Mixer Grinder - Space Gray
SRCH_005146,CUST_01643,mobile accessories,Accessories,2026-04-19 21:06:35,1,American Tourister 9H Tempered Glass Screen Protector (2-Pack) - Classic Beige
SRCH_005147,CUST_01864,business & finance,Books,2026-04-18 17:11:35,1,Bloomsbury Atomic Habits: Build Good Habits - Crimson Red
SRCH_005148,CUST_02394,personal care,Personal Care,2026-03-31 12:08:35,1,Dove Sonic Electric Toothbrush with Timer - Silver
SRCH_005149,CUST_02465,smart devices,Electronics,2026-06-21 21:24:35,1,Bose Bass Soundbar with Subwoofer - Midnight Black
SRCH_005150,CUST_00640,bags & backpacks,Accessories,2026-08-25 16:12:35,1,Spigen Water-Resistant Laptop Backpack 15.6-inch - Charcoal
SRCH_005151,CUST_01206,accessories,Gaming,2026-05-27 13:10:35,1,Logitech G Surround Sound Gaming Headset with Mic
SRCH_005152,CUST_02339,mobile accessories,Accessories,2026-09-04 18:05:35,1,Logitech Ergonomic Silent Wireless Mouse
SRCH_005153,CUST_01915,footwear,Footwear,2026-09-02 19:33:35,1,Nike Comfort Walking Slip-On Shoes
SRCH_005154,CUST_01869,gaming,Gaming,2026-08-17 00:43:35,1,Logitech G Surround Sound Gaming Headset with Mic
SRCH_005155,CUST_00257,beverages,Grocery,2026-04-06 23:16:35,1,Saffola Organic Green Tea Herbal Infusion 100 Bags
SRCH_005156,CUST_02898,student laptops,Laptops,2026-05-17 17:14:35,1,Lenovo Student Essential Laptop
SRCH_005157,CUST_02121,accessories,Gaming,2026-09-02 21:44:35,1,PlayStation Wireless Haptic Feedback Gaming Controller - Space Gray
SRCH_005158,CUST_00751,technology,Books,2026-04-02 10:36:35,1,Bloomsbury The Psychology of Money - Navy Blue
SRCH_005159,CUST_00744,kitchen,Kitchen,2026-07-15 03:06:35,1,Prestige Hard Anodized Non-Stick Cookware Set - Olive Green
SRCH_005160,CUST_02193,small appliances,Kitchen,2026-04-07 03:59:35,1,Philips Electric Rapid Air Fryer 4.5L - Midnight Black
SRCH_005161,CUST_00726,gaming,Gaming,2026-07-10 04:38:35,1,Corsair RGB Mechanical Gaming Keyboard - Rose Gold
SRCH_005162,CUST_00197,television,Electronics,2026-07-27 08:16:35,1,Bose Smart Home Voice Hub
SRCH_005163,CUST_02386,mid-range,Mobiles,2026-08-08 13:34:35,1,Realme Sleek Curve Screen 5G Phone - Rose Gold
SRCH_005164,CUST_02686,sneakers,Footwear,2026-04-15 14:14:35,1,Skechers Cushioned Running Shoes - Olive Green
SRCH_005165,CUST_02008,ultrabooks,Laptops,2026-04-25 02:26:35,1,Apple Ultra-Slim Metal Ultrabook - Rose Gold
SRCH_005166,CUST_02102,electronics,Electronics,2026-06-21 17:54:35,1,Samsung Compact Bluetooth Speaker - Rose Gold
SRCH_005167,CUST_02123,budget,Mobiles,2026-07-17 10:09:35,1,Xiaomi Smooth Display Mid-Range 5G - Space Gray
SRCH_005168,CUST_00835,beauty,Beauty,2026-03-25 02:10:35,1,L'Oreal Matte Liquid Longwear Foundation
SRCH_005169,CUST_02343,bedding,Home,2026-07-11 17:05:35,1,Solimo 100% Cotton 300TC Double Bed Sheet
SRCH_005170,CUST_01621,audio,Electronics,2026-04-11 04:26:35,1,Sennheiser Compact Bluetooth Speaker
SRCH_005171,CUST_01254,fragrances,Beauty,2026-04-12 09:25:35,1,L'Oreal Luxury Eau De Parfum 100ml
SRCH_005172,CUST_01413,furniture,Furniture,2026-08-29 01:15:35,1,Urban Ladder Contemporary 3-Seater Fabric Sofa - Rose Gold
SRCH_005173,CUST_01792,kitchen,Kitchen,2026-05-27 17:53:35,1,Prestige Hard Anodized Non-Stick Cookware Set - Classic Beige
SRCH_005174,CUST_01925,grocery,Grocery,2026-05-29 15:58:35,1,Organic India Cold-Pressed Extra Virgin Olive Oil 1L
SRCH_005175,CUST_01838,shaving & grooming,Personal Care,2026-04-11 23:25:35,1,Colgate Gentle Sulfate-Free Moisturizing Body Lotion - Midnight Black
SRCH_005176,CUST_00219,mid-range,Mobiles,2026-04-28 07:30:35,1,Samsung Battery King Phone 6000mAh - Pearl White
SRCH_005177,CUST_00897,ultrabooks,Laptops,2026-04-07 16:07:35,1,HP Creator Studio Laptop 4K OLED - Pearl White
SRCH_005178,CUST_01058,winterwear,Fashion,2026-07-31 13:56:35,1,Adidas Denim Trucker Jacket
SRCH_005179,CUST_00180,electronics,Electronics,2026-06-02 17:03:35,1,JBL Smart Fitness Watch - Olive Green
SRCH_005180,CUST_01372,gaming,Gaming,2026-04-07 17:40:35,1,Logitech G Ultra-Lightweight 8KHz Optical Gaming Mouse - Pearl White
SRCH_005181,CUST_00090,winterwear,Fashion,2026-05-05 12:13:35,1,Nike Classic Denim Slim Jeans - Pearl White
SRCH_005182,CUST_00383,makeup,Beauty,2026-07-26 23:47:35,1,The Ordinary Matte Velvet Long-Stay Lipstick - Charcoal
SRCH_005183,CUST_00559,bath & body,Personal Care,2026-06-02 22:17:35,1,Philips Cordless Rechargeable Beard Trimmer
SRCH_005184,CUST_02409,controllers,Gaming,2026-06-18 09:25:35,1,Logitech G Surround Sound Gaming Headset with Mic
SRCH_005185,CUST_02314,electronics,Electronics,2026-04-20 21:41:35,1,Bose Digital Mirrorless Camera - Navy Blue
SRCH_005186,CUST_01979,mobiles,Mobiles,2026-08-24 07:07:35,1,Motorola Smartphone Ultra 5G - Midnight Black
SRCH_005187,CUST_00633,fashion,Fashion,2026-03-18 20:25:35,1,H&M Tailored Formal Oxford Shirt
SRCH_005188,CUST_00406,mobiles,Mobiles,2026-07-18 14:22:35,1,Samsung Smartphone Ultra 5G - Space Gray
SRCH_005189,CUST_01708,bags & backpacks,Accessories,2026-07-28 16:25:35,1,Portronics 9H Tempered Glass Screen Protector (2-Pack)
SRCH_005190,CUST_02017,home,Home,2026-05-10 14:10:35,1,IKEA Handwoven Boho Area Rug - Rose Gold
SRCH_005191,CUST_00409,mid-range,Mobiles,2026-08-30 11:05:35,1,Motorola Battery King Phone 6000mAh
SRCH_005192,CUST_00499,fashion,Fashion,2026-03-28 23:00:35,1,H&M Denim Trucker Jacket - Midnight Black
SRCH_005193,CUST_02562,footwear,Footwear,2026-06-07 00:29:35,1,Puma Cushioned Running Shoes - Charcoal
SRCH_005194,CUST_01353,business & finance,Books,2026-03-24 13:04:35,1,Penguin The Psychology of Money - Pearl White
SRCH_005195,CUST_01416,business & finance,Books,2026-04-26 15:40:35,1,O'Reilly Deep Work: Focused Success in a Distracted World - Charcoal
SRCH_005196,CUST_00015,smart devices,Electronics,2026-06-27 14:50:35,1,Noise 4K Ultra HD Smart TV 55-inch
SRCH_005197,CUST_02655,laptops,Laptops,2026-06-01 20:16:35,1,Acer Student Essential Laptop - Olive Green
SRCH_005198,CUST_02487,bedding,Home,2026-05-28 05:36:35,1,Solimo 100% Cotton 300TC Double Bed Sheet - Silver
SRCH_005199,CUST_02256,books,Books,2026-08-08 00:59:35,1,O'Reilly Deep Work: Focused Success in a Distracted World - Space Gray
SRCH_005200,CUST_00867,shaving & grooming,Personal Care,2026-07-30 07:25:35,1,Gillette Cordless Rechargeable Beard Trimmer - Silver
SRCH_005201,CUST_00281,running shoes,Footwear,2026-05-31 02:35:35,1,Adidas Genuine Leather Oxford Shoes
SRCH_005202,CUST_00305,controllers,Gaming,2026-09-04 14:21:35,1,PlayStation Wireless Haptic Feedback Gaming Controller - Space Gray
SRCH_005203,CUST_01590,business & finance,Books,2026-05-19 20:55:35,1,Penguin The Psychology of Money
SRCH_005204,CUST_02009,mid-range,Mobiles,2026-06-06 05:23:35,1,OnePlus NextGen Smartphone Pro Max - Rose Gold
SRCH_005205,CUST_02646,gaming,Gaming,2026-09-04 00:25:35,1,Logitech G Surround Sound Gaming Headset with Mic
SRCH_005206,CUST_02845,technology,Books,2026-07-05 04:30:35,1,Penguin The Psychology of Money - Pearl White
SRCH_005207,CUST_01511,accessories,Gaming,2026-06-07 07:11:35,1,PlayStation Wireless Haptic Feedback Gaming Controller - Olive Green
SRCH_005208,CUST_01860,personal,Personal Care,2026-04-25 06:57:35,1,Colgate Cordless Rechargeable Beard Trimmer - Space Gray
SRCH_005209,CUST_01647,bedding,Home,2026-04-19 02:12:35,1,IKEA 100% Cotton 300TC Double Bed Sheet
SRCH_005210,CUST_02662,accessories,Gaming,2026-06-17 07:37:35,1,Logitech G Surround Sound Gaming Headset with Mic - Midnight Black
SRCH_005211,CUST_01816,mid-range,Mobiles,2026-08-17 20:30:35,1,Realme NextGen Smartphone Pro Max - Charcoal
SRCH_005212,CUST_00409,ultrabooks,Laptops,2026-04-26 13:00:35,1,MSI Creator Studio Laptop 4K OLED - Midnight Black
SRCH_005213,CUST_00440,living room,Furniture,2026-06-30 04:05:35,1,Urban Ladder Modern Engineered Wood Computer Desk - Olive Green
SRCH_005214,CUST_01825,footwear,Footwear,2026-08-10 01:11:35,1,Clarks Comfort Walking Slip-On Shoes - Crimson Red
SRCH_005215,CUST_01598,running shoes,Footwear,2026-03-26 13:29:35,1,Adidas Genuine Leather Oxford Shoes - Olive Green
SRCH_005216,CUST_02973,home,Home,2026-08-31 14:43:35,1,IKEA Velvet Touch Blackout Window Curtains
SRCH_005217,CUST_01654,accessories,Gaming,2026-06-18 23:36:35,1,SteelSeries Wireless Haptic Feedback Gaming Controller - Midnight Black
SRCH_005218,CUST_00691,footwear,Footwear,2026-06-09 03:12:35,1,Bata Genuine Leather Oxford Shoes - Navy Blue
SRCH_005219,CUST_01821,fashion,Fashion,2026-07-12 13:03:35,1,Raymond Floral Print Maxi Summer Dress
SRCH_005220,CUST_00577,kitchen,Kitchen,2026-04-24 02:51:35,1,Prestige Hard Anodized Non-Stick Cookware Set - Classic Beige
SRCH_005221,CUST_00889,bedding,Home,2026-06-21 08:14:35,1,Solimo 100% Cotton 300TC Double Bed Sheet
SRCH_005222,CUST_02046,home,Home,2026-04-27 02:59:35,1,IKEA Velvet Touch Blackout Window Curtains - Midnight Black
SRCH_005223,CUST_01709,makeup,Beauty,2026-08-02 19:31:35,1,Neutrogena Keratin Smoothing Hair Mask - Midnight Black
SRCH_005224,CUST_01959,men's clothing,Fashion,2026-09-05 18:38:35,1,Zara Floral Print Maxi Summer Dress - Crimson Red
SRCH_005225,CUST_01929,shaving & grooming,Personal Care,2026-06-02 18:55:35,1,Dove Sonic Electric Toothbrush with Timer - Silver
SRCH_005226,CUST_02480,winterwear,Fashion,2026-09-07 09:48:35,1,Puma Casual Stretch Chino Trousers - Navy Blue
SRCH_005227,CUST_00785,mid-range,Mobiles,2026-04-29 22:00:35,1,Motorola Smartphone Ultra 5G
SRCH_005228,CUST_02171,small appliances,Kitchen,2026-05-12 22:05:35,1,Hawkins Hard Anodized Non-Stick Cookware Set - Pearl White
SRCH_005229,CUST_02161,business & finance,Books,2026-03-16 16:00:35,1,Bloomsbury The Psychology of Money
SRCH_005230,CUST_00150,footwear,Footwear,2026-08-06 10:13:35,1,Puma Comfort Walking Slip-On Shoes
SRCH_005231,CUST_00606,mobiles,Mobiles,2026-03-16 21:01:35,1,Motorola Smartphone Ultra 5G - Midnight Black
SRCH_005232,CUST_02750,makeup,Beauty,2026-08-10 22:52:35,1,Maybelline Luxury Eau De Parfum 100ml
SRCH_005233,CUST_02277,beverages,Grocery,2026-04-15 23:44:35,1,Tata Organic Green Tea Herbal Infusion 100 Bags - Olive Green
SRCH_005234,CUST_02409,running shoes,Footwear,2026-09-02 12:02:35,1,Puma Cushioned Running Shoes - Crimson Red
SRCH_005235,CUST_02588,audio,Electronics,2026-09-02 02:52:35,1,JBL Bass Soundbar with Subwoofer - Midnight Black
SRCH_005236,CUST_00015,smart devices,Electronics,2026-08-28 03:12:35,1,Samsung Digital Mirrorless Camera - Space Gray
SRCH_005237,CUST_01467,bedding,Home,2026-03-20 05:45:35,1,IKEA Velvet Touch Blackout Window Curtains
SRCH_005238,CUST_01547,men's clothing,Fashion,2026-07-26 10:11:35,1,Raymond Floral Print Maxi Summer Dress
SRCH_005239,CUST_01445,cooking essentials,Grocery,2026-08-10 13:06:35,1,Saffola Organic Raw Honey 500g - Crimson Red
SRCH_005240,CUST_00468,office,Furniture,2026-06-02 23:37:35,1,Sleepyhead Orthopedic Memory Foam Mattress 6-inch - Pearl White
SRCH_005241,CUST_00129,electronics,Electronics,2026-08-31 07:01:35,1,Sennheiser Compact Bluetooth Speaker
SRCH_005242,CUST_01796,cooking essentials,Grocery,2026-03-24 08:42:35,1,Organic India Roasted California Almonds 500g - Crimson Red
SRCH_005243,CUST_00295,gaming,Gaming,2026-08-17 03:44:35,1,Razer RGB Mechanical Gaming Keyboard
SRCH_005244,CUST_01014,sports,Sports,2026-06-07 14:16:35,1,Nivia Carbon Fiber Badminton Racket - Midnight Black
SRCH_005245,CUST_02405,gaming laptops,Laptops,2026-03-28 03:17:35,1,Apple Creator Studio Laptop 4K OLED - Rose Gold
SRCH_005246,CUST_02723,ultrabooks,Laptops,2026-08-18 09:49:35,1,Lenovo Ultra-Slim Metal Ultrabook
SRCH_005247,CUST_00732,accessories,Gaming,2026-05-27 08:41:35,1,Corsair Surround Sound Gaming Headset with Mic - Olive Green
SRCH_005248,CUST_01823,laptops,Laptops,2026-04-01 17:58:35,1,Lenovo Ultra-Slim Metal Ultrabook
SRCH_005249,CUST_00793,sports,Sports,2026-08-06 17:51:35,1,Nivia Carbon Fiber Badminton Racket - Midnight Black
SRCH_005250,CUST_02651,gaming laptops,Laptops,2026-05-07 01:45:35,1,HP Creator Studio Laptop 4K OLED
SRCH_005251,CUST_02135,decor,Home,2026-06-09 13:11:35,1,D'Decor Velvet Touch Blackout Window Curtains - Pearl White
SRCH_005252,CUST_01928,men's clothing,Fashion,2026-07-09 11:43:35,1,H&M Cozy Fleece Pullover Hoodie - Pearl White
SRCH_005253,CUST_01326,business & finance,Books,2026-08-04 23:43:35,1,Random House Designing Data-Intensive Applications - Olive Green
SRCH_005254,CUST_02114,accessories,Gaming,2026-03-27 06:46:35,1,Razer RGB Mechanical Gaming Keyboard
SRCH_005255,CUST_02479,fitness equipment,Sports,2026-04-16 20:56:35,1,Puma Anti-Burst Gym Exercise Ball with Pump - Silver
SRCH_005256,CUST_02540,storage & containers,Kitchen,2026-03-13 01:37:35,1,Hawkins Stainless Steel Chef Knife Set - Space Gray
SRCH_005257,CUST_00291,mid-range,Mobiles,2026-09-06 08:17:35,1,Samsung Smartphone Ultra 5G - Space Gray
SRCH_005258,CUST_00551,makeup,Beauty,2026-03-26 06:37:35,1,L'Oreal Matte Liquid Longwear Foundation
SRCH_005259,CUST_00160,bedding,Home,2026-04-12 11:32:35,1,Spaces Smart LED Color Ambient Bulb - Rose Gold
SRCH_005260,CUST_00756,furniture,Furniture,2026-05-24 12:54:35,1,Urban Ladder Modern Engineered Wood Computer Desk - Space Gray
SRCH_005261,CUST_02799,accessories,Gaming,2026-04-10 18:57:35,1,Xbox Surround Sound Gaming Headset with Mic
SRCH_005262,CUST_00762,bedding,Home,2026-09-05 21:02:35,1,IKEA 100% Cotton 300TC Double Bed Sheet
SRCH_005263,CUST_00249,controllers,Gaming,2026-04-17 06:56:35,1,Logitech G RGB Mechanical Gaming Keyboard - Classic Beige
SRCH_005264,CUST_02174,ultrabooks,Laptops,2026-07-21 21:30:35,1,Acer Ultra-Slim Metal Ultrabook - Olive Green
SRCH_005265,CUST_00854,audio,Electronics,2026-07-23 14:28:35,1,LG Smart Wi-Fi Security Camera - Midnight Black
SRCH_005266,CUST_01489,sports,Sports,2026-05-21 17:12:35,1,Nivia Adjustable Hex Dumbbells Pair - Classic Beige
SRCH_005267,CUST_02468,makeup,Beauty,2026-04-19 17:32:35,1,Maybelline Keratin Smoothing Hair Mask
SRCH_005268,CUST_00180,electronics,Electronics,2026-08-14 11:18:35,1,Sennheiser Compact Bluetooth Speaker
SRCH_005269,CUST_02803,grocery,Grocery,2026-07-08 20:07:35,1,Nestle Organic Raw Honey 500g - Space Gray
SRCH_005270,CUST_00325,television,Electronics,2026-04-27 14:28:35,1,Sony Noise Cancelling Wireless Earbuds - Rose Gold
SRCH_005271,CUST_00548,grocery,Grocery,2026-03-22 12:49:35,1,Organic India Artisan Dark Roasted Arabica Coffee Beans 250g
SRCH_005272,CUST_00488,bedding,Home,2026-08-01 22:06:35,1,IKEA Velvet Touch Blackout Window Curtains - Midnight Black
SRCH_005273,CUST_00374,skincare,Beauty,2026-08-28 14:18:35,1,L'Oreal Keratin Smoothing Hair Mask - Classic Beige
SRCH_005274,CUST_02824,books,Books,2026-03-15 23:32:35,1,O'Reilly Deep Work: Focused Success in a Distracted World - Space Gray
SRCH_005275,CUST_01927,makeup,Beauty,2026-04-16 17:38:35,1,Nivea Keratin Smoothing Hair Mask - Navy Blue
SRCH_005276,CUST_00604,accessories,Gaming,2026-07-27 10:12:35,1,Logitech G Surround Sound Gaming Headset with Mic - Midnight Black
SRCH_005277,CUST_01186,personal,Personal Care,2026-08-23 14:46:35,1,Gillette Cordless Rechargeable Beard Trimmer
SRCH_005278,CUST_02960,winterwear,Fashion,2026-06-27 07:25:35,1,Puma Casual Stretch Chino Trousers - Navy Blue
SRCH_005279,CUST_01261,accessories,Gaming,2026-05-11 03:16:35,1,Razer RGB Mechanical Gaming Keyboard
SRCH_005280,CUST_00620,care,Personal Care,2026-08-17 03:52:35,1,Gillette Sonic Electric Toothbrush with Timer
SRCH_005281,CUST_00983,laptops,Laptops,2026-05-07 02:01:35,1,Acer Creator Studio Laptop 4K OLED - Olive Green
SRCH_005282,CUST_01989,care,Personal Care,2026-08-08 04:02:35,1,Gillette Sonic Electric Toothbrush with Timer
SRCH_005283,CUST_02946,electronics,Electronics,2026-07-19 08:06:35,1,Sony 4K Ultra HD Smart TV 55-inch
SRCH_005284,CUST_00097,mobile accessories,Accessories,2026-08-13 08:30:35,1,Portronics Water-Resistant Laptop Backpack 15.6-inch
SRCH_005285,CUST_01158,ultrabooks,Laptops,2026-06-21 20:45:35,1,Asus Pro Gaming Laptop RTX 4070 - Charcoal
SRCH_005286,CUST_00487,bags & backpacks,Accessories,2026-07-03 15:27:35,1,Logitech Water-Resistant Laptop Backpack 15.6-inch
SRCH_005287,CUST_00100,beauty,Beauty,2026-05-26 15:21:35,1,Neutrogena Vitamin C Brightening Facial Cleanser - Silver
SRCH_005288,CUST_01763,small appliances,Kitchen,2026-08-16 03:06:35,1,Pigeon Airtight Glass Food Storage Jars
SRCH_005289,CUST_02301,electronics,Electronics,2026-06-25 01:30:35,1,Samsung Noise Cancelling Wireless Earbuds - Silver
SRCH_005290,CUST_02451,budget,Mobiles,2026-07-04 22:29:35,1,Xiaomi Smartphone Ultra 5G
SRCH_005291,CUST_01115,smart devices,Electronics,2026-06-27 23:09:35,1,Sony Smart Fitness Watch
SRCH_005292,CUST_01073,bath & body,Personal Care,2026-06-26 05:44:35,1,Dettol Cordless Rechargeable Beard Trimmer - Classic Beige
SRCH_005293,CUST_01874,shaving & grooming,Personal Care,2026-08-05 03:46:35,1,Dove Deep Cleansing Charcoal Body Wash 500ml
SRCH_005294,CUST_00090,men's clothing,Fashion,2026-06-06 13:52:35,1,FabIndia Tailored Formal Oxford Shirt - Rose Gold
SRCH_005295,CUST_01265,furniture,Furniture,2026-08-22 03:00:35,1,Wakefit Ergonomic Mesh High-Back Office Chair
SRCH_005296,CUST_02032,furniture,Furniture,2026-07-17 11:43:35,1,Sleepyhead Contemporary 3-Seater Fabric Sofa - Midnight Black
SRCH_005297,CUST_02171,kitchen,Kitchen,2026-06-19 04:00:35,1,Wonderchef Electric Rapid Air Fryer 4.5L
SRCH_005298,CUST_02062,budget,Mobiles,2026-06-15 04:30:35,1,Motorola Smartphone Ultra 5G
SRCH_005299,CUST_01914,books,Books,2026-08-27 06:43:35,1,Penguin The Psychology of Money
SRCH_005300,CUST_01952,budget,Mobiles,2026-05-30 00:42:35,1,OnePlus NextGen Smartphone Pro Max
SRCH_005301,CUST_01985,winterwear,Fashion,2026-08-28 17:53:35,1,Levis Floral Print Maxi Summer Dress - Olive Green
SRCH_005302,CUST_00466,smart devices,Electronics,2026-04-11 01:03:35,1,Bose Digital Mirrorless Camera - Navy Blue
SRCH_005303,CUST_02273,mid-range,Mobiles,2026-05-22 07:19:35,1,Motorola Battery King Phone 6000mAh
SRCH_005304,CUST_01628,grocery,Grocery,2026-06-11 00:04:35,1,Saffola Cold-Pressed Extra Virgin Olive Oil 1L
SRCH_005305,CUST_01650,men's clothing,Fashion,2026-08-22 19:40:35,1,Adidas Floral Print Maxi Summer Dress - Silver
SRCH_005306,CUST_01588,grocery,Grocery,2026-05-20 23:16:35,1,Tata Artisan Dark Roasted Arabica Coffee Beans 250g
SRCH_005307,CUST_02464,care,Personal Care,2026-05-09 23:36:35,1,Colgate Cordless Rechargeable Beard Trimmer - Space Gray
SRCH_005308,CUST_01961,mid-range,Mobiles,2026-03-25 01:50:35,1,Motorola NextGen Smartphone Pro Max
SRCH_005309,CUST_00709,mobile accessories,Accessories,2026-08-27 11:32:35,1,Logitech Magnetic Qi Fast Wireless Charger Stand - Rose Gold
SRCH_005310,CUST_00492,fragrances,Beauty,2026-05-09 08:28:35,1,Minimalist Matte Velvet Long-Stay Lipstick
SRCH_005311,CUST_00863,television,Electronics,2026-07-09 17:04:35,1,JBL Smart Fitness Watch
SRCH_005312,CUST_02225,furniture,Furniture,2026-04-30 05:08:35,1,Wakefit Minimalist Nesting Coffee Tables - Silver
SRCH_005313,CUST_01996,cookware,Kitchen,2026-05-21 04:32:35,1,Wonderchef Electric Rapid Air Fryer 4.5L
SRCH_005314,CUST_02777,lighting,Home,2026-08-18 13:43:35,1,Solimo Velvet Touch Blackout Window Curtains - Classic Beige
SRCH_005315,CUST_02817,footwear,Footwear,2026-04-14 12:35:35,1,Adidas Cushioned Running Shoes - Silver
SRCH_005316,CUST_01126,audio,Electronics,2026-07-17 17:09:35,1,Sony Noise Cancelling Wireless Earbuds - Rose Gold
SRCH_005317,CUST_01042,living room,Furniture,2026-05-24 22:54:35,1,Urban Ladder Ergonomic Mesh High-Back Office Chair
SRCH_005318,CUST_01083,makeup,Beauty,2026-07-13 01:42:35,1,Nivea Matte Liquid Longwear Foundation - Classic Beige
SRCH_005319,CUST_02271,laptops,Laptops,2026-04-03 07:03:35,1,MSI Student Essential Laptop - Rose Gold
SRCH_005320,CUST_02780,fashion,Fashion,2026-07-27 03:48:35,1,FabIndia Denim Trucker Jacket
SRCH_005321,CUST_01075,mobiles,Mobiles,2026-04-27 10:52:35,1,Samsung Sleek Curve Screen 5G Phone - Crimson Red
SRCH_005322,CUST_02596,grocery,Grocery,2026-03-30 15:01:35,1,Nestle Organic Raw Honey 500g - Navy Blue
SRCH_005323,CUST_02315,accessories,Accessories,2026-06-12 14:24:35,1,Anker Shockproof Clear Phone Case - Crimson Red
SRCH_005324,CUST_02418,running shoes,Footwear,2026-08-03 16:17:35,1,Puma Genuine Leather Oxford Shoes
SRCH_005325,CUST_01990,kitchen,Kitchen,2026-06-04 14:25:35,1,Pigeon Electric Rapid Air Fryer 4.5L
SRCH_005326,CUST_02769,accessories,Gaming,2026-06-21 06:47:35,1,Xbox Surround Sound Gaming Headset with Mic - Charcoal
SRCH_005327,CUST_02991,mobiles,Mobiles,2026-07-27 16:09:35,1,Apple Sleek Curve Screen 5G Phone - Pearl White
SRCH_005328,CUST_01576,electronics,Electronics,2026-03-27 21:03:35,1,JBL Smart Fitness Watch - Olive Green
SRCH_005329,CUST_02383,fitness equipment,Sports,2026-04-19 18:42:35,1,Nivia Carbon Fiber Badminton Racket
SRCH_005330,CUST_02847,personal care,Personal Care,2026-06-24 13:35:35,1,Colgate Deep Cleansing Charcoal Body Wash 500ml
SRCH_005331,CUST_01171,lighting,Home,2026-05-28 09:11:35,1,IKEA Velvet Touch Blackout Window Curtains
SRCH_005332,CUST_01378,accessories,Gaming,2026-05-24 23:53:35,1,Logitech G RGB Mechanical Gaming Keyboard - Navy Blue
SRCH_005333,CUST_01230,fitness equipment,Sports,2026-05-12 10:34:35,1,Boldfit Adjustable Hex Dumbbells Pair
SRCH_005334,CUST_00125,running shoes,Footwear,2026-06-06 21:50:35,1,Bata Comfort Walking Slip-On Shoes - Rose Gold
SRCH_005335,CUST_02584,fitness equipment,Sports,2026-07-29 20:36:35,1,Decathlon Carbon Fiber Badminton Racket
SRCH_005336,CUST_02699,running shoes,Footwear,2026-08-26 14:20:35,1,Puma Classic Low-Top Canvas Sneakers - Rose Gold
SRCH_005337,CUST_00475,sports,Sports,2026-04-24 23:56:35,1,Nivia Quick Dry Athletic Training Shorts
SRCH_005338,CUST_02135,decor,Home,2026-06-04 16:15:35,1,Home Centre Smart LED Color Ambient Bulb
SRCH_005339,CUST_02156,shaving & grooming,Personal Care,2026-06-08 21:57:35,1,Dettol Gentle Sulfate-Free Moisturizing Body Lotion - Space Gray
SRCH_005340,CUST_00565,mid-range,Mobiles,2026-05-01 20:42:35,1,OnePlus Battery King Phone 6000mAh - Space Gray
SRCH_005341,CUST_00706,winterwear,Fashion,2026-06-10 07:09:35,1,Puma Cozy Fleece Pullover Hoodie - Rose Gold
SRCH_005342,CUST_01687,decor,Home,2026-08-20 18:57:35,1,Philips 100% Cotton 300TC Double Bed Sheet - Rose Gold
SRCH_005343,CUST_01553,accessories,Accessories,2026-04-14 15:02:35,1,Logitech Multi-Port 7-in-1 USB-C Hub Adapter
SRCH_005344,CUST_02537,laptops,Laptops,2026-09-02 00:34:35,1,HP Ultra-Slim Metal Ultrabook - Charcoal
SRCH_005345,CUST_00561,bath & body,Personal Care,2026-07-20 06:55:35,1,Gillette Cordless Rechargeable Beard Trimmer
SRCH_005346,CUST_00941,storage & containers,Kitchen,2026-09-01 23:56:35,1,Prestige Airtight Glass Food Storage Jars
SRCH_005347,CUST_00229,winterwear,Fashion,2026-07-23 02:07:35,1,Raymond Floral Print Maxi Summer Dress
SRCH_005348,CUST_02954,running shoes,Footwear,2026-04-13 10:38:35,1,Adidas Waterproof Outdoor Hiking Boots
SRCH_005349,CUST_00246,running shoes,Footwear,2026-07-30 22:19:35,1,Puma Comfort Walking Slip-On Shoes
SRCH_005350,CUST_00394,electronics,Electronics,2026-08-14 12:56:35,1,LG 4K Ultra HD Smart TV 55-inch - Olive Green
SRCH_005351,CUST_01260,mid-range,Mobiles,2026-08-24 12:31:35,1,Xiaomi Smooth Display Mid-Range 5G
SRCH_005352,CUST_01238,makeup,Beauty,2026-06-03 02:15:35,1,Neutrogena Hydrating Hyaluronic Acid Serum
SRCH_005353,CUST_00287,laptops,Laptops,2026-05-15 07:53:35,1,Asus Business Productivity Notebook - Crimson Red
SRCH_005354,CUST_02642,books,Books,2026-06-27 14:31:35,1,HarperCollins Python Machine Learning & AI Mastery
SRCH_005355,CUST_02564,running shoes,Footwear,2026-04-26 01:06:35,1,Puma Cushioned Running Shoes - Charcoal
SRCH_005356,CUST_00304,accessories,Accessories,2026-05-05 10:49:35,1,Logitech Ergonomic Silent Wireless Mouse
SRCH_005357,CUST_00375,winterwear,Fashion,2026-07-24 14:56:35,1,FabIndia Tailored Formal Oxford Shirt - Rose Gold
SRCH_005358,CUST_01838,personal care,Personal Care,2026-06-03 01:00:35,1,Dettol Gentle Sulfate-Free Moisturizing Body Lotion
SRCH_005359,CUST_01269,television,Electronics,2026-08-07 09:56:35,1,JBL Smart Fitness Watch - Olive Green
SRCH_005360,CUST_01850,personal,Personal Care,2026-06-02 18:32:35,1,Dove Sonic Electric Toothbrush with Timer - Silver
SRCH_005361,CUST_00640,small appliances,Kitchen,2026-06-21 05:29:35,1,Pigeon Heavy-Duty 750W Mixer Grinder
SRCH_005362,CUST_01122,lighting,Home,2026-03-26 07:08:35,1,Spaces Smart LED Color Ambient Bulb - Rose Gold
SRCH_005363,CUST_00942,fragrances,Beauty,2026-08-20 19:12:35,1,Maybelline Luxury Eau De Parfum 100ml
SRCH_005364,CUST_02666,sneakers,Footwear,2026-08-11 07:13:35,1,Clarks Classic Low-Top Canvas Sneakers - Classic Beige
SRCH_005365,CUST_02434,shaving & grooming,Personal Care,2026-08-09 03:26:35,1,Dettol Gentle Sulfate-Free Moisturizing Body Lotion - Space Gray
SRCH_005366,CUST_02743,home,Home,2026-04-06 15:53:35,1,IKEA 100% Cotton 300TC Double Bed Sheet
SRCH_005367,CUST_02834,storage & containers,Kitchen,2026-08-27 23:10:35,1,Pigeon Airtight Glass Food Storage Jars
SRCH_005368,CUST_01570,office,Furniture,2026-05-23 04:13:35,1,Urban Ladder Minimalist Nesting Coffee Tables - Space Gray
SRCH_005369,CUST_02861,outdoor sports,Sports,2026-03-16 15:11:35,1,Puma Extra Thick Non-Slip Eco Yoga Mat
SRCH_005370,CUST_02522,technology,Books,2026-06-16 09:15:35,1,Penguin Designing Data-Intensive Applications
SRCH_005371,CUST_01179,mid-range,Mobiles,2026-08-01 15:07:35,1,Motorola Sleek Curve Screen 5G Phone - Crimson Red
SRCH_005372,CUST_00793,beauty,Beauty,2026-07-24 23:54:35,1,Minimalist Luxury Eau De Parfum 100ml - Crimson Red
SRCH_005373,CUST_01057,living room,Furniture,2026-07-18 21:15:35,1,Sleepyhead Modern Engineered Wood Computer Desk
SRCH_005374,CUST_01939,shaving & grooming,Personal Care,2026-07-08 19:09:35,1,Dettol Gentle Sulfate-Free Moisturizing Body Lotion
SRCH_005375,CUST_02137,lighting,Home,2026-07-31 17:47:35,1,Solimo 100% Cotton 300TC Double Bed Sheet - Silver
SRCH_005376,CUST_01082,storage & containers,Kitchen,2026-08-13 15:21:35,1,Prestige Hard Anodized Non-Stick Cookware Set - Silver
SRCH_005377,CUST_00317,makeup,Beauty,2026-05-21 16:12:35,1,Nivea Luxury Eau De Parfum 100ml - Pearl White
SRCH_005378,CUST_02155,care,Personal Care,2026-06-14 01:35:35,1,Dove Deep Cleansing Charcoal Body Wash 500ml
SRCH_005379,CUST_01479,mid-range,Mobiles,2026-05-02 04:56:35,1,Motorola Sleek Curve Screen 5G Phone
SRCH_005380,CUST_02875,mid-range,Mobiles,2026-06-21 10:56:35,1,Samsung Sleek Curve Screen 5G Phone - Olive Green
SRCH_005381,CUST_00851,men's clothing,Fashion,2026-04-15 08:44:35,1,H&M Cozy Fleece Pullover Hoodie - Pearl White
SRCH_005382,CUST_00867,wearables,Electronics,2026-07-16 00:04:35,1,Samsung Noise Cancelling Wireless Earbuds - Pearl White
SRCH_005383,CUST_00252,audio,Electronics,2026-03-20 00:02:35,1,JBL Digital Mirrorless Camera - Silver
SRCH_005384,CUST_02103,mobile accessories,Accessories,2026-05-09 05:09:35,1,Logitech Multi-Port 7-in-1 USB-C Hub Adapter - Space Gray
SRCH_005385,CUST_02137,storage & containers,Kitchen,2026-08-13 02:31:35,1,Milton Heavy-Duty 750W Mixer Grinder - Crimson Red
SRCH_005386,CUST_01827,cookware,Kitchen,2026-06-13 12:56:35,1,Prestige Hard Anodized Non-Stick Cookware Set - Olive Green
SRCH_005387,CUST_01781,gaming laptops,Laptops,2026-06-17 23:58:35,1,Lenovo Ultra-Slim Metal Ultrabook
SRCH_005388,CUST_01394,living room,Furniture,2026-05-13 06:00:35,1,Wakefit Minimalist Nesting Coffee Tables - Charcoal
SRCH_005389,CUST_02318,makeup,Beauty,2026-04-20 16:27:35,1,L'Oreal Matte Liquid Longwear Foundation
SRCH_005390,CUST_00039,fashion,Fashion,2026-09-07 06:42:35,1,Puma Cozy Fleece Pullover Hoodie - Rose Gold
SRCH_005391,CUST_01261,controllers,Gaming,2026-08-20 05:08:35,1,Corsair Wireless Haptic Feedback Gaming Controller
SRCH_005392,CUST_02938,mobiles,Mobiles,2026-07-01 22:41:35,1,OnePlus NextGen Smartphone Pro Max - Rose Gold
SRCH_005393,CUST_00764,bedding,Home,2026-08-24 16:51:35,1,Solimo 100% Cotton 300TC Double Bed Sheet - Silver
SRCH_005394,CUST_00502,mobiles,Mobiles,2026-07-26 12:36:35,1,OnePlus Smooth Display Mid-Range 5G - Navy Blue
SRCH_005395,CUST_01858,winterwear,Fashion,2026-03-13 00:30:35,1,Zara Floral Print Maxi Summer Dress - Crimson Red
SRCH_005396,CUST_02553,kitchen,Kitchen,2026-08-23 05:12:35,1,Philips Electric Rapid Air Fryer 4.5L - Midnight Black
SRCH_005397,CUST_01540,men's clothing,Fashion,2026-07-20 03:32:35,1,Zara Floral Print Maxi Summer Dress - Crimson Red
SRCH_005398,CUST_02681,laptops,Laptops,2026-05-11 11:25:35,1,Apple Business Productivity Notebook - Crimson Red
SRCH_005399,CUST_02462,accessories,Accessories,2026-08-29 03:09:35,1,Spigen Shockproof Clear Phone Case - Charcoal
SRCH_005400,CUST_02445,television,Electronics,2026-04-24 18:40:35,1,Bose Digital Mirrorless Camera - Navy Blue
SRCH_005401,CUST_01443,running shoes,Footwear,2026-08-06 15:03:35,1,Reebok Cushioned Running Shoes - Classic Beige
SRCH_005402,CUST_01508,accessories,Accessories,2026-04-29 09:47:35,1,Anker Multi-Port 7-in-1 USB-C Hub Adapter
SRCH_005403,CUST_01893,ultrabooks,Laptops,2026-04-10 00:12:35,1,Apple Creator Studio Laptop 4K OLED - Classic Beige
SRCH_005404,CUST_00725,smart devices,Electronics,2026-08-13 16:00:35,1,Samsung 4K Ultra HD Smart TV 55-inch - Rose Gold
SRCH_005405,CUST_00058,men's clothing,Fashion,2026-07-14 09:15:35,1,Raymond Denim Trucker Jacket
SRCH_005406,CUST_00552,kitchen,Kitchen,2026-06-23 04:16:35,1,Milton Airtight Glass Food Storage Jars - Charcoal
SRCH_005407,CUST_02534,bags & backpacks,Accessories,2026-06-19 07:03:35,1,Anker Water-Resistant Laptop Backpack 15.6-inch - Silver
SRCH_005408,CUST_00136,laptops,Laptops,2026-09-05 21:56:35,1,Dell Ultra-Slim Metal Ultrabook - Charcoal
SRCH_005409,CUST_01808,controllers,Gaming,2026-09-05 00:20:35,1,SteelSeries Next-Gen Home Gaming Console 1TB - Classic Beige
SRCH_005410,CUST_00178,electronics,Electronics,2026-04-05 06:36:35,1,Boat Smart Fitness Watch
SRCH_005411,CUST_02159,personal care,Personal Care,2026-06-24 11:21:35,1,Dove Deep Cleansing Charcoal Body Wash 500ml
SRCH_005412,CUST_02482,gaming,Gaming,2026-08-23 14:06:35,1,PlayStation Wireless Haptic Feedback Gaming Controller - Olive Green
SRCH_005413,CUST_01894,care,Personal Care,2026-08-22 04:51:35,1,Oral-B Cordless Rechargeable Beard Trimmer
SRCH_005414,CUST_00173,laptops,Laptops,2026-05-21 10:57:35,1,MSI Creator Studio Laptop 4K OLED - Midnight Black
SRCH_005415,CUST_02657,winterwear,Fashion,2026-08-13 06:31:35,1,Puma Denim Trucker Jacket
SRCH_005416,CUST_01159,fashion,Fashion,2026-04-04 18:38:35,1,Puma Denim Trucker Jacket
SRCH_005417,CUST_01428,beverages,Grocery,2026-07-08 22:48:35,1,Saffola Organic Raw Honey 500g - Crimson Red
SRCH_005418,CUST_00777,running shoes,Footwear,2026-03-12 20:32:35,1,Skechers Comfort Walking Slip-On Shoes
SRCH_005419,CUST_02394,fashion,Fashion,2026-06-24 10:57:35,1,FabIndia Denim Trucker Jacket
SRCH_005420,CUST_00986,kitchen,Kitchen,2026-04-08 20:16:35,1,Prestige Airtight Glass Food Storage Jars
SRCH_005421,CUST_02703,lighting,Home,2026-06-16 04:42:35,1,Philips Handwoven Boho Area Rug
SRCH_005422,CUST_00787,television,Electronics,2026-06-22 09:42:35,1,Samsung Noise Cancelling Wireless Earbuds
SRCH_005423,CUST_00738,shaving & grooming,Personal Care,2026-07-09 05:28:35,1,Gillette Sonic Electric Toothbrush with Timer
SRCH_005424,CUST_00685,business & finance,Books,2026-06-04 08:03:35,1,Random House Designing Data-Intensive Applications - Olive Green
SRCH_005425,CUST_02434,home,Home,2026-05-13 13:12:35,1,Home Centre Collapsible Fabric Storage Organizers - Charcoal
SRCH_005426,CUST_02625,accessories,Gaming,2026-07-31 11:01:35,1,Xbox Surround Sound Gaming Headset with Mic - Olive Green
SRCH_005427,CUST_00383,fashion,Fashion,2026-07-17 01:04:35,1,Levis Solid Crew Neck Cotton T-Shirt - Midnight Black
SRCH_005428,CUST_00799,bedding,Home,2026-05-22 00:57:35,1,Spaces 100% Cotton 300TC Double Bed Sheet - Classic Beige
SRCH_005429,CUST_02229,men's clothing,Fashion,2026-08-13 13:28:35,1,FabIndia Tailored Formal Oxford Shirt - Rose Gold
SRCH_005430,CUST_02072,furniture,Furniture,2026-04-26 17:07:35,1,Sleepyhead Minimalist Nesting Coffee Tables
SRCH_005431,CUST_00186,men's clothing,Fashion,2026-06-17 23:10:35,1,Zara Solid Crew Neck Cotton T-Shirt - Olive Green
SRCH_005432,CUST_01047,bath & body,Personal Care,2026-03-20 10:15:35,1,Colgate Cordless Rechargeable Beard Trimmer - Space Gray
SRCH_005433,CUST_02184,care,Personal Care,2026-05-18 00:00:35,1,Dettol Deep Cleansing Charcoal Body Wash 500ml - Charcoal
SRCH_005434,CUST_02810,technology,Books,2026-05-03 10:34:35,1,Bloomsbury The Psychology of Money
SRCH_005435,CUST_01607,winterwear,Fashion,2026-05-18 23:20:35,1,Puma Floral Print Maxi Summer Dress - Space Gray
SRCH_005436,CUST_01836,shaving & grooming,Personal Care,2026-03-12 02:37:35,1,Oral-B Gentle Sulfate-Free Moisturizing Body Lotion
SRCH_005437,CUST_00720,kitchen,Kitchen,2026-06-20 03:33:35,1,Wonderchef Electric Rapid Air Fryer 4.5L
SRCH_005438,CUST_01047,shaving & grooming,Personal Care,2026-05-04 01:29:35,1,Gillette Sonic Electric Toothbrush with Timer
SRCH_005439,CUST_00877,winterwear,Fashion,2026-07-29 11:46:35,1,Levis Casual Stretch Chino Trousers
SRCH_005440,CUST_01904,office,Furniture,2026-07-10 12:12:35,1,Wakefit Minimalist Nesting Coffee Tables - Charcoal
SRCH_005441,CUST_01914,footwear,Footwear,2026-09-04 03:01:35,1,Clarks Comfort Walking Slip-On Shoes - Crimson Red
SRCH_005442,CUST_02940,care,Personal Care,2026-08-01 02:20:35,1,Colgate Cordless Rechargeable Beard Trimmer - Space Gray
SRCH_005443,CUST_01116,student laptops,Laptops,2026-07-19 07:12:35,1,HP Pro Gaming Laptop RTX 4070
SRCH_005444,CUST_02112,skincare,Beauty,2026-04-24 00:21:35,1,L'Oreal Matte Liquid Longwear Foundation
SRCH_005445,CUST_01184,bedding,Home,2026-08-29 03:20:35,1,Philips Velvet Touch Blackout Window Curtains - Space Gray
SRCH_005446,CUST_01306,mobiles,Mobiles,2026-03-28 00:51:35,1,OnePlus NextGen Smartphone Pro Max
SRCH_005447,CUST_00136,ultrabooks,Laptops,2026-04-03 21:38:35,1,HP Ultra-Slim Metal Ultrabook - Charcoal
SRCH_005448,CUST_01470,audio,Electronics,2026-08-11 09:31:35,1,Bose Digital Mirrorless Camera - Navy Blue
SRCH_005449,CUST_01040,wearables,Electronics,2026-06-30 21:47:35,1,Samsung Noise Cancelling Wireless Earbuds - Silver
SRCH_005450,CUST_02634,bath & body,Personal Care,2026-06-04 12:53:35,1,Gillette Cordless Rechargeable Beard Trimmer
SRCH_005451,CUST_02255,ultrabooks,Laptops,2026-04-09 02:36:35,1,Acer Ultra-Slim Metal Ultrabook
SRCH_005452,CUST_02084,winterwear,Fashion,2026-04-08 19:06:35,1,FabIndia Floral Print Maxi Summer Dress
SRCH_005453,CUST_01017,small appliances,Kitchen,2026-04-18 12:19:35,1,Milton Airtight Glass Food Storage Jars
SRCH_005454,CUST_00735,laptops,Laptops,2026-04-12 21:43:35,1,Asus Business Productivity Notebook
SRCH_005455,CUST_02386,running shoes,Footwear,2026-06-03 14:30:35,1,Bata Classic Low-Top Canvas Sneakers - Classic Beige
SRCH_005456,CUST_00247,skincare,Beauty,2026-03-26 21:19:35,1,Nivea Luxury Eau De Parfum 100ml - Space Gray
SRCH_005457,CUST_02997,care,Personal Care,2026-07-31 09:30:35,1,Dove Gentle Sulfate-Free Moisturizing Body Lotion - Space Gray
SRCH_005458,CUST_01937,business & finance,Books,2026-06-18 04:53:35,1,Bloomsbury The Psychology of Money
SRCH_005459,CUST_02234,running shoes,Footwear,2026-05-12 02:37:35,1,Puma Classic Low-Top Canvas Sneakers - Olive Green
SRCH_005460,CUST_01535,accessories,Accessories,2026-08-13 08:41:35,1,Spigen Multi-Port 7-in-1 USB-C Hub Adapter
SRCH_005461,CUST_00527,technology,Books,2026-07-02 01:54:35,1,O'Reilly Deep Work: Focused Success in a Distracted World - Crimson Red
SRCH_005462,CUST_02320,fitness equipment,Sports,2026-05-05 05:02:35,1,Yonex Adjustable Hex Dumbbells Pair
SRCH_005463,CUST_01199,personal care,Personal Care,2026-06-14 21:50:35,1,Colgate Gentle Sulfate-Free Moisturizing Body Lotion - Olive Green
SRCH_005464,CUST_00299,cooking essentials,Grocery,2026-06-12 23:10:35,1,Organic India Artisan Dark Roasted Arabica Coffee Beans 250g
SRCH_005465,CUST_01197,office,Furniture,2026-05-22 12:49:35,1,Godrej Interio Ergonomic Mesh High-Back Office Chair - Crimson Red
SRCH_005466,CUST_01484,storage & containers,Kitchen,2026-09-05 14:31:35,1,Pigeon Stainless Steel Chef Knife Set - Rose Gold
SRCH_005467,CUST_02293,bedding,Home,2026-07-21 04:55:35,1,Philips 100% Cotton 300TC Double Bed Sheet
SRCH_005468,CUST_01966,mobiles,Mobiles,2026-06-14 07:22:35,1,Realme Battery King Phone 6000mAh - Crimson Red
SRCH_005469,CUST_01372,winterwear,Fashion,2026-04-13 11:26:35,1,Puma Denim Trucker Jacket - Silver
SRCH_005470,CUST_02428,bedding,Home,2026-06-26 02:26:35,1,Home Centre Smart LED Color Ambient Bulb
SRCH_005471,CUST_01661,winterwear,Fashion,2026-06-21 07:53:35,1,Puma Casual Stretch Chino Trousers - Navy Blue
SRCH_005472,CUST_01121,mid-range,Mobiles,2026-08-03 12:56:35,1,Realme Battery King Phone 6000mAh - Crimson Red
SRCH_005473,CUST_02420,fashion,Fashion,2026-06-21 13:59:35,1,Puma Casual Stretch Chino Trousers
SRCH_005474,CUST_00445,mobiles,Mobiles,2026-06-03 05:28:35,1,Google Smooth Display Mid-Range 5G - Midnight Black
SRCH_005475,CUST_00554,mobile accessories,Accessories,2026-09-02 06:51:35,1,Portronics Magnetic Qi Fast Wireless Charger Stand - Olive Green
SRCH_005476,CUST_02217,fragrances,Beauty,2026-04-01 23:48:35,1,Nivea Hydrating Hyaluronic Acid Serum
SRCH_005477,CUST_01409,business & finance,Books,2026-05-09 16:54:35,1,HarperCollins Python Machine Learning & AI Mastery - Classic Beige
SRCH_005478,CUST_01264,beverages,Grocery,2026-06-28 18:57:35,1,Organic India Cold-Pressed Extra Virgin Olive Oil 1L
SRCH_005479,CUST_00322,lighting,Home,2026-05-14 08:11:35,1,IKEA Velvet Touch Blackout Window Curtains - Midnight Black
SRCH_005480,CUST_00064,winterwear,Fashion,2026-03-23 02:06:35,1,FabIndia Floral Print Maxi Summer Dress - Midnight Black
SRCH_005481,CUST_00035,fitness equipment,Sports,2026-05-30 03:53:35,1,Cosco Carbon Fiber Badminton Racket
SRCH_005482,CUST_01557,gaming laptops,Laptops,2026-03-24 06:55:35,1,MSI Student Essential Laptop - Rose Gold
SRCH_005483,CUST_00846,winterwear,Fashion,2026-05-03 05:39:35,1,Raymond Denim Trucker Jacket
SRCH_005484,CUST_01538,shaving & grooming,Personal Care,2026-06-25 17:43:35,1,Colgate Deep Cleansing Charcoal Body Wash 500ml
SRCH_005485,CUST_00267,men's clothing,Fashion,2026-07-08 16:10:35,1,FabIndia Denim Trucker Jacket
SRCH_005486,CUST_01963,winterwear,Fashion,2026-05-22 19:07:35,1,Nike Floral Print Maxi Summer Dress - Charcoal
SRCH_005487,CUST_00370,technology,Books,2026-07-26 04:26:35,1,O'Reilly Deep Work: Focused Success in a Distracted World - Charcoal
SRCH_005488,CUST_00673,lighting,Home,2026-03-13 11:21:35,1,Home Centre Handwoven Boho Area Rug
SRCH_005489,CUST_01679,running shoes,Footwear,2026-07-14 10:10:35,1,Reebok Waterproof Outdoor Hiking Boots
SRCH_005490,CUST_01155,lighting,Home,2026-08-09 07:11:35,1,Solimo 100% Cotton 300TC Double Bed Sheet
SRCH_005491,CUST_02836,beauty,Beauty,2026-07-10 14:19:35,1,L'Oreal Hydrating Hyaluronic Acid Serum
SRCH_005492,CUST_02677,business & finance,Books,2026-08-03 13:13:35,1,O'Reilly Designing Data-Intensive Applications - Space Gray
SRCH_005493,CUST_02655,mobiles,Mobiles,2026-03-21 23:28:35,1,Motorola Battery King Phone 6000mAh
SRCH_005494,CUST_02150,furniture,Furniture,2026-03-26 18:06:35,1,Sleepyhead Ergonomic Mesh High-Back Office Chair - Silver
SRCH_005495,CUST_01734,home,Home,2026-05-18 00:15:35,1,Spaces 100% Cotton 300TC Double Bed Sheet - Rose Gold
SRCH_005496,CUST_00239,men's clothing,Fashion,2026-05-22 16:58:35,1,Zara Solid Crew Neck Cotton T-Shirt - Olive Green
SRCH_005497,CUST_00300,electronics,Electronics,2026-03-23 18:24:35,1,Sennheiser Smart Home Voice Hub - Olive Green
SRCH_005498,CUST_01804,ultrabooks,Laptops,2026-08-27 07:27:35,1,Lenovo Student Essential Laptop
SRCH_005499,CUST_01140,electronics,Electronics,2026-04-10 22:27:35,1,Sennheiser 4K Ultra HD Smart TV 55-inch - Olive Green
SRCH_005500,CUST_01667,men's clothing,Fashion,2026-03-20 08:37:35,1,H&M Cozy Fleece Pullover Hoodie - Pearl White
SRCH_005501,CUST_00381,accessories,Accessories,2026-07-13 22:43:35,1,Spigen Water-Resistant Laptop Backpack 15.6-inch - Charcoal
SRCH_005502,CUST_01160,running shoes,Footwear,2026-03-26 01:28:35,1,Reebok Genuine Leather Oxford Shoes - Pearl White
SRCH_005503,CUST_01055,electronics,Electronics,2026-09-06 13:21:35,1,JBL Wireless Bluetooth Headphones
SRCH_005504,CUST_00125,running shoes,Footwear,2026-04-16 01:08:35,1,Adidas Comfort Walking Slip-On Shoes - Rose Gold
SRCH_005505,CUST_00635,technology,Books,2026-08-04 05:43:35,1,Bloomsbury The Psychology of Money
SRCH_005506,CUST_00927,wearables,Electronics,2026-03-24 08:16:35,1,Samsung Noise Cancelling Wireless Earbuds - Silver
SRCH_005507,CUST_01462,footwear,Footwear,2026-04-21 04:41:35,1,Puma Cushioned Running Shoes - Charcoal
SRCH_005508,CUST_01347,furniture,Furniture,2026-04-15 16:20:35,1,Godrej Interio Modern Engineered Wood Computer Desk - Rose Gold
SRCH_005509,CUST_02776,fashion,Fashion,2026-08-18 19:55:35,1,Adidas Denim Trucker Jacket - Midnight Black
SRCH_005510,CUST_01430,accessories,Gaming,2026-06-06 07:55:35,1,Logitech G Ultra-Lightweight 8KHz Optical Gaming Mouse - Pearl White
SRCH_005511,CUST_02867,smart devices,Electronics,2026-07-24 01:48:35,1,LG Compact Bluetooth Speaker - Silver
SRCH_005512,CUST_00617,business & finance,Books,2026-08-25 12:28:35,1,Random House Atomic Habits: Build Good Habits - Classic Beige
SRCH_005513,CUST_01898,electronics,Electronics,2026-05-05 11:54:35,1,Sony Compact Bluetooth Speaker
SRCH_005514,CUST_01154,accessories,Accessories,2026-04-23 06:37:35,1,Logitech Water-Resistant Laptop Backpack 15.6-inch
SRCH_005515,CUST_02108,gaming,Gaming,2026-03-23 03:50:35,1,SteelSeries Next-Gen Home Gaming Console 1TB - Midnight Black
SRCH_005516,CUST_01222,mid-range,Mobiles,2026-05-10 20:17:35,1,Google Pure Android Experience 5G - Pearl White
SRCH_005517,CUST_02131,gaming laptops,Laptops,2026-07-05 17:59:35,1,Acer Ultra-Slim Metal Ultrabook
SRCH_005518,CUST_00042,cookware,Kitchen,2026-05-20 15:27:35,1,Philips Hard Anodized Non-Stick Cookware Set
SRCH_005519,CUST_01469,personal,Personal Care,2026-04-27 13:09:35,1,Oral-B Cordless Rechargeable Beard Trimmer - Navy Blue
SRCH_005520,CUST_00400,footwear,Footwear,2026-08-28 12:32:35,1,Puma Cushioned Running Shoes - Olive Green
SRCH_005521,CUST_00082,running shoes,Footwear,2026-08-21 05:08:35,1,Adidas Genuine Leather Oxford Shoes - Olive Green
SRCH_005522,CUST_00475,cooking essentials,Grocery,2026-07-17 05:24:35,1,Organic India Organic Green Tea Herbal Infusion 100 Bags - Pearl White
SRCH_005523,CUST_00537,electronics,Electronics,2026-03-27 20:21:35,1,Noise 4K Ultra HD Smart TV 55-inch
SRCH_005524,CUST_02345,small appliances,Kitchen,2026-06-09 06:07:35,1,Wonderchef Heavy-Duty 750W Mixer Grinder - Pearl White
SRCH_005525,CUST_00572,men's clothing,Fashion,2026-04-05 19:03:35,1,Adidas Floral Print Maxi Summer Dress - Silver
SRCH_005526,CUST_02736,outdoor sports,Sports,2026-03-17 03:10:35,1,Puma Carbon Fiber Badminton Racket - Midnight Black
SRCH_005527,CUST_02495,running shoes,Footwear,2026-05-15 21:47:35,1,Skechers Cushioned Running Shoes
SRCH_005528,CUST_01685,audio,Electronics,2026-08-15 12:39:35,1,Noise 4K Ultra HD Smart TV 55-inch
SRCH_005529,CUST_02167,mobile accessories,Accessories,2026-06-08 02:32:35,1,Spigen Magnetic Qi Fast Wireless Charger Stand - Pearl White
SRCH_005530,CUST_01256,kitchen,Kitchen,2026-03-25 03:12:35,1,Hawkins Airtight Glass Food Storage Jars
SRCH_005531,CUST_00177,controllers,Gaming,2026-05-13 06:47:35,1,Xbox Wireless Haptic Feedback Gaming Controller
SRCH_005532,CUST_00899,footwear,Footwear,2026-03-16 08:04:35,1,Reebok Genuine Leather Oxford Shoes - Pearl White
SRCH_005533,CUST_00663,grocery,Grocery,2026-04-26 21:04:35,1,Organic India Roasted California Almonds 500g - Crimson Red
SRCH_005534,CUST_00543,bedding,Home,2026-03-26 20:51:35,1,D'Decor Velvet Touch Blackout Window Curtains - Pearl White
SRCH_005535,CUST_02081,office,Furniture,2026-09-05 04:50:35,1,Wakefit Minimalist Nesting Coffee Tables - Silver
SRCH_005536,CUST_02281,sports,Sports,2026-07-10 15:25:35,1,Nivia Quick Dry Athletic Training Shorts - Midnight Black
SRCH_005537,CUST_01894,sports,Sports,2026-07-15 21:21:35,1,Boldfit Quick Dry Athletic Training Shorts - Crimson Red
SRCH_005538,CUST_01204,storage & containers,Kitchen,2026-06-20 19:06:35,1,Milton Stainless Steel Chef Knife Set - Charcoal
SRCH_005539,CUST_00789,smart devices,Electronics,2026-07-16 06:16:35,1,Sony Compact Bluetooth Speaker
SRCH_005540,CUST_00577,mobiles,Mobiles,2026-06-29 20:57:35,1,Realme Battery King Phone 6000mAh
SRCH_005541,CUST_00403,fashion,Fashion,2026-07-07 15:44:35,1,Raymond Denim Trucker Jacket
SRCH_005542,CUST_01875,mobiles,Mobiles,2026-07-03 15:26:35,1,Motorola Sleek Curve Screen 5G Phone - Charcoal
SRCH_005543,CUST_01437,decor,Home,2026-08-18 09:23:35,1,D'Decor Velvet Touch Blackout Window Curtains
SRCH_005544,CUST_01915,sneakers,Footwear,2026-06-11 20:17:35,1,Reebok Genuine Leather Oxford Shoes
SRCH_005545,CUST_00942,bags & backpacks,Accessories,2026-05-20 20:15:35,1,American Tourister Shockproof Clear Phone Case - Pearl White
SRCH_005546,CUST_02343,decor,Home,2026-06-26 17:39:35,1,Spaces Velvet Touch Blackout Window Curtains - Rose Gold
SRCH_005547,CUST_00064,home,Home,2026-08-28 13:06:35,1,D'Decor Velvet Touch Blackout Window Curtains - Pearl White
SRCH_005548,CUST_02272,mobile accessories,Accessories,2026-06-15 11:45:35,1,American Tourister 9H Tempered Glass Screen Protector (2-Pack) - Classic Beige
SRCH_005549,CUST_02353,footwear,Footwear,2026-05-09 00:59:35,1,Skechers Comfort Walking Slip-On Shoes
SRCH_005550,CUST_01774,wearables,Electronics,2026-07-27 09:15:35,1,JBL Smart Fitness Watch - Olive Green
SRCH_005551,CUST_01376,controllers,Gaming,2026-08-07 08:51:35,1,Logitech G Wireless Haptic Feedback Gaming Controller
SRCH_005552,CUST_02046,books,Books,2026-06-01 01:44:35,1,O'Reilly Designing Data-Intensive Applications - Space Gray
SRCH_005553,CUST_00449,technology,Books,2026-05-17 22:11:35,1,Bloomsbury Designing Data-Intensive Applications - Olive Green
SRCH_005554,CUST_00160,decor,Home,2026-05-18 13:44:35,1,Solimo Velvet Touch Blackout Window Curtains - Classic Beige
SRCH_005555,CUST_01135,books,Books,2026-07-23 12:43:35,1,O'Reilly The Psychology of Money - Charcoal
SRCH_005556,CUST_01064,storage & containers,Kitchen,2026-04-16 06:50:35,1,Pigeon Stainless Steel Chef Knife Set - Midnight Black
SRCH_005557,CUST_01762,laptops,Laptops,2026-04-11 02:54:35,1,Acer Ultra-Slim Metal Ultrabook
SRCH_005558,CUST_01975,laptops,Laptops,2026-08-24 01:59:35,1,Asus Creator Studio Laptop 4K OLED - Crimson Red
SRCH_005559,CUST_00612,makeup,Beauty,2026-04-01 03:16:35,1,The Ordinary Matte Velvet Long-Stay Lipstick - Charcoal
SRCH_005560,CUST_01946,running shoes,Footwear,2026-05-09 02:53:35,1,Adidas Genuine Leather Oxford Shoes
SRCH_005561,CUST_00078,television,Electronics,2026-07-21 07:09:35,1,JBL Smart Fitness Watch
SRCH_005562,CUST_00017,footwear,Footwear,2026-04-10 14:50:35,1,Puma Classic Low-Top Canvas Sneakers - Olive Green
SRCH_005563,CUST_00439,home,Home,2026-07-21 22:03:35,1,Spaces Velvet Touch Blackout Window Curtains - Crimson Red
SRCH_005564,CUST_00329,small appliances,Kitchen,2026-07-03 03:55:35,1,Wonderchef Electric Rapid Air Fryer 4.5L
SRCH_005565,CUST_02590,fashion,Fashion,2026-06-04 22:30:35,1,FabIndia Floral Print Maxi Summer Dress
SRCH_005566,CUST_02193,accessories,Accessories,2026-05-22 20:39:35,1,Logitech Multi-Port 7-in-1 USB-C Hub Adapter - Space Gray
SRCH_005567,CUST_01195,technology,Books,2026-06-27 21:13:35,1,O'Reilly Designing Data-Intensive Applications - Midnight Black
SRCH_005568,CUST_02833,beverages,Grocery,2026-04-03 15:59:35,1,Organic India Organic Raw Honey 500g - Space Gray
SRCH_005569,CUST_02495,sneakers,Footwear,2026-04-13 19:35:35,1,Clarks Cushioned Running Shoes
SRCH_005570,CUST_00276,mid-range,Mobiles,2026-04-07 06:53:35,1,Google Pure Android Experience 5G - Silver
SRCH_005571,CUST_00539,furniture,Furniture,2026-08-08 23:42:35,1,Wakefit Minimalist Nesting Coffee Tables - Silver
SRCH_005572,CUST_01154,accessories,Accessories,2026-06-01 04:55:35,1,Portronics Water-Resistant Laptop Backpack 15.6-inch - Space Gray
SRCH_005573,CUST_02681,student laptops,Laptops,2026-08-03 22:22:35,1,Acer Ultra-Slim Metal Ultrabook - Classic Beige
SRCH_005574,CUST_01017,kitchen,Kitchen,2026-05-12 16:58:35,1,Hawkins Heavy-Duty 750W Mixer Grinder - Space Gray
SRCH_005575,CUST_02553,kitchen,Kitchen,2026-03-16 17:22:35,1,Hawkins Heavy-Duty 750W Mixer Grinder - Olive Green
SRCH_005576,CUST_01035,bedding,Home,2026-07-22 18:32:35,1,Philips Velvet Touch Blackout Window Curtains - Space Gray
SRCH_005577,CUST_00929,care,Personal Care,2026-08-17 22:33:35,1,Gillette Sonic Electric Toothbrush with Timer
SRCH_005578,CUST_00014,controllers,Gaming,2026-07-10 19:35:35,1,Xbox Next-Gen Home Gaming Console 1TB - Silver
SRCH_005579,CUST_02708,electronics,Electronics,2026-05-15 07:11:35,1,Bose Smart Home Voice Hub
SRCH_005580,CUST_02173,lighting,Home,2026-07-03 17:46:35,1,Philips Smart LED Color Ambient Bulb
SRCH_005581,CUST_02992,shaving & grooming,Personal Care,2026-07-19 09:24:35,1,Dove Sonic Electric Toothbrush with Timer - Space Gray
SRCH_005582,CUST_01867,business & finance,Books,2026-08-16 09:50:35,1,HarperCollins Python Machine Learning & AI Mastery
SRCH_005583,CUST_00548,bedding,Home,2026-05-03 12:35:35,1,Spaces 100% Cotton 300TC Double Bed Sheet - Rose Gold
SRCH_005584,CUST_01062,fragrances,Beauty,2026-05-06 16:48:35,1,L'Oreal Keratin Smoothing Hair Mask - Classic Beige
SRCH_005585,CUST_00202,television,Electronics,2026-08-08 12:05:35,1,Sennheiser Wireless Bluetooth Headphones
SRCH_005586,CUST_00780,yoga,Sports,2026-05-14 04:56:35,1,Decathlon Quick Dry Athletic Training Shorts - Crimson Red
SRCH_005587,CUST_00942,kitchen,Kitchen,2026-04-01 14:40:35,1,Hawkins Stainless Steel Chef Knife Set - Space Gray
SRCH_005588,CUST_00843,sneakers,Footwear,2026-06-02 00:14:35,1,Reebok Waterproof Outdoor Hiking Boots
SRCH_005589,CUST_01101,technology,Books,2026-04-12 12:14:35,1,Penguin The Psychology of Money - Pearl White
SRCH_005590,CUST_01584,laptops,Laptops,2026-03-18 03:29:35,1,HP Ultra-Slim Metal Ultrabook - Charcoal
SRCH_005591,CUST_00031,care,Personal Care,2026-04-20 00:01:35,1,Gillette Sonic Electric Toothbrush with Timer
SRCH_005592,CUST_02597,budget,Mobiles,2026-06-13 09:55:35,1,OnePlus NextGen Smartphone Pro Max
SRCH_005593,CUST_00613,small appliances,Kitchen,2026-03-21 20:33:35,1,Milton Heavy-Duty 750W Mixer Grinder - Crimson Red
SRCH_005594,CUST_00330,student laptops,Laptops,2026-08-19 14:15:35,1,Lenovo Creator Studio Laptop 4K OLED
SRCH_005595,CUST_02267,home,Home,2026-06-28 00:00:35,1,Spaces 100% Cotton 300TC Double Bed Sheet - Rose Gold
SRCH_005596,CUST_01072,technology,Books,2026-06-28 14:18:35,1,O'Reilly Deep Work: Focused Success in a Distracted World - Navy Blue
SRCH_005597,CUST_00169,technology,Books,2026-05-09 12:21:35,1,HarperCollins Designing Data-Intensive Applications
SRCH_005598,CUST_02532,electronics,Electronics,2026-08-03 07:24:35,1,Bose Bass Soundbar with Subwoofer - Midnight Black
SRCH_005599,CUST_00204,kitchen,Kitchen,2026-06-23 09:46:35,1,Milton Heavy-Duty 750W Mixer Grinder
SRCH_005600,CUST_00211,makeup,Beauty,2026-06-05 13:50:35,1,Minimalist Hydrating Hyaluronic Acid Serum
SRCH_005601,CUST_02018,electronics,Electronics,2026-04-15 14:45:35,1,JBL Bass Soundbar with Subwoofer - Navy Blue
SRCH_005602,CUST_02428,accessories,Accessories,2026-07-18 21:10:35,1,Portronics Magnetic Qi Fast Wireless Charger Stand - Olive Green
SRCH_005603,CUST_01726,technology,Books,2026-06-12 10:00:35,1,Bloomsbury The Psychology of Money
SRCH_005604,CUST_02776,men's clothing,Fashion,2026-06-17 18:35:35,1,Nike Floral Print Maxi Summer Dress - Charcoal
SRCH_005605,CUST_00169,storage & containers,Kitchen,2026-05-10 15:51:35,1,Philips Airtight Glass Food Storage Jars
SRCH_005606,CUST_00735,student laptops,Laptops,2026-03-17 11:24:35,1,Lenovo Creator Studio Laptop 4K OLED
SRCH_005607,CUST_02458,electronics,Electronics,2026-07-03 18:19:35,1,Bose Bass Soundbar with Subwoofer - Midnight Black
SRCH_005608,CUST_02268,books,Books,2026-08-12 22:03:35,1,O'Reilly The Psychology of Money
SRCH_005609,CUST_01592,smart devices,Electronics,2026-04-20 23:35:35,1,Bose Smart Home Voice Hub
SRCH_005610,CUST_02897,wearables,Electronics,2026-03-30 09:07:35,1,JBL Bass Soundbar with Subwoofer - Midnight Black
SRCH_005611,CUST_00913,home,Home,2026-08-28 01:53:35,1,IKEA 100% Cotton 300TC Double Bed Sheet
SRCH_005612,CUST_01504,controllers,Gaming,2026-05-24 11:23:35,1,Razer Ultra-Lightweight 8KHz Optical Gaming Mouse
SRCH_005613,CUST_00119,ultrabooks,Laptops,2026-06-04 00:38:35,1,Apple Ultra-Slim Metal Ultrabook - Rose Gold
SRCH_005614,CUST_00018,office,Furniture,2026-05-25 13:57:35,1,Godrej Interio Ergonomic Mesh High-Back Office Chair - Crimson Red
SRCH_005615,CUST_02956,mid-range,Mobiles,2026-07-09 03:30:35,1,Xiaomi Pure Android Experience 5G - Charcoal
SRCH_005616,CUST_00683,technology,Books,2026-06-17 12:57:35,1,HarperCollins Python Machine Learning & AI Mastery
SRCH_005617,CUST_02410,storage & containers,Kitchen,2026-06-24 02:55:35,1,Wonderchef Heavy-Duty 750W Mixer Grinder - Pearl White
SRCH_005618,CUST_02904,laptops,Laptops,2026-05-11 23:20:35,1,Apple Business Productivity Notebook - Pearl White
SRCH_005619,CUST_01404,technology,Books,2026-05-26 15:15:35,1,O'Reilly The Psychology of Money - Charcoal
SRCH_005620,CUST_00341,mobiles,Mobiles,2026-06-21 11:03:35,1,Apple Sleek Curve Screen 5G Phone
SRCH_005621,CUST_00991,accessories,Accessories,2026-07-18 00:29:35,1,American Tourister 9H Tempered Glass Screen Protector (2-Pack) - Rose Gold
SRCH_005622,CUST_01160,grocery,Grocery,2026-04-25 00:15:35,1,Organic India Cold-Pressed Extra Virgin Olive Oil 1L
SRCH_005623,CUST_01211,grocery,Grocery,2026-06-16 02:46:35,1,Organic India Organic Raw Honey 500g - Space Gray
SRCH_005624,CUST_00028,fashion,Fashion,2026-08-15 12:36:35,1,Levis Floral Print Maxi Summer Dress - Classic Beige
SRCH_005625,CUST_02194,budget,Mobiles,2026-04-13 21:13:35,1,Apple Sleek Curve Screen 5G Phone
SRCH_005626,CUST_02631,television,Electronics,2026-06-24 09:47:35,1,Bose 4K Ultra HD Smart TV 55-inch
SRCH_005627,CUST_01404,footwear,Footwear,2026-06-09 18:17:35,1,Bata Comfort Walking Slip-On Shoes - Rose Gold
SRCH_005628,CUST_02300,student laptops,Laptops,2026-07-18 19:41:35,1,Asus Pro Gaming Laptop RTX 4070 - Charcoal
SRCH_005629,CUST_02420,footwear,Footwear,2026-07-26 00:30:35,1,Adidas Cushioned Running Shoes - Silver
SRCH_005630,CUST_02901,sports,Sports,2026-07-19 02:57:35,1,Puma Extra Thick Non-Slip Eco Yoga Mat
SRCH_005631,CUST_00592,smart devices,Electronics,2026-06-06 03:53:35,1,Sennheiser 4K Ultra HD Smart TV 55-inch - Olive Green
SRCH_005632,CUST_02287,laptops,Laptops,2026-04-04 06:37:35,1,Acer Ultra-Slim Metal Ultrabook
SRCH_005633,CUST_01620,bath & body,Personal Care,2026-06-11 20:09:35,1,Dove Cordless Rechargeable Beard Trimmer - Pearl White
SRCH_005634,CUST_02581,accessories,Gaming,2026-03-17 13:00:35,1,Logitech G Wireless Haptic Feedback Gaming Controller - Charcoal
SRCH_005635,CUST_02464,laptops,Laptops,2026-08-01 10:35:35,1,Apple Ultra-Slim Metal Ultrabook - Rose Gold
SRCH_005636,CUST_00431,electronics,Electronics,2026-06-06 03:39:35,1,LG 4K Ultra HD Smart TV 55-inch - Olive Green
SRCH_005637,CUST_01607,fashion,Fashion,2026-08-08 01:06:35,1,FabIndia Solid Crew Neck Cotton T-Shirt - Midnight Black
SRCH_005638,CUST_02748,personal,Personal Care,2026-05-14 16:23:35,1,Philips Deep Cleansing Charcoal Body Wash 500ml - Pearl White
